word,score,globalContribution,positionalContribution
soare,4.48518950088606,2.603555522704478,1.8816339781815814
saine,4.462359678649156,2.561391195145695,1.900968483503461
slane,4.411899448855406,2.5615619792485305,1.8503374696068757
saice,4.3977850768789875,2.5273005034712894,1.8704845734076985
slate,4.391721436318479,2.5861858816803935,1.8055355546380847
slier,4.378799462619618,2.584049991783716,1.7947494708359022
saint,4.363580375053861,2.562089774671826,1.8014906003820341
salet,4.345352890141022,2.5861858816803935,1.7591670084606283
saner,4.33624873485066,2.578034629414619,1.758214105436041
soily,4.3358845751696,2.5004277825377015,1.8354567926318988
sater,4.327353132554909,2.6026585318464823,1.7246946007084267
slart,4.320668949095378,2.6002932727056915,1.7203756763896862
crane,4.314233701746996,2.527932575366241,1.7863011263807547
slant,4.31312014526011,2.5622605587746614,1.7508595864854488
slice,4.30392240663163,2.51192658617828,1.7919958204533497
saute,4.303166783036383,2.534082064091412,1.7690847189449719
sorel,4.3019677320249965,2.5881816054114686,1.7137861266135281
soler,4.297434915625456,2.588181605411468,1.709253310213988
crate,4.294055689210068,2.5525564777981042,1.7414992114119636
slaty,4.291752833896622,2.5150754930755497,1.7766773408210719
coate,4.290052518892009,2.540044657156933,1.7500078617350758
arise,4.289564727952273,2.5994239090767253,1.6901408188755482
seity,4.285162798203919,2.5018960508204957,1.7832667473834225
suite,4.282360277147879,2.518537362695567,1.763822914452311
toise,4.282078694111603,2.5746020098094657,1.7074766843021374
trine,4.280860530906208,2.5711024680766656,1.7097580628295432
stare,4.27970261533304,2.6026585318464823,1.677044083486558
toile,4.278472281582422,2.5801507112004356,1.6983215703819865
arose,4.277158844801937,2.6035555227044775,1.6736033220974598
crise,4.276052594816841,2.5283992363443684,1.7476533584724727
share,4.275795924071041,2.5128258244023205,1.7629700996687196
stale,4.273768732492045,2.5861858816803935,1.6875828508116517
stane,4.272153811497772,2.5646258179154517,1.7075279935823207
raise,4.27128982837783,2.5994239090767253,1.671865919301104
crine,4.270831261293387,2.5123878739703964,1.7584433873229908
shale,4.269862041230045,2.4963531742362317,1.7735088669938133
snare,4.269668105677049,2.578034629414619,1.6916334762624303
trone,4.268454647755872,2.575234081704418,1.6932205660514548
raile,4.267683415848648,2.604972610467695,1.6627108053809532
raine,4.266068494854375,2.5834125467027533,1.6826559481516221
tiare,4.262794830414334,2.608036449134617,1.6547583812797173
roate,4.261171500719083,2.612168062762369,1.6490034379567144
trace,4.259688369589648,2.5525564777981042,1.7071318917915441
sauce,4.2587701938031435,2.475367469985143,1.7834027238180004
crone,4.258425378143051,2.5165194875981487,1.7419058905449023
caret,4.252556922208501,2.5525564777981042,1.7000004444103964
tarse,4.237708518663363,2.6026585318464823,1.635049986816881
stire,4.236300174879432,2.5871138304506376,1.6491863444287946
shier,4.235147133999985,2.497281123006476,1.7378660109935085
stoae,4.2343666405680604,2.5901467112053105,1.6442199293627504
sonce,4.233250256810699,2.4944981360410905,1.738752120769608
siler,4.232421141162765,2.584049991783716,1.6483711493790487
shire,4.232393483617432,2.497281123006476,1.7351123606109558
saury,4.230924996986723,2.476380486985736,1.7545445100009875
souce,4.23064877175117,2.4639543822170507,1.7666943895341198
stile,4.230366292038437,2.570641180284549,1.6597251117538883
carse,4.227679249050542,2.543943937740213,1.6837353113103286
sault,4.226180412972289,2.5317168049506216,1.694463608021667
shine,4.224844679782164,2.4592484090754456,1.7655962707067183
saunt,4.224565491978016,2.5101567411856798,1.714408750792336
ariel,4.224564467356846,2.604972610467695,1.619591856889151
carle,4.22407283652136,2.549492639131183,1.6745801973901777
store,4.223894291729096,2.59124544407839,1.6326488476507062
corey,4.223246201329967,2.4693344218990374,1.7539117794309302
shoer,4.222741250849648,2.5014127366342285,1.7213285142154198
carne,4.222457915527087,2.527932575366241,1.6945253401608467
shore,4.219987600467096,2.5014127366342285,1.7185748638328673
stole,4.217960408888101,2.574772793912301,1.6431876149757998
coast,4.216672561357095,2.5321306966251727,1.684541864731922
stone,4.216345487893828,2.5532127301473593,1.6631327577464687
trice,4.21628592913604,2.53701177640226,1.6792741527337807
aline,4.214598975915376,2.566939896536665,1.6476590793787103
prase,4.21437007396517,2.4952529647589796,1.71911710920619
snore,4.213859782073104,2.5666215416465263,1.6472382404265784
shone,4.212438796631828,2.463380022703198,1.7490587739286299
coaly,4.211876850001353,2.465870429885168,1.7460064201161851
torse,4.20958709661139,2.59124544407839,1.6183416525330006
alose,4.2074144262884925,2.587082872538389,1.6203315537501037
slade,4.204696953450137,2.491745041092595,1.7129519123575414
shite,4.204666667245236,2.4838723115073087,1.7207943557379273
suint,4.20375898608951,2.494612039789835,1.7091469462996751
carte,4.20227990299016,2.5525564777981042,1.6497234251920556
alone,4.2021930927650395,2.5710715101644173,1.6311215826006218
cline,4.201086842779943,2.495915223804308,1.7051716189756347
corse,4.19955782699857,2.532530849972121,1.6670269770264485
sonly,4.199471177153283,2.4790385028755946,1.7204326742776888
teary,4.198911159020689,2.539462103773399,1.6594490552472896
sient,4.19790738114502,2.5490811165196074,1.6488262646254128
paire,4.1974133555572894,2.5006308820471146,1.6967824735101744
sonar,4.197270155196211,2.5796301997987454,1.6176399553974654
souly,4.196869692093755,2.4484947490515543,1.7483749430422006
sared,4.195365543148837,2.5082176912586833,1.6871478518901537
salty,4.195107268500824,2.5150754930755497,1.6800317754252745
paise,4.195085885245475,2.478609530490056,1.716476354755419
close,4.1939022931530605,2.5160581998060323,1.6778440933470282
shote,4.1922607840949,2.488003925135061,1.7042568589598388
brane,4.191335664691891,2.4287917670623598,1.762543897629532
soral,4.19111057442252,2.6011902635636877,1.5899203108588331
prate,4.188970727904788,2.5038655048168708,1.685105223087917
clone,4.188680959629607,2.5000468374320604,1.6886341221975463
roast,4.1877915431841695,2.604254102230609,1.5835374409535603
solar,4.18657775802298,2.601190263563687,1.5853874944592932
siren,4.186460080413767,2.5624899280187745,1.6239701523949923
sacre,4.185644922291365,2.543943937740213,1.6417009845511519
roany,4.181380910834155,2.516433771725662,1.6649471391084927
stary,4.179734012911184,2.531548143241639,1.6481858696695453
shart,4.177016620475744,2.5135244039284514,1.6634922165472927
liane,4.1767789662887225,2.566939896536665,1.609839069752057
strae,4.174280926218184,2.602658531846482,1.571622394371702
baile,4.173666396966469,2.4337083965583775,1.739958000408092
shalt,4.171082737634749,2.4970517537623627,1.6740309838723864
prise,4.170967633511562,2.4797082633631353,1.6912593701484266
slain,4.170024504227047,2.559025936004905,1.6109985682221422
shaly,4.169893438808189,2.4252427856313883,1.7446506531768005
snary,4.169699503255193,2.5069242408097754,1.6627752624454175
toney,4.169353670426685,2.4900163020742756,1.6793373683524095
poire,4.169291933505317,2.489217794279022,1.6800741392262943
caner,4.1688385692288055,2.5279325753662416,1.6409059938625636
clote,4.168502947092678,2.5246707398639234,1.6438322072287552
since,4.168236482348007,2.4903665224133382,1.677869959934669
taler,4.168175441668395,2.6082072332374517,1.5599682084309434
sored,4.167244121096864,2.496804603490591,1.6704395176062732
salue,4.166964864980157,2.5310182254244906,1.6359466395556659
poise,4.166964463193503,2.467196442721964,1.6997680204715389
rainy,4.166099892432519,2.51230215809791,1.6537977343346093
daine,4.165940828538021,2.4755628946157877,1.690377933922234
shiel,4.16506575271019,2.4808084728403874,1.684257279869803
crost,4.164867408071209,2.5332294294982516,1.6316379785729573
seral,4.16218173098804,2.599594693179561,1.5625870378084792
cruet,4.161915384898956,2.485078742916113,1.6768366419828429
slide,4.161294512996528,2.4762003396967502,1.6850941732997775
cause,4.1611559634749105,2.4753674699851427,1.6857884934897678
rione,4.160527415189375,2.5719994589346613,1.588527956254714
cater,4.159942966933054,2.5525564777981042,1.6073864891349494
coney,4.159324400813865,2.4313017079680073,1.7280226928458573
reast,4.1588626997496885,2.6026585318464823,1.5562041679032061
scare,4.158838548287917,2.543943937740213,1.6148946105477036
saucy,4.158801591381287,2.4042570813802993,1.7545445100009875
prose,4.158561750361226,2.4838398769908876,1.6747218733703382
crony,4.158456775721194,2.445409098993305,1.7130476767278895
ariot,4.1582637214250955,2.609632019518743,1.548631701906353
prole,4.154955337832044,2.4893885783818575,1.6655667594501873
prone,4.153340416837771,2.4678285146169157,1.6855119022208562
orate,4.153319944376168,2.612168062762369,1.5411518816137986
clart,4.153258783473523,2.5501912186573135,1.6030675648162092
brise,4.153154557761737,2.429258428040487,1.72389612972125
scale,4.152904665446922,2.5274712875741248,1.6254333778727972
sarge,4.1526323467004564,2.4674357386763677,1.6851966080240888
clary,4.152069484646963,2.478382250526339,1.6736872341206233
socle,4.151589617398397,2.5160581998060323,1.635531417592365
clast,4.150931313161709,2.5281698671002553,1.6227614460614534
stair,4.150854125307745,2.6001224886028567,1.5507316367048891
toner,4.150746416789653,2.5752340817044175,1.5755123350852356
spaer,4.1499702849744455,2.49525296475898,1.654717320215465
surat,4.14928854126353,2.54818945511671,1.6010990861468202
coley,4.148632003640634,2.452861771732949,1.6957702319076848
loast,4.148234770679571,2.58778145206452,1.5604533186150513
saith,4.148174305949776,2.4968809696595278,1.651293336290248
sarin,4.147993136520584,2.5754985861709936,1.5724945503495904
brine,4.147933224238283,2.413247065666515,1.734686158571768
spare,4.147216634591892,2.49525296475898,1.6519636698329125
tuile,4.146772314670045,2.524086064086537,1.622686250583508
roist,4.14438910273056,2.588709400834764,1.5556797018957966
touse,4.143063811035759,2.5226689763233194,1.6203948347124397
spale,4.141282751750897,2.4787803145928913,1.6625024371580062
brose,4.140748674611401,2.4333900416682392,1.7073586329431616
spane,4.139667830756625,2.4572202508279495,1.682447579928675
roily,4.139593391374819,2.5224491340947592,1.6171442572800598
plane,4.1394043219282715,2.4627689522189193,1.6766353697093521
samey,4.137538955769511,2.3809133348970875,1.7566256208724238
cruse,4.137037711740997,2.476466202858222,1.660571508882775
irate,4.135559095430834,2.608036449134617,1.5275226462962164
coure,4.1353620117347525,2.4859757337741093,1.6493862779606427
sloan,4.134961163428474,2.563157549632657,1.5718036137958167
ranse,4.134876430361513,2.578034629414619,1.556841800946894
lairy,4.134091923763189,2.5338622218628517,1.6002297019003378
shirt,4.1336141800221355,2.497979702532607,1.6356344774895288
trail,4.132881903879996,2.605671189993826,1.5272107138861697
blaer,4.131893700396267,2.4503518308273016,1.681541869568966
souct,4.131869468155874,2.464652961743181,1.667216506412693
surly,4.13169301075701,2.461006569692726,1.6706864410642834
shoat,4.131680645710764,2.50101258328728,1.6306680624234846
saned,4.131443742632734,2.470184977327653,1.6612587653050805
canoe,4.131235745602557,2.5154207547250698,1.615814990877487
suent,4.131221188695335,2.4971480830334607,1.6340731056618738
drole,4.131031614648045,2.5023533048815607,1.6286783097664839
sager,4.1299157131928705,2.467435738676368,1.6624799745165029
drone,4.129416693653772,2.480793241116619,1.6486234525371528
grate,4.129300037546184,2.476048278734259,1.6532517588119244
blare,4.129140050013715,2.4503518308273016,1.6787882191864134
rouet,4.129031196407972,2.544690327880378,1.5843408685275937
sluit,4.1279789915995195,2.516172103554777,1.6118068880447425
snirt,4.127486361628145,2.563188507544905,1.56429785408324
blase,4.126812579701901,2.428330479270243,1.698482100431658
brace,4.126761062921723,2.394701075387954,1.7320599875337694
shily,4.12649099835458,2.4096980842355435,1.7167929141190366
maire,4.126278220958185,2.4715090318153643,1.654769189142821
soapy,4.1259438554212196,2.411630755512965,1.714313099908255
shiny,4.124876077360307,2.3881380204706018,1.7367380568897055
sayer,4.124572847403658,2.530849563715508,1.5937232836881499
maise,4.123950750646371,2.4494876802583057,1.6744630703880654
story,4.12392568930724,2.5201350554735464,1.6037906338336931
boite,4.123752041383296,2.4253591474572067,1.6983928939260893
sitar,4.123360778437768,2.6001224886028567,1.523238289834912
clair,4.123189597043524,2.546956595887557,1.5762330011559669
senor,4.123019789679071,2.5666215416465272,1.5563982480325433
parse,4.122594287745262,2.4952529647589796,1.627341322986282
sated,4.122548140336982,2.494808879759516,1.6277392605774663
carny,4.122489313105231,2.4568221867613973,1.6656671263438338
short,4.121208296871799,2.5021113161603594,1.6190969807114404
alist,4.121041005843534,2.583649838436768,1.5373911674067653
leary,4.120444098730344,2.5363982651064774,1.5840458336238668
maile,4.1203443381171905,2.4550363816492755,1.6653079564679145
spate,4.119489818219696,2.4818441532598126,1.637645664959884
least,4.11930592724509,2.5861858816803935,1.5331200455646972
plate,4.119226309391344,2.4873928546507824,1.631833454740561
taser,4.119003421218566,2.6026585318464823,1.5163448893720834
parle,4.118987875216081,2.5008016661499495,1.6181862090661312
porey,4.118161240024688,2.4206434489178044,1.6975177911068837
slime,4.117637274422535,2.4341137629652962,1.6835235114572389
riant,4.117556435198024,2.5841111262288847,1.533445308969139
trade,4.117060475954547,2.5168302313165745,1.6002302446379724
arsey,4.116975286644295,2.530849563715507,1.5861257229287882
slipe,4.116768769194083,2.4632356131970465,1.653533155997036
stony,4.116376885471971,2.4821023415425154,1.6342745439294557
diane,4.116208072476966,2.4755628946157877,1.6406451778611784
reist,4.11546025929608,2.5871138304506376,1.5283464288454425
scire,4.1154361078343085,2.5283992363443684,1.58703687148994
snort,4.115080478477808,2.5673201211726573,1.5477603573051513
sayne,4.114270393185837,2.4928168497844774,1.6214535434013597
leant,4.114084593721637,2.5701745193064216,1.5439100744152152
leany,4.112895294895076,2.4983655511754472,1.6145297437196293
thale,4.112481145221011,2.504965714294123,1.6075154309268882
goier,4.112374893529264,2.46140056819641,1.650974325332854
silen,4.111845882724433,2.5460172778526857,1.5658286048717467
grise,4.111296943152956,2.451891037280523,1.6594059058724335
thane,4.110866224226738,2.483405650529181,1.6274605736975571
conte,4.110236680422084,2.5031106760989816,1.6071260043231024
trial,4.11022444623176,2.6056711899938265,1.5045532562379327
suety,4.109853877331846,2.4499630173343494,1.6598908599974966
caser,4.108974151605745,2.543943937740213,1.5650302138655312
sidey,4.108558900348379,2.4074552102326967,1.7011036901156824
chare,4.1083857584491845,2.462723770353943,1.6456619880952421
porae,4.107272684844069,2.504762495674867,1.6025101891692017
urase,4.107008964888669,2.547490875590579,1.5595180892980895
spier,4.1065678445208365,2.4797082633631353,1.6268595811577014
laity,4.106365107390993,2.520453410363684,1.585911697027309
plier,4.106304335692483,2.4852569647541047,1.6210473709383786
chase,4.106058288137371,2.440702418796884,1.6653558693404866
crest,4.10473549382737,2.531633859114125,1.5731016347132445
slope,4.104362886043747,2.467367226824799,1.6369956592189476
alien,4.104326171694863,2.566939896536665,1.5373862751581984
rouse,4.104153523250012,2.536077787822487,1.5680757354275259
spire,4.103814194138284,2.4797082633631353,1.6241059307751486
score,4.103030224683972,2.5325308499721206,1.5704993747118516
clint,4.102307539184647,2.496613803330439,1.6056937358542078
sired,4.1022303466341725,2.4926729898628386,1.609557356771334
silty,4.101972071986159,2.499530791679705,1.6024412803064547
soger,4.101794291140898,2.4560226509082757,1.6457716402326226
blate,4.101413233641519,2.436943019328134,1.664470214313385
price,4.101171698217939,2.4296062093147577,1.6715654889031821
haole,4.100693861972665,2.5058627051521185,1.5948311568205473
coset,4.100649282017365,2.5191220384729536,1.5815272435444108
roule,4.100547110720832,2.541626489213457,1.558920621507375
noire,4.100432425908642,2.571999458934661,1.5284329669739813
irone,4.099928784363817,2.5719994589346613,1.527929325429155
cosey,4.099459983190804,2.4473130703419788,1.6521469128488249
moire,4.098156798906212,2.460095944047272,1.6380608548589404
noise,4.0981049555968285,2.5499781073776027,1.5481268482192259
seamy,4.097883517215191,2.3809133348970875,1.716970182318104
spile,4.097880311297288,2.4632356131970465,1.6346446981002423
brast,4.097777694620049,2.4455017089624627,1.6522759856575868
sture,4.097285291803588,2.5351807969644913,1.5621044948390965
parte,4.097194941684879,2.5038655048168708,1.593329436868009
spine,4.096265390303016,2.441675549432105,1.6545898408709112
boart,4.096101994613804,2.455011239878349,1.6410907547354547
scone,4.095481420848705,2.4944981360410905,1.6009832848076142
corny,4.094367891053259,2.4454090989933053,1.6489587920599535
boast,4.09377452430199,2.432989888321291,1.660784635980699
grone,4.093669726479167,2.4400112885343033,1.6536584379448631
curet,4.092735533244151,2.485078742916113,1.6076567903280379
soled,4.0926299234075305,2.4803319533245025,1.6122979700830276
brant,4.092556361096596,2.4294903465884907,1.663066014508105
faire,4.09225707987183,2.4022528501237583,1.6900042297480722
moile,4.092222916065217,2.443623293881183,1.648599622184034
later,4.091505176255531,2.6082072332374517,1.4832979430180788
spore,4.091408310987948,2.4838398769908876,1.6075684339970602
plore,4.0911448021595955,2.4893885783818575,1.6017562237777376
paint,4.091085248126725,2.463296747642215,1.62778850048451
cluey,4.0909816675589505,2.3967971246190496,1.694184542939901
saber,4.09094845175923,2.444803129436332,1.646145322322898
serin,4.09094287103413,2.5624899280187745,1.528452943015356
sonde,4.090622363175596,2.4587718895595607,1.6318504736160357
sider,4.089951646711347,2.4926729898628386,1.5972786568485084
setal,4.089364328176186,2.5861858816803935,1.503178446495792
react,4.089066764456066,2.5525564777981047,1.5365102866579616
praty,4.089002125482931,2.432755116212027,1.6562470092709043
hoise,4.088584735600211,2.4847693023653044,1.6038154332349066
sabre,4.088194801376677,2.4448031294363317,1.6433916719403454
soyle,4.087763892128137,2.5029638257813267,1.5848000663468103
shule,4.087444717700592,2.4288754393542407,1.6585692783463517
glare,4.087282435404934,2.4729844400673375,1.6142979953375969
drant,4.086445713662421,2.4929049084108423,1.5935408052515783
tried,4.086357992906103,2.5012855299207297,1.5850724629853727
slaid,4.085794770447453,2.4892089978489693,1.5965857725984838
liart,4.085548466528694,2.605671189993826,1.4798772765348676
peart,4.084986226929148,2.503865504816871,1.581120722112277
grace,4.084903448312943,2.41733368462799,1.667569763684953
faine,4.0847082760365625,2.3642201361927278,1.7204881398438348
frate,4.083814452219329,2.4054874728935145,1.6783269793258149
olate,4.083575525862723,2.5956954125962803,1.4878801132664425
alure,4.083132896674799,2.553039576981549,1.53009331969325
train,4.082388026731458,2.5841111262288843,1.4982769005025731
sable,4.082260918535682,2.428330479270243,1.653930439265439
urate,4.081609618828287,2.55610341564847,1.5255062031798166
peasy,4.0814694577907735,2.410035185128838,1.6714342726619353
ronte,4.081355662249159,2.575234081704418,1.5061215805447405
sidle,4.0812641134878,2.4762003396967502,1.6050637737910498
snarl,4.081010868328367,2.5756693702738285,1.505341498054538
solde,4.079929966002366,2.4803319533245025,1.5995980126778635
alter,4.079592429821128,2.6082072332374517,1.4713851965836762
artel,4.079255467044779,2.6082072332374517,1.4710482338073267
route,4.078754177189631,2.544690327880378,1.5340638493092529
caste,4.078493684850996,2.530535126241046,1.5479585586099502
truce,4.077271046060195,2.485078742916113,1.5921923031440826
drice,4.07724797503394,2.442570935814461,1.6346770392194787
cried,4.076328723293281,2.4425709358144605,1.6337577874788205
spite,4.076087377766088,2.4662994518639683,1.6097879259021202
scote,4.075303408311777,2.5191220384729536,1.5561813698388232
satin,4.075175733708729,2.562089774671826,1.513085959036903
space,4.075093228986456,2.4231295591535438,1.6519636698329125
tiler,4.075040245153731,2.592662531841607,1.4823777133121239
place,4.074829720158103,2.428678260544513,1.6461514596135896
orant,4.0747186533178,2.588242739856637,1.4864759134611627
sadly,4.074430707580607,2.4206346524877507,1.6537960550928565
stray,4.0743123237963275,2.531548143241638,1.5427641805546892
tansy,4.073818115725403,2.493515429310608,1.5803026864147949
ruote,4.073663210202762,2.544690327880378,1.5289728823223836
tride,4.073658035500939,2.50128552992073,1.5723725055802085
dairy,4.073521029951433,2.4424852199419744,1.6310358100094586
blore,4.07333172640977,2.438938743059209,1.634392983350561
palet,4.072857763213887,2.4873928546507824,1.5854649085631045
trape,4.072534732152102,2.5038655048168708,1.5686692273352305
loner,4.072279356499309,2.5721702430374966,1.5001091134618127
cruel,4.07203745114557,2.482014904249192,1.5900225468963776
roset,4.071768263844439,2.59124544407839,1.4805228197660494
biose,4.071731729830651,2.4167466073993156,1.6549851224313348
borne,4.071438456420011,2.4173786792942673,1.6540597771257435
daisy,4.071193559639619,2.420463868384916,1.6507296912547031
snail,4.0707382343619605,2.559025936004905,1.511712298357056
dorse,4.0705491425092895,2.496804603490591,1.573744539018699
oriel,4.070316589387514,2.593559522699603,1.4767570666879106
anise,4.0700401624252045,2.561391195145695,1.5086489672795094
porte,4.069073519632907,2.4924524170487787,1.5766211025841286
salut,4.06818556138486,2.5317168049506216,1.536468756434239
curse,4.0678578600861925,2.476466202858222,1.59139165722797
cosie,4.067826445204814,2.515887415703197,1.5519390295016162
daily,4.067587147110437,2.426012569775885,1.6415745773345523
thine,4.06746378377313,2.4678609491333368,1.5996028346397932
boaty,4.067185879415048,2.369793460248207,1.6973924191668401
daint,4.067161524942726,2.4762614741419187,1.590900050800807
print,4.066966996392813,2.4643954805152943,1.6025715158775178
loure,4.066924221057229,2.5416264892134564,1.5252977318437724
citer,4.066807770418389,2.5370117764022595,1.5297959940161299
anile,4.0664337498960235,2.566939896536665,1.4994938533593585
seron,4.066366331756841,2.566621541646527,1.4997447901103145
slake,4.066031236441992,2.375956968758416,1.6900742676835763
solan,4.066002499584648,2.563157549632657,1.5028449499519911
frise,4.065811357826103,2.381330231439779,1.684481126386324
shute,4.0656517841693915,2.4319392780211624,1.6337125061482296
rance,4.065080495067891,2.527932575366241,1.5371479197016495
canst,4.0649781449391424,2.506609803335314,1.5583683416038285
stade,4.064951316092502,2.4948088797595163,1.5701424363329863
triol,4.064902924149099,2.594258102225734,1.4706448219233645
beast,4.064845680867509,2.431394317937164,1.633451362930345
louse,4.064596750745415,2.519605137656398,1.544991613089017
soave,4.063622230895297,2.327620777387082,1.7360014535082153
crame,4.063373967767733,2.4160290604788517,1.6473449072888813
cairn,4.063347202365348,2.5253965321226155,1.5379506702427321
point,4.062963826074753,2.451883659874123,1.61108016620063
sober,4.0628270297072575,2.4333900416682397,1.6294369880390176
crape,4.0625054625392805,2.445150910710602,1.6173545518286785
atone,4.062447455407405,2.5741353488313385,1.4883121065760667
trode,4.061252152350603,2.5054171435484824,1.55583500880212
shade,4.061044624830502,2.4049761723153544,1.6560684525151474
ratel,4.0609805674703345,2.6082072332374517,1.4527733342328826
those,4.060279234146248,2.488003925135061,1.5722753090111867
ahole,4.060155685139678,2.5058627051521185,1.5542929799875593
scart,4.060059244692621,2.544642517266344,1.5154167274262766
curie,4.059912696431599,2.4818441201463566,1.578068576285243
deary,4.059873204918588,2.4450212631856,1.614851941732988
prost,4.059782446765929,2.4845384565170185,1.575243990248911
sural,4.059410607510143,2.5451256164497886,1.5142849910603549
chile,4.059049435154582,2.4307064187920093,1.6283430163625723
scary,4.058869945866061,2.4728335491353697,1.5860363967306907
prosy,4.058593147939369,2.412729488386044,1.6458636595533251
beany,4.058435048517495,2.343573987432218,1.7148610610852775
urine,4.058385190911607,2.5159348118207627,1.5424503790908441
blite,4.05801079318791,2.4213983179322893,1.636612475255621
chine,4.057434514160309,2.4091463550270675,1.6482881591332412
thole,4.056672821617067,2.493552626526031,1.5631201950910358
louie,4.056651587090823,2.5249830549445327,1.53166853214629
naice,4.056430442355179,2.5112891410973175,1.5451413012578619
pause,4.056071002169631,2.4266764970039096,1.6293945051657213
peaty,4.056070111730392,2.4186477251867293,1.6374223865436623
stear,4.055658870265333,2.6026585318464823,1.4530003384188508
larnt,4.055240821254269,2.5842819103317196,1.4709589109225494
dealt,4.055128620904153,2.5003575811504857,1.5547710397536676
pater,4.054858005627774,2.503865504816871,1.550992500810903
riley,4.054737211005016,2.5208535637106326,1.533883647294384
poney,4.054239439508584,2.3826107349867733,1.6716287045218108
anole,4.054027866745687,2.5710715101644173,1.48295635658127
shent,4.053527578792693,2.4624830318452022,1.59104454694749
scrae,4.05341685917306,2.543943937740213,1.5094729214328475
paler,4.053061210750294,2.5008016661499495,1.5522595446003447
goary,4.053055081178464,2.405834880987411,1.6472202001910523
scaly,4.052936063025066,2.4563608989692813,1.5965751640557844
chore,4.05257743484524,2.4513106825858504,1.6012667522593902
scant,4.052510440857353,2.506609803335314,1.5459006375220392
shear,4.051752179003333,2.512825824402321,1.538926354601012
marse,4.051459153146158,2.4661311145272293,1.5853280386189286
alert,4.050830678761171,2.6082072332374517,1.4426234455237195
grant,4.050698746487815,2.4521229558285267,1.5985757906592886
coste,4.050372262799023,2.5191220384729536,1.5312502243260697
aiery,4.0503688536673055,2.5362274810036425,1.5141413726636628
chose,4.0502499645334264,2.4292893310287917,1.6209606335046347
sorta,4.049174082509955,2.604254102230609,1.4449199802793462
samel,4.048850320842686,2.449658464361141,1.5991918564815444
salon,4.04880239955396,2.563157549632657,1.485644849921303
spart,4.048437330996597,2.495951544285111,1.5524857867114856
briny,4.047964621816427,2.3421366770616716,1.7058279447547553
marle,4.047852740616976,2.471679815918199,1.5761729246987777
cleat,4.047790894464704,2.536083827632016,1.5117070668326886
tries,4.046716431044939,2.5871138304506376,1.459602600594302
plast,4.045846351856429,2.4794788941190222,1.5663674577374072
certy,4.04526103508185,2.4684374310410417,1.5768236040408081
ceorl,4.044384930877096,2.5380795513630905,1.5063053795140058
artsy,4.044287125218349,2.531548143241638,1.5127389819767112
poley,4.043547042335353,2.404170798751715,1.6393762435836383
truly,4.04349196640278,2.4696191097506173,1.5738728566521634
drily,4.043468895376524,2.4271113026489646,1.6163575927275595
tousy,4.043095208613902,2.451558587718476,1.5915366208954267
spalt,4.0425034481556015,2.4794788941190222,1.5630245540365793
sloth,4.041905752552081,2.48563866599427,1.5562670865578108
shoal,4.041802711957378,2.4979487446203588,1.5438539673370193
flare,4.0417968500780805,2.402423634226593,1.6393732158514873
rinse,4.0417412338468495,2.5624899280187745,1.4792513058280745
ruice,4.041672504119857,2.4818441201463566,1.559828383973501
grice,4.041501007859335,2.4017889832321453,1.639712024627189
brosy,4.040780072189544,2.3622796530633954,1.6785004191261488
artly,4.040680712689169,2.5370968446326083,1.5035838680565605
doilt,4.0406550238850265,2.486408450138768,1.554246573746258
plant,4.0406250183329755,2.4634675317450503,1.5771574865879252
starn,4.04055150083582,2.57873320894075,1.4618182918950693
laser,4.040536360928222,2.5995946931795606,1.4409416677486608
frite,4.040412011765721,2.38994277149767,1.650469240268051
rioty,4.040380800230591,2.525512972761681,1.51486782746891
doily,4.039465725058466,2.4145994820077936,1.6248662430506722
earst,4.03922768980874,2.6026585318464823,1.4365691579622575
sarod,4.0391868634637005,2.50981326164281,1.5293736018208905
canty,4.0383895000522,2.4434133752622302,1.5949761247899696
sined,4.038308546118069,2.4546402759318084,1.5836682701862608
crust,4.038258408145701,2.477164782384353,1.561093625761348
beaty,4.038257035980567,2.3681978898640805,1.6700591461164862
urite,4.0382071783746785,2.540558714252626,1.497648464122053
spait,4.03816469703019,2.479308110016187,1.5588565870140032
peisy,4.038067017337165,2.3944904837329934,1.6435765336041717
tared,4.037984647139803,2.5168302313165745,1.5211544158232284
plait,4.037901188201837,2.4848568114071568,1.5530443767946804
seria,4.037699421481264,2.5994239090767257,1.4382755124045385
clade,4.037286787828281,2.441642987044217,1.5956438007840639
crusy,4.037069109319141,2.4053558142533786,1.631713295065762
cries,4.036687161432118,2.5283992363443684,1.5082879250877497
sharn,4.036644809573819,2.4889005014965884,1.5477443080772308
court,4.036582708139456,2.48667431330024,1.5499083948392158
spiel,4.036486463231043,2.463235613197047,1.573250850033996
boney,4.03642636375876,2.3321608996641254,1.7042654640946344
morae,4.036137550244964,2.475640645443116,1.5604969048018482
sured,4.035544154184487,2.4407399563766923,1.5948041978077947
trash,4.035476944720818,2.513524403928451,1.5219525407923669
cadet,4.035473230067749,2.444706825711138,1.5907664043566108
baler,4.0352481350004705,2.4503518308273016,1.5848963041731685
slued,4.034979587325848,2.424267306210604,1.610712281115244
stage,4.034918077049285,2.4540269271772006,1.5808911498720852
gorse,4.0348021753346845,2.4560226509082757,1.578779524426409
danse,4.034748764045158,2.4701849773276527,1.564563786717506
potae,4.034455282032214,2.4913536841756994,1.5431015978565146
early,4.034431978452998,2.5363982651064774,1.4980337133465207
hoary,4.034346043943776,2.4512249667133634,1.5831210772304127
stied,4.034248833044058,2.479264178363671,1.5549846546803867
flane,4.034248046242812,2.3643909202955626,1.6698571259472499
moany,4.034041833102696,2.3664975429072426,1.667544290195454
earnt,4.0340063562852855,2.58664716947251,1.4473591868127755
hoast,4.033207872458523,2.50101258328728,1.5321952891712431
gaily,4.031840179935832,2.38523061719357,1.6466095627422626
spice,4.031690788532847,2.407584857757699,1.6241059307751486
shorl,4.031330363118412,2.4990474774934377,1.532282885624975
deair,4.03099331731515,2.513595608546818,1.5173977087683317
dater,4.030934282443774,2.5168302313165745,1.5141040511272
slyer,4.030710177156299,2.515475646422498,1.515234530733801
blart,4.030360746418419,2.4510504103534325,1.5793103360649865
shied,4.030342141782057,2.3894314709195097,1.640910670862548
stain,4.030278866869413,2.562089774671826,1.468189092197587
sloid,4.029986446843509,2.477795910080877,1.5521905367626316
sieur,4.029821810201975,2.5319461741947347,1.4978756360072405
drony,4.029448091231915,2.409682852511775,1.61976523872014
sited,4.029412943822319,2.479264178363672,1.5501487654586465
tolar,4.029196862013946,2.6098028036215783,1.419394058392368
tripe,4.0291322916984935,2.4883208034210265,1.540811488277467
count,4.029033904304188,2.4486415993692097,1.5803923049349784
stroy,4.028990801713667,2.5201350554735464,1.5088557462401209
rhine,4.028553495987383,2.481269760632504,1.5472837353548798
blast,4.028033276106605,2.429029058796374,1.5990042173102308
clear,4.027994342001112,2.5494926391311834,1.4785017028699288
bract,4.027981759326428,2.395399654914085,1.6325821044123425
cared,4.027955377526982,2.4581156372103052,1.5698397403166762
droit,4.027913559927337,2.5028811003048563,1.5250324596224811
smile,4.027845896522594,2.4341137629652962,1.5937321335572983
siled,4.027616148944839,2.4762003396967502,1.5514158092480883
bolet,4.02692326541209,2.4255299315600416,1.6013933338520479
prune,4.026731416912263,2.4117638675030166,1.6149675494092466
liney,4.02587283567365,2.4828208497796025,1.5430519858940475
sucre,4.025823533327015,2.476466202858222,1.5493573304687929
lance,4.0255237225632925,2.5114599252001524,1.5140637973631406
crash,4.025447675107998,2.4548098098221827,1.5706378652858146
goaty,4.025328264806268,2.392426069488244,1.6329021953180236
maist,4.025171447051075,2.4501862597844366,1.5749851872666383
poler,4.024939788698322,2.489388578381857,1.5355512103164644
poule,4.024343167588476,2.420812110626787,1.6035310569616898
snied,4.024214323388067,2.4546402759318084,1.569574047456259
bialy,4.023965038483557,2.362598007953534,1.661367030530023
diary,4.023788273890378,2.4424852199419744,1.581303053948403
coral,4.023700408800666,2.5510882095153096,1.472612199285356
morse,4.023337731094186,2.4547180267591373,1.568619704335048
naily,4.022651362697764,2.4958295079318216,1.5268218547659427
smore,4.0213738962132535,2.4547180267591373,1.5666558694541162
aisle,4.020663555002965,2.582951258910637,1.4377122960923283
peony,4.020439800663375,2.382610734986774,1.6378290656766012
crime,4.019971527314125,2.400484359083007,1.6194871682311178
doley,4.019623319151354,2.4171355252514193,1.6024877938999353
laide,4.019309226944507,2.4971229583807295,1.5221862685637784
platy,4.019257706969487,2.4162824660459385,1.6029752409235483
oater,4.019207222099154,2.612168062762369,1.4070391593367846
cripe,4.019103022085671,2.4296062093147572,1.5894968127709146
hairy,4.01906502554214,2.447093353085611,1.5719716724565294
tuner,4.019046449877276,2.519169434590519,1.499877015286757
ploce,4.019021396554159,2.417265172776421,1.6017562237777376
parly,4.019019272794225,2.429691277545106,1.5893279952491184
salep,4.018792503428188,2.4787803145928913,1.540012188835297
sandy,4.0187751828057126,2.3990745887228093,1.6197005940829035
cutey,4.018728831605736,2.3998609632859713,1.6188678683197646
culet,4.018121335554817,2.4686060927500244,1.5495152428047922
morne,4.018116397570731,2.4387066643851654,1.579409733185566
slipt,4.017989465598786,2.4639341927231775,1.554055272875609
shoed,4.017936258631721,2.393563084547262,1.6243731740844594
boner,4.017819110121728,2.4173786792942673,1.6004404308274605
slimy,4.017668672000679,2.363003374360453,1.654665297640226
norie,4.017668194442024,2.5719994589346613,1.445668735507362
farse,4.017438012059803,2.3968749328356234,1.6205630792241799
shame,4.01738738625651,2.362889595583901,1.6544977906726088
trady,4.01709187353269,2.445719842711731,1.5713720308209593
trope,4.016726408548157,2.4924524170487787,1.5242739914993786
shape,4.016518881028057,2.392011445815651,1.624507435212406
taish,4.016192756001123,2.4968809696595278,1.519311786341596
rhone,4.016147612837047,2.485401374260256,1.5307462385767914
horse,4.016093138099998,2.501412736634228,1.5146804014657698
deist,4.0153325929797266,2.4792641783636715,1.5360684146160546
glace,4.015159029799499,2.4008610344619012,1.6142979953375969
farle,4.013831599530622,2.402423634226593,1.611407965304029
haily,4.013131142701146,2.430620702919523,1.582510439781623
toady,4.013088703214631,2.433208022070559,1.5798806811440718
thrae,4.01299333894715,2.5214383644602116,1.4915549744869385
cadre,4.012923027221603,2.4581156372103057,1.5548073900112982
groat,4.012911575558103,2.4776438491183854,1.535267726439718
haint,4.012705520533434,2.4808696072855554,1.5318359132478778
elint,4.012635283538141,2.554629817910577,1.4580054656275638
grist,4.012517639557661,2.452589616806654,1.5599280227510066
manet,4.012415025788013,2.4367109406540903,1.5757040851339232
loser,4.0124149388762484,2.588181605411468,1.4242333334647803
doner,4.011708462687553,2.4807932411166194,1.5309152215709338
borel,4.011659529348037,2.438938743059209,1.5727207862888282
birse,4.011646015480773,2.429258428040487,1.5823875874402864
snide,4.011514365982903,2.4546402759318084,1.5568740900510947
crout,4.011357056068302,2.48667431330024,1.524682742768063
sutor,4.011353063905423,2.536776367348618,1.4745766965568048
grisy,4.0113283407311,2.380780648675679,1.6305476920554207
solah,4.011146253919416,2.4979487446203583,1.5131975092990582
brule,4.010533262156712,2.3828740959453105,1.6276591662114015
claes,4.010345183372282,2.5274712875741243,1.4828738957981573
bouse,4.010136504367834,2.364813573913169,1.6453229304546646
chart,4.0096064548538894,2.463422349880074,1.5461841049738152
ranty,4.0095084818792746,2.5155367808676665,1.4939717010116083
oracy,4.0089547527210705,2.4823430800512565,1.5266116726698142
chary,4.0084171560273285,2.391613381749099,1.6168037742782293
birle,4.008039602951593,2.434807129431457,1.5732324735201355
druse,4.008029027251718,2.4407399563766923,1.5672890708750256
aloed,4.007690554764933,2.501254572008482,1.5064359827564515
crome,4.007565644163789,2.404615972710759,1.6029496714530294
sware,4.0075534194482,2.3851558635492904,1.6223975558989103
liner,4.007265582036618,2.5680386294097444,1.4392269526268735
paren,4.007100150001296,2.4792416023850077,1.5278585476162883
mealy,4.006727910662488,2.3864620362880578,1.6202658743744307
heart,4.006606499335856,2.5214383644602116,1.4851681348756447
clied,4.006584304779837,2.426098285648372,1.5804860191314645
boule,4.006530091838652,2.3703622753041387,1.6361678165345137
carol,4.0065003087699775,2.5510882095153096,1.455412099254668
meant,4.006302288494776,2.4367109406540903,1.5695913478406855
smite,4.006052962991394,2.4371776016322175,1.5688753613591762
roust,4.005374219654716,2.536776367348618,1.4685978523060987
reoil,4.0052312787377655,2.593559522699603,1.411671756038162
meany,4.005112989668215,2.364901972523116,1.6402110171450996
spirt,4.005034890542988,2.4804068428892663,1.5246280476537217
bonie,4.004792825772769,2.4007352450253436,1.6040575807474258
slopy,4.00439428362189,2.396256838219955,1.6081374454019346
heast,4.004279029024042,2.4994170129031534,1.504862016120889
douse,4.004025856933659,2.428228135735521,1.5757977211981378
wrate,4.00401610011072,2.3937684036071816,1.6102476965035377
spiry,4.003845591716428,2.408597874758292,1.5952477169581358
phare,4.003300797143906,2.4140327973727094,1.589267999771196
coady,4.00305943360181,2.3744934279642904,1.6285660056375195
ploat,4.0028378474032635,2.488988425034909,1.513849422368355
doter,4.002812860391802,2.505417143548482,1.4973957168433196
cadie,4.002650393255198,2.4414722029413816,1.5611781903138162
matey,4.0023301246657015,2.3895258749549786,1.6128042497107231
saree,4.002194818690734,2.0854083795854326,1.916786439105301
chant,4.002057651018621,2.425389635949043,1.5766680150695778
solei,4.00162487075382,2.5715381711425445,1.4300866996112753
swale,4.001619536607206,2.3686832133832016,1.632936323224004
pricy,4.001203095796083,2.358495820709914,1.6427072750861693
flier,4.001148060007025,2.386878932830749,1.6142691271762761
phase,4.000973326832091,2.3920114458156507,1.6089618810164406
cuter,4.000121577968704,2.485078742916113,1.5150428350525906
irony,3.99996018194196,2.5008890703298174,1.4990711116121422
brail,3.9999545972120707,2.447815787583676,1.5521388096283948
cored,3.9998339554750095,2.4467025494422137,1.5531314060327959
prest,3.99965053252209,2.482942886132892,1.516707646389198
barny,3.9995912760501273,2.357681378457516,1.6419098975926112
spilt,3.999101007701993,2.4639341927231775,1.5351668149788154
liter,3.9983699797408665,2.592662531841607,1.4057074478992593
samen,3.998356443694147,2.428098400596199,1.5702580430979478
tares,3.99834308527864,2.6026585318464823,1.3956845534321576
noisy,3.9981363531749716,2.478867718772759,1.519268634402213
slave,3.997880982699912,2.323659947862165,1.674221034837747
suona,3.9977378424843826,2.5110537320436754,1.4866841104407074
chiel,3.9976555870883352,2.4307064187920093,1.5669491682963257
claut,3.9974209611588023,2.4816147509022435,1.515806210256559
party,3.9972263392630234,2.432755116212027,1.5644712230509963
moist,3.997050024999102,2.438773172016344,1.558276852982758
spiny,3.9962967878811595,2.3705651608272613,1.6257316270538984
litre,3.995616329358314,2.592662531841607,1.4029537975167068
singe,3.9955753496696884,2.413858323349493,1.5817170263201956
poset,3.995564320712085,2.4704310654917205,1.5251332552203642
arish,3.9955573677898206,2.5102897811586944,1.4852675866311265
targe,3.995251450691422,2.476048278734259,1.5192031719571633
gater,3.9951873152691695,2.4760482787342593,1.51913903653491
prial,3.9951102153136584,2.4982656229063243,1.4968445924073341
pearl,3.995108293175761,2.5008016661499495,1.4943066270258116
noily,3.9945299406457915,2.484416420163729,1.5101135204820622
poesy,3.9944580633774702,2.3986220973607457,1.5958359660167243
prent,3.994429198998636,2.46693152375892,1.527497675239716
posey,3.9943750218855243,2.3986220973607457,1.5957529245247783
drail,3.9938439497778955,2.5112303494060275,1.482613600371868
panel,3.993672226633731,2.4627689522189193,1.5309032744148117
smote,3.9936470798410575,2.44130921525997,1.5523378645810877
clame,3.993629549254288,2.399556410312763,1.5940731389415252
seton,3.9935489289449864,2.5532127301473597,1.4403361987976269
caneh,3.9934070651252416,2.4246910564229127,1.5687160087023286
talcy,3.9933297832585506,2.4649734390271725,1.528356344231378
surge,3.9928109577361064,2.3999580037943766,1.5928529539417298
sport,3.992629007392652,2.4845384565170185,1.5080905508756333
fairy,3.992288477449974,2.3311424615189145,1.6611460159310594
santo,3.992101576715622,2.5662213882995784,1.4258801884160435
savey,3.9910361790078657,2.2549148183981114,1.736121360609754
renay,3.9906573816039823,2.5148382013415356,1.4758191802624467
hoist,3.989805432004915,2.4854678818914353,1.5043375501134795
porny,3.989282929747979,2.396718126012072,1.592564803735907
piney,3.9892256650458924,2.378479121359021,1.6107465436868715
pance,3.9888765519355367,2.407118196779572,1.5817583551559649
deity,3.9887439480927833,2.416067750290588,1.5726761978021957
brute,3.988740328625511,2.385937934612232,1.6028023940132794
rouen,3.988659385506047,2.520066425448515,1.4685929600575318
cares,3.988313815665818,2.543943937740213,1.4443698779256053
dolie,3.9879897811653637,2.485709870612637,1.5022799105527267
coder,3.9875552555521843,2.4467025494422137,1.5408527061099706
manse,3.9875373526300546,2.428098400596199,1.5594389520338554
glary,3.9873138329830775,2.4018740514624937,1.585439781520584
cutie,3.9870952936197455,2.4684353086471895,1.518659984972556
shunt,3.9870504931110236,2.40801395511543,1.5790365379955937
sapor,3.9868993609898897,2.4968485351431067,1.4900508258467833
baser,3.98607611455064,2.4448031294363313,1.5412729851143085
flore,3.985988526474136,2.391010546458501,1.594977980015635
faint,3.9859289724412665,2.3649187157188587,1.6210102567224078
taper,3.9856971446659926,2.503865504816871,1.4818316398491214
steal,3.985577488975539,2.5861858816803935,1.3993916072951453
bloat,3.985024771653439,2.4385385897122607,1.5464861819411786
meaty,3.984934977131287,2.3895258749549786,1.5954091021763086
patel,3.9847766243379796,2.4873928546507824,1.4973837696871974
waite,3.984731911391024,2.3771249693382575,1.6076069420527666
blist,3.9846308356529963,2.413484357400529,1.5711464782524671
piony,3.9843548696351645,2.380074691743148,1.6042801778920162
mater,3.98372287102867,2.4747436545851205,1.5089792164435492
super,3.9832566517106764,2.427775229876989,1.5554814218336876
toran,3.9832358012649483,2.5882427398566366,1.3949930614083117
money,3.9831043049094808,2.3534888847550235,1.629615420154457
proal,3.982704332163322,2.5023972365340765,1.4803070956292457
sieth,3.9825013120409354,2.4838723115073087,1.498629000533627
selah,3.982217410484936,2.4963531742362317,1.4858642362487042
ploit,3.9820928645978926,2.4734437236390643,1.508649140958828
safer,3.9819925397210696,2.3968749328356234,1.585117606885446
curat,3.981878375641675,2.4980874010683323,1.4837909745733429
giant,3.9816818017070643,2.435479521559603,1.5462022801474613
sheal,3.9816707977135386,2.496353174236232,1.4853176234773064
salto,3.981409179542391,2.58778145206452,1.393627727477871
learn,3.9812615866549796,2.5835833308055887,1.3976782558493908
cagey,3.981112801208048,2.332115904997848,1.6489968962101995
south,3.9810380008219584,2.433534848405289,1.5475031524166696
shorn,3.980836485969874,2.477487413728496,1.5033490722413785
hanse,3.980292759635867,2.47479311047129,1.5054996491645771
griot,3.979995936625779,2.4620991477225407,1.5178967889032382
relay,3.979964984430752,2.5363982651064774,1.4435667193242743
feart,3.9798299512436888,2.4054874728935145,1.5743424783501743
manie,3.979592188975462,2.4334763178843337,1.5461158710911285
geist,3.9795856258051208,2.438482225781356,1.5411034000237647
chair,3.9795372684238903,2.460187727110317,1.5193495413135731
caird,3.9791174685857533,2.4555795939666796,1.5235378746190738
shtar,3.978980976085441,2.513524403928452,1.4654565721569892
stoln,3.9788092943908797,2.550847471006569,1.4279618233843108
piley,3.978533267872662,2.400039185123963,1.578494082748699
smart,3.978402916221902,2.4668296940533603,1.5115732221685416
bliny,3.978220203302982,2.3256640268955824,1.6525561764073993
stime,3.9778916370649013,2.4371776016322175,1.5407140354326838
hause,3.977691274576339,2.44424935664725,1.533441917929089
heaty,3.9776903841371,2.4362205848300698,1.54146979930703
feast,3.977502480931875,2.3834661213364563,1.5940363595954188
stipe,3.977023131836449,2.466299451863968,1.510723679972481
brent,3.9766161232488115,2.4164816884362716,1.5601344348125399
bosey,3.9765619461357,2.348172262038098,1.6283896840976022
hater,3.976478278034482,2.521438364460211,1.4550399135742706
trona,3.976060083705786,2.588242739856637,1.3878173438491486
goner,3.975961495512947,2.4400112885343033,1.535950206978644
honey,3.9758597119152927,2.400183594630114,1.5756761172851785
poser,3.9757677682484918,2.4838398769908876,1.4919278912576044
drest,3.97572680933809,2.495907612632595,1.479819196705495
caper,3.975667875053171,2.445150910710602,1.5305169643425691
guise,3.9755938059225207,2.383314569525453,1.5922792363970677
triad,3.9755008353036265,2.514294188072949,1.4612066472306777
spacy,3.9751246265645994,2.3520191705487,1.6231054560158997
sield,3.974920757457774,2.4762003396967502,1.4987204177610236
haler,3.9746814831570028,2.5183745257932904,1.4563069573637124
motey,3.974208702613729,2.378112787186886,1.5960959154268428
roady,3.9741784154288844,2.4466168335697267,1.527561581859158
soree,3.9740733966387607,2.07399529181734,1.9000781048214206
paste,3.9734087235457163,2.4818441532598126,1.4915645702859037
smalt,3.972469033380907,2.450357043887272,1.5221119894936352
sawer,3.972459979527976,2.385155863549291,1.5873041159786847
saver,3.972428925370833,2.3401325980282532,1.6322963273425801
moley,3.97241190773625,2.3750489485199653,1.5973629592162846
lacet,3.972347168838132,2.5360838276320155,1.4362633412061165
ahint,3.972167343700445,2.4808696072855554,1.4912977364148898
guile,3.9719873933933396,2.388863270916423,1.5831241224769168
rince,3.971945298553227,2.512387873970397,1.45955742458283
sound,3.971842525244524,2.4043028128297887,1.5675397124147352
doest,3.971723639020031,2.483395791991424,1.4883278470286072
pried,3.971243761988002,2.3938799628332275,1.5773637991547742
lacey,3.971157870011571,2.4642748595010406,1.5068830105105306
laten,3.970929917817198,2.5701745193064216,1.4007553985107768
carpe,3.9707296763193725,2.445150910710602,1.5255787656087705
flite,3.9706675932522764,2.3734701213315814,1.597197471920695
piner,3.9706184114088607,2.463696900989163,1.5069215104196976
drent,3.9705054758146363,2.4798962502586233,1.490609225556013
moity,3.9704613801121598,2.3755767439432605,1.594884636168899
neist,3.9703968085670516,2.549081116519607,1.4213156920474448
tores,3.970221663226667,2.59124544407839,1.3789762191482773
arith,3.970158021729439,2.5189023212165855,1.4512557005128535
buret,3.969837496189047,2.385937934612232,1.583899561576815
tonal,3.9698078778973835,2.571770089690548,1.3980377882068353
toidy,3.9696862627610225,2.4176633206747145,1.552022942086308
halse,3.969600362462636,2.4963531742362317,1.4732471882264044
bluet,3.9692729293304074,2.369465284446143,1.5998076448842642
porty,3.969104917211051,2.4213420284439353,1.5477628887671158
curst,3.9690785564908957,2.477164782384353,1.491913774106543
crake,3.968365489333582,2.342327564876127,1.6260379244574552
bluey,3.968083630503847,2.2976563163151686,1.6704273141886783
aloes,3.96804899290377,2.587082872538389,1.3809661203653807
biont,3.9677310927119005,2.4014338245514746,1.566297268160426
throe,3.967671816864489,2.510025276692119,1.45764654017237
pilae,3.9676447126920427,2.484158231881026,1.4834864808110169
spuer,3.9675529614449925,2.427775229876989,1.5397777315680035
frist,3.967032054230807,2.38202881096591,1.585003243264897
snipe,3.966988622180458,2.4416755494321047,1.5253130727483533
caple,3.9669803418296232,2.428678260544513,1.53830208128511
loury,3.9669556186353727,2.470516100608613,1.4964395180267596
clies,3.9669427429186737,2.51192658617828,1.4550161567403936
perst,3.9667647186635127,2.482942886132892,1.4838218325306207
satem,3.9665255012853438,2.4527223030280623,1.5138031982572813
slank,3.966504901756742,2.352031645852684,1.6144732559040582
chirt,3.966204014400281,2.447877648484229,1.5183263659160517
tenor,3.965638893670036,2.5752340817044175,1.3904048119656183
shout,3.965370474557079,2.433534848405289,1.5318356261517903
holey,3.965167314742062,2.421743658395056,1.543423656347006
dance,3.9649528287515365,2.420082923279275,1.5448699054722614
steil,3.9648325061701675,2.570641180284549,1.3941913258856184
sauch,3.964762833640691,2.3862333420671122,1.5785294915735786
lousy,3.964628148323558,2.4484947490515543,1.5161333992720039
stope,3.964617248686112,2.47043106549172,1.4941861831943921
moner,3.9644970512724482,2.4387066643851654,1.525790386887283
curly,3.9642828451351546,2.410904515644348,1.5533783294908063
swire,3.964150978994593,2.369611162153446,1.5945398168411469
caned,3.9640335770108783,2.420082923279275,1.5439506537316032
forte,3.963917243947449,2.3940743851254225,1.5698428588220263
troad,3.9630949521532903,2.518425801700701,1.4446691504525893
foist,3.9630288839127474,2.369516990324738,1.5935118935880093
hiant,3.9629727644723776,2.4808696072855554,1.4821031571868222
meint,3.9628998480411677,2.4211662392582456,1.541733608782922
purse,3.962772898780912,2.4277752298769886,1.5349976689039235
curny,3.9626679241408818,2.3893444518794063,1.5733234722614753
crapy,3.962536860117424,2.3740405221057586,1.5884963380116655
bitey,3.962516987000318,2.3526531884682367,1.609863798532081
cager,3.9625055475710154,2.41733368462799,1.5451718629430256
atony,3.962478852985549,2.5030249602264947,1.459453892759054
mante,3.9621380065696727,2.4367109406540903,1.5254270659155824
segar,3.9620082901039417,2.467435738676368,1.4945725514275736
meiny,3.961710549214607,2.349357271127271,1.6123532780873362
tamer,3.9615508061234452,2.4747436545851205,1.4868071515383248
trans,3.9612405612218384,2.5787332089407498,1.3825073522810887
shady,3.961076022408646,2.333865783710511,1.6272102386981346
solid,3.9610277829996825,2.477795910080877,1.4832318729188059
heist,3.960876588570434,2.4838723115073087,1.4770042770631253
ponce,3.9607551298835637,2.3957051090114794,1.5650500208720843
armet,3.960711970375736,2.4747436545851205,1.4859683157906154
shope,3.9607105574241124,2.3805983580475587,1.5801121993765537
songy,3.9606205217105233,2.346879548372401,1.613740973338122
write,3.960613659657111,2.378223702211337,1.5823899574457743
beray,3.9605621632379067,2.381606701363248,1.5789554618746586
relit,3.960409300451941,2.5926625318416074,1.3677467686103333
lunet,3.9603759420505247,2.5026967844244306,1.4576791576260941
aloin,3.96031814813668,2.5685354669207916,1.3917826812158882
cores,3.960192393613846,2.532530849972121,1.427661543641725
piler,3.95992601423563,2.4852569647541047,1.474669049481525
scail,3.9599086769728284,2.524935244330499,1.4349734326423291
coapt,3.9597229886259253,2.4333376695955615,1.5263853190303638
sabir,3.959346311351383,2.4422670861927065,1.5170792251586762
snout,3.959242656163089,2.4987436534175873,1.4604990027455014
trild,3.959094603623667,2.49892027077994,1.460174332843727
spule,3.958865428221445,2.4113025797109002,1.5475628485105446
pansy,3.958703884807302,2.3861098622231056,1.5725940225841963
pride,3.958543804582838,2.393879962833228,1.56466384174961
glair,3.9584339453796398,2.470448396823712,1.4879855485559277
morel,3.9583374704987575,2.460266728150107,1.4980707423486506
flote,3.95826171010194,2.3776017349593337,1.5806599751426065
swile,3.958217096153598,2.3531385119873574,1.6050785841662405
pouce,3.9581536448240358,2.3651613551874395,1.5929922896365962
grail,3.95809698260329,2.470448396823712,1.4876485857795783
shiur,3.9579798052438235,2.4428120462767042,1.515167758967119
noter,3.957877075979127,2.5752340817044175,1.3826429942747096
shred,3.957850544281845,2.406074905188434,1.551775639093411
toper,3.9575757226140196,2.4924524170487787,1.465123305565241
honer,3.9572524582782607,2.485401374260256,1.4718510840180046
braes,3.957191564830622,2.4448031294363317,1.5123884353942907
mouse,3.956814445518554,2.386141559004067,1.5706728865144872
crith,3.9566458885940072,2.447877648484229,1.508768240109778
swine,3.956602175159325,2.3315784482224156,1.6250237269369094
crein,3.9564185192708523,2.5123878739703964,1.4440306453004559
caron,3.9560064316214394,2.5295281457503678,1.4264782858710714
clash,3.955703256594552,2.4383371596560934,1.5173660969384586
derat,3.955640814630292,2.5168302313165745,1.4388105833137177
baste,3.955595647795892,2.431394317937164,1.5242013298587276
noule,3.9554836599918035,2.503593775282426,1.4518898847093773
scrat,3.9546375555777646,2.544642517266344,1.4099950383114206
frost,3.954626171080471,2.3861604245936623,1.5684657464868086
sceat,3.954591355683802,2.530535126241046,1.4240562294427561
sabot,3.954566324537686,2.4329898883212913,1.5215764362163946
slive,3.9544785422463034,2.30811524646632,1.6463632957799832
deray,3.954451515803732,2.4450212631856,1.5094302526181318
surah,3.9540604846963734,2.458356747672548,1.4957037370238253
moler,3.9538046540992178,2.460266728150107,1.4935379259491106
scray,3.953448256751204,2.4728335491353697,1.4806147076158347
moule,3.953208032989373,2.3916902603950367,1.5615177725943363
diact,3.9528541671115014,2.4421707824675125,1.5106833846439889
biner,3.9528053356590362,2.413247065666515,1.5395582699925212
great,3.952779661314264,2.476048278734259,1.476731382580005
lacer,3.9525506163745394,2.5494926391311825,1.4030579772433567
shard,3.9524150757942254,2.419083563340653,1.5333315124535725
saick,3.952390529780324,2.317770170075443,1.634620359704881
haute,3.9522919285159572,2.452861896705141,1.499430031810816
togae,3.9521320935882764,2.463536458093087,1.4885956354951895
raith,3.951883122154995,2.5189023212165855,1.4329808009384093
doser,3.951844045064492,2.496804603490591,1.4550394415739014
swore,3.951745095844257,2.3737427757811984,1.5780023200630584
monie,3.9514707669234896,2.4220632301162413,1.5294075368072484
borty,3.9512918414612264,2.3708921931212865,1.5803996483399396
crans,3.9512112916090176,2.520018614834481,1.4311926767745367
ourey,3.9508104895836906,2.4728813597494037,1.4779291298342871
clime,3.9502271088006804,2.3840117089169186,1.5662153998837618
patsy,3.949808282511551,2.410733764654969,1.539074517856582
house,3.9495698525243665,2.432836268879158,1.5167335836452085
stour,3.949480613355487,2.536776367348618,1.4127042460068693
bluer,3.949476376866815,2.3828740959453105,1.5666022809215043
brain,3.9494607200635325,2.426255723818734,1.5232049962447982
front,3.949404837557017,2.3701490622196904,1.5792557753373266
clipe,3.9493586035722275,2.413133559148669,1.5362250444235586
coals,3.9488230422852313,2.5290668579582514,1.41975618432698
stand,3.9487729632209576,2.470883556853784,1.4778894063671735
scute,3.9486944083862685,2.463057391359055,1.4856370170272135
irade,3.948534612562491,2.5135956085468183,1.4349390040156726
sepoy,3.9484563491404687,2.3986220973607457,1.5498342517797228
aired,3.94833231414775,2.513595608546818,1.4347367056009321
spail,3.9482867632768035,2.4762442713492656,1.4720424919275379
wrote,3.9482077765067745,2.382355315839089,1.5658524606676854
palsy,3.948011487634071,2.4076699259880474,1.5403415616460236
snath,3.947933929142401,2.475491689997421,1.47244223914498
marly,3.9478841381951204,2.4005694273133553,1.5473147108817649
fouet,3.9476709775901586,2.325497917370352,1.6221730602198063
farce,3.947642076766181,2.3467728787872457,1.6008691979789353
goray,3.9476333920636066,2.4058348809874106,1.541798511076196
coper,3.9475464530011983,2.4337378229425095,1.5138086300586888
trued,3.9473431098302583,2.4493524964345834,1.4979906133956749
sithe,3.947296754159508,2.4838723115073087,1.4634244426521992
lader,3.947238886926633,2.5137663926496527,1.4334724942769803
diner,3.946694688224862,2.476661627488867,1.4700330607359946
loipe,3.9466620610900898,2.4727451441129333,1.4739169169771564
saker,3.9463500338098623,2.3924296189245045,1.5539204148853578
patly,3.94620186998237,2.4162824660459385,1.5299194039364312
staid,3.9460491330898186,2.49227283651589,1.4537762965739287
toned,3.945941424571727,2.467384429617452,1.4785569949542752
aroid,3.94583283287053,2.5151911789309445,1.4306416539395859
swole,3.9458112130032617,2.3572701256151096,1.588541087388152
slept,3.9454516682046106,2.466470235966803,1.4789814322378074
poste,3.9452873014937437,2.4704310654917205,1.4748562360020232
ready,3.945249571994404,2.4450212631856,1.5002283088088038
dorty,3.945181194027051,2.4343067549436386,1.5108744390834128
spaed,3.945165292756518,2.3874033126720136,1.5577619800845046
burse,3.944959823031088,2.3773253945543407,1.5676344284767474
bosie,3.944928408149709,2.4167466073993156,1.5281818007503936
shand,3.9448662719589573,2.3810508494096223,1.563815422549335
tired,3.9448494506251386,2.5012855299207297,1.4435639207044089
prian,3.94461633816512,2.4767055591413825,1.4679107790237376
sower,3.9443385574760024,2.3737427757811984,1.5705957816948042
broil,3.944146273608126,2.4364026998155834,1.5077435737925424
oilet,3.9440717831706023,2.5801507112004356,1.3639210719701664
sarky,3.9440312663136727,2.321319230319661,1.6227120359940117
biter,3.9439097333632853,2.4378709680983786,1.506038765264907
tails,3.943571293496417,2.583649838436768,1.359921455059649
soupy,3.9435265318917674,2.3441530206309737,1.5993735112607934
drain,3.9433500726293573,2.4896702856410857,1.4536797869882714
argle,3.943211895748987,2.472984440067337,1.4702274556816497
comet,3.943196666922244,2.391207161211592,1.551989505710652
gloat,3.943167157044659,2.461171198952297,1.481995958092362
sprat,3.9430156418817406,2.495951544285111,1.4470640975966294
speat,3.942969441987777,2.4818441532598126,1.4611252887279647
bonce,3.942942054133739,2.345255273688831,1.5976867804449082
arled,3.9427350612391665,2.5137663926496527,1.4289686685895135
pleat,3.9427059331594245,2.4873928546507824,1.455313078508642
copse,3.942465332306832,2.4117164713854513,1.5307488609213808
ramet,3.9424370708012915,2.4747436545851205,1.467693416216171
grade,3.942275554677841,2.3816074381464603,1.5606681165313807
slove,3.942072659095967,2.3122468600940724,1.6298257990018947
tains,3.941956372502144,2.562089774671826,1.379866597830318
flary,3.9418282476562236,2.3313132456217494,1.6105150020344745
spray,3.94182634305518,2.4241425761541366,1.5176837669010435
clout,3.9416126375548584,2.4702016631341515,1.471410974420707
acone,3.9415833883622824,2.5154207547250698,1.4261626336372124
molie,3.9407783697502587,2.443623293881183,1.4971550758690757
bride,3.9407307288330133,2.3434301275105796,1.5973006013224338
fract,3.9406385593907927,2.3474714583133762,1.5931671010774164
brame,3.940475930712629,2.3168882521749703,1.6235876785376586
bairn,3.940449165310244,2.426255723818734,1.5141934414915095
realo,3.940368899435514,2.609104224095448,1.3312646753400659
rosit,3.940166123436592,2.588709400834764,1.3514567226018277
phone,3.939943669704693,2.3645869956735868,1.5753566740311062
seare,3.93970908471666,2.0854083795854326,1.8543007051312275
toyer,3.939070529342651,2.5280490160053066,1.4110215133373445
botel,3.9388421265361826,2.425529931560042,1.5133121949761408
foley,3.938390766649895,2.3057927668283593,1.6325979998215359
claro,3.938371395688529,2.551088209515309,1.3872831861732198
droil,3.938035626173951,2.499817261637935,1.4382183645360158
glint,3.9375518875207622,2.4201056042665936,1.5174462832541686
morat,3.9373582466496684,2.476339224969247,1.461019021680421
ropey,3.9372726884653053,2.4206434489178044,1.5166292395475012
plute,3.936808985861891,2.4199151197687914,1.5168938660930995
scent,3.9365702030095693,2.493601145183095,1.4429690578264744
serai,3.9364530674061977,2.5994239090767257,1.337029158329472
derny,3.9364303631294986,2.4080872821276484,1.52834308100185
sheol,3.936349275630878,2.4849400864681397,1.4514091891627383
naieo,3.9362166630217668,2.570900726061582,1.3653159369601848
moray,3.936168947823108,2.4045302568382727,1.5316386909848352
aider,3.9360536142249245,2.513595608546818,1.4224580056781067
goest,3.9359766718454257,2.442613839409108,1.4933628324363173
coned,3.9359121549589053,2.4086698355111826,1.527242319447723
tears,3.9358573513045667,2.6026585318464823,1.3331988194580844
sowle,3.935651024252455,2.3572701256151096,1.5783808986373455
roake,3.9354813008425977,2.4019391498403917,1.533542151002206
alder,3.93532614049223,2.5137663926496527,1.4215597478425777
toled,3.9352490273984966,2.4889444933823937,1.4463045340161027
raned,3.935152558837953,2.492206328884711,1.4429462299532418
stean,3.9350836118270003,2.5646258179154517,1.3704577939115488
trike,3.934992318492795,2.3854974575865513,1.5494948609062438
stagy,3.9349494746274294,2.3829165385723567,1.5520329360550724
gorsy,3.9348335729128285,2.3849122623034322,1.549921310609396
lirot,3.9348052553311774,2.594258102225734,1.3405471531054431
pacey,3.934510699383815,2.35993313108046,1.5745775683033547
paten,3.9342827471894415,2.4658327908858406,1.4684499563036009
douce,3.934229921640036,2.378126081687143,1.5561038399528933
feist,3.934100040478267,2.3679214199406116,1.566178620537655
sowne,3.9340361032581823,2.335710061850168,1.5983260414080145
monte,3.9340165845176998,2.425297852885998,1.508718731631702
aesir,3.933833878846876,2.5994239090767257,1.3344099697701506
taber,3.933567555750196,2.4534156694942233,1.4801518862559728
drape,3.933496778050001,2.409424664229072,1.524072113820929
panty,3.9333045387469197,2.3947224022809968,1.5385821364659231
piert,3.932961058053153,2.4883208034210265,1.4446402546321266
maser,3.9327540557013605,2.4661311145272293,1.4666229411741312
teach,3.9327489956746557,2.4493149588547753,1.4834340368198806
sooey,3.932594938182654,1.9887775121871984,1.943817425995456
pareo,3.932584573118227,2.5047624956748664,1.4278220774433608
spade,3.9324653353513543,2.387403312672014,1.5450620226793403
hoaed,3.932263304530259,2.4144857032312412,1.5177776012990178
panir,3.9321514675156775,2.476705559141382,1.4554459083742954
resat,3.931982262807483,2.6026585318464823,1.3293237309610004
cains,3.931927102889323,2.5033751805655573,1.4285519223237655
suave,3.93192226398292,2.2715561302731833,1.6603661337097368
slang,3.9319176064489714,2.427037765604547,1.5048798408444244
spicy,3.9317221861109912,2.336474469152855,1.5952477169581358
luter,3.9316837872911807,2.5407294983554607,1.39095428893572
pries,3.9316022001268385,2.4797082633631353,1.4518939367637034
glory,3.931505509379133,2.3904609636944016,1.5410445456847317
shaul,3.9313008644076373,2.4418840975064597,1.4894167669011773
suber,3.9311270627948804,2.377325394554341,1.5538016682405391
comae,3.9311188129150643,2.4035172398376803,1.527601573077384
resay,3.9307929639809225,2.530849563715508,1.3999434002654145
wrast,3.930636142575805,2.3858544430754214,1.5447816995003838
glost,3.93036733789388,2.440248580268318,1.4901187576255621
teals,3.9299234684635715,2.5861858816803935,1.343737586783178
dault,3.929761562861154,2.4458885044207137,1.4838730584404405
tripy,3.929163689276637,2.417210414816183,1.511953274460454
coyer,3.9290412597298294,2.4693344218990374,1.4597068378307922
darcy,3.928906026845784,2.387005248605462,1.5419007782403218
feint,3.928878706954813,2.3519100575666396,1.5769686493881734
torah,3.9283795555997165,2.523033934844338,1.4053456207553787
daunt,3.9281466418668813,2.424328440655772,1.5038182012111094
pousy,3.9279809776958015,2.3441530206309737,1.583827957064828
prunt,3.9279521133169673,2.4124624470291476,1.5154896662878197
smily,3.927877294100738,2.363003374360453,1.5648739197402854
fouer,3.9278744251265656,2.338906728869519,1.5889676962570465
serac,3.9276295071910545,2.5439439377402135,1.383685569450841
loath,3.927607368052033,2.5065612846782495,1.4210460833737835
tribe,3.9275191738875477,2.4378709680983786,1.4896482057891691
antre,3.927058632424951,2.58664716947251,1.3404114629524408
coats,3.9270301087540305,2.5321306966251727,1.3948994121288578
coted,3.927016552663155,2.433293737943046,1.4937228147201087
pruny,3.9267628144904068,2.340653478898173,1.5861093355922338
spelt,3.926563210307817,2.466470235966803,1.460092974341014
stake,3.9262855990843586,2.3790208074253374,1.5472647916590212
rated,3.9262569565422023,2.5168302313165745,1.4094267252256276
gluey,3.9262260158950664,2.3202889255552046,1.6059370903398618
dolce,3.926139009526333,2.4302298992761244,1.4959091102502087
crias,3.9258300038296423,2.5414078944965874,1.3844221093330549
spial,3.9256293056285667,2.4762442713492656,1.449385034279301
poult,3.925563863993181,2.421510690152918,1.504053173840263
nosey,3.92551551428885,2.4814037620163845,1.4441117522724656
faute,3.92551538042379,2.336911005138444,1.588604375285346
tardy,3.9253160873127824,2.445719842711731,1.4795962446010515
coled,3.925219757785675,2.4302298992761244,1.4949898585095505
spent,3.924948289313545,2.444910172201862,1.480038117111683
bleat,3.9248928574095996,2.436943019328134,1.4879498380814655
table,3.924880022526648,2.436943019328134,1.487937003198514
crude,3.924613882812273,2.3906379023283146,1.5339759804839583
stern,3.9246112629880354,2.565724550788531,1.358886712199504
teind,3.924547668876854,2.4632528159896996,1.4612948528871543
canes,3.9243920151497154,2.505911223809183,1.4184807913405324
forel,3.9243163294124033,2.391010546458501,1.533305782953902
oiler,3.9242752307070092,2.5935595226996027,1.3307157080074066
leash,3.924077870677934,2.4963531742362317,1.4277246964417023
choir,3.9237289448199455,2.4487746393422247,1.474954305477721
tales,3.9237288875893057,2.5861858816803935,1.3375430059089122
chuse,3.9236409646079182,2.373224683914893,1.550416280693025
caber,3.923538286137375,2.394701075387954,1.5288372107494206
comer,3.923400114458652,2.4046159727107597,1.5187841417478922
mosey,3.9232398872864196,2.369500247128995,1.5537396401574246
spear,3.923172889524185,2.49525296475898,1.4279199247652048
slink,3.923102461303134,2.3364869444568392,1.5866155168462948
arils,3.9229359052851143,2.597058649935935,1.3258772553491793
pared,3.922870416221702,2.409424664229072,1.5134457519926299
roach,3.922767551323391,2.4643193407380695,1.4584482105853211
cryne,3.9227419758300686,2.4438135286091787,1.47892844722089
troke,3.922586435342459,2.3896290712143036,1.5329573641281553
cider,3.9225414810894925,2.4425709358144614,1.4799705452750314
shake,3.9223789078223588,2.289188099981176,1.6331908078411828
sprit,3.9222706590763687,2.4804068428892663,1.4418638161871025
rotal,3.922001987815886,2.609802803621579,1.312199184194307
clour,3.9218160850912662,2.483610474633319,1.438205610457947
potsy,3.9216868604595785,2.3993206768868767,1.5223661835727016
shola,3.9216591535760132,2.4979487446203588,1.4237104089556547
cogie,3.9213578411700842,2.389277162590974,1.5320806785791103
cabre,3.9207846357548224,2.394701075387954,1.5260835603668683
dearn,3.9206906928432232,2.4922063288847114,1.428484363958512
coude,3.9206107124942142,2.3781260816871432,1.542484630807071
raike,3.9202002824409616,2.397807536212639,1.5223927462283227
gilet,3.920051876340618,2.4440309271723257,1.476020949168292
royet,3.9199567940204973,2.5280490160053066,1.3919077780151905
stoep,3.9198841078624067,2.47043106549172,1.4494530423706868
lares,3.9198760249882953,2.5995946931795606,1.320281331808735
sayed,3.919767855185731,2.4229999116285414,1.4967679435571895
faery,3.919750680055798,2.33367850476254,1.586072175293258
rayle,3.9195941303853292,2.536398265106477,1.3831958652788523
force,3.919520654714208,2.3353597910191533,1.5841608636950548
foule,3.9191868919030184,2.3224340787034308,1.5967528131995876
ourie,3.9191769515977,2.5414557051106215,1.3777212464870785
buist,3.918672116936005,2.3613805398115475,1.557291577124457
poral,3.918615447495386,2.5023972365340765,1.4162182109613095
roans,3.9183271031180333,2.579630199798746,1.3386969033192875
skiey,3.9180489774883767,2.2916671378985187,1.626381839589858
rayne,3.917979209391057,2.5148382013415356,1.4031410080495212
trins,3.9178381207682307,2.5631885075449055,1.3546496132233252
dhole,3.917634867514966,2.399111785938232,1.5185230815767343
ricey,3.917579446001505,2.465202808271285,1.45237663773022
ramse,3.9175593976433323,2.4661311145272293,1.451428283116103
horst,3.917313834504702,2.502111316160359,1.4152025183443426
large,3.9167843904010784,2.4729844400673375,1.4437999503337409
smolt,3.9166607097769623,2.4389439561191795,1.4777167536577829
snake,3.9162510894283677,2.3543969049934743,1.5618541844348934
horsy,3.916124535678141,2.430302348029384,1.4858221876487567
hosey,3.915995294292233,2.4161949570040866,1.499800337288146
pacer,3.9159034457467827,2.445150910710602,1.4707525350361808
cates,3.9154964128539644,2.530535126241046,1.3849612866129182
banty,3.915491462997096,2.344272566958349,1.571218896038747
toils,3.915449871444444,2.5722367506686754,1.3432131207757685
brust,3.915360371090597,2.3780239740804716,1.5373363970101253
cardy,3.915286817699961,2.387005248605462,1.5282815690944993
built,3.9150657044068238,2.3669292412025174,1.5481364632043064
simar,3.9149393480153387,2.4635950712836037,1.4513442767317353
prime,3.914886566008845,2.351793386101774,1.5630931799070713
cable,3.9148507529138272,2.3782284252218653,1.536622327691962
blert,3.9144205085706347,2.4380417522012134,1.4763787563694213
blade,3.9143887507731767,2.3425021787403355,1.5718865720328412
stein,3.914338629021629,2.549081116519607,1.3652575125020219
taupe,3.9142356603565625,2.4352890370618008,1.4789466232947617
tased,3.914198429000639,2.494808879759516,1.419389549241123
polar,3.9140826310958454,2.502397236534076,1.4116853945617696
bries,3.913789124377014,2.429258428040487,1.484530696336527
flair,3.912948360052785,2.399887590982967,1.5130607690698181
elain,3.9129420829586854,2.566939896536665,1.3460021864220206
frail,3.9126113972764363,2.3998875909829676,1.5127238062934687
skate,3.912363697550204,2.3790208074253374,1.5333428901248665
laith,3.9123263496503973,2.502429671050497,1.4098966785999
blest,3.9120930382588206,2.416020400644155,1.4960726376146656
tinea,3.911913934335763,2.5700037352035863,1.341910199132177
birsy,3.9116774130589165,2.358148039435643,1.5535293736232734
proin,3.911465472209412,2.46529247137329,1.4461730008361222
locie,3.9114029099736083,2.521436117094167,1.3899667928794415
coirs,3.911354484672618,2.529994806728495,1.3813596779441228
waist,3.91135195385611,2.3692110088064973,1.5421409450496126
beaut,3.9113353288646033,2.3848392017391524,1.5264961271254507
resit,3.911237280002111,2.5871138304506376,1.3241234495514735
horny,3.9109032021546875,2.4142909856554127,1.4966122164992748
laird,3.9106796779082305,2.511230349406027,1.3994493285022034
hance,3.910496824342245,2.4246910564229123,1.4858057679193326
trave,3.9102445052043224,2.3487451380861444,1.561499367118178
bousy,3.9101679019459765,2.293703185308325,1.6164647166376516
brunt,3.910139037567143,2.3620126117064997,1.5481264258606435
snoep,3.9098495982064163,2.445807163059857,1.464042435146559
ramie,3.9096142339887403,2.471509031815364,1.4381052021733765
worse,3.9095182378992206,2.373742775781198,1.5357754621180226
goety,3.9093880269584833,2.379417411336025,1.5299706156224584
sauve,3.9093263294178175,2.2715561302731833,1.6377701991446343
mitey,3.909194928151037,2.373981173559134,1.5352137545919036
siree,3.909059622176069,2.069863678189588,1.8391959439864811
swart,3.9087741158529044,2.385854443075421,1.5229196727774834
tolan,3.9086216035756145,2.571770089690548,1.336851513885066
drusy,3.9080604248298614,2.369629567771849,1.5384308570580125
padre,3.9078380659163243,2.409424664229072,1.4984134016872521
crins,3.907808851155409,2.5044739134386362,1.4033349377167728
boult,3.9077507882433564,2.3710608548302696,1.5366899334130868
trues,3.907701547969095,2.535180796964491,1.372520751004604
dries,3.9076784769428388,2.4926729898628386,1.4150054870800002
gluer,3.9076187622580343,2.4055067051853465,1.5021120570726878
grain,3.9076031054547515,2.44888833305877,1.4587147723959817
clean,3.90741908356278,2.511459925200153,1.3959591583626267
bruit,3.9074152074360047,2.383401891368606,1.5240133160673985
gruel,3.9072817994816846,2.4055067051853465,1.5017750942963384
minae,3.9072019752661693,2.4334763178843337,1.4737256573818356
noser,3.906908260651818,2.5666215416465263,1.3402867190052916
seric,3.906884524385683,2.528399236344369,1.3784852880413143
blent,3.9068717047353667,2.400009038270183,1.5068626664651839
folie,3.906757228663904,2.374367112189577,1.532390116474327
donsy,3.90665873957133,2.3876615009547173,1.5189972386166128
tones,3.9062998627105636,2.5532127301473593,1.3530871325632043
crena,3.9058988998491246,2.527932575366241,1.3779663244828833
leady,3.905692799489806,2.4285486130195113,1.4771441864702948
trons,3.9054322376178945,2.5673201211726577,1.3381121164452368
coils,3.905420601831623,2.5135221565624066,1.3918984452692165
today,3.905334621199561,2.433208022070559,1.472126599129002
soole,3.9053001513220744,2.0575226416512513,1.847777509670823
runce,3.905259106103541,2.46045484048425,1.444804265619291
tires,3.9052078887639756,2.5871138304506376,1.318094058313338
ponty,3.905183116694947,2.3833093145129043,1.5218738021820428
blear,3.9050963049460075,2.4503518308273016,1.4547444741187057
sepal,3.905089236296303,2.4787803145928913,1.4263089217034115
bared,3.9050573404718776,2.3589748289064243,1.5460825115654535
loran,3.904768740974604,2.5851789011897153,1.3195898397848889
rails,3.90466100571067,2.597058649935935,1.3076023557747352
cased,3.904169159387818,2.4360942856532475,1.4680748737345708
cheat,3.90413856584507,2.4493149588547753,1.4548236069902947
piety,3.9040449428543966,2.4031030237908846,1.500941919063512
coins,3.9038056808373502,2.491962092797465,1.4118435880398854
arles,3.903093499378003,2.5995946931795606,1.3034988061984427
rains,3.9030460847163972,2.575498586170993,1.327547498545404
tread,3.902963037909451,2.5168302313165745,1.3861328065928764
trois,3.902708407486756,2.588709400834764,1.3139990066519918
pouty,3.90258163163542,2.352765560688865,1.549816070946555
brash,3.902549638052893,2.355669001518301,1.546880636534592
speir,3.9024279067188132,2.4797082633631353,1.4227196433556781
plage,3.9021685874797845,2.3521700614806678,1.5499985259991167
lapse,3.902148963681282,2.4787803145928913,1.4233686490883906
foray,3.902147806736753,2.3352740751466667,1.5668737315900867
vaire,3.9020907664424858,2.3455105153163878,1.556580251126098
renal,3.9019687466771567,2.583583330805589,1.3183854158715673
slack,3.901930299986574,2.3179409541782783,1.5839893458082956
padle,3.901904183075329,2.3929520140629834,1.5089521690123457
spied,3.9017628523029106,2.3718586112761697,1.529904241026741
pensy,3.9016536193208484,2.3731012040708865,1.5285524152499617
swaly,3.9016509341853496,2.2975728247783582,1.6040781094069911
reamy,3.9015923334204112,2.402934686454146,1.4986576469662651
plied,3.9014993434745575,2.377407312667139,1.5240920308074182
parol,3.9014153474646975,2.502397236534076,1.3990181109306215
salve,3.9012354173041146,2.323659947862165,1.5775754694419497
arnut,3.9008616743377553,2.532178092742738,1.3686835815950171
boral,3.9008023717455615,2.451947401211428,1.4488549705341334
cotan,3.9003891288402732,2.5161193342512007,1.3842697945890723
crave,3.900215235591501,2.2900305439798756,1.6101846916116256
tiars,3.899772420276356,2.6001224886028567,1.2996499316734993
ahent,3.8996295463062696,2.483405650529181,1.4162238957770885
flirt,3.8996151060291764,2.38757751235688,1.5120375936722965
scape,3.8995615052449337,2.4231295591535438,1.47643194609139
tauon,3.899512415658629,2.5196662721015666,1.3798461435570626
miner,3.899483276809757,2.434575050757413,1.4649082260523438
skier,3.8994417238513446,2.3768849175286606,1.522556806322684
prion,3.8992948160824596,2.46529247137329,1.4340023447091694
coria,3.89921809929389,2.5509174254124747,1.3483006738814152
gride,3.8988731142242328,2.3660627367506155,1.5328103774736173
balot,3.898866007778926,2.4385385897122607,1.4603274180666652
weary,3.8988423003085186,2.3219594354762068,1.5768828648323117
oaten,3.8986319636608213,2.5741353488313385,1.3244966148294826
grame,3.8986183161038483,2.3395208614150063,1.559097454688842
douar,3.8982498200255495,2.463258145444798,1.4349916745807512
chute,3.8982416185475364,2.3818372239727843,1.516404394574752
roted,3.898135534490229,2.505417143548482,1.392718390941747
spain,3.897792886128265,2.454684207584324,1.4431086785439413
grape,3.897749810875396,2.3686427116467565,1.5291070992286393
float,3.897681571717805,2.3906103931115528,1.5070711786062525
crues,3.897672278356274,2.476466202858222,1.4212060754980518
plain,3.8975293772999122,2.4602329089752937,1.4372964683246185
waney,3.897406233766488,2.2839267215451766,1.6134795122213117
hoser,3.8973880406552004,2.5014127366342285,1.3959753040209721
cunit,3.8972115923202004,2.4445099857414574,1.452701606578743
cones,3.896270593097743,2.4944981360410905,1.401772457056652
bolar,3.896269555346021,2.451947401211428,1.444322154134593
sadhe,3.896165661345275,2.4049761723153544,1.4911894890299204
pince,3.895741355420872,2.391573495383727,1.5041678600371449
toles,3.895607465537333,2.574772793912301,1.3208346716250319
laned,3.895595786333355,2.4757336787186226,1.4198621076147326
ranes,3.89551099697679,2.578034629414619,1.317476367562171
crons,3.895402968005073,2.5086055270663885,1.3867974409386843
cires,3.895178619151155,2.528399236344369,1.3667793828067858
puter,3.8950366166634245,2.43638776993488,1.4586488467285443
haste,3.895028995952425,2.4994170129031534,1.3956119830492715
pored,3.894748994169729,2.3980115764609797,1.4967374177087494
sedan,3.8946041616987497,2.470184977327653,1.4244191843710967
minse,3.8944021561153903,2.4125536992003545,1.4818484569150359
ronde,3.8943311793808166,2.4807932411166194,1.4135379382641973
lager,3.8940677568934925,2.4729844400673375,1.4210833168261552
gault,3.8940145956865484,2.405106551838398,1.4889080438481503
clapt,3.8939817404305392,2.429376840070644,1.4646049003598953
nurse,3.8939133911842383,2.5105568945326278,1.3833564966516105
reach,3.89383870788891,2.462723770353943,1.4311149375349668
chert,3.893666217006105,2.4504136917278547,1.4432525252782504
arsed,3.893563040789337,2.5082176912586833,1.3853453495306538
yeast,3.8935080531709523,2.5174407522163404,1.3760673009546118
puler,3.8932398217859445,2.4333239312679584,1.459915890517986
conge,3.8931789585105254,2.3678878829288674,1.525291075581658
stond,3.892964639617013,2.4594704690856917,1.4334941705313213
comte,3.8929196477039034,2.391207161211592,1.5017124864923113
niter,3.8928633015164356,2.571102468076665,1.3217608334397704
surgy,3.8928423553142495,2.3288476151895328,1.5639947401247167
resty,3.892593798769761,2.51853948508942,1.3740543136803414
spoil,3.892478439672859,2.4648311835811736,1.4276472560916855
range,3.8924193623895724,2.4514243763023957,1.4409949860871767
gaunt,3.8923996746922755,2.3835464880734563,1.5088531866188193
barde,3.8923573830667135,2.358974828906424,1.5333825541602897
tians,3.892223616441088,2.562089774671826,1.3301338417692619
aunty,3.8920802442232825,2.446960313112596,1.4451199311106864
flint,3.8920663021939084,2.3495447984258493,1.542521503768059
losen,3.8918396804379163,2.550148891480438,1.3416907889574783
lores,3.891754602936323,2.5881816054114686,1.3035729975248544
talon,3.891421503544926,2.571770089690548,1.319651413854378
chest,3.8913387466942906,2.428392340170796,1.4629464065234947
reals,3.891013180677825,2.599594693179561,1.2914184874982642
loamy,3.890964404350295,2.3880576066721844,1.5029067976781103
miter,3.8905876745140056,2.4591989531892757,1.4313887213247296
trios,3.890537751359803,2.588709400834764,1.3018283505250388
denay,3.890529715287629,2.40698854925457,1.4835411660330589
nitre,3.890109651133883,2.571102468076665,1.3190071830572179
royne,3.8898577873390843,2.5034251135734436,1.3864326737656407
snoek,3.8897947414158818,2.342983817225382,1.5468109241905
reans,3.8893982596835524,2.5780346294146192,1.311363630268933
salic,3.889320592182802,2.524935244330499,1.3643853478523031
spide,3.889062894897746,2.3718586112761693,1.5172042836215769
olent,3.889033996956571,2.558761431538329,1.330272565418242
hoied,3.8888608640766504,2.3989410018353965,1.4899198622412542
miler,3.8887908796365265,2.456135114522355,1.4326557651141714
seine,3.8887578404277843,2.0318309642585577,1.8569268761692266
layer,3.888724891104279,2.5363982651064774,1.352326625997802
sling,3.888515165995363,2.4114930642087025,1.477022101786661
styre,3.888210889416113,2.5185394850894194,1.3696714043266935
pulse,3.8881587010915784,2.4113025797109002,1.4768561213806781
mitre,3.887834024131453,2.459198953189276,1.4286350709421771
bacne,3.8877879157791377,2.3566683614569235,1.5311195543222142
urial,3.8877491062371567,2.550503533737923,1.3372455724992336
merit,3.8876844204098164,2.459198953189276,1.4284854672205403
crits,3.887630838618481,2.5290978158704993,1.3585330227479817
blaes,3.887447146317178,2.428330479270243,1.4591166670469347
cotes,3.8873749908019914,2.5191220384729536,1.3682529523290379
wrist,3.887233702122197,2.3703097416795766,1.5169239604426201
oared,3.8872196326930815,2.51772722217457,1.3694924105185113
urent,3.887068089922135,2.519169434590519,1.367898655331616
shyer,3.887057848536665,2.4287067776452576,1.4583510708914074
petar,3.8869505825388444,2.503865504816871,1.3830850777219734
coble,3.8867293308618542,2.366815337453773,1.5199139934080814
lated,3.8867001840376045,2.500357581150486,1.3863426028871184
reais,3.8866744295524143,2.5994239090767257,1.2872505204756883
rates,3.886615394681039,2.602658531846482,1.2839568628345568
freit,3.886549093182039,2.38994277149767,1.4966063216843688
teils,3.8865210280099634,2.570641180284549,1.3158798477254146
thirl,3.886355350259715,2.5035284039235766,1.3828269463361385
sabed,3.8861434595413034,2.3369534773493656,1.5491899821919375
tosed,3.886077006948666,2.4833957919914234,1.4026812149572427
flory,3.8860199240522793,2.3199001578536573,1.5661197661986221
belay,3.8859479655485725,2.3651340511971597,1.520813914351413
cital,3.8858692315261196,2.5335477843883902,1.3523214471377294
coles,3.885578195924512,2.5160581998060323,1.3695199961184796
motel,3.885520067686903,2.4468579166509397,1.4386621510359634
mausy,3.8849672651486697,2.3264442581673155,1.5585230069813545
trend,3.8849418852352184,2.4798962502586237,1.4050456349765947
teins,3.8849061070156905,2.549081116519607,1.3358249904960835
rales,3.884818599803559,2.5995946931795606,1.2852239066239985
staun,3.8847136785210994,2.5101567411856798,1.3745569373354194
brome,3.884667607108684,2.305475164406878,1.5791924427018063
scaur,3.884424869914308,2.489474861010441,1.394950008903867
slorm,3.8842364417582758,2.4523527676183465,1.431883674139929
manly,3.8839623376790167,2.362536713382325,1.5214256242966917
coits,3.883627668300422,2.516585995229328,1.3670416730710941
soote,3.883507217790874,2.060586480318173,1.822920737472701
pares,3.8832288543605387,2.4952529647589796,1.387975889601559
loach,3.8832107788187935,2.447846690571981,1.4353640882468122
lamer,3.883083745833102,2.4716798159181996,1.4114039299149022
lande,3.8828958289281914,2.4757336787186226,1.4071621502095686
raits,3.8828680721794693,2.600122488602856,1.282745583576613
stude,3.88253399256305,2.427331144877525,1.4552028476855248
riato,3.882491034876102,2.6096320195187435,1.2728590153573587
style,3.8822770065751175,2.5020668349233306,1.3802101716517872
acoel,3.8818044612903084,2.5369808184900116,1.3448236428002969
clans,3.881466873095573,2.503545964668392,1.3779209084271806
camel,3.8814401552208304,2.3995564103127633,1.481883744908067
maunt,3.8809352304517764,2.382241863924318,1.4986933665274584
tined,3.8809276501090357,2.4632528159896996,1.417674834119336
fluey,3.880740430568212,2.24972811971446,1.6310123108537522
luser,3.8807149719638714,2.5321169582975696,1.348598013666302
leish,3.8806754302243256,2.480808472840387,1.3998669573839386
crios,3.8805084817469813,2.529994806728495,1.3505136750184863
laude,3.8802943438686635,2.4451899248945828,1.4351044189740807
piste,3.8802735270310524,2.4662994518639683,1.4139740751670842
dirty,3.88016741956436,2.4301751413158863,1.4499922782484735
parge,3.8801372197733213,2.3686427116467565,1.5114945081265647
ursae,3.8801285279464626,2.547490875590579,1.3326376523558838
delay,3.8798373181143972,2.428548613019511,1.4512887050948862
blain,3.8797163015500873,2.4097830736526453,1.4699332278974422
tiger,3.8793996206691728,2.4605035773384145,1.4188960433307582
siver,3.879293728856169,2.3245878966324085,1.5547058322237606
licet,3.8792119723234677,2.520539126236171,1.3586728460872968
stogy,3.879141151023484,2.3715034508042643,1.50763770021922
loper,3.8791086623236755,2.489388578381857,1.3897200839418182
trank,3.8788684242611526,2.3771168360766635,1.5017515881844892
eruct,3.8787902172055726,2.485078742916113,1.3937114742894594
loans,3.8787703306134356,2.563157549632657,1.3156127809807785
drome,3.8785569596745093,2.3688897262292294,1.5096672334452799
hotel,3.8782754746927157,2.493552626526031,1.384722848166685
stimy,3.877923034643045,2.3660672130273737,1.511855821615671
colin,3.877847351157422,2.4975107941884347,1.3803365569689872
glute,3.877138295503286,2.392097893686179,1.4850404018171068
syren,3.8769657458249593,2.4939155826575563,1.383050163167403
bored,3.876935918419905,2.347561741138332,1.5293741772815732
linty,3.876816512860013,2.4835194293057334,1.3932970835542795
spode,3.87665701174741,2.3759902249039215,1.5006667868434884
roils,3.8765395836586976,2.585645562167843,1.2908940214908546
ceils,3.876491758397142,2.51192658617828,1.364565172218862
chirl,3.8763260806468938,2.4448138098173073,1.4315122708295864
traik,3.876144594130014,2.39850611573877,1.4776384783912442
coupe,3.8760849686917687,2.3651613551874395,1.5109236135043291
cosed,3.8760477373358455,2.424681197885155,1.4513665394506905
aeons,3.8759830873879655,2.5655228087734474,1.310460278614518
triac,3.8756722224347735,2.550020434554479,1.3256517878802945
coati,3.8756666179614836,2.537508613913307,1.3381580040481764
sprue,3.875484774323351,2.427775229876989,1.447709544446362
hault,3.875305558451862,2.450496637564351,1.4248089208875112
rased,3.8752881412148925,2.5082176912586833,1.3670704499562094
satyr,3.8752712543871146,2.531548143241639,1.3437231111454755
roins,3.8749246626644247,2.564085498402901,1.3108391642615236
filet,3.874566291013764,2.3734701213315814,1.5010961696821825
cloth,3.8744955869302267,2.435536611945893,1.4389589749843334
moste,3.8741521668946395,2.44130921525997,1.4328429516346697
ailed,3.873718116458416,2.4971229583807295,1.3765951580776865
haunt,3.8736906374575892,2.428936573799409,1.4447540636581802
their,3.8736263001889277,2.5058936630643673,1.3677326371245604
pasty,3.87344012112386,2.410733764654969,1.462706356468891
guilt,3.8732080897980437,2.3895618504425538,1.48364623935549
solve,3.8731139952521416,2.3122468600940724,1.5608671351580692
groan,3.8725397646561786,2.4530199466865223,1.4195198179696562
plaur,3.87253944738993,2.4463325894201775,1.4262068579697529
glade,3.872531136164396,2.3651347879803715,1.5073963481840247
lyase,3.8725059652233687,2.5143769135494187,1.35812905167395
sutra,3.8723835291579194,2.5481894551167104,1.3241940740412093
amine,3.8723329430418993,2.4334763178843337,1.4388566251575656
denar,3.8719224616505965,2.492206328884712,1.379716132765885
aimer,3.8718984731313926,2.471509031815364,1.4003894413160285
sonic,3.8718915673040604,2.4919620927974653,1.379929474506595
otary,3.871588102455429,2.5410576741575257,1.3305304282979034
rotan,3.8715081106673477,2.588242739856637,1.2832653708107105
board,3.871500449932285,2.3605703992905505,1.5109300506417345
adore,3.871463238301245,2.51772722217457,1.3537360161266745
koine,3.8711255543487098,2.348361734513517,1.522763819835193
lairs,3.8710381160470675,2.597058649935935,1.2739794661111326
taels,3.871033496102241,2.5861858816803935,1.2848476144218473
rosal,3.871033172488577,2.6011902635636877,1.2698429089248893
blame,3.870731512199184,2.3004156020088815,1.5703159101903026
stoke,3.8704772754804138,2.367607719657245,1.5028695558231688
bulse,3.8703456253417534,2.360852744388252,1.5094928809535015
ceria,3.870289255859409,2.549321855028348,1.320967400831061
ulnae,3.8702485270560785,2.5150068630505182,1.3552416640055602
tiled,3.870235252935805,2.4848128797546414,1.3854223731811635
stich,3.8701694091115435,2.4258562969271704,1.4443131121843729
wanle,3.870111446905909,2.3526718510092297,1.517439595896679
water,3.8699033778337046,2.393768403607181,1.4761349742265235
tarns,3.869464775001931,2.5787332089407498,1.290731566061181
sowce,3.869461501488014,2.301619370175762,1.567842131312252
skite,3.868961257096596,2.363476106029493,1.505485151067103
peril,3.8689416212555336,2.485256964754105,1.3836846565014285
crank,3.868839154648332,2.3184022419703947,1.5504369126779372
alike,3.8687307635019614,2.3813348860465506,1.4873958774554108
aruhe,3.8687097836900595,2.4662707082043087,1.4024390754857508
butle,3.868536007690052,2.369465284446143,1.4990707232439089
timer,3.868415609608781,2.4591989531892757,1.4092166564195052
splat,3.868401444192406,2.4794788941190222,1.3889225500733837
grunt,3.8682814229583626,2.3846452209465356,1.483636202011827
cured,3.868133988562632,2.390637902328314,1.4774960862343176
waler,3.8681065829562256,2.3907045649402603,1.4774020180159653
voile,3.868035461549518,2.317624777382207,1.550410684167311
brand,3.8679548164150765,2.3350495060006917,1.5329053104143848
laich,3.867929760417158,2.443715076944229,1.4242146834729288
culty,3.8678757139146187,2.3974957041451805,1.4703800097694384
clued,3.867569421703992,2.374165252162226,1.4934041695417666
amore,3.867475863726831,2.4756406454431166,1.3918352182837146
rones,3.8673895749248173,2.566621541646527,1.3007680332782905
belar,3.867340711911541,2.4503518308273016,1.416988881084239
splay,3.867212145365845,2.4076699259880474,1.4595422193777978
sudor,3.867086774576525,2.442335526760819,1.424751247815706
snipy,3.867020019758601,2.370565160827261,1.4964548589313402
coden,3.8669799971138517,2.408669835511183,1.4583101616026686
muiry,3.8664882295719787,2.3329209083285294,1.5335673212434495
belit,3.8663922815697616,2.4213983179322893,1.4449939636374722
risen,3.8663826784798228,2.5624899280187745,1.3038927504610482
girly,3.8662133859209553,2.3863293500666494,1.479884035854306
fried,3.8660874863025434,2.2955019309098716,1.5705855553926718
spurt,3.866020007467144,2.42847380940312,1.437546198064024
basen,3.8655008561123076,2.406770415505301,1.4587304406070065
cloye,3.865477391738521,2.452861771732949,1.412615620005572
finer,3.8654621357234022,2.365318869065807,1.5001432666575951
stela,3.8654339305941736,2.5861858816803935,1.2792480489137803
bares,3.865415778610714,2.4448031294363317,1.4206126491743827
muist,3.865350058086725,2.3827085249024456,1.4826415331842797
sitch,3.865333519889803,2.4258562969271704,1.4394772229626327
braid,3.8652309862839385,2.3564387856627986,1.5087922006211398
tapen,3.86512188622766,2.4658327908858406,1.3992890953418193
maerl,3.8650831862153265,2.471679815918199,1.3934033702971274
glent,3.8650140901265866,2.4226416475102193,1.4423724426163673
dancy,3.86498422632968,2.3489725346744312,1.5160116916552486
loued,3.8648728792218554,2.4337768371264907,1.4310960420953645
roues,3.8647880898652893,2.536077787822487,1.3287103020428026
borde,3.864235961014741,2.347561741138332,1.5166742198764092
dulse,3.864234977907578,2.4242673062106035,1.4399676716969747
posit,3.863962180304237,2.467895022248095,1.3960671580561426
forty,3.8639486415255924,2.3229639965205786,1.5409846450050135
scorn,3.863879110186751,2.5086055270663885,1.3552735831203628
deash,3.863506976866178,2.4049761723153544,1.4585308045508234
pursy,3.862804296359055,2.3566648412721447,1.5061394550869107
krone,3.8627228415164327,2.3650051687824405,1.4977176727339923
salop,3.862613823743051,2.480375884977018,1.3822379387660335
leapt,3.8623563545139215,2.4873928546507824,1.374963499863139
barge,3.8623241440234968,2.318192876324108,1.5441312676993886
manty,3.862169404147816,2.3656005520492465,1.4965688520985694
sorda,3.8621495996416124,2.50981326164281,1.3523363379988027
cited,3.8620027782004636,2.429162124315294,1.4328406538851695
plies,3.861857781613394,2.4632356131970465,1.3986221684163473
rouge,3.8616964552780724,2.409467534710264,1.4522289205678085
amole,3.861541980885836,2.459167995277028,1.4023739856088082
clats,3.861288860558645,2.5281698671002553,1.3331189934583894
stria,3.8611413793627256,2.6001224886028567,1.261018890759869
carls,3.8610504263833825,2.5415786785994228,1.3194717477839597
liard,3.8609469218471744,2.511230349406027,1.3497165724411473
poncy,3.8607865274617073,2.3245947204066355,1.5361918070550715
snoke,3.860442765824423,2.342983817225382,1.517458948599041
spect,3.860373687543376,2.4108194805274556,1.4495542070159204
noust,3.8603107689256886,2.4987436534175873,1.361567115508101
saist,3.860164096374155,2.0694635248426394,1.7907005715315159
strep,3.8597983935125306,2.482942886132892,1.3768555073796385
carns,3.8594355053891096,2.520018614834481,1.3394168905546286
outer,3.859385833134804,2.544690327880378,1.3146955052544258
soman,3.8593778640396987,2.429693970980326,1.4296838930593727
toras,3.8593645056241908,2.6042541022306085,1.2551104033935825
toeas,3.8593183057302283,2.5901467112053105,1.2691715945249178
dares,3.859305131176539,2.5082176912586833,1.3510874399178558
poake,3.859277357710243,2.281124771253722,1.578152586456521
sugar,3.8592371666260448,2.4129666619465953,1.4462705046794493
chain,3.8589620099855577,2.4221550131792866,1.436806996806271
paned,3.8589486157055988,2.371391950298042,1.4875566654075567
goral,3.858944757136781,2.474580010451464,1.3843647466853166
pridy,3.8585752021609814,2.322769574228384,1.5358056279325971
slick,3.8585278595329653,2.302396252782433,1.5561316067505322
rotes,3.8584939726290663,2.59124544407839,1.2672485285506763
benty,3.8584411975106425,2.3312639088061298,1.5271772887045125
stave,3.858135345342278,2.326723786529086,1.531411558813192
moust,3.858035141923258,2.386840138530198,1.47119500339306
baith,3.8578661032728156,2.347638107307268,1.510227995965548
roble,3.857848312688929,2.438938743059209,1.41890956962972
tilde,3.857535295530641,2.4848128797546414,1.3727224157759994
pager,3.8574205862657363,2.368642711646757,1.4887778746189793
lears,3.857390291014222,2.5995946931795606,1.2577955978346615
eloin,3.857133759354741,2.5555268087685725,1.3016069505861685
nirly,3.857024568682886,2.4969282408049,1.360096327877986
mousy,3.856845843096697,2.315031170399223,1.5418146726974742
ferly,3.8568127316223118,2.3183045874695303,1.5385081441527817
roles,3.8566971777515864,2.5881816054114686,1.268515572340118
outre,3.8566321827522514,2.544690327880378,1.3119418548718733
smelt,3.856528795533123,2.437348385735053,1.41918040979807
bodle,3.855969685273532,2.331089090972243,1.524880594301289
lanes,3.8559542244721925,2.5615619792485305,1.2943922452236618
copay,3.8552965490357547,2.3615287014645867,1.4937678475711678
grime,3.85521587565024,2.3239761600191615,1.5312397156310786
ferny,3.85519781062804,2.296744523704589,1.5584532869234506
pores,3.855107432308566,2.4838398769908876,1.3712675553176785
walie,3.8550802986072665,2.374061130671336,1.4810191679359304
rials,3.8549282496496144,2.5970586499359354,1.257869599713679
maril,3.854856752142883,2.4691437726745735,1.3857129794683094
socia,3.854856302222899,2.528896073855416,1.325960228367483
filer,3.8547697385501714,2.386878932830749,1.4678908057194227
mirly,3.8547489416804557,2.3850247259175106,1.469724215762945
trove,3.854436181600378,2.3373320503180524,1.5171041312823257
moult,3.854428729394077,2.3923888399211677,1.4620398894729094
gripe,3.854347370421787,2.353098010250912,1.5012493601708754
leach,3.8542819353843125,2.4462511201878545,1.4080308151964578
shave,3.8542286540802775,2.2368910790849243,1.6173375749953531
tapir,3.854095004258145,2.5013294615732455,1.3527655426848997
choil,3.8536475635301515,2.432301989176136,1.4213455743540155
gulet,3.853365683890932,2.392097893686179,1.461267790204753
mouly,3.853239430567517,2.3205798717901933,1.5326595587773235
siker,3.853214837295199,2.3768849175286606,1.476329919766538
smear,3.853138474749491,2.4661311145272293,1.3870073602222612
frame,3.8531327307769945,2.268960055574262,1.5841726752027325
speal,3.8530915082343906,2.4787803145928913,1.3743111936414993
logie,3.8529200504925614,2.4449279180303214,1.40799213246224
mount,3.8528138083998043,2.370828776156226,1.4819850322435784
tuina,3.852762829625685,2.5155346584738143,1.3372281711518708
frape,3.852264225548542,2.2980819058060122,1.5541823197425297
payer,3.852077720476522,2.432056536685896,1.420021183790626
porge,3.8520157977213487,2.3572296238786645,1.4947861738426842
groin,3.851794781850807,2.4374752452906776,1.4143195365601293
thiol,3.8515061770160197,2.491016583282405,1.3604895937336146
malty,3.8514770069745845,2.387160615814188,1.464316391160397
candy,3.851365017183858,2.3489725346744317,1.5023924825094261
beady,3.851232553112225,2.273757049276282,1.5774755038359427
bilat,3.851052333346922,2.4344069760845084,1.4166453572624138
strad,3.850900077941369,2.5089162707848143,1.3419838071565549
paeon,3.850875270422197,2.4667297817438363,1.3841454886783604
stead,3.850853878047406,2.494808879759516,1.3560449982878904
crisp,3.850712904508711,2.421692248782997,1.4290206557257144
plash,3.850618295289273,2.3896461866748604,1.4609721086144123
clipt,3.8505792999769315,2.4138321386748,1.4367471613021316
utile,3.850510056034801,2.524086064086537,1.326423991948264
garde,3.850499768457933,2.3816074381464603,1.4688923303114727
sharp,3.8504562337629107,2.406118836840949,1.4443373969219613
chide,3.8502320187550385,2.339329416871132,1.5109026018839065
canso,3.850090757154149,2.5075067941933096,1.3425839629608392
pated,3.8500530134098474,2.3960158527299047,1.4540371606799425
leans,3.8498414871789546,2.5615619792485305,1.2882795079304241
runty,3.849687092914925,2.4480590459856755,1.4016280469292495
chape,3.8491087154062016,2.341909391767273,1.5071993236389285
pilar,3.8490688566331537,2.498265622906324,1.35080323372683
theor,3.8490497609116385,2.5100252766921196,1.3390244842195187
pagle,3.848733053042188,2.3521700614806678,1.4965629915615204
fault,3.848529010359695,2.3345457459976537,1.5139832643620412
scout,3.848413098773956,2.4646529617431816,1.3837601370307746
rodny,3.8484031807395818,2.4096828525117755,1.4387203282278063
shuln,3.8482936032033717,2.4049501164485085,1.443343486754863
paled,3.8482562185323683,2.392952014062984,1.4553042044693842
blurt,3.8479434228889664,2.3835726754714415,1.464370747417525
pogey,3.8479064178507953,2.2720118442485226,1.5758945736022727
sayon,3.847818909280188,2.494412420168604,1.3534064891115845
crept,3.8477859210962,2.432840832084514,1.4149450890116864
cedar,3.847769254515227,2.4581156372103052,1.3896536173049217
farcy,3.847673474344324,2.275662490182402,1.5720109841619225
split,3.8476564613870345,2.4639341927231775,1.383722268663857
moral,3.8474803128962813,2.473275386302326,1.3742049265939558
porin,3.847376587541476,2.46529247137329,1.382084116168186
rosed,3.84716671916292,2.496804603490591,1.350362115672329
pagne,3.8471181320479158,2.3306099977157264,1.5165081343321893
lardy,3.8468490270224382,2.4426560040448093,1.4041930229776287
segol,3.8466053867314867,2.439550000742187,1.4070553859892998
grout,3.846601404404418,2.4101661142363944,1.4364352901680237
crepy,3.84659662226964,2.3610318639535395,1.4855647583161005
poach,3.846563608191036,2.3435049621513997,1.503058646039636
outie,3.846359548785845,2.528046893611454,1.318312655174391
cuish,3.8463420974239524,2.3706886406712675,1.4756534567526849
siroc,3.8462230540801827,2.5299948067284954,1.3162282473516873
shero,3.846188994842967,2.5014127366342285,1.3447762582087381
burst,3.8461805194357916,2.3780239740804716,1.4681565453553203
reins,3.845995819229944,2.5624899280187745,1.2835058912111696
torch,3.8457838011553154,2.4520092621119813,1.3937745390433343
brake,3.845467452278478,2.2431867565722454,1.6022806957062325
planh,3.845396961765819,2.3736348243008885,1.4717621374649303
tronc,3.8452451866102044,2.51721806712428,1.3280271194859243
anode,3.845210450346144,2.47969450824354,1.3655159421026044
siped,3.845137851942436,2.3718586112761697,1.4732792406662663
labne,3.844798041242031,2.412319116896271,1.4324789243457603
macer,3.8447683111476785,2.4160290604788512,1.428739250668827
beano,3.8447369595590617,2.416279946421188,1.428457013137874
hared,3.8444906886284107,2.426997523872413,1.4174931647559976
arpen,3.844486498016358,2.4792416023850077,1.3652448956313499
nacre,3.8442902877675564,2.527932575366241,1.3163577124013153
beath,3.8442182782399708,2.3501741505508935,1.4940441276890772
tauld,3.844197972281736,2.445888504420714,1.3983094678610217
rathe,3.8441407668793914,2.521438364460211,1.3227024024191802
shmoe,3.843813879639239,2.3514765078158084,1.4923373718234307
scope,3.8437531816409893,2.4117164713854513,1.432036710255538
salud,3.8435840167033417,2.437275964362823,1.4063080523405187
crush,3.8430303515785447,2.3873320749401916,1.455698276638353
sofar,3.843013960066621,2.39847050321975,1.4445434568468707
molar,3.842947496496742,2.4732753863023262,1.3696721101944156
loirs,3.8429166939950945,2.5856455621678425,1.257271131827252
gouty,3.842910941276815,2.324948334606253,1.517962606670562
falsy,3.842855211948612,2.3092918940646907,1.5335633178839214
cloke,3.842812747216193,2.314441826941946,1.5283709202742468
godet,3.842596156351892,2.3567855388792007,1.485810617472691
beard,3.8425716064978044,2.358974828906424,1.4835967775913805
steno,3.8425468822696986,2.5532127301473593,1.2893341521223391
ghast,3.8425233328781903,2.3648927992591697,1.4776305336190205
copsy,3.8424967298849753,2.3406060827806074,1.5018906471043678
taros,3.842164405593503,2.604254102230609,1.2379103033628944
aures,3.8420045598369015,2.547490875590579,1.2945136842463223
grope,3.841941487271451,2.357229623878664,1.484711863392787
enact,3.841682975207956,2.514523763867074,1.327159211340882
scion,3.841435820093392,2.491962092797465,1.3494737272959274
sorer,3.8413901495545737,2.07399529181734,1.7673948577372336
burly,3.8413848080800497,2.311763707340466,1.5296211007395835
picey,3.84137550286915,2.3443884296846154,1.496987073184535
skart,3.8413112103271034,2.3931281984506354,1.448183011876468
tines,3.8412860882478723,2.549081116519607,1.292204971728265
baned,3.841135539955774,2.3209421149753933,1.5201934249803806
troak,3.8410812533314416,2.4026377293665226,1.438443523964919
fatly,3.8410455942969106,2.317904434122582,1.523141160174329
corbe,3.840995136456454,2.3832879876198616,1.4577071488365925
burnt,3.8409591859123378,2.3620126117064997,1.4789465742058383
snead,3.840819368391416,2.470184977327653,1.3706343910637626
muley,3.840711940823872,2.318984301406066,1.5217276394178063
blunt,3.8403946190536984,2.345539961540411,1.4948546575132875
horal,3.8402357199020942,2.519970096177417,1.3202656237246773
durst,3.8400698720016164,2.4414385359028232,1.3986313360987934
phony,3.839975067282836,2.293476607068743,1.5464984602140934
hotly,3.8397007203371056,2.422442237921187,1.4172584824159187
miser,3.8396188591866958,2.4505864131313846,1.3890324460553114
psoae,3.839547517197076,2.482741144117808,1.3568063730792674
drake,3.8393568048443028,2.306601318394597,1.5327554864497057
capot,3.839285747831627,2.4333376695955615,1.4059480782360656
carts,3.839257492852181,2.544642517266344,1.2946149755858374
gator,3.8390086355840323,2.477643849118386,1.3613647864656466
sargo,3.8389656553201665,2.4690313090604943,1.3699343462596723
warst,3.838860356355897,2.3858544430754214,1.4530059132804758
bitsy,3.8388600102470622,2.3447392279364765,1.494120782310586
youse,3.838798876671276,2.450860008192345,1.387938868478931
sabin,3.8387710529130503,2.404234372261676,1.4345366806513742
aport,3.8387309749062295,2.505461075200998,1.3332698997052315
poind,3.8383622813932337,2.357442819286324,1.4809194621069097
tinge,3.838194453660655,2.422470863407384,1.415723590253271
death,3.838107630805796,2.4135887123732456,1.4245189184325504
stupe,3.8380082487606044,2.4143664183778215,1.423641830382783
besat,3.8379652439253036,2.4313943179371647,1.4065709259881392
chode,3.8378261356047023,2.3434610304988843,1.494365105105818
ordie,3.8377963966873843,2.502182520778726,1.3356138759086584
purty,3.8374049502986733,2.365277381330036,1.4721275689686375
bores,3.8372943565587416,2.4333900416682392,1.4039043148905024
craft,3.83727726599404,2.3474714583133767,1.4898058076806633
rimae,3.837224020279448,2.4715090318153643,1.3657149884640836
dopey,3.837145022148951,2.312793796830838,1.5243512253181133
scath,3.8371043717532682,2.441400998323015,1.3957033734302533
pluty,3.836840383440034,2.3488047311639475,1.4880356522760867
fouat,3.8368138199876825,2.338506575522571,1.4983072444651113
spout,3.8367911850779315,2.415961988761948,1.4208291963159834
madre,3.83670293131722,2.380302813997322,1.4564001173198982
plout,3.8365276762495784,2.421510690152918,1.4150169860966606
sherd,3.836474837946441,2.406074905188434,1.4303999327580073
manor,3.8364397936392844,2.4517153225373844,1.3847244711019002
macle,3.8360807779241313,2.399556410312763,1.4365243676113681
dinar,3.8358375306223857,2.489670285641086,1.3461672449812998
grano,3.8358113587028217,2.4530199466865223,1.3827914120162992
lased,3.835731368710295,2.491745041092595,1.3439863276177004
roaky,3.835512698420741,2.330828761235548,1.504683937185193
pusle,3.8353802681125675,2.4113025797109002,1.4240776884016673
loins,3.835367890159827,2.5476128482368123,1.2877550419230146
conia,3.835296298777786,2.512884711481444,1.3224115872963422
gored,3.835078303811124,2.370194350378368,1.4648839534327565
moten,3.8350261905383647,2.425297852885998,1.4097283376523668
savoy,3.834857499322729,2.256510388782238,1.578347110540491
pairs,3.834390945419311,2.4927169215153544,1.3416740239039564
senti,3.8343321016789336,2.5490811165196074,1.2852509851593261
stark,3.8343080682343764,2.393128198450636,1.4411798697837406
bayer,3.834264644726698,2.381606701363248,1.4526579433634499
pinot,3.8342362841873165,2.4518836598741225,1.382352624313194
cauld,3.8341687026689146,2.387173910314445,1.4469947923544697
monty,3.8340479820958437,2.3541874642811544,1.479860517814689
adret,3.833927726797513,2.5168302313165745,1.3170974954809385
brith,3.8337478515389023,2.3487368401803472,1.4850110113585553
drapy,3.8335281756281447,2.3383142756242288,1.495213900003916
boteh,3.833492003722413,2.338761062782802,1.4947309409396112
sowar,3.833481399873527,2.3867514339334175,1.4467299659401094
baron,3.8331083945663353,2.4303873374464864,1.4027210571198487
stend,3.8328327253731733,2.457874898701565,1.3749578266716083
blash,3.8328052195394484,2.3391963513522125,1.493608868187236
brach,3.8327537027592706,2.305566947469923,1.5271867552893477
ditsy,3.832749362812887,2.4081537897588277,1.4245955730540594
canid,3.8324314366030308,2.4175468800356494,1.4148845565673815
asity,3.8323827271551067,2.514904708972715,1.317478018182392
speil,3.8323465254290197,2.463235613197047,1.3691109122319727
bated,3.832239937660023,2.345566017407257,1.4866739202527663
boars,3.831858888071122,2.4463986998204583,1.3854601882506636
flute,3.831652710176432,2.3215370878454347,1.5101156223309973
craig,3.831528029209423,2.4147976413843644,1.4167303878250583
eland,3.83143617931023,2.4757336787186226,1.3557025005916072
tangy,3.8313610477534623,2.366905176198385,1.4644558715550775
riled,3.8313249651500585,2.498221691253809,1.3331032738962496
corns,3.831314083337137,2.508605527066389,1.3227085562707483
cines,3.831256818635051,2.4903665224133382,1.3408902962217129
dores,3.8311837091245664,2.496804603490591,1.3343791056339755
croak,3.8310519837186203,2.3439231352602534,1.487128848458367
pluot,3.830907325395095,2.421510690152918,1.4093966352421772
ayrie,3.8306166874279106,2.536227481003642,1.2943892064242686
tiles,3.8305936910746414,2.570641180284549,1.2599525107900926
facet,3.8305437225249164,2.333364067288078,1.4971796552368382
clave,3.8304708170780564,2.273557893813787,1.5569129232642696
baled,3.830443142782543,2.342502178740335,1.487940964042208
teras,3.83043566218971,2.602658531846482,1.2277771303432283
shark,3.830401376972376,2.303295491006474,1.5271058859659021
broad,3.830167645485365,2.360570399290551,1.4695972461948144
beira,3.830155450270924,2.4501810467244662,1.3799744035464576
bogey,3.8300933421009704,2.221562008925874,1.6085313331750966
lunar,3.829722231984456,2.5291142540758162,1.3006079779086395
leats,3.8296634746420266,2.5861858816803935,1.243477592961633
peola,3.8296287600294168,2.488289845508778,1.341338914520639
scald,3.8295238171701067,2.4337290265124567,1.39579479065765
facey,3.829354423698356,2.2615550991571034,1.5677993245412523
spred,3.8292712548026966,2.388502045545093,1.4407692092576039
datil,3.829250760746133,2.49782153790686,1.3314292228392728
glide,3.8291286957107884,2.349590086584527,1.4795386091262612
punce,3.8290551629711866,2.339640461897581,1.4894147010736059
shend,3.8289260341111735,2.3680421912574037,1.4608838428537698
stoun,3.8289053549171546,2.4987436534175873,1.3301617014995673
airth,3.828649479448476,2.5189023212165864,1.3097471582318896
scour,3.8286165463103634,2.4780617732423487,1.3505547730680147
arets,3.828605174359738,2.602658531846482,1.225946642513256
cures,3.8284924267014686,2.476466202858222,1.3520262238432468
pails,3.8284570625783156,2.4762442713492656,1.35221279122905
stalk,3.8283741853933813,2.376655548284547,1.4517186371088342
brans,3.8283132545539136,2.4208778065305996,1.407435448023314
frust,3.828017171154962,2.3300957774797633,1.4979213936751992
clues,3.827927859842829,2.4599935526921333,1.3679343071506957
scand,3.827908896175834,2.412168962747515,1.415739933428319
beisa,3.8278279799591104,2.428159695167408,1.3996682847917021
hoten,3.8277815975441776,2.471992562761089,1.3557890347830883
loave,3.827774274595919,2.3331694787780517,1.4946047958178674
hosel,3.8273066593654064,2.4849400864681397,1.3423665728972667
copen,3.826971194562866,2.3957051090114794,1.4312660855513868
pains,3.826842141584043,2.454684207584324,1.372157933999719
stank,3.8267592643991084,2.3550954845196053,1.4716637798795031
preon,3.8267570186882836,2.4678285146169157,1.3589285040713677
laden,3.826663628488301,2.4757336787186226,1.3509299497696783
gaucy,3.8266357740955463,2.2776468282680757,1.5489889458274708
fiery,3.8266154835411337,2.3181338033666954,1.5084816801744385
bagie,3.8265812261669527,2.3015494420551845,1.5250317841117682
piano,3.8264651042806754,2.4641937385002106,1.362271365780465
fries,3.82644592444138,2.381330231439779,1.445115693001601
cions,3.8263860232243223,2.491962092797465,1.3344239304268575
cagot,3.8261234203494716,2.405520443512949,1.4206029768365223
grand,3.826097201806296,2.3576821152407277,1.4684150865655683
prats,3.8259483177668097,2.4959515442851106,1.329996773481699
penal,3.8257648035448018,2.4627689522189193,1.3629958513258824
clons,3.8256585494916284,2.4921328769003,1.3335256725913283
henry,3.825601362039371,2.412695415271286,1.4129059467680851
bayle,3.8255771115031503,2.3651340511971592,1.460443060305991
tuans,3.825537423991402,2.5101567411856793,1.3153806828057228
first,3.825523511949843,2.38202881096591,1.4434947009839332
fiest,3.82547731205588,2.3679214199406116,1.4575558921152687
crink,3.825436714194723,2.30285754057455,1.5225791736201733
antsy,3.82476255969128,2.493515429310608,1.3312471303806723
longe,3.824741167833002,2.423538638368215,1.4012025294647872
canto,3.8246914110937666,2.5161193342512007,1.3085720768425662
crudy,3.824645280390416,2.3195275137234708,1.5051177666669455
mercy,3.8246443499442258,2.3319100137217887,1.4927343362224368
mince,3.824606220821768,2.362451645151977,1.4621545756697913
clasp,3.824370926448875,2.420764300012753,1.403606626436122
alios,3.8242761963689693,2.5845468292947635,1.2397293670742058
snark,3.824273558578385,2.3685042960187723,1.4557692625596128
erica,3.8241898398266265,2.549321855028348,1.2748679847982782
dogey,3.8239826946667956,2.284976570748226,1.5390061239185697
muter,3.8239014820643202,2.4072659197031294,1.4166355623611906
spard,3.8238357863150774,2.401510703697312,1.4223250826177654
todea,3.8237658171738067,2.504318410675403,1.3194474064984034
shakt,3.823599604227062,2.2898866795073065,1.5337129247197556
gares,3.823558164001934,2.4674357386763677,1.3561224253255661
pilot,3.823543887014086,2.4734437236390643,1.3501001633750218
thorn,3.8234555899608402,2.486099953786387,1.3373556361744534
softy,3.823422048492492,2.3009426449635204,1.5224794035289717
tarsi,3.8233226177328383,2.6001224886028567,1.2232001291299817
recit,3.8232515354484296,2.53701177640226,1.2862397590461694
tronk,3.8230601006572087,2.3657037483085714,1.4573563523486373
pryse,3.8228783480482424,2.411133918001917,1.4117444300463253
shank,3.8228525731371086,2.265262777075444,1.5575897960616647
suing,3.8225564472783713,2.359389246619721,1.4631672006586507
randy,3.8224839990109323,2.4210959402798675,1.4013880587310648
shaky,3.822410305400502,2.218077711376332,1.6043325940241697
cites,3.8223612163393,2.5149904248452013,1.3073707914940986
poted,3.8219315913578744,2.3846027649618122,1.4373288263960622
dotal,3.821874321499532,2.5019531515346127,1.3199211699649194
retin,3.8218342844274953,2.5711024680766656,1.2507318163508296
fonly,3.8218197745406894,2.2818674439226267,1.5399523306180627
turme,3.8218060621962966,2.4072659197031294,1.4145401424931672
calid,3.8217390394298003,2.4391069438005912,1.382632095629209
arson,3.8216140948837944,2.5796301997987454,1.2419838950850488
broth,3.821341968388566,2.3528684538080995,1.4684735145804666
liars,3.8213053599860114,2.597058649935935,1.2242467100500765
redly,3.8210892582993736,2.4296473458925902,1.3914419124067832
neral,3.8208270964642312,2.5835833308055887,1.2372437656586426
pears,3.820743120386466,2.49525296475898,1.3254901556274858
fient,3.8202559785324266,2.3519100575666396,1.468345920965787
poled,3.8201347964803953,2.3815389262948914,1.438595870185504
fruit,3.8200720075003702,2.335473694767898,1.4845983127324724
stoai,3.819980739637536,2.587610667961685,1.232370071675851
sopra,3.8198084041904137,2.4968485351431067,1.3229598690473072
photy,3.8197970547459086,2.3181005095006064,1.5016965452453022
prude,3.8195289215069934,2.341946929347081,1.4775819921599123
bidet,3.81943999649798,2.330021316011412,1.4894186804865683
panes,3.8193070538444354,2.4572202508279495,1.3620868030164859
lotes,3.818937200124468,2.574772793912301,1.2441644062121673
poyse,3.8188751777301833,2.3986220973607457,1.4202530803694375
praos,3.81882596089531,2.4968485351431062,1.3219774257522037
fount,3.8187926673134496,2.30157259446462,1.5172200728488296
lordy,3.8187276049704653,2.431242916276717,1.3874846886937484
unite,3.8186826128476095,2.5025260003215952,1.3161566125260142
earth,3.8186002871812015,2.521438364460212,1.2971619227209896
doper,3.818537768511919,2.3980115764609797,1.4205261920509393
whare,3.818346169349837,2.30393569616302,1.5144104731868167
eatin,3.818093312440368,2.5700037352035863,1.2480895772367815
spald,3.8179019034740826,2.3850380535312237,1.432863849942859
clits,3.8178864201050366,2.512625165704411,1.3052612544006257
fared,3.8177141405362427,2.3110466323057155,1.5066675082305274
peach,3.817634764756555,2.341909391767273,1.475725372989282
aster,3.8175227960196443,2.6026585318464823,1.2148642641731617
dicey,3.8174517796851513,2.3573531561843195,1.460098623500832
agile,3.817284880008362,2.456341005798414,1.3609438742099484
besit,3.817220261119932,2.41584961654132,1.4013706445786123
tuple,3.8171882224780953,2.4199151197687914,1.397273102709304
maneh,3.8171869692208573,2.346878233209929,1.4703087360109284
krait,3.8170280313939426,2.39850611573877,1.4185219156551727
mulse,3.8170235664924737,2.3821807294791495,1.4348428370133242
petal,3.8168692012490504,2.4873928546507824,1.329476346598268
glode,3.816722812560452,2.3537217002122794,1.4630011123481728
genty,3.8165835829018615,2.3538965180461657,1.4626870648556958
tenia,3.8163967249561264,2.5700037352035863,1.2463929897525403
proul,3.8163941610096366,2.4349195016520855,1.3814746593575513
pesty,3.8163898556374063,2.39772510650275,1.4186647491346562
snaky,3.8162824870065117,2.283286516388631,1.5329959706178806
uraei,3.8162800407113986,2.5528687928787135,1.263411247832685
savor,3.816250245685697,2.34172816841238,1.474522077273317
auger,3.8161962917420977,2.4208806224783554,1.3953156692637425
biome,3.8156506623279336,2.288831730137954,1.5268189321899794
argot,3.8155173017509907,2.4776438491183854,1.3378734526326053
couta,3.815240631312469,2.485575580427161,1.329665050885308
ureal,3.815211308842981,2.553039576981549,1.2621717318614323
tawer,3.815079083518942,2.393768403607182,1.4213106799117596
taver,3.815048029361799,2.3487451380861444,1.466302891275655
primy,3.8149179635869883,2.28068299749693,1.5342349660900585
orach,3.814915994980475,2.4643193407380695,1.3505966542424053
peals,3.8148092375454707,2.4787803145928913,1.3360289229525795
stive,3.8147329048886696,2.3111790851332414,1.5035538197554281
wrest,3.814695904728021,2.3728457849232023,1.4418501198048186
blady,3.81442014835132,2.2713917901354916,1.5430283582158284
nares,3.8143693467638657,2.5780346294146192,1.2363347173492463
track,3.8142938224909844,2.3430261444022578,1.4712676780887266
macte,3.81428784439293,2.402620248979684,1.4116675954132458
scran,3.81426574467584,2.520018614834481,1.2942471298413587
tuned,3.81424145765935,2.4113197825035533,1.4029216751557967
froes,3.814040041291044,2.3854618450675313,1.4285781962235122
leirs,3.813987850560614,2.584049991783716,1.229937858776898
anime,3.813959094922488,2.4334763178843337,1.3804827770381545
rudie,3.8139479861179226,2.446117873664827,1.3678301124530958
couth,3.813627835200103,2.383432794356911,1.4301950408431925
plaid,3.8132996435203186,2.390415970819358,1.4228836727009602
peans,3.813194316551198,2.4572202508279495,1.3559740657232484
cronk,3.813030831044387,2.306989154202302,1.5060416768420848
boned,3.8130141179038017,2.3095290272073017,1.5034850906965
glaur,3.8128687570313256,2.4185153633375656,1.39435339369376
tomen,3.81285412563314,2.425297852885998,1.3875562727471424
taube,3.812622542545617,2.384839201739153,1.4277833408064642
terns,3.8124145095154773,2.5657245507885307,1.2466899587269464
whale,3.8124122865088417,2.2874630459969314,1.5249492405119103
selky,3.812366803137885,2.2918379220013536,1.5205288811365316
warty,3.812271711468955,2.3226580150023377,1.489613696466617
brond,3.8121464928111317,2.3236364182325993,1.4885100745785325
mares,3.8120937197614344,2.4661311145272293,1.3459626052342053
orals,3.8120904677693903,2.6011902635636877,1.2109002042057027
courd,3.811981163457937,2.3922334727124412,1.4197476907454956
salse,3.811837604779904,2.068935729419344,1.7429018753605603
slurp,3.8116912388530917,2.4254099707361982,1.3862812681168932
moder,3.8113351596478005,2.36888972622923,1.4424454334185703
bunce,3.811242087221362,2.2891906265749324,1.5220514606464297
stirp,3.8109604845713028,2.4804068428892663,1.3305536416820363
hoard,3.810933798088818,2.4285930942565397,1.3823407038322784
gaper,3.8109122233892867,2.368642711646757,1.4422695117425297
shive,3.8108262136266697,2.22134637768908,1.5894798359375897
facer,3.8107471700613234,2.3467728787872453,1.4639742912740783
worst,3.8107389343039246,2.374441355307329,1.4362975789965955
bails,3.810643986828491,2.4257944360266173,1.3848495508018739
orans,3.8104755467751175,2.579630199798746,1.2308453469763716
pates,3.810411451548684,2.4818441532598126,1.3285672982888717
pardy,3.810201856394681,2.3383142756242283,1.4718875807704528
tawse,3.809997962824575,2.3717470520501234,1.4382509107744514
twier,3.8095237333681116,2.3782237022113373,1.4313000311567743
sleet,3.809506644954116,2.0566256507932557,1.7528809941608605
mulie,3.8090784028378817,2.387558646767284,1.4215197560705977
marge,3.8090020851742175,2.3395208614150063,1.4694812237592112
paseo,3.8087983549790634,2.482741144117808,1.3260572108612554
swail,3.808623548133112,2.366147170139576,1.442476377993536
pales,3.808614656671205,2.4787803145928913,1.3298343420783134
osier,3.8085839183623786,2.5880108213086332,1.2205730970537456
limey,3.8085558029554694,2.370917334892213,1.4376384680632563
carve,3.8084394493715936,2.2900305439798756,1.518408905391718
proas,3.8083391593740266,2.4968485351431067,1.3114906242309199
brats,3.808135242016985,2.4455017089624627,1.3626335330545227
amice,3.807758341271731,2.399385626209928,1.408372715061803
loupe,3.807647178014246,2.420812110626787,1.3868350673874588
losed,3.8076099466583226,2.4803319533245025,1.32727799333382
beamy,3.8075753145382327,2.2316704725448284,1.575904841993404
proke,3.8074722044243576,2.2822235041268013,1.5252487002975563
tuyer,3.807370562430273,2.471984368891407,1.335386193538866
apter,3.8073608117223463,2.503865504816871,1.3034953069054753
plish,3.8072158548356643,2.3741014852790157,1.4331143695566486
draco,3.8069837241072584,2.4597112075944323,1.3472725165128263
twire,3.806770082985559,2.3782237022113373,1.4285463807742218
mailo,3.8066776467369,2.456631952033402,1.3500456947034982
sapid,3.8066709080492522,2.384867269428388,1.4218036386208643
chime,3.806574780181046,2.297242840139678,1.5093319400413678
duroy,3.8063588702431748,2.3791390986877357,1.4272197715554393
turon,3.80621431226991,2.5207650049746455,1.2854493072952649
eliad,3.806054891530855,2.4971229583807295,1.3089319331501255
could,3.8060472806169416,2.3757608225463525,1.4302864580705892
presa,3.806035272067299,2.49525296475898,1.3107823073083187
moira,3.8057622348561244,2.4731046021994905,1.3326576326566342
telia,3.805704327782896,2.591563798968528,1.2141405288143678
arced,3.805577296235655,2.4581156372103052,1.3474616590253496
clots,3.8054805369547005,2.5167567793321632,1.2887237576225372
fader,3.805435440613418,2.3110466323057155,1.4943888083077022
gamey,3.8053731384837715,2.2543030817848644,1.5510700566989073
yrent,3.805278495552254,2.5025281227154474,1.3027503728368066
sonne,3.8051986087516805,2.03596257788631,1.7692360308653705
dunce,3.805131439787187,2.352605188397284,1.4525262513899029
caver,3.805018759748978,2.290030543979875,1.5149882157691028
hares,3.8048491267672473,2.5128258244023205,1.2920233023649268
snive,3.8046983952326787,2.2865551827013784,1.5181432125313004
lathe,3.804583994374794,2.504965714294123,1.299618280080671
nasty,3.804580613527186,2.493515429310608,1.3110651842165781
sewar,3.804552556439046,2.385155863549291,1.4193966928897555
giust,3.8044858117010656,2.384013149051584,1.4204726626494817
ratio,3.80436897303088,2.609632019518743,1.1947369535121368
guest,3.8042767049330486,2.3865491922952096,1.417727512637839
winey,3.804271037251824,2.268382020149332,1.5358890171024921
boats,3.804132071698926,2.432989888321291,1.371142183377635
spina,3.803870826252929,2.454684207584324,1.349186618668605
horde,3.8036693091712737,2.4155844361043206,1.388084873066953
ranid,3.803550418430105,2.4896702856410853,1.3138801327890202
sweat,3.8033062268440863,2.3717470520501234,1.4315591747939629
agone,3.803264075863753,2.4389125556612243,1.364351520202529
sidhe,3.803030464830611,2.38943147091951,1.4135989939111009
bears,3.8029300446366414,2.4448031294363317,1.3581269152003097
proem,3.8028152397860264,2.355924999729526,1.4468902400565005
bogle,3.802798555240391,2.2903071383899274,1.5124914168504637
spaul,3.8027215749284897,2.4243112378631193,1.3784103370653702
salle,3.802682490859753,2.068935729419344,1.7337467614404094
patin,3.8026806067815944,2.463296747642215,1.3393838591393792
spean,3.8025976310858525,2.4572202508279495,1.3453773802579028
lined,3.8024605898186907,2.460188977322778,1.342271612495913
rines,3.8023758004621255,2.5624899280187745,1.2398858724433512
stove,3.8023270217383334,2.3153106987609937,1.4870163229773397
masty,3.8023049865247556,2.3816119144232184,1.4206930721015372
vairy,3.802122164020629,2.274400126711544,1.5277220373090852
ramen,3.8020652598993667,2.4501197521532574,1.351945507746109
tawie,3.802052799169983,2.377124969338258,1.424927829831725
drats,3.80202459458281,2.5089162707848143,1.293108323797996
voice,3.801845938785077,2.2619740219428595,1.5398719168422175
banes,3.801493978094611,2.406770415505301,1.3947235625893097
kiore,3.80125470057095,2.386394448444547,1.4148602521264029
shura,3.8009840364915,2.4583567476725485,1.3426272888189519
liger,3.800932560378828,2.457439738671493,1.3434928217073354
alive,3.800580509759881,2.3290378651502994,1.4715426446095816
probe,3.7999990598191107,2.3345970146386286,1.4654020451804821
beach,3.7998216890067305,2.2914595564446247,1.508362132562106
rosin,3.799794312534667,2.564085498402901,1.2357088141317658
lured,3.7996961978851087,2.4462886577676617,1.353407540117447
bider,3.799643444034388,2.3434301275105796,1.4562133165238085
gurly,3.79952719347127,2.334396316580503,1.465130876890767
ringe,3.7992841658749086,2.4358796749065514,1.3634044909683571
twine,3.799221279150291,2.3401909882803067,1.4590302908699844
clank,3.799094736134887,2.301929591804306,1.4971651443305811
laics,3.7989147104416316,2.524935244330499,1.2739794661111326
dicer,3.7988445260481196,2.4425709358144614,1.356273590233658
repat,3.798675986254909,2.503865504816871,1.2948104814380381
loden,3.798542206436329,2.4643205909505306,1.334221615485798
laers,3.798500318652892,2.5995946931795606,1.1989056254733312
bogie,3.7984598041149797,2.290136354287092,1.5083234498278877
abore,3.7984294004465635,2.4543126603522185,1.344116740094345
shove,3.798420330476333,2.2254779913168323,1.5729423391595008
bland,3.798210397901632,2.3185768558346034,1.4796335420670288
doats,3.798021424264751,2.496404450143643,1.3016169741211083
chout,3.797960308935224,2.383432794356911,1.4145275145783132
skirt,3.7979087698734957,2.377583497054791,1.4203252728187046
meril,3.79780648665643,2.456135114522355,1.341671372134075
grapy,3.797781208453539,2.2975323230419127,1.5002488854116263
facie,3.797720885712365,2.3301294445183216,1.4675914411940436
waide,3.797707428522682,2.282684128750459,1.5150232997722233
soken,3.7976533533195576,2.3429838172253823,1.4546695360941753
cakey,3.7975471218250396,2.2571097852459854,1.5404373365790545
repay,3.797486687428349,2.432056536685897,1.3654301507424522
twoer,3.7971178502177754,2.3823553158390895,1.4147625343786858
calmy,3.7970153814366343,2.3284460217079195,1.468569359728715
beals,3.7969961617956463,2.428330479270243,1.3686656825254033
moran,3.796986435747743,2.451715322537384,1.3452711132103592
toing,3.7968755181817144,2.4240664337915105,1.372809084390204
dears,3.796819397202466,2.5082176912586833,1.2886017059437829
poena,3.796810768225785,2.4667297817438363,1.330080986481949
resol,3.7967828069714353,2.5881816054114686,1.2086012015599668
covet,3.7966938901605984,2.265208644712616,1.5314852454479824
baons,3.796623182683882,2.4083659858894277,1.3882571967944544
flied,3.796343067789098,2.2790292807437824,1.5173137870453157
royst,3.7962998172672417,2.5201350554735464,1.2761647617936955
covey,3.795504591334038,2.1933996765816417,1.6021049147523965
larch,3.795438162916944,2.460358511213152,1.335079651703792
gores,3.7954367419499615,2.4560226509082757,1.3394140910416856
beans,3.7953812408013734,2.406770415505301,1.3886108252960723
molue,3.795213181401945,2.3916902603950367,1.4035229210069082
torsi,3.7952011956808653,2.588709400834764,1.2064917948461011
hasty,3.7950603935305685,2.4283066242983096,1.3667537692322587
acute,3.7947963758998458,2.483980010043034,1.310816365856812
ravey,3.7947449952130854,2.27693616995517,1.5178088252579154
sangh,3.7947031860219003,2.3402688968273067,1.4544342891945936
ayont,3.7946469283136297,2.5030249602264947,1.2916219680871348
cauls,3.794527140807751,2.4730022108443523,1.3215249299633989
dulce,3.7944390426139565,2.374165252162226,1.4202737904517304
melty,3.794426741488132,2.3741519576619696,1.4202747838261625
rhies,3.794409396126114,2.4972811230064758,1.2971282731196385
sonse,3.7944085799011624,2.03596257788631,1.7584460020148525
spake,3.7937996183432108,2.271615240337835,1.5221843780053756
lited,3.7935649875229402,2.4848128797546414,1.3087521077682989
rites,3.7934801981663746,2.5871138304506376,1.206366367715737
ounce,3.7934043794425665,2.4479430198430787,1.3454613595994878
argue,3.7933079562752616,2.4208806224783554,1.3724273337969062
neath,3.793171846393122,2.483405650529181,1.3097661958639406
peats,3.7930163040142695,2.4818441532598126,1.3111721507544571
muset,3.7927292192006035,2.385244568146071,1.4074846510545322
besot,3.792643721842643,2.419981230169072,1.3726624916735708
bates,3.7925983757988595,2.431394317937164,1.3612040578616955
rangy,3.792450759967716,2.380313987697552,1.4121367722701639
gayer,3.792407030117917,2.404239310603284,1.3881677195146331
bardy,3.7923887806448566,2.28786444030158,1.5045243403432766
dogie,3.792349156680805,2.353550916109444,1.4387982405713609
stang,3.7921719690913376,2.4301016042714685,1.3620703648198693
samek,3.7921130110927037,2.242493390106085,1.5496196209866189
saugh,3.7921017009623723,2.309725143003267,1.4823765579591057
cavie,3.7919924754000194,2.2733871097109515,1.518605365689068
grith,3.791890236930122,2.371369449420383,1.4205207875097388
sudan,3.7918330382208536,2.4157159005978808,1.3761171376229726
souse,3.791807094841634,2.0054188240622697,1.7863882707793644
elans,3.791794617449067,2.5615619792485305,1.2302326382005364
riles,3.791683403288895,2.5840499917837163,1.2076334115051788
grein,3.7916628676069672,2.435879674906551,1.3557831927004165
alowe,3.791415913380325,2.378192744299089,1.413223169081236
dript,3.7913150340010966,2.3945785423593584,1.3967364916417382
shaft,3.7912906844828163,2.2943319934184254,1.4969586910643908
parid,3.791268275813855,2.4068886209854465,1.3843796548284082
pones,3.7911856317924624,2.445807163059857,1.3453784687326056
crare,3.7911235418220466,2.0353063255370545,1.755817216284992
tepoy,3.7910754531314343,2.407234637418637,1.3838408157127975
ruach,3.791067584411013,2.4082546936241704,1.3828128907868427
larns,3.7909977147115868,2.5756693702738285,1.2153283444377583
stirk,3.7909056277807682,2.377583497054791,1.4133221307259771
meath,3.7908962193906914,2.3715021356417916,1.4193940837488996
deals,3.790885514361471,2.4917450410925945,1.2991404732688765
bales,3.7908015809213804,2.428330479270243,1.3624711016511373
maple,3.7907602459252394,2.3508654373315294,1.43989480859371
heady,3.790665901268758,2.341779744242271,1.4488861570264866
aurei,3.7906410690443546,2.5528687928787135,1.2377722761656411
ligne,3.790630106161008,2.4194070247404627,1.3712230814205455
shalm,3.7904585539015914,2.36052433644311,1.429934217458481
coign,3.7904412420296207,2.3653518396852418,1.425089402344379
stoic,3.7904121966170212,2.516585995229328,1.273826201387693
gated,3.7903823230512423,2.3681986266472927,1.4221836964039496
skint,3.7903599660382277,2.3395507831237605,1.4508091829144671
nitry,3.7901410487120266,2.499992079471822,1.290148969240205
lucre,3.7899755770276373,2.482014904249192,1.3079606727784454
mopey,3.789933610733846,2.270707220099384,1.5192263906344625
unary,3.789843267251557,2.4603691246117636,1.3294741426397936
rusty,3.789822675291865,2.464070408359648,1.3257522669322173
sleer,3.789710092490523,2.0700344622924227,1.7196756301981007
broke,3.789659128674533,2.231773668804153,1.5578854598703802
hoagy,3.7895615056600214,2.3025933620440817,1.4869681436159399
staig,3.7894481389601995,2.451490883933575,1.3379572550266245
deans,3.7892705933671986,2.470184977327653,1.3190856160395454
taker,3.7889691378008283,2.4010421589823956,1.3879269788184327
baits,3.7888510532972903,2.4288582746935385,1.3599927786037518
minar,3.788626119207281,2.447583708909632,1.3410424102976488
aeros,3.7885970036296612,2.603555522704478,1.1850414809251832
galed,3.7885855281737624,2.365134787980371,1.4234507401933914
waste,3.7884540957516473,2.371747052050123,1.4167070437015243
scody,3.7883103230215776,2.353570809280311,1.4347395137412666
laris,3.7882738845804482,2.597058649935935,1.1912152346445133
sayid,3.7881657147778833,2.420463868384916,1.3677018463929678
opine,3.788119479847261,2.451185080347992,1.336934399499269
feuar,3.788088424089609,2.3503198166376116,1.4377686074519975
murly,3.7880627492307704,2.3330916924313643,1.454971056799406
mitry,3.7878654217095966,2.3880885645844323,1.3997768571251643
maned,3.787813481106494,2.3422701000662913,1.445543381040203
tipsy,3.787512225035105,2.3951890632591244,1.3923231617759808
raced,3.7873023966612105,2.4581156372103052,1.3291867594509053
shirk,3.7869989365187675,2.2877507896106293,1.4992481469081382
sinky,3.786974269282905,2.267741814992786,1.5192324542901188
tower,3.786957661466969,2.3823553158390895,1.4046023456278793
swelt,3.7868999951641262,2.356373134757114,1.4305268604070123
maleo,3.786835240829789,2.4591679952770273,1.3276672455527614
gamer,3.78676588484674,2.3395208614150063,1.4472450234317333
ghost,3.7867150092742454,2.3534797114910773,1.4332352977831682
taces,3.7865711225857943,2.530535126241046,1.256035996344748
grody,3.7864986286520397,2.299083961773524,1.4874146668785158
dates,3.7864877283646843,2.494808879759516,1.2916788486051687
grans,3.786455639945133,2.4435104157706355,1.3429452241744975
wried,3.7862891341939333,2.2837828616235383,1.5025062725703948
pilea,3.7861073062444315,2.484158231881026,1.3019490743634057
predy,3.7860374047668053,2.3253056174720097,1.4607317872947956
areic,3.785872305757837,2.5493218550283476,1.2365504507294898
togue,3.7858219224345913,2.396058723211096,1.3897631992234951
hurst,3.7856138675923248,2.4460466690464604,1.3395671985458644
skort,3.785502886723159,2.3817151106825434,1.4037877760406159
glime,3.785471457136796,2.307503509853073,1.4779679472837226
tsade,3.785246423639618,2.4948088797595163,1.2904375438801017
chard,3.7850049101723697,2.368981509292275,1.416023400880095
brins,3.784910814100305,2.405333105134755,1.37957770896555
tolas,3.784750307934857,2.58778145206452,1.1969688558703369
routh,3.7847468170271785,2.4555561999623476,1.3291906170648309
dales,3.784690933487205,2.4917450410925945,1.2929458923946104
feral,3.784530328375446,2.402423634226593,1.382106694148853
scind,3.7845064557222257,2.39662426135167,1.3878821943705555
basil,3.7843925928529987,2.4257944360266173,1.3585981568263814
badly,3.7841225049036478,2.2713917901354916,1.5127307147681563
slunk,3.7840875782272896,2.284553910970693,1.4995336672565966
goals,3.7840673906213467,2.452558658894406,1.3315087317269407
mores,3.783972297709462,2.4547180267591373,1.3292542709503248
tiers,3.7838321824285717,2.5871138304506376,1.196718351977934
ranke,3.783786884424645,2.3764182565505325,1.4073686278741127
sevir,3.7837765194765325,2.3245878966324085,1.459188622844124
fancy,3.7837516738282213,2.2376297762513717,1.5461218975768494
monal,3.7835585123801785,2.4352426723712957,1.3483158400088828
droke,3.783548481240358,2.2951882306265046,1.4883602506138534
sooty,3.783538615369017,1.9894760917133292,1.794062523655688
swear,3.783509674380494,2.385155863549291,1.398353810831203
flame,3.7833883122635497,2.252487405408173,1.5309009068553765
stink,3.7833568239455,2.3395507831237605,1.4438060408217397
grind,3.7826947613526873,2.342137413844883,1.4405573475078044
study,3.782565390141193,2.3562207562726813,1.4263446338685117
vealy,3.782540456146789,2.2604635197890808,1.5220769363577078
boils,3.7825225647765186,2.4143813482585252,1.3681412165179934
tours,3.782368871209595,2.536776367348618,1.2455925038609772
potes,3.7822900294967114,2.47043106549172,1.3118589640049914
certs,3.7822072273657277,2.531633859114125,1.250573368251603
arnis,3.782183756143387,2.575498586170993,1.2066851699723935
ancle,3.7821701897029643,2.5114599252001524,1.270710264502812
heard,3.7820049546543375,2.426997523872413,1.3550074307819244
taroc,3.7819773545858135,2.5541520481822313,1.227825306403582
towse,3.7818765407726023,2.360333964282031,1.4215425764905714
phial,3.7817134681805795,2.3950241039629954,1.3866893642175844
plein,3.781589139452128,2.4472242508230746,1.3343648886290533
rugae,3.7815218388901535,2.420880622478356,1.3606412164117976
croft,3.781468942390095,2.336058370545284,1.4454105718448111
tubae,3.781464865242259,2.3848392017391524,1.3966256635031062
shlep,3.781277504561196,2.3766375285226418,1.4046399760385544
based,3.781271122332714,2.3369534773493656,1.4443176449833481
helot,3.7812490904490055,2.493552626526031,1.2876964639229747
reply,3.7810804557483886,2.416682619392887,1.3643978363555014
older,3.7810782625228985,2.502353304881561,1.2787249576413373
taped,3.7808921524480654,2.3960158527299047,1.384876299718161
hurly,3.7808181562365837,2.379786402306456,1.4010317539301276
preta,3.7806359260069167,2.503865504816871,1.2767704211900457
sepia,3.7806069267895275,2.4786095304900564,1.3019973962994709
poles,3.780493234619232,2.467367226824799,1.3131260077944331
selfy,3.7800578833936394,2.2962832359124725,1.4837746474811668
tease,3.780000718395812,2.071999568086265,1.708001150309547
corni,3.7799505925445906,2.5139834443545235,1.2659671481900672
airns,3.7798124420098778,2.575498586170993,1.2043138558388846
maron,3.7797863357170556,2.451715322537384,1.3280710131796714
naled,3.779396710935694,2.4757336787186226,1.3036630322170715
touch,3.7792605155796846,2.383432794356911,1.3958277212227734
terai,3.7790721713971633,2.6080364491346164,1.171035722262547
borna,3.7790438923699234,2.4303873374464864,1.3486565549234373
mated,3.7789178788107436,2.366894002498155,1.4120238763125887
dropt,3.7789091508507604,2.3987101559871107,1.3801989948636497
apert,3.7785990606623896,2.503865504816871,1.2747335558455186
moars,3.7785368292218426,2.4677266849113564,1.3108101443104863
sedgy,3.7785297866513945,2.275467039832339,1.5030627468190554
stork,3.7784997446304316,2.3817151106825434,1.3967846339478882
suped,3.7784516594927497,2.3199255777900225,1.4585260817027272
toric,3.7784324718111297,2.5386073467863866,1.2398251250247432
dorsa,3.7781545784592026,2.50981326164281,1.2683413168163926
aunes,3.7780827593207977,2.509458161659549,1.2686245976612491
fares,3.77807257867508,2.3968749328356234,1.3811976458394566
clept,3.778041502582756,2.4163681819184255,1.3616733206643303
tirls,3.7779444994815394,2.584748571309847,1.1931959281716924
balut,3.777877358707901,2.382473942598362,1.395403416109539
beigy,3.7777968736154,2.217430395298122,1.5603664783172781
rhime,3.777693762008121,2.3693662457451143,1.4083275162630065
namer,3.777577067608671,2.450119752153258,1.3274573154554132
valet,3.7775351740990835,2.3322724879200556,1.4452626861790279
apery,3.777409761835829,2.4320565366858964,1.3453532251499327
tabor,3.77738887606506,2.45501123987835,1.3223776361867097
riots,3.7773269925144692,2.588709400834764,1.1886175916797048
brave,3.777317198536397,2.190889735675994,1.586427462860403
safed,3.7771875475031433,2.2890252807486577,1.4881622667544856
pians,3.777109385522987,2.454684207584324,1.3224251779386633
lotah,3.777095092497518,2.5065612846782495,1.2705338078192685
broch,3.7769453791553262,2.2941538597018307,1.4827915194534953
notal,3.7769385370868576,2.571770089690548,1.2051684473963094
cower,3.776928391854147,2.3236407217328203,1.453287670121327
cover,3.7768973376970063,2.2786174562117836,1.4982798814852225
glout,3.7768569858909737,2.393693464070306,1.3831635218206677
hosen,3.776812782216868,2.463380022703198,1.3134327595136701
torcs,3.7767687511797896,2.5332294294982516,1.243539321681538
porta,3.7766789555828204,2.505461075200998,1.2712178803818224
doseh,3.776412540960928,2.393563084547262,1.3828494564136664
plans,3.7763819117902933,2.454854991687159,1.321526920103134
barye,3.7763563105808977,2.381606701363248,1.3947496092176497
silky,3.7762818721096743,2.289301878757728,1.4869799933519463
morin,3.7762414529423722,2.4361706211415397,1.3400708318008323
heald,3.776071071813342,2.410524873706324,1.365546198107018
lyart,3.776054131939887,2.5370968446326083,1.2389572873072785
inlet,3.7758033134789493,2.554629817910577,1.2211734955683722
cogue,3.77579265282177,2.337344129104827,1.4384485237169429
gusle,3.775709577753963,2.3834853536282883,1.3922242241256746
round,3.775551341449744,2.4263241643868474,1.3492271770628967
nerol,3.7755055743815706,2.5721702430374966,1.2033353313440742
swirl,3.77549374164591,2.3672459030126554,1.4082478386332546
cants,3.7753356923360784,2.506609803335314,1.2687258890007644
runed,3.7753311698736027,2.42472859400272,1.350602575870883
nosir,3.775306120243971,2.5640854984029007,1.21122062184107
beats,3.775203228264445,2.431394317937164,1.343808910327281
ceros,3.775084870494229,2.532530849972121,1.2425540205221077
porth,3.7750661594704553,2.4033182891307483,1.3717478703397068
sango,3.7750438548040632,2.430998595129464,1.344045259674599
touns,3.774820067374327,2.4987436534175873,1.2760764139567398
colas,3.774721038322036,2.5290668579582514,1.2456541803637848
gairs,3.774720255060706,2.4648996954327425,1.3098205596279637
clove,3.7746624934741124,2.262144806045695,1.5125176874284176
realm,3.77463210348735,2.4716798159181996,1.30295228756915
tunes,3.7745998957981866,2.4971480830334607,1.2774518127647259
potin,3.7745591847296214,2.4518836598741225,1.3226755248554989
towie,3.77393137711801,2.3657118815701654,1.4082194955478444
tuber,3.7737461667858456,2.3859379346122314,1.3878082321736143
scold,3.7737154935661623,2.4223159387443642,1.351399554821798
hayer,3.7736979928832306,2.449629396329237,1.3240685965539938
neato,3.773512515175285,2.5741353488313385,1.199377166343946
punty,3.77348314978257,2.3272446673990057,1.4462384823835646
bones,3.7733725560426383,2.395357327737209,1.3780152283054292
bourn,3.7733128601824264,2.3629096025644953,1.4104032576179313
artis,3.7732881538476355,2.600122488602856,1.1731656652447793
eiron,3.773198979460269,2.5719994589346613,1.2011995205256076
muser,3.7729326667370104,2.3986533796452383,1.3742792870917724
moals,3.7726029463808475,2.4512540347452676,1.3213489116355799
glady,3.7725625337425397,2.2940243993755276,1.4785381343670119
grued,3.7725581885535524,2.314129703264469,1.4584284852890834
nicey,3.772515995272477,2.427170094340255,1.3453459009322222
cours,3.772339601596774,2.478061773242349,1.2942778283544247
binal,3.7718667967667665,2.4097830736526453,1.362083723114121
hated,3.771673285816556,2.4135887123732456,1.3580845734433102
earls,3.771378170736876,2.5995946931795606,1.1717834775573155
moper,3.7713263570968145,2.3559249997295257,1.4154013573672886
hoars,3.7712922362276546,2.514421394786447,1.2568708414412075
cades,3.7712301235250667,2.436094285653247,1.3351358378718197
drave,3.771206551102222,2.254304297498346,1.516902253603876
ranch,3.7710731349054383,2.4387984474482103,1.3322746874572278
moans,3.7709880253865746,2.429693970980326,1.3412940544062488
posed,3.770962776030566,2.375990224903922,1.394972551126644
stonk,3.7709509407951636,2.343682396751513,1.4272685440436508
creak,3.770920069474781,2.342327564876127,1.428592504598654
trick,3.7708913820373766,2.3274814430064135,1.4434099390309632
resin,3.770865469100186,2.5624899280187745,1.2083755410814117
caped,3.770862882835245,2.3373012586236364,1.4335616242116087
hilar,3.7706891290398623,2.5158384825496647,1.2548506464901978
faith,3.7705229033371817,2.29970991070656,1.470812992630622
sepad,3.77036562536817,2.3874033126720136,1.3829623126961565
wanly,3.770142844484052,2.281561462404386,1.488581382079666
bread,3.7700357312415256,2.3589748289064243,1.4110609023351013
cease,3.769971448782991,2.0132849739799963,1.756686474802995
haled,3.769876490939076,2.410524873706324,1.359351617232752
peins,3.7697918760975897,2.441675549432105,1.3281163266654845
earns,3.7697632497426032,2.578034629414619,1.1917286203279844
bagel,3.7695261292261173,2.30172022615802,1.4678059030680974
cokey,3.769425699773067,2.245696697477893,1.5237290022951742
carby,3.76914795608657,2.32359068678311,1.44555726930346
minty,3.769034207633152,2.350055850653402,1.4189783569797498
while,3.769009846055233,2.2719183446010867,1.4970915014541464
amort,3.7686965601315348,2.476339224969247,1.2923573351622877
slype,3.7686794837307636,2.3946612678358288,1.3740182158949348
retia,3.768590834874629,2.608036449134617,1.1605543857400122
moais,3.768264195255436,2.4510832506424323,1.3171809446130038
cadge,3.7681384889378493,2.309484032541024,1.4586544563968253
oldie,3.7680519781739394,2.485709870612637,1.2823421075613024
cirls,3.767915229868718,2.526033977203578,1.2418812526651402
ciels,3.7678690299747557,2.51192658617828,1.2559424437964757
rowet,3.767843926144815,2.3823553158390895,1.3854886103057253
saser,3.7677467050244413,2.0854083795854326,1.6823383254390085
bouge,3.767679436395893,2.2382033208009458,1.5294761155949472
sawed,3.7676549873100487,2.2773062114623244,1.4903487758477243
cento,3.767641145607313,2.5031106760989816,1.2645304695083317
saved,3.7676239331529073,2.2322829459412876,1.5353409872116197
curia,3.767518132381513,2.4948527782985757,1.272665354082937
oiran,3.7674570123555355,2.5850081170868804,1.1824488952686554
whine,3.76739492506096,2.250358280836145,1.5170366442248153
gains,3.767171451225438,2.426866981501712,1.3403044697237263
shonk,3.7670442495331637,2.2538496893073514,1.5131945602258123
bruin,3.7670433965340795,2.358777988936743,1.4082654075973366
leaky,3.767027082481663,2.312760540685333,1.4542665417963299
smout,3.766756770303237,2.386840138530198,1.3799166317730394
copal,3.7666079141089286,2.4302738309286402,1.3363340831802883
laree,3.766346862391355,2.090957080976402,1.6753897814149532
grats,3.766277627408205,2.4681343182024986,1.2981433092057062
genal,3.7660941131861967,2.4349517261363074,1.3311423870498893
lotsa,3.7659080694591043,2.58778145206452,1.1781266173945841
pined,3.7658134191909345,2.3558472489021973,1.4099661702887372
tyler,3.765545910564924,2.5240881864803892,1.2414577240845346
cooey,3.765184772560799,1.9386754581388204,1.8265093144219788
china,3.7650399501102214,2.4221550131792866,1.342884936930935
hayle,3.7650104596596834,2.4331567461631485,1.331853713496535
brits,3.764732801563377,2.429957007566618,1.334775793996759
paoli,3.7646876886354326,2.4857538022651524,1.2789338863702802
ruled,3.7646387727003723,2.4462886577676617,1.3183501149327106
clang,3.764507440827116,2.376935711556169,1.3875717292709473
botes,3.764476953746887,2.419981230169072,1.344495723577815
neosa,3.7643756649619244,2.5655228087734474,1.198852856188477
torsk,3.7641925495127264,2.3817151106825434,1.382477438830183
eagly,3.7641771562791053,2.3877666604371957,1.3764104958419097
laund,3.7641159909971185,2.4212646019888506,1.3428513890082678
hoper,3.7640817641026274,2.4026197096046173,1.36146205449801
rauns,3.7640312016405533,2.523565552684847,1.2404656489557064
sough,3.7639802789103998,2.2983120552351743,1.4656682236752252
ranis,3.7639088565689427,2.575498586170993,1.1884102703979493
tules,3.763907498624956,2.5187081467984025,1.2451993518265534
prank,3.763754193343052,2.269711268989161,1.4940429243538906
biach,3.7637367579785197,2.288923513200999,1.4748132447775204
cuber,3.7637168971730253,2.327223340505963,1.436493556667062
reink,3.7636236822692584,2.360873555154688,1.4027501271145701
mairs,3.763255810820207,2.463595071283604,1.2996607395366029
guide,3.7631699769937965,2.2974862689955455,1.465683707998251
septa,3.763152744383737,2.4818441532598126,1.2813085911239246
dirge,3.7630783000746577,2.3660627367506155,1.3970155633240422
pured,3.7630490272573525,2.341946929347081,1.421102097910271
dural,3.7629917573990093,2.459297315919881,1.303694441479128
lines,3.762819027957528,2.5460172778526857,1.2168017501048423
swage,3.762768881164446,2.2365242588800087,1.5262446222844375
sweir,3.7627646915751223,2.369611162153446,1.3931535294216764
spued,3.762747969227066,2.3199255777900225,1.442822391437043
boles,3.762680158869407,2.4169173915021505,1.3457627673672568
whore,3.762537845745892,2.2925226083949277,1.4700152373509643
claim,3.762361965773959,2.3970203670691372,1.3653415987048214
goats,3.762274457090146,2.4556224975613272,1.3066519595288184
stack,3.76218466262894,2.3210047928451996,1.4411798697837406
ratch,3.7621775326096873,2.463422349880074,1.2987551827296138
liber,3.7619652989451873,2.434807129431457,1.3271581695137304
elogy,3.761804367112757,2.376353572669103,1.3854507944436538
chiao,3.7617889754542517,2.4476759064691453,1.3141130689851066
rougy,3.7617278528562155,2.33835714610542,1.4233707067507955
setae,3.7614699927899493,2.071999568086265,1.6894704247036842
inure,3.761344022746507,2.5159348118207627,1.2454092109257444
cloak,3.761307565205176,2.327450485094165,1.4338570801110109
pioye,3.761119904165935,2.4040000146488802,1.3571198895170546
gears,3.761072430027861,2.467435738676368,1.2936366913514927
tesla,3.7608710584584775,2.5861858816803935,1.174685176778084
toker,3.760847715748856,2.389629071214303,1.3712186445345524
trier,3.760504021363812,2.078476218247479,1.6820278031163332
felty,3.7604056004017776,2.3048957759703637,1.4555098244314137
ploye,3.760392430433241,2.4041707987517156,1.3562216316815254
baton,3.7602909917544807,2.416978525947319,1.3433124658071616
whose,3.760210375434078,2.270501256837869,1.4897091185962088
grike,3.7602073972160888,2.2502746644164366,1.5099327327996521
loris,3.7601524625284757,2.585645562167843,1.1745069003606328
lures,3.7600546360239457,2.5321169582975696,1.2279376777263762
horme,3.760012070597281,2.3734978593728666,1.3865142112244144
tarok,3.7597922686328173,2.4026377293665226,1.3571545392662947
airts,3.75963442947295,2.6001224886028567,1.1595119408700933
nails,3.7595975549816423,2.559025936004905,1.2005716189767375
frosh,3.7593981145133144,2.2963277171495005,1.4630703973638137
libre,3.759211648562635,2.434807129431457,1.324404519131178
hurty,3.759025222705382,2.3828502409733767,1.3761749817320053
trapo,3.7588680407718114,2.5054610752009974,1.2534069655708142
parch,3.758790992289187,2.356016782792571,1.4027742094966158
gomer,3.7586444627947664,2.328107773646914,1.4305366891478528
mired,3.758600085107934,2.3647581126014776,1.3938419725064564
homey,3.758542679197112,2.2882800797427247,1.4702625994543874
phage,3.7585162588601504,2.2654011927034277,1.4931150661567227
cigar,3.758513193453876,2.4147976413843644,1.3437155520695112
balon,3.7584941968770007,2.4139146872803976,1.3445795095966033
trock,3.7584854988870404,2.3316130566341657,1.4268724422528747
dotes,3.758366306312712,2.483395791991424,1.2749705143212884
milty,3.758341810459921,2.371615914418344,1.3867258960415774
shack,3.75827797136694,2.2311720854010377,1.5271058859659021
plyer,3.7582150502291647,2.416682619392887,1.3415324308362775
swain,3.7581296709845735,2.344587106374634,1.4135425646099393
brume,3.7580586071831763,2.2494105172929793,1.508648089890197
costa,3.7579776987489364,2.5321306966251727,1.2258470021237635
lions,3.7579482325467994,2.5476128482368123,1.2103353843099869
lutea,3.7578650792999824,2.5396307654823818,1.2182343138176006
inter,3.7578035558928358,2.571102468076665,1.1867010878161703
doble,3.757720646372575,2.331089090972243,1.426631555400332
caged,3.7577005553530887,2.3094840325410235,1.4482165228120651
brios,3.757610444691877,2.4308539984246136,1.3267564462672636
audit,3.757561833830984,2.4457177203178784,1.3118441135131058
calos,3.7575209382913477,2.529066857958251,1.2284540803330968
marsh,3.7574517929837055,2.376996986609199,1.3804548063745066
peons,3.7573859929472535,2.4458071630598575,1.311578829887396
mails,3.757321927979212,2.4471224211175153,1.3101995068616965
pleon,3.7570126001748383,2.451355864450827,1.3056567357240116
tical,3.756943941257949,2.53354778438839,1.2233961568695593
dital,3.7568605470368404,2.4978215379068605,1.25903900912998
tamed,3.7567458139055194,2.366894002498155,1.3898518114073644
flies,3.756701505927935,2.3648575812736903,1.391843924654245
whole,3.756603962904897,2.276049958228839,1.480554004676058
doles,3.7565695114352327,2.4803319533245025,1.2762375581107301
cameo,3.756430701189223,2.4035172398376803,1.352913461351543
gaols,3.756380489069375,2.452558658894406,1.3038218301749689
gland,3.7563527832928516,2.3412094650746393,1.4151433182182123
plats,3.7562038992533653,2.4794788941190222,1.276725005134343
pucer,3.756082056782433,2.377673175828611,1.378408880953822
hairs,3.756011217826019,2.510289781158695,1.2457214366673242
slily,3.755957013380086,1.9822806394186554,1.7736763739614305
spyre,3.7557249086749653,2.4111339180019176,1.3445909906730478
mains,3.755707006984939,2.4255623573525735,1.3301446496323655
clink,3.755692295681279,2.2863848904084616,1.4693074052728172
cutes,3.7556750238896144,2.463057391359055,1.2926176325305594
bunty,3.755670074032746,2.276794832076358,1.4788752419563882
goyle,3.755598074842397,2.376353572669103,1.379244502173294
gript,3.7555680668264912,2.3537965897770428,1.4017714770494485
curdy,3.7554654287356115,2.3195275137234708,1.4359379150121405
yearn,3.755463712580841,2.5148382013415356,1.2406255112393054
thars,3.7553926179240276,2.513524403928451,1.2418682139955766
grimy,3.7552472732283837,2.252865771414318,1.5023815018140656
feard,3.75522840656217,2.311046632305716,1.444181774256454
geals,3.7551385471868657,2.4509630885102793,1.3041754586765864
piled,3.755121022017704,2.377407312667139,1.3777137093505647
borek,3.754922219598056,2.231773668804153,1.5231485507939029
senvy,3.754908946569035,2.2179808373401606,1.5369281092288747
blind,3.7548079574480235,2.3030321544387586,1.451775803009265
dials,3.7548005833332603,2.489208997848969,1.2655915854842914
doits,3.7546189838111426,2.480859748747798,1.2737592350633447
gripy,3.7543787679999303,2.281987621646068,1.4723911463538626
donut,3.754337686394984,2.41291535288768,1.3414223335073043
chola,3.754248987954158,2.4478466905719807,1.3064022973821776
bigae,3.75419101245766,2.3015494420551845,1.4526415704024753
recal,3.754118584500414,2.549492639131183,1.204625945369231
trads,3.7540380658165686,2.5089162707848143,1.2451217950317541
biota,3.753937819720181,2.438367805609426,1.3155700141107554
lites,3.753923425661777,2.570641180284549,1.183282245377228
nicer,3.753908741635445,2.512387873970397,1.2415208676650482
remit,3.7537846649069913,2.459198953189276,1.2945857117177149
seter,3.7537512943335365,2.0730983009593444,1.6806529933741923
erics,3.7535619937387352,2.528399236344369,1.2251627573943664
geans,3.753523626192593,2.4294030247453375,1.3241206014472553
dobie,3.7533818952471636,2.3309183068694077,1.4224635883777559
repot,3.7533544641722485,2.4924524170487787,1.2609020471234698
sohur,3.753232795417441,2.4469436599044565,1.3062891355129844
perdy,3.753151590908228,2.3253056174720097,1.4278459734362183
noted,3.753072083761201,2.467384429617452,1.2856876541437492
thein,3.753051041750595,2.4678609491333368,1.2851900926172584
tench,3.7529331572047315,2.412380977796824,1.3405521794079072
toped,3.752770730396093,2.3846027649618122,1.3681679654342807
valse,3.7526575009411243,2.3236599478621645,1.4289975530789598
honed,3.7524474660603344,2.3775517221732905,1.3748957438870442
oread,3.7521980234627295,2.51772722217457,1.2344708012881593
amity,3.7521863280831145,2.386989831711353,1.3651964963717615
snack,3.752150152972949,2.296380890413336,1.4557692625596128
shiok,3.752149763275072,2.275238968969458,1.4769107943056143
porgy,3.7520471952994923,2.2861192352738207,1.4659279600256714
beins,3.751978800347765,2.391225714109457,1.3607530862383084
cuits,3.7519277013880448,2.4605213481154293,1.2914063532726157
surfy,3.751900957605077,2.258286809348789,1.493614148256288
nears,3.7518836127897917,2.578034629414619,1.1738489833751728
ulnar,3.7516726709971895,2.5291142540758162,1.2225584169213732
tidal,3.751632211810043,2.49782153790686,1.2538106739031831
third,3.751631739331583,2.4121514020026993,1.3394803373288835
paris,3.7516267139526915,2.492716921515354,1.2589097924373374
luach,3.7515108119064156,2.3917820434580817,1.3597287684483337
hired,3.7513554921137464,2.4114528224765683,1.3399026696371779
urnal,3.7513357082208403,2.5291142540758167,1.2222214541450238
chiro,3.751316626615287,2.4487746393422247,1.3025419872730624
doeth,3.7510962363924927,2.402175624605153,1.3489206117873394
drupe,3.7510794545205486,2.341946929347081,1.4091325251734674
rithe,3.751005570364728,2.5058936630643673,1.2451119073003605
moats,3.750810012849646,2.454317873412189,1.2964921394374576
moted,3.7507964567587706,2.3554809147300624,1.3953155420287084
gates,3.7507407611900794,2.4540269271772006,1.2967138340128788
vlast,3.7505237627416257,2.3243585273882954,1.4261652353533303
crier,3.750474751750991,2.0197616241412097,1.730713127609781
spike,3.7503971778896026,2.256070538941991,1.4943266389476118
teuch,3.7503316721452036,2.3818372239727843,1.368494448172419
chapt,3.7503294118109056,2.342607971293404,1.4077214405175016
lusty,3.750265902787267,2.4475977581935586,1.302668144593708
argil,3.7502159072748933,2.470448396823712,1.2797675104511814
bathe,3.750123747997213,2.350174150550894,1.399949597446319
gable,3.7500951012499426,2.30172022615802,1.4483748750919225
hails,3.750077334985024,2.493817130992606,1.2562602039924178
toads,3.7500348954985094,2.496404450143643,1.2536304453548666
fores,3.7499511566231076,2.3854618450675313,1.3644893115555763
slung,3.749500282919519,2.359560030722556,1.3899402521969628
volet,3.7494137520471105,2.320859400151963,1.4285543518951473
breid,3.749290748436154,2.3434301275105796,1.4058606209255746
serif,3.749225744344846,2.381330231439779,1.3678955129050667
foamy,3.749160958037079,2.185337846328247,1.563823111708832
cauri,3.7490975328561995,2.4948527782985757,1.2542447545576239
tiros,3.749029209078839,2.588709400834764,1.1603198082440749
moled,3.7489996618812906,2.3524170760631407,1.3965825858181502
gales,3.7489439663125994,2.450963088510279,1.2979808778023205
strap,3.7489412359100545,2.4959515442851106,1.2529896916249437
segno,3.7488963021083075,2.417989936977245,1.3309063651310622
orles,3.748845621408671,2.5881816054114686,1.1606640159972024
gnarl,3.7488450510426263,2.449059117161605,1.2997859338810214
olpae,3.748788158428326,2.488289845508778,1.2604983129195477
coarb,3.748772654693285,2.3962966457720802,1.352476008921205
sting,3.7487695286377294,2.4145569028756237,1.3342126257621059
barmy,3.748731542070864,2.2457778635701264,1.5029536785007378
corky,3.7484996786398446,2.259804088503191,1.4886955901366539
hains,3.7484624139907514,2.4722570672276647,1.2762053467630867
sinew,3.748425365160527,2.3315784482224156,1.4168469169381113
wanty,3.748349910952851,2.2846253010713076,1.4637246098815437
manes,3.7481719192453316,2.428098400596199,1.3200735186491321
pareu,3.7480903357075626,2.448697848560968,1.2993924871465945
frita,3.7480174477156343,2.4029514296498893,1.3450660180657448
cutin,3.7479441791225243,2.4445099857414574,1.303434193381067
fitly,3.747910397782247,2.302359732726738,1.445550665055509
shift,3.747888244029208,2.278787292022581,1.4691009520066272
noias,3.7478823646096293,2.5629867655298217,1.1848955990798078
thans,3.74784381408876,2.475491689997421,1.2723521240913391
diota,3.747827172286006,2.5017823674317774,1.2460448048542285
laced,3.747745624156613,2.441642987044217,1.3061026371123963
tepal,3.747708340287269,2.4873928546507824,1.2603154856364864
races,3.7476608348000475,2.543943937740213,1.2037168970598344
rotas,3.74763681502659,2.604254102230609,1.1433827127959812
ahind,3.7475657990189264,2.386428766697757,1.3611370323211696
nesty,3.7475303480407325,2.480506771158389,1.2670235768823437
cimar,3.7475291823934844,2.4134930172352265,1.3340361651582582
meith,3.747493778937083,2.355957434245947,1.391536344691136
deils,3.747483073907863,2.4762003396967502,1.2712827342111126
thurl,3.7473404671838706,2.45159537043743,1.2957450967464408
roupy,3.747235348096987,2.3661743721880324,1.3810609759089547
white,3.747216912524032,2.274982183268008,1.4722347292560243
gaits,3.74699343868851,2.451490883933575,1.295502554754935
monde,3.746992101649358,2.3308570122981993,1.4161350893511586
fayer,3.746921444791064,2.33367850476254,1.4132429400285238
rogue,3.746911634648845,2.4094675347102634,1.3374440999385815
forge,3.74685952203589,2.258851591955308,1.488007930080582
sadic,3.7468510977313847,2.433558242409622,1.3132928553217629
wries,3.74664757233277,2.3696111621534457,1.377036410179324
cooer,3.746577518923767,2.023893237768962,1.7226842811548049
rants,3.746454674163153,2.5787332089407498,1.167721465222403
frith,3.7464046516032683,2.3008086435796393,1.4455960080236292
pandy,3.746280055878578,2.300281561693198,1.4459984941853798
curio,3.74624600505131,2.483439690530483,1.2628063145208268
heapy,3.7461401574663125,2.3288150177425675,1.417325139723745
neals,3.745949729948797,2.5615619792485305,1.1843877507002665
brank,3.745941117593228,2.2192614336665133,1.5266796839267145
olein,3.7459383559235073,2.5555268087685725,1.190411547154935
cupel,3.7457651047990277,2.3612005256625226,1.3845645791365049
metal,3.7457340666499466,2.458271004419032,1.2874630622309144
onery,3.7456133549516535,2.503425113573443,1.2421882413782104
braky,3.7454988498566215,2.172076367967402,1.5734224818892195
flash,3.7454620196038135,2.2912681547515037,1.4541938648523098
chars,3.7453633483112068,2.4548098098221827,1.290553538489024
aside,3.745326846708621,2.4915742569897597,1.2537525897188613
mange,3.7450802846581137,2.3014881474839757,1.443592137174138
fated,3.744896737724389,2.297637820806549,1.4472589169178403
blued,3.744671384648888,2.275024443858344,1.469646940790544
storm,3.744490804400642,2.4554166062852683,1.2890741981153737
onset,3.744392141974454,2.5532127301473593,1.1911794118270946
pinol,3.74435835043393,2.448819821207201,1.2955385292267287
floes,3.7442956227775985,2.3689891949014426,1.3753064278761562
fayre,3.7441677944085114,2.33367850476254,1.4104892896459713
moyle,3.744133630601898,2.375048948519965,1.3690846820819331
tache,3.744096494784147,2.4493149588547753,1.2947815359293715
filar,3.743912580947696,2.399887590982968,1.3440249899647279
chino,3.7437678227800193,2.410741925411194,1.333025897368825
meals,3.7436741029463665,2.449658464361141,1.2940156385852255
garth,3.7435168911638224,2.386914150816228,1.3566027403475944
trite,3.743432366108231,2.078476218247479,1.6649561478607522
minor,3.74330459712462,2.4361706211415397,1.3071339759830805
clonk,3.7432864125309426,2.290516504036214,1.4527699084947288
eorls,3.743256748684904,2.5881816054114686,1.1550751432734352
lidar,3.7432465328094926,2.511230349406027,1.2320161834034657
ruins,3.743224695752048,2.5080208512890025,1.2352038444630455
codes,3.743108701473094,2.424681197885155,1.3184275035879394
grins,3.7430531994915244,2.427965714374791,1.3150874851167336
scena,3.7429549425547783,2.505911223809183,1.2370437187455952
fogey,3.7427501421653364,2.173633812325166,1.5691163298401705
coped,3.7427414607832725,2.325888170855544,1.4168532899277284
decay,3.7426795531108854,2.3728978575801634,1.369781695530722
glean,3.7426634318988947,2.4349517261363074,1.307711705762587
saunf,3.742476554386806,2.3043731421748213,1.438103412211985
comal,3.7424615755663817,2.40115198069689,1.3413095948694918
cohen,3.7424147001134145,2.4132779686548202,1.3291367314585945
blond,3.7424020742976873,2.307163768066511,1.4352383062311764
premy,3.7423801661928127,2.2832190407405557,1.459161125452257
hears,3.742363392793174,2.5128258244023205,1.2295375683908536
yourt,3.7423470433877943,2.473579939275534,1.26876710411226
scobe,3.7421400638300435,2.3612666360628034,1.38087342776724
morah,3.742130190082512,2.3865065175250857,1.3556236725574262
means,3.7420591819520936,2.428098400596199,1.3139607813558944
raped,3.7419818646623195,2.409424664229072,1.3325572004332473
ranee,3.741981834379849,2.06939701721146,1.672584817168389
snift,3.7417604256352175,2.3439960970348794,1.397764328600338
holed,3.741755068887104,2.3991117859382323,1.3426432829488717
afire,3.7415617859917942,2.4022528501237583,1.3393089358680357
nates,3.7415519439520106,2.5646258179154517,1.1769261260365589
model,3.741253778358006,2.352417076063141,1.3888367022948649
tapes,3.741250590586903,2.4818441532598126,1.2594064373270901
skail,3.741160642607311,2.3734209255147904,1.3677397170925205
corby,3.7410265340345976,2.312177599015018,1.4288489350195797
shoud,3.7407689298755598,2.33909400781749,1.40167492205807
rokey,3.7405446816001415,2.3178201030833288,1.4227245785168126
regot,3.7401921366900934,2.464635190966167,1.2755569457239264
homer,3.73993542556008,2.3734978593728666,1.3664375661872135
drank,3.7398304701590526,2.282675995488865,1.4571544746701877
onely,3.7396794721106588,2.4869524634073548,1.252727008703304
toged,3.7396084029139374,2.3567855388792003,1.382822864034737
sowed,3.7395335652580757,2.265893123694232,1.4736404415638438
chals,3.7394294654702116,2.438337159656094,1.3010923058141177
prove,3.7393219506822772,2.22992648323055,1.5093954674517271
spica,3.7392962244827608,2.420593515909918,1.3187027085728424
mates,3.73927631694958,2.4527223030280623,1.286554013921518
radge,3.7392574707649238,2.38160743814646,1.357650032618464
armil,3.739231896214502,2.4691437726745735,1.2700881235399284
veily,3.739138015693181,2.244918818393237,1.4942191972999441
hider,3.7390767921909207,2.4114528224765683,1.3276239697143526
mardy,3.7390667217955773,2.309192425392478,1.429874296403099
plica,3.7390327156544076,2.4261422173008875,1.31289049835352
eosin,3.739003075061086,2.549978107377603,1.189024967683483
riels,3.7389880118018306,2.5840499917837163,1.1549380200181143
sneap,3.738860526360101,2.4572202508279495,1.2816402755321514
outen,3.7388105746964713,2.5066576139493475,1.2321529607471238
sorry,3.738667896750165,2.0028849032124967,1.7357829935376683
sugan,3.738661908187712,2.374933948015565,1.3637279601721473
foals,3.738581805294493,2.3819978530536616,1.3565839522408312
amuse,3.7385393934895084,2.397554646772159,1.3409847467173495
blats,3.738390823503541,2.429029058796374,1.3093617647071667
ousel,3.7383356365177005,2.519605137656398,1.2187304988613024
frais,3.7382462244871406,2.3943388895919977,1.343907334895143
align,3.7382121269696675,2.4324156828926817,1.305796444076986
baels,3.7381061894343155,2.428330479270243,1.3097757101640726
spoke,3.7379912947392664,2.260202152569743,1.4777891421695233
wared,3.7379157884276335,2.299327563019383,1.4385882254082505
sarir,3.737909431198699,2.082872336341807,1.6550370948568924
deoch,3.737902717968611,2.3434610304988843,1.3944416874697267
mobey,3.73780402181805,2.220257384776736,1.517546637041314
walty,3.7376575137796206,2.3061853648362494,1.4314721489433713
rouls,3.7375247005828536,2.5337125286816966,1.203812171901157
veiny,3.737523094698908,2.223358754628295,1.514164340070613
males,3.7374795220721,2.4496584643611405,1.2878210577109597
noirs,3.737410015770664,2.5640854984029007,1.1733245173677633
volae,3.7373358980399307,2.3331694787780513,1.4041664192618795
churl,3.7373111975710493,2.392880776331161,1.3444304212398883
biled,3.7373079462678787,2.3269574773444903,1.4103504689233883
cream,3.736911129244991,2.4160290604788517,1.3208820687661393
irons,3.736906374225838,2.564085498402901,1.172820875822937
hoyle,3.7368890376077104,2.421743658395056,1.3151453792126546
ahold,3.7367748368628626,2.4121204440904505,1.3246543927724121
fayne,3.7366189905732434,2.2956457908315095,1.4409731997417339
lawer,3.736612023228597,2.3907045649402603,1.3459074582883368
laver,3.736580969071455,2.3456812994192227,1.3908996696522324
barns,3.7365374683340056,2.4208778065305996,1.315659661803406
colts,3.736521873110875,2.5167567793321632,1.2197650937787117
fetor,3.736472784770725,2.394074385125422,1.3423983996453026
heals,3.736429509952179,2.4963531742362317,1.2400763357159472
stong,3.736363645487393,2.418688516503376,1.3176751289840172
armed,3.736110425694217,2.3803028139973215,1.3558076116968951
galut,3.7360197440991203,2.405106551838398,1.3309131922607222
lound,3.735994568945146,2.409851514220758,1.3261430547243878
sigla,3.7356984194045717,2.4484270452666537,1.2872713741379183
runes,3.73568960801244,2.5105568945326278,1.2251327134798122
child,3.735668586877767,2.3369641577303417,1.398704429147425
grave,3.7354595839276166,2.21352234491603,1.5219372390115864
vaute,3.7353490669944454,2.280168670331074,1.4551803966633714
latke,3.7353345096242965,2.3845695088163072,1.3507650008079892
crore,3.7353152182181018,2.023893237768962,1.7114219804491397
chais,3.7350907143448007,2.4381663755532585,1.296924338791542
rowie,3.7350210893322635,2.379120693069333,1.3559003962629306
cavel,3.7349373784591844,2.273557893813787,1.4613794846453974
state,3.7347256466997947,2.071999568086265,1.6627260786135296
leafy,3.734718162737417,2.317205854596452,1.417512308140965
plesh,3.7346780574414886,2.3766375285226413,1.358040528918847
twice,3.734646677380123,2.306100296605901,1.4285463807742218
geoid,3.734633034318673,2.3535509161094437,1.381082118209229
bagsy,3.7345577873996882,2.225061136162206,1.5094966512374821
toyed,3.734265537124724,2.42019936391834,1.314066173206384
luger,3.734246367929143,2.4055067051853465,1.3287396627437964
parts,3.7341725315469017,2.4959515442851106,1.238220987261791
signa,3.734083498410299,2.426866981501712,1.3072165169085872
rotch,3.734056110557715,2.4520092621119813,1.2820468484457332
froth,3.733998768452932,2.3049402572073916,1.4290585112455405
basin,3.73389871570446,2.4042343722616755,1.3296643434427848
menil,3.733884686140326,2.4181024005913243,1.3157822855490018
calve,3.733825251682259,2.273557893813787,1.4602673578684722
arefy,3.733659862455128,2.33367850476254,1.399981357692588
scarp,3.7334988579797868,2.437236950178842,1.2962619078009452
geats,3.733345613655665,2.4540269271772006,1.2793186864784643
forme,3.7332355225051144,2.25754696780617,1.4756885546989444
karst,3.7331974088286266,2.3931281984506354,1.3400692103779914
ticed,3.7330774879322934,2.429162124315294,1.3039153636169993
ripen,3.7330764019272493,2.4636969009891634,1.269379500938086
coram,3.7329541588208945,2.4176246308629783,1.315329527957916
grues,3.732916626692389,2.3999580037943766,1.3329586228980126
reign,3.732631380422214,2.435879674906551,1.2967517055156632
milor,3.7326121999513893,2.4577306849064815,1.274881515044908
chota,3.7324560544229572,2.450910529238902,1.2815455251840553
anger,3.7323748634454654,2.4514243763023957,1.2809504871430695
decry,3.7322072042719205,2.3739965904532427,1.3582106138186778
sente,3.73216642987454,2.0350655870283143,1.6971008428462255
miaul,3.732050405233726,2.4005673049195035,1.3314831003142227
darls,3.732041741894103,2.505852432117893,1.2261893097762102
hates,3.7320317239553926,2.499417012903153,1.2326147110522394
karsy,3.7320081100020666,2.321319230319661,1.4106888796824055
blude,3.731971427243724,2.2750244438583445,1.4569469833853796
hardy,3.7318221288013897,2.355887135267569,1.3759349935338205
fluty,3.731684107754575,2.250426699240591,1.4812574085139842
civet,3.731680115697907,2.261077031084864,1.4706030846130431
matin,3.73154547218249,2.4341748974104647,1.2973705747720254
lanch,3.731516362400841,2.422325797282122,1.3091905651187188
noils,3.7314761329296693,2.5476128482368123,1.183863284692857
goave,3.7314564136095574,2.2010105242748588,1.5304458893346986
voter,3.731413994460998,2.337332050318052,1.3940819441429457
hable,3.7313860640152554,2.3471103118839722,1.3842757521312832
flout,3.73137140056412,2.3231326582295617,1.4082387423345581
rotls,3.73123058334663,2.5888801849375995,1.1423503984090306
capes,3.7312213209740817,2.4231295591535438,1.3080917618205379
plena,3.7310695200304,2.4627689522189193,1.2683005678114807
reify,3.7308724947884055,2.3181338033666954,1.4127386914217102
madly,3.730800446054369,2.2927197752263897,1.438080670827979
naios,3.7306822645789417,2.5629867655298217,1.16769549904912
porch,3.7306695702372146,2.344603695024479,1.3860658752127355
aloud,3.730523226008772,2.44678549527871,1.2837377307300621
ratos,3.730436714995902,2.6042541022306085,1.1261826127652936
tinas,3.730428930645396,2.562089774671826,1.16833915597357
darns,3.7304268208998304,2.484292368352951,1.2461344525468792
peaky,3.7303799118539054,2.2084188122647515,1.521961099589154
gutsy,3.730316203188597,2.315438803690366,1.4148773994982304
talcs,3.7302759755424284,2.5281698671002557,1.2021061084421727
hales,3.7302349290779127,2.4963531742362317,1.2338817548416812
trigo,3.7299581050774324,2.462099147722541,1.2678589573548913
bleah,3.7296648008424436,2.3471103118839727,1.3825544889584707
dimer,3.7293776555066813,2.3647581126014776,1.3646195429052035
grasp,3.729359693298435,2.3607287511149964,1.3686309421834388
rindy,3.7293488024962684,2.4055512388840232,1.3237975636122452
fairs,3.7292346697338523,2.394338889591998,1.3348957801418542
moils,3.729200505927239,2.435709333349423,1.293491172577816
chord,3.7291965865684253,2.3575684215241823,1.371628165044243
prang,3.729166898035281,2.3447173887410244,1.3844495092942568
afore,3.729155902841458,2.4063844637515106,1.3227714390899472
cesta,3.7290488553144554,2.530535126241046,1.1985137290734094
inert,3.729041804832879,2.571102468076665,1.1579393367562139
reing,3.7290363869614875,2.4358796749065514,1.2931567120549363
lauch,3.728914877341312,2.3917820434580817,1.3371328338832307
strak,3.72888637911952,2.3931281984506354,1.3357581806688845
steak,3.7288401792255574,2.3790208074253374,1.34981937180022
raged,3.728819537180164,2.3816074381464603,1.3472120990337038
syned,3.7288142115292624,2.3860659305705907,1.3427482809586717
bandy,3.7284669801287533,2.24983172637055,1.4786352537582035
alane,3.728441185481846,2.052924367045372,1.6755168184364742
nipet,3.728384762100146,2.450288089489996,1.2780966726101501
hadst,3.728351564415923,2.4056747518414854,1.3226768125744373
berth,3.7283242402861494,2.351272883423973,1.3770513568621765
strip,3.728196253104683,2.4804068428892663,1.2477894102154168
patio,3.728165029898525,2.4888176409320737,1.2393473889664517
sophy,3.728066834320461,2.3094879694427153,1.4185788648777453
mased,3.7279490634834342,2.3582814624402637,1.3696676010431708
drive,3.7278041106486137,2.238759596102501,1.4890445145461126
daris,3.727702990768692,2.5056816480150577,1.2220213427536342
scalp,3.727564975138792,2.4207643000127534,1.3068006751260388
urned,3.7274692548951833,2.42472859400272,1.3027406608924637
blimy,3.727360469323719,2.213760512008193,1.513599957315526
cloam,3.7272986249753863,2.40115198069689,1.3261466442784962
lovey,3.727066800656515,2.249050432020989,1.4780163686355259
homie,3.7269091412111215,2.356854425103943,1.3700547161071785
rotis,3.726891832221219,2.588709400834764,1.1381824313864546
luted,3.7268787950732545,2.432879846268495,1.2939989488047596
inset,3.7266312930291194,2.549081116519607,1.1775501765095122
sayee,3.7265971307276273,2.0001905999552907,1.7264065307723366
ghest,3.726583095030406,2.3518841411069507,1.3746989539234553
boras,3.726437198956266,2.4463986998204583,1.2800384991358076
staph,3.726418212127605,2.392710025341782,1.3337081867858227
apiol,3.7264097510594834,2.4857538022651524,1.240655948794331
porns,3.7262291220318575,2.4599145540851555,1.2663145679467018
pines,3.726171857329771,2.4416755494321047,1.2844963078976663
ruble,3.7261483457765516,2.38287409594531,1.3432742498312416
sluse,3.726065846646249,2.0014579945373527,1.7246078521088961
algor,3.7259763307739533,2.474580010451464,1.2513963203224892
rebit,3.7258014145337413,2.4378709680983786,1.287930446435363
wiser,3.725799365991732,2.369611162153446,1.3561882038382858
morna,3.7257218335206437,2.451715322537384,1.27400651098326
spurn,3.725648196565219,2.4038499069712564,1.3217982895939622
argol,3.725639367997604,2.474580010451464,1.25105935754614
wader,3.725637088504808,2.299327563019383,1.426309525485425
donah,3.7254198009815136,2.3905603803255095,1.3348594206560038
aiver,3.7253956963697465,2.3455105153163878,1.3798851810533588
noria,3.7252736303919365,2.5850081170868804,1.1402655133050559
aloft,3.7252366570120836,2.3906103931115528,1.3346262639005306
legit,3.7252119034627844,2.4440309271723257,1.2811809762904587
anted,3.725007290589577,2.4787975173855443,1.246209773204033
rules,3.7249972108392093,2.5321169582975696,1.1928802525416398
trawl,3.7248285546264195,2.391403144466391,1.3334254101600287
frond,3.7248032928754977,2.2757082216318913,1.4490950712436064
alumy,3.7247557564384115,2.331992959558285,1.3927627968801264
caids,3.7247246074840525,2.433558242409622,1.291166365074431
gerah,3.7246657908885297,2.386215571290097,1.338450219598433
mincy,3.7246376183999113,2.291341256547133,1.4332963618527785
fired,3.7245789440215793,2.2955019309098716,1.4290770131117079
coyed,3.7242362675119036,2.361484769812072,1.3627514976998318
neats,3.724156796417596,2.5646258179154517,1.1595309785021444
clift,3.724130407026987,2.3154541067514436,1.4086763002755436
atimy,3.724025002156622,2.386989831711353,1.3370351704452692
trags,3.724004826773352,2.4681343182024986,1.2558705085708533
canti,3.7239722015435315,2.5119877206234484,1.211984480920083
entry,3.7239056412211555,2.5025281227154474,1.221377518505708
angle,3.723687330221918,2.434951726136307,1.2887356040856108
rayed,3.7234766713909506,2.4450212631856,1.2784554082053508
pures,3.723407465396189,2.4277752298769886,1.2956322355192003
fails,3.723300786892857,2.3778662394259094,1.3454345474669478
sirup,3.7231041758466965,2.4252391866333634,1.2978649892133334
pinge,3.7230802227425537,2.3150652963198817,1.408014926422672
moria,3.722998003389506,2.473104602199491,1.249893401190015
grits,3.7228751869545964,2.452589616806654,1.2702855701479425
plues,3.7228428985375497,2.4113025797109002,1.3115403188266495
apode,3.722758979260987,2.396912843587901,1.3258461356730864
tanky,3.7227285697885355,2.291899056446522,1.4308295133420135
gular,3.7227119738248637,2.4185153633375656,1.3041966104872982
chafe,3.7226598224562575,2.243531359843917,1.4791284626123407
latch,3.722620760105089,2.4469496997139846,1.2756710603911043
telco,3.7225814288136636,2.5246707398639234,1.19791068894974
derth,3.7222135928519746,2.414687445246325,1.3075261476056497
along,3.7222112503586047,2.436547296520434,1.2856639538381704
agist,3.722111988942247,2.451490883933575,1.2706211050086722
meats,3.7218811694151657,2.4527223030280623,1.2691588663871034
unlet,3.721853836876403,2.5026967844244306,1.2191570524519726
fains,3.7216858658985843,2.3563061756609676,1.3653796902376167
freon,3.721600743002825,2.3694504826935594,1.3521502603092654
graip,3.721414529643843,2.366106668403131,1.3553078612407121
pions,3.7213010619190428,2.443271119816232,1.278029942102811
nutsy,3.721127385950527,2.426037694428617,1.2950896915219103
teads,3.7211060520640284,2.4948088797595163,1.2262971723045124
cling,3.721105000373508,2.361391010160325,1.3597139902131834
goles,3.720822544260627,2.439550000742187,1.2812725435184402
frats,3.720792042081351,2.3975735123617543,1.3232185297195966
prink,3.720351752889444,2.254166567593317,1.4661851852961272
purge,3.7203158308089717,2.3011649767647655,1.4191508540442062
savin,3.720251526524654,2.2995638408535974,1.4206876856710564
marid,3.7201331412147502,2.377766770753696,1.3423663704610544
brush,3.72013231452344,2.28819126663631,1.4319410478871304
mourn,3.7199908013331475,2.3842375876553934,1.335753213677754
bloke,3.7199147101610883,2.215301018638064,1.5046136915230242
acies,3.719845171651349,2.5273005034712894,1.1925446681800596
panto,3.719606449788487,2.4674283612699672,1.2521780885185196
oiled,3.719470238489083,2.485709870612637,1.2337603678764462
pelon,3.7192570071403717,2.451355864450827,1.267901142689545
epact,3.7192315041227983,2.4317420992114345,1.287489404911364
royal,3.719221702664634,2.537993835490604,1.1812278671740302
daynt,3.7190722394794067,2.4076871287807005,1.3113851106987062
rutin,3.7190631609495988,2.5166333913468932,1.2024297696027055
mires,3.7189585232467706,2.450586413131385,1.2683721101153855
sneak,3.7188056695695666,2.3543969049934743,1.3644087645760923
foyer,3.718800022739091,2.3222654169944477,1.3965346057446433
stick,3.718782222175332,2.305460091449355,1.4133221307259771
sodic,3.7187296756794117,2.4221451546415294,1.2965845210378824
unity,3.7187140104257526,2.4314156117167514,1.2872983987090012
buran,3.718608527684646,2.3743226903325874,1.3442858373520583
sprad,3.7184140972002213,2.401510703697312,1.316903393502909
ronts,3.7183332521111803,2.5673201211726577,1.1510131309385225
caput,3.718297098760602,2.3772730224816625,1.3410240762789396
cents,3.718285426849625,2.493601145183095,1.22468428166653
phies,3.71820545299376,2.3764667444198064,1.3417387085739534
pondy,3.7181586338266053,2.2888684739251057,1.4292901599014993
plead,3.7181043884779057,2.392952014062984,1.3251523744149218
raspy,3.7180938375854264,2.4241425761541358,1.2939512614312907
cages,3.7180589934919257,2.3953123330709314,1.3227466604209943
korat,3.717875805927434,2.4026377293665226,1.3152380765609113
seely,3.717866361606024,1.984816682662281,1.733049678943743
sloka,3.7178283487879606,2.3775525391425427,1.340275809645418
cruve,3.7177979120620486,2.2225528090978846,1.495245102964164
baldy,3.7177745829555224,2.2713917901354916,1.446382792820031
chats,3.717636531939011,2.441400998323015,1.2762355336159956
huies,3.717519335303111,2.4287046552514058,1.288814680051705
moues,3.717449012133831,2.386141559004067,1.331307453129764
tames,3.717104252044356,2.4527223030280623,1.2643819490162935
cloud,3.717011092873339,2.3757608225463525,1.3412502703269866
towel,3.716876280177175,2.3658826656730008,1.3509936145041739
glans,3.716711221431688,2.4270377656045468,1.2896734558271414
atoke,3.7165792429939914,2.388530338341224,1.3280489046527673
grume,3.7162009925743957,2.272043126533015,1.4441578660413805
planc,3.7161948607826027,2.404752937638781,1.3114419231438217
lobar,3.7161219158054033,2.451947401211428,1.264174514593975
ragde,3.7161195797749995,2.38160743814646,1.3345121416285397
skear,3.7160467688546923,2.3924296189245045,1.3236171499301876
boers,3.715918650223338,2.4333900416682397,1.2825286085550984
liras,3.7158836708711553,2.597058649935935,1.1188250209352204
sdein,3.715805608080201,2.4546402759318084,1.2611653321483922
mural,3.7157803459839047,2.417210739188427,1.2985696067954775
carom,3.715754058790206,2.4176246308629783,1.298129427927228
routs,3.7157317670516523,2.536776367348618,1.1789553997030346
reate,3.7156910845496838,2.0940209196433237,1.62167016490636
purin,3.7156766206290985,2.409227824259391,1.3064487963697078
fears,3.715586844701007,2.396874932835624,1.3187119118653832
heron,3.7154914772364145,2.485401374260256,1.2300901029761584
piles,3.7154794601565406,2.4632356131970465,1.2522438469594939
fogle,3.7154553553047567,2.242378941789219,1.4730764135155376
drove,3.7153982274982775,2.2428912097302534,1.4725070177680242
racon,3.7153534507556683,2.5295281457503678,1.1858253050053005
goeth,3.7153492692178873,2.361393672022838,1.3539555971950494
blins,3.71516639558686,2.388860454968666,1.326305940618194
rhino,3.7148868046070938,2.4828653310166304,1.2320214735904635
poynt,3.714874540611434,2.3833093145129047,1.331565226098529
crawl,3.7147992850135987,2.332688550360122,1.3821107346534764
stivy,3.714764302466813,2.2400686965283976,1.4746956059384153
ulcer,3.7146796664229234,2.4820149042491915,1.2326647621737317
heats,3.714636576420978,2.4994170129031534,1.215219563517825
tonic,3.7145106712950264,2.500574632855356,1.2139360384396702
dormy,3.7144994725847162,2.2977793376243856,1.4167201349603307
alecs,3.714464166613053,2.5274712875741248,1.1869928790389284
rauli,3.7142826318422792,2.550503533737923,1.163779098104356
rodes,3.714227683300169,2.4968046034905913,1.2174230798095778
pruta,3.714158840325248,2.449396428087099,1.2647624122381493
fanes,3.714150778158977,2.3588422189045932,1.3553085592543836
godly,3.714143468242894,2.282611311607435,1.4315321566354593
crags,3.7139755571605306,2.40941972409623,1.304555833064301
doura,3.713958763195385,2.463258145444798,1.250700617750587
roped,3.7138604426103465,2.3980115764609797,1.3158488661493668
prief,3.713756369078311,2.282537204410168,1.4312191646681434
romal,3.7135805573934566,2.4732753863023262,1.2403051710911304
notes,3.7134305219000376,2.5532127301473593,1.1602177917526784
sweal,3.7134282930906997,2.368683213383202,1.3447450797074976
erase,3.713231206889025,2.0854083795854326,1.6278228273035924
cunei,3.713207135392819,2.4438114062153264,1.2693957291774924
danio,3.713136909010277,2.477158464999914,1.235978444010363
topes,3.71312916853493,2.47043106549172,1.2426981030432098
artic,3.7131011028399454,2.5500204345544786,1.1630806682854669
pruno,3.7130647255319733,2.4133594378871432,1.2997052876448303
enlit,3.7130255112038304,2.554629817910577,1.1583956932932535
woady,3.713019844502461,2.2157053537733673,1.4973144907290936
hones,3.712805904199171,2.463380022703198,1.2494258814959733
noble,3.712784861959901,2.4009060291281785,1.3118788328317221
roose,3.712615380056475,2.07399529181734,1.638620088239135
sworn,3.7125939813470357,2.349817452875466,1.3627765284715696
beaky,3.7125668361040813,2.1579689769421035,1.5545978591619778
chias,3.7124332566965634,2.4381663755532585,1.2742668811433049
brens,3.7123730167061293,2.4078691483783805,1.3045038683277488
ergot,3.7123329129690523,2.464635190966167,1.2476977220028855
bronc,3.7123178799422787,2.3593626647141295,1.3529552152281492
caulk,3.7121550038470654,2.271385837980266,1.4407691658667994
smith,3.7120456028289412,2.3480434737141866,1.3640021291147544
talky,3.7120361726153046,2.313459120211464,1.398577052403841
scend,3.71196865832805,2.399160304595296,1.3128083537327542
nital,3.7119247626241663,2.567638476062796,1.14428628656137
sloot,3.7118643091286927,2.0582212211773823,1.6536430879513104
hires,3.711713930252583,2.4972811230064758,1.214432807246107
fetal,3.711712925563592,2.389014822727426,1.3226981028361657
noles,3.711633727022558,2.550148891480438,1.1614848355421201
atomy,3.711619119006286,2.391121445339105,1.3204976736671807
pieta,3.7116189812261657,2.487222070547947,1.2243969106782187
tardo,3.711617998354349,2.518425801700701,1.193192196653648
flour,3.7115748481005273,2.3365414697287292,1.3750333783717983
uraos,3.7114648518188087,2.5490864459747056,1.1623784058441031
lithe,3.71144879786013,2.4894210128982786,1.2220277849618515
aitch,3.7114354874033806,2.4467789156111497,1.2646565717922307
arret,3.7112918398498027,2.0940209196433233,1.6172709202064794
syrah,3.711252342557252,2.4417154357974766,1.2695369067597753
festy,3.7112335799519474,2.2993470745793934,1.411886505372554
motes,3.711154894897607,2.44130921525997,1.2698456796376376
roads,3.7111246077127626,2.50981326164281,1.2013113460699527
fogie,3.7111166041793457,2.242208157686384,1.4689084464929616
paced,3.711098453528857,2.3373012586236364,1.3737971949052203
caese,3.7110814764216604,2.0132849739799963,1.6977965024416641
chyle,3.710960149691262,2.362132073430791,1.3488280762604712
wince,3.710786727626803,2.2814763941740375,1.4293103334527657
atopy,3.710750613777834,2.420243295570856,1.2905073182069777
chaos,3.710514175067511,2.442297989181011,1.2682161858865002
moble,3.7105092349574704,2.289002514240789,1.4215067207166814
laker,3.7105020775104847,2.3979783203154748,1.31252375719501
telos,3.7104999424177154,2.574772793912301,1.1357271485054143
grots,3.7104693038042598,2.456721230434406,1.2537480733698538
auris,3.710402419429054,2.5449548323469533,1.1654475870821006
trams,3.7103808272425756,2.4668296940533603,1.2435511331892155
darts,3.710248808362902,2.5089162707848143,1.2013325375780879
mpret,3.7102425379579773,2.3550280088715305,1.3552145290864468
nadir,3.7101300682943563,2.489670285641086,1.22045978265327
foyle,3.7101124895155433,2.305792766828359,1.4043197226871844
radon,3.7100417213077623,2.493801899268838,1.2162398220389243
wrath,3.7100087399482664,2.3046342756891507,1.405374464259116
acorn,3.709981077700329,2.5295281457503678,1.180452931949961
doers,3.709808002789163,2.4968046034905913,1.2130033992985716
pleno,3.7097973927001977,2.451355864450827,1.2584415282493706
talik,3.7097546102207724,2.3820334655726816,1.3277211446480908
serry,3.709739053315684,2.00128933282837,1.7084497204873144
surer,3.7096901826421966,2.0179306447034415,1.691759537938755
feals,3.709652961860012,2.380402282669535,1.3292506791904768
breis,3.7096491865749908,2.429258428040487,1.2803907585345038
turns,3.709643386037581,2.5112554740587587,1.198387911978822
sulky,3.709595679659989,2.2373688452715816,1.4722268343884073
sicht,3.7095628906832205,2.4258562969271704,1.2837065937560501
traps,3.709512322014123,2.4959515442851106,1.2135607777290125
sloyd,3.709506709083561,2.4092215647196586,1.300285144363902
permy,3.709494352334235,2.2832190407405557,1.4262753115936795
toast,3.7094516787088656,2.0735951384703917,1.6358565402384742
tarre,3.7093770252149603,2.0940209196433237,1.6153561055716366
tamin,3.7093734072772655,2.4341748974104647,1.275198509866801
moles,3.709358100020128,2.4382453765930485,1.2711127234270794
bason,3.709322176427171,2.4083659858894277,1.3009561905377434
misty,3.7091697900100913,2.3660672130273737,1.3431025769827176
rhody,3.7089765150099203,2.3444740474994767,1.3645024675104436
snick,3.7087477125193407,2.2808361890174913,1.4279115235018494
foyne,3.708497568521271,2.2842327030634175,1.4242648654578534
lower,3.7084906011766243,2.379291477172168,1.3291991240044565
carvy,3.7084708469497367,2.2189201553750317,1.489550691574705
lover,3.708459547019483,2.334268211651131,1.374191335368352
bines,3.708358781579947,2.391225714109457,1.31713306747049
draft,3.7082685815047607,2.311745211831847,1.3965233696729138
alate,3.708263172944918,2.077548269477235,1.630714903467683
trant,3.708233515503471,2.070095596737591,1.6381379187658798
larky,3.7081833100142942,2.3268679317106304,1.3813153783036638
laces,3.7081040622954498,2.5274712875741243,1.1806327747213254
steik,3.7080951964201856,2.3634761060294927,1.344619090390693
lotas,3.7080800425219924,2.58778145206452,1.1202985904574723
skirl,3.708030836120109,2.37451965838787,1.3335111777322393
doula,3.7080248803543903,2.4467854952787094,1.2612393850756807
pronk,3.7079458697391074,2.258298181221069,1.4496476885180383
brisk,3.707760010663073,2.2197280946446405,1.4880319160184325
celts,3.707593029676394,2.5151612089480366,1.1924318207283575
moits,3.707407572396038,2.438773172016344,1.2686344003796939
cames,3.7070749824315348,2.3940077089217935,1.3130672735097413
naive,3.706986577969853,2.3074778013853576,1.3995087765844956
lants,3.7068979016585555,2.5622605587746614,1.1446373428838938
swoln,3.706660098506041,2.3333448027093775,1.3733152957966632
yince,3.7065906519744907,2.427170094340255,1.2794205576342357
spume,3.706390773247909,2.277839001058569,1.4285517721893402
stock,3.7063763390249953,2.309591705077107,1.3967846339478882
north,3.706206651873781,2.486099953786387,1.220106698087394
mobie,3.7061704838320595,2.288831730137954,1.4173387536941053
plume,3.7061272644195564,2.283387702449539,1.4227395619700176
skoal,3.7060973018087378,2.3775525391425427,1.328544762666195
ravel,3.706056360286259,2.345681299419223,1.360375060867036
ports,3.706051109494929,2.4845384565170185,1.2215126529779106
poets,3.7060049096009666,2.4704310654917205,1.235573844109246
fluor,3.7059544972460436,2.3365414697287283,1.369413027517315
aguey,3.705564783793097,2.3356628428482136,1.3699019409448834
satay,3.7055429977023273,2.0008891794814216,1.704653818220906
trait,3.7055096853723324,2.0914848763996976,1.614024808972635
liers,3.705365122138227,2.584049991783716,1.1213151303545112
binge,3.705267146992729,2.2646154609972333,1.4406516859954959
fates,3.7052551758632255,2.3834661213364563,1.3217890545267694
sonny,3.705230006329824,1.964852189281466,1.7403778170483577
dwale,3.7052006864960716,2.2828549128532942,1.4223457736427774
rache,3.7051862069984,2.4627237703539424,1.2424624366444579
retch,3.705127267123234,2.4504136917278547,1.2547135753953789
serum,3.7051253098545835,2.3986533796452387,1.3064719302093448
blues,3.7050298227877247,2.360852744388252,1.344177078399473
salat,3.7049355016514083,2.0696343089454747,1.6353011927059335
swipe,3.7048739359516096,2.2487967835667764,1.4560771523848333
tawny,3.704808026879264,2.2846253010713076,1.4201827258079567
taigs,3.704720638053657,2.451490883933575,1.2532297541200823
bepat,3.70465896737273,2.332601290907553,1.372057676465177
alick,3.704629827046543,2.323318871466413,1.3813109555801302
lathy,3.7046153919529377,2.4338553256892794,1.2707600662636582
fable,3.7046095159230887,2.2311594203172755,1.4734500956058132
thins,3.704441373635152,2.4599469886015766,1.2444943850335752
garbe,3.704360906844542,2.3181928763241086,1.3861680305204334
wetly,3.7041969767018474,2.2931767066840303,1.4110202700178172
sheik,3.7041885051581858,2.2736433985853313,1.4305451065728545
toshy,3.703992214864,2.416893536530217,1.2870986783337826
eolid,3.7039453617313214,2.485709870612637,1.2182354911186846
lours,3.7039018109192505,2.533712528681696,1.1701892822375544
leare,3.7038611284172815,2.090957080976402,1.6129040474408796
strop,3.703619713827394,2.4845384565170185,1.2190812573103753
bions,3.7034879861692183,2.3928212844935834,1.3106667016756348
fales,3.7034583809857455,2.3804022826695346,1.3230560983162112
anils,3.7034113397580453,2.559025936004905,1.1443854037531405
lowse,3.703409480482258,2.3572701256151096,1.3461393548671485
parve,3.7033544880663136,2.241339570998642,1.4620149170676715
agony,3.7032954734418966,2.3678021670563805,1.335493306385516
beton,3.703240726268027,2.4039698677951002,1.2992708584729271
golpe,3.703238404914181,2.3407569737125757,1.3624814312016054
copes,3.703099898922109,2.4117164713854513,1.2913834275366576
glued,3.702813770040107,2.29765705309838,1.4051567169417274
rivet,3.7027990975249816,2.3332004366903,1.3695986608346817
lades,3.702792332847544,2.4917450410925945,1.211047291754949
sally,3.7027138884378967,1.9978253408145001,1.7048885476233966
brink,3.702538677139619,2.2037167322706686,1.4988219448689506
shock,3.7024696477629955,2.2197589976329457,1.4827106501300498
monpe,3.7024663578469124,2.3178922857984956,1.3845740720484168
rapes,3.702340302801156,2.4952529647589796,1.2070873380421765
dalek,3.702318796526519,2.2901286682285082,1.4121901282980107
dines,3.702248134145772,2.4546402759318084,1.2476078582139634
holes,3.7021135070259406,2.4849400864681397,1.2171734205578009
nosed,3.702103268433892,2.4587718895595607,1.2433313788743312
carer,3.702101405984691,2.0353063255370545,1.6667950804476366
toman,3.701996968030665,2.438306511038217,1.2636904569924476
speld,3.7019616656262984,2.3720293953790046,1.3299322702472938
spark,3.701822087493228,2.285722631363133,1.416099456130095
dioch,3.7018177869404,2.3409249872552587,1.3608927996851417
perch,3.7017407268027336,2.3430081246403525,1.3587326021623813
showy,3.7016930148252567,2.1993908682330257,1.502302146592231
anomy,3.7015846093502955,2.3664975429072426,1.335087066443053
lease,3.701533658105468,2.068935729419344,1.632597928686124
podal,3.701531755354634,2.3945475844471105,1.3069841709075236
belon,3.701443931390547,2.4009060291281785,1.3005379022623689
avise,3.7013404544850954,2.323489163759329,1.3778512907257663
curls,3.701229037419033,2.4741009437174317,1.2271280937016011
ering,3.7011771632404473,2.4358796749065514,1.2652974883338957
ament,3.7010158420524277,2.4367109406540903,1.2643049013983374
lokey,3.700987909095544,2.3013474529172404,1.3996404561783036
skarn,3.700939399425179,2.3685042960187728,1.3324351034064061
piend,3.7008107095363663,2.3558472489021973,1.344963460634169
metol,3.7004125445672855,2.4468579166509397,1.2535546279163459
plots,3.7003955756494205,2.4680658063509298,1.2323297692984907
crams,3.7003515576297548,2.4081150999470915,1.2922364576826633
spend,3.7003467446320255,2.350469331614063,1.3498774130179627
meils,3.7002716624927583,2.4341137629652962,1.266157899527462
guano,3.7001082214723846,2.384443478931452,1.315664742540933
proby,3.7000304573972542,2.2634866260337847,1.4365438313634693
toges,3.6999668410527744,2.442613839409108,1.2573530016436663
loric,3.6999654115207856,2.5355435081194653,1.1644219034013203
pawer,3.6999648526008397,2.286362836519679,1.4136020160811609
paver,3.6999337984436984,2.241339570998642,1.4585942274450565
mosed,3.6998276414314617,2.3468683746721712,1.3529592667592902
abort,3.6996500968512667,2.455011239878349,1.2446388569729179
ylide,3.699648682623011,2.4130039116236666,1.2866447709993443
curns,3.69961411642476,2.45254087995249,1.24707323647227
doris,3.6995815687167193,2.494268560246965,1.2053130084697539
dures,3.6994837422121893,2.4407399563766923,1.2587437858354973
craps,3.699483052401302,2.437236950178842,1.2622461022224603
bites,3.6994631792841957,2.41584961654132,1.2836135627428757
oware,3.699407508992446,2.3946653944651772,1.3047421145272686
pound,3.6993473983173892,2.3055097858001776,1.3938376125172116
ringy,3.6993155634530517,2.3647692863017076,1.334546277151344
fresh,3.6992662002694745,2.294732146765374,1.4045340535041007
twiny,3.6992526767284346,2.269080599675463,1.4301720770529716
lento,3.6992033549297902,2.558761431538329,1.140441923391461
choke,3.6991604185965588,2.2276729581647055,1.4714874604318533
dinge,3.6991564995585544,2.3280300228195854,1.371126476738969
volte,3.6991367328287694,2.320859400151963,1.3782773326768063
hiper,3.6990679896399357,2.398488095976865,1.3005798936630708
diols,3.698992259729316,2.477795910080877,1.221196349648439
heirs,3.698960952339566,2.497281123006476,1.2016798293330897
labor,3.698921815774715,2.451947401211428,1.2469744145632868
perls,3.6989151995916494,2.4798790474659707,1.2190361521256787
capon,3.698913936929702,2.4087137671636984,1.2902001697660037
leavy,3.6988768287395817,2.260463519789081,1.4384133089505005
aptly,3.698704676076942,2.4162824660459385,1.2824222100310037
aglet,3.698663170505955,2.45957562856817,1.2390875419377847
meins,3.6986567414984854,2.4125536992003545,1.286103042298131
boink,3.69853550682156,2.191204911629497,1.5073305951920628
woald,3.6984250150470452,2.2844504832374204,1.4139745318096248
blanc,3.6983817850327787,2.354303102316133,1.3440786827166455
treck,3.698353584643201,2.330017486250039,1.3683360983931618
amrit,3.6983382118152517,2.472207611341495,1.2261306004737569
redan,3.6983129779039694,2.4922063288847114,1.206106649019258
wares,3.69827422656647,2.3851558635492904,1.3131183630171797
trods,3.6982297422126242,2.4975031830167223,1.200726559195902
lowne,3.6981881469588043,2.3412587632411377,1.3569293837176666
giron,3.6981155834428905,2.437475245290678,1.2606403381522124
thali,3.698095244290486,2.502429671050497,1.1956655732399888
hamel,3.6979754663222586,2.3684382969748703,1.3295371693473885
guard,3.6979428684111273,2.327138361416688,1.3708045069944395
halon,3.697927545033534,2.4819373822463864,1.2159901627871472
burin,3.6978635448792745,2.358777988936743,1.3390855559425314
praus,3.6978373118242853,2.4407838880292076,1.2570534237950777
narod,3.697832228939892,2.4938018992688384,1.2040303296710537
liens,3.6978163183029595,2.5460172778526857,1.1517990404502738
biles,3.6976663844067157,2.412785777874398,1.2848806065323175
agley,3.6974738716793945,2.3877666604371957,1.3097072112421988
decoy,3.6973580310282257,2.361484769812072,1.335873261216154
perns,3.6973002785973765,2.458318983701029,1.2389812948963477
abnet,3.696972088426728,2.4153829555631923,1.2815891328635358
pelsh,3.6969224644070215,2.3766375285226413,1.3202849358843802
mathe,3.696801689147933,2.3715021356417916,1.3252995535061414
liang,3.6967971238822877,2.4324156828926817,1.2643814409896057
looey,3.696746981883276,1.9943262135781679,1.702420768305108
dogly,3.6967193053843594,2.282611311607435,1.414107993776924
trunk,3.6964511007317,2.3096391011946724,1.3868119995370276
drink,3.696428029705444,2.26713129409302,1.4292967356124238
louns,3.696353007083983,2.495679814750666,1.200673192333317
alces,3.6961913158610473,2.5274712875741243,1.1687200282869228
cornu,3.6961755646841605,2.4620504108683767,1.2341251538157838
lunes,3.6961328355078424,2.4940842443665394,1.202048591141303
avine,3.6961191209616415,2.307477801385357,1.3886413195762843
brief,3.6959432933284866,2.2320873690875196,1.463855924240967
payor,3.695899040791385,2.4336521070700226,1.2622469337213627
raids,3.695843589311127,2.5056816480150577,1.1901619412960696
busty,3.6958056564096853,2.2928061944503293,1.402999461959356
almeh,3.6957394952951352,2.3684382969748707,1.3273011983202645
frena,3.6956576628583866,2.380863570461652,1.3147940923967345
regal,3.695635725019367,2.4729844400673375,1.2226512849520295
augen,3.695621033303766,2.3828479085473253,1.3127731247564405
dolia,3.6955952171152764,2.498718528764856,1.1968766883504203
snowy,3.695565196431266,2.264599673245324,1.430965523185942
lovie,3.695433262670524,2.317624777382207,1.377808485288317
niger,3.6954258821543977,2.435879674906551,1.2595462072478467
boyar,3.695286065072249,2.3832022717473746,1.3120837933248743
laigh,3.6952686277388387,2.367206877880383,1.3280617498584557
arene,3.695254024299725,2.06939701721146,1.625857007088265
foils,3.695179364840884,2.366453151657817,1.3287262131830673
tarte,3.6950590203419313,2.0940209196433237,1.6010381006986076
blits,3.694988383049932,2.413484357400529,1.281504025649403
panch,3.694869191773084,2.317984068861541,1.3768851229115429
steam,3.694831238995768,2.4527223030280623,1.2421089359677053
mesal,3.6947652513226372,2.449658464361141,1.2451067869614962
corda,3.694739434019758,2.4597112075944323,1.2350282264253256
mined,3.69467828459183,2.3267253986704466,1.3679528859213834
skied,3.694636731633418,2.269035265441694,1.4256014661917236
rapin,3.694609458034066,2.476705559141382,1.217903898892684
peris,3.694576448466238,2.4797082633631353,1.2148681851031027
bilge,3.6945747498194983,2.286175524762175,1.4083992250573232
sonsy,3.6944399774793055,1.964852189281466,1.7295877881978394
chins,3.6944121040223306,2.4012323944953073,1.2931797095270232
strag,3.6942990838117495,2.4681343182024986,1.2261647656092507
spank,3.6942732836579606,2.247689917432103,1.4465833662258576
riced,3.694167200146547,2.4425709358144614,1.2515962643320857
chela,3.694117073710319,2.446251120187854,1.2478659535224648
duars,3.6940482737245697,2.4537486145289114,1.2402996591956583
plank,3.694009774829607,2.2532386188230724,1.4407711560065346
funsy,3.693726220157494,2.2202540954177588,1.473472124739735
louis,3.6936291769528444,2.5170690944127725,1.176560082540072
flora,3.693593962424049,2.40401920461072,1.2895747578133288
foins,3.6935644438466113,2.344893087892875,1.3486713559537362
orang,3.693516114506661,2.453019946686523,1.2404961678201383
urena,3.6934528294673434,2.531479513216607,1.1619733162507366
tices,3.69343592607113,2.5149904248452013,1.1784455012259285
gryce,3.6934117223960152,2.333214637870927,1.3601970845250881
dites,3.693352531850021,2.4792641783636715,1.2140883534863491
suete,3.6932709070187837,2.004521833204274,1.6887490738145097
torus,3.6930543344705056,2.5367763673486174,1.1562779671218881
lunge,3.693041200920625,2.367473991254316,1.325567209666309
heils,3.6930270694985707,2.4808084728403874,1.2122185966581833
nigre,3.6926722317718452,2.435879674906551,1.2567925568652942
hosed,3.6925830484372737,2.393563084547262,1.2990199638900117
reine,3.6924666566330036,2.053852315815616,1.6386143408173877
serow,3.6922534170197046,2.373742775781198,1.3185106412385066
birth,3.6922393092579386,2.3487368401803472,1.3435024690775914
garis,3.6919560235940865,2.464899695432742,1.2270563281613445
palmy,3.6919304201313548,2.279755048726686,1.4121753714046685
mured,3.6919138926582478,2.3128250791153304,1.3790888135429173
belah,3.691909207807977,2.3471103118839727,1.344798895924004
erupt,3.691636579768026,2.43638776993488,1.2552488098331458
afret,3.6916203913377257,2.4054874728935145,1.2861329184442112
aides,3.6916070601458353,2.4915742569897597,1.2000328031560754
prism,3.691564146183108,2.3438794255700137,1.3476847206130942
cundy,3.691543628219508,2.2814947997924406,1.4100488284270676
begat,3.6914966398905746,2.304784064824941,1.3867125750656335
glias,3.6913299336523133,2.4484270452666537,1.2429028883856597
ainee,3.691239789173543,2.0527535829425365,1.6384862062310064
ioras,3.6908386422321353,2.6010194794608523,1.0898191627712828
untie,3.690827794941331,2.5025260003215952,1.188301794619736
clerk,3.690703302122371,2.326953647583118,1.3637496545392533
build,3.6904641597253045,2.2724884006147184,1.4179757591105862
glike,3.6904629787026444,2.2338020142503483,1.456660964452296
geits,3.6899431732020567,2.438482225781356,1.2514609474207006
toaze,3.6898374407592653,2.172940188048412,1.5168972527108533
lindy,3.68979202999167,2.3890785887179344,1.300713441273736
parcs,3.6897759423136613,2.437236950178842,1.2525389921348196
dusty,3.6896950089755105,2.3562207562726813,1.3334742527028292
flosh,3.68965369599987,2.279855066983412,1.4097986290164577
pauls,3.689442179502471,2.424311237863119,1.2651309416393524
rents,3.6894044086766993,2.565724550788531,1.1236798578881684
rages,3.6891779753190006,2.4674357386763677,1.221742236642633
tabes,3.689121001671106,2.4313943179371647,1.2577266837339416
bourd,3.6890831264028323,2.2930926644085594,1.395990461994273
urali,3.6890166514289624,2.550503533737923,1.1385131176910392
ghaut,3.689012980875284,2.318337683061158,1.3706752978141261
tomes,3.688982829992383,2.44130921525997,1.2476736147324132
taint,3.6889493267837765,2.0534521624686675,1.635497164315109
snarf,3.6887998644905435,2.3729496099298912,1.3158502545606523
harem,3.6884680495767714,2.384910947140959,1.3035571024358126
puled,3.6884348295680187,2.325474279180993,1.3629605503870257
flake,3.6883798338293987,2.1787859098054483,1.5095939240239504
coact,3.6883410679086914,2.023493084422014,1.6648479834866774
blume,3.6883141886697315,2.2329378671268905,1.455376321542841
borts,3.6882380337451046,2.43408862119437,1.2541494125507344
boets,3.688191833851142,2.419981230169072,1.26821060368207
moaky,3.6881736206892826,2.180892532417128,1.5072810882721543
pongy,3.6881253947833885,2.24808652134279,1.4400388734405984
tides,3.6881241966232237,2.4792641783636715,1.2088600182595524
duals,3.6881143908835745,2.4372759643628226,1.250838426520752
supra,3.6881084372780366,2.4407838880292076,1.2473245492488287
kiley,3.6879156925513232,2.297215839289488,1.3906998532618353
feats,3.687860028328811,2.3834661213364563,1.3043939069923547
intel,3.6877221746030417,2.554629817910577,1.1330923566924649
march,3.687655857690083,2.326894932560821,1.3607609251292623
harpy,3.6872963849989446,2.3429224087678655,1.344373976231079
lutes,3.687237233212091,2.5187081467984025,1.1685290864136888
acred,3.686995136012299,2.4581156372103052,1.2288794988019935
pavie,3.68690751409474,2.224696136729718,1.4622113773650218
duper,3.686837801599542,2.341946929347081,1.3448908722524608
chave,3.6868184884584227,2.1867890250365467,1.500029463421876
churn,3.686817320422511,2.3713207125662192,1.3154966078562917
resid,3.686635735320592,2.4926729898628386,1.1939627454577533
gandy,3.6866093655199728,2.272464335610586,1.414145029909387
duans,3.6864994698893017,2.4157159005978808,1.270783569291421
crunk,3.6864218311188792,2.2509245070884036,1.4354973240304756
picot,3.6863861220105747,2.417792968199717,1.2685931538108577
setup,3.6863717040630526,2.4143664183778215,1.2720052856852313
ablet,3.6862796912534974,2.436943019328134,1.2493366719253634
styed,3.686159547580739,2.4106898330024533,1.2754697145782856
fones,3.686029356107004,2.3474291311365008,1.3386002249705031
patch,3.6859735894773324,2.342607971293404,1.3433656181839286
astir,3.6859206556117967,2.6001224886028567,1.08579816700894
swath,3.685819242913552,2.282612924132092,1.40320631878146
pring,3.6857644575816737,2.32917268734518,1.3565917702364934
alkie,3.685563046727123,2.3813348860465506,1.3042281606805726
holme,3.6853978729079473,2.3570252092067783,1.328372663701169
antes,3.6853657287284136,2.5646258179154517,1.120739910812962
frons,3.6851617310143348,2.361536522161799,1.3236252088525355
piton,3.684968870989641,2.4518836598741225,1.2330852111155182
fires,3.684937382160416,2.381330231439779,1.303607150720637
yaird,3.6848818038340925,2.4424852199419744,1.242396583892118
marls,3.6848303304789987,2.463765855386439,1.2210644750925597
croup,3.6847966693554692,2.3792687462127375,1.3055279231427315
scrod,3.6847144888135857,2.4387885889104535,1.2459258999031322
derpy,3.684702123921783,2.3253056174720097,1.3593965064497735
yodle,3.6846320575769744,2.417135525251419,1.2674965323255556
stipa,3.6846285677863615,2.479308110016187,1.2053204577701746
bield,3.684612554780815,2.326957477344491,1.3576550774363239
goras,3.6845795843474853,2.4690313090604943,1.2155482752869908
conky,3.6845778781237413,2.2217713745721603,1.462806503551581
final,3.6845235968311325,2.3618548770519374,1.3226687197791949
nerdy,3.684292083311554,2.4080872821276484,1.2762048011839053
sward,3.6841725711713855,2.2914136024876224,1.3927589686837631
gaudy,3.684007880460445,2.241920581786546,1.4420872986738988
sewan,3.6839772980007135,2.3471231496182603,1.3368541483824534
layed,3.6839198988863524,2.428548613019511,1.2553712858668415
rifle,3.683878626188078,2.386878932830749,1.296999693357329
craze,3.6838113414645033,2.1267374145833147,1.5570739268811886
boree,3.683765193961801,1.9247524294650806,1.7590127644967204
haply,3.683547050509196,2.326449758601777,1.3570972919074187
flamy,3.6834197098416936,2.1813770168033297,1.5020426930383637
pilon,3.683172076112161,2.448819821207201,1.23435225490496
parti,3.682809040754355,2.501329461573245,1.1814795791811097
naris,3.682767206356018,2.5754985861709936,1.1072686201850246
blots,3.6825824998995955,2.4176159710282814,1.2649665288713143
renos,3.6822820518052,2.566621541646527,1.1156605101586732
blend,3.682270160053848,2.3055681976823843,1.3767019623714636
reads,3.6821957642782825,2.5082176912586838,1.1739780730195986
buteo,3.682132705592198,2.37342611397106,1.3087065916211384
dorts,3.6821273863109294,2.497503183016722,1.1846242032942076
chons,3.6820062208719944,2.4053640081230596,1.2766422127489347
nuder,3.681910819737853,2.42472859400272,1.2571822257351328
towsy,3.681907938350746,2.2892235756771875,1.3926843626735583
fural,3.68175920489755,2.3479545574968212,1.3338046474007288
proud,3.6816705500815043,2.3435424997312078,1.3381280503502964
bound,3.6815343225675643,2.255059950477529,1.4264743720900355
onlay,3.6815177059952475,2.499961121559574,1.1815565844356737
brack,3.681366515823059,2.185170741992107,1.496195773830952
seame,3.6813005469021296,1.9354721507670125,1.745828396135117
tomin,3.681251985225293,2.422761809642372,1.2584901755829208
morgy,3.680912060700388,2.2569973850420704,1.4239146756583176
serir,3.6808591657122456,2.069863678189588,1.610995487522658
franc,3.680783003610589,2.3228475558815136,1.3579354477290755
trigs,3.6806023863197437,2.4525896168066543,1.2280127695130896
rhyne,3.6804642105240646,2.412695415271286,1.2677687952527787
cleik,3.6804306681559646,2.3103102133141937,1.370120454841771
facty,3.680298100884719,2.2622536786832343,1.4180444222014843
grove,3.679651260323672,2.2021092571479377,1.4775420031757345
scaud,3.679619877696382,2.3816252089234755,1.2979946687729065
fiars,3.679501913672796,2.394338889591998,1.285163024080798
doyen,3.6794573168022175,2.395575461486477,1.2838818553157407
wurst,3.6790389673915476,2.3183767081934303,1.360662259198117
altos,3.6789671960569015,2.58778145206452,1.0911857439923816
comes,3.6789535603795622,2.382594621153701,1.296358939225861
resto,3.6788957098113277,2.59124544407839,1.0876502657329379
gormy,3.6787525054101113,2.2569973850420704,1.4217551203680407
decor,3.678750777391193,2.4467025494422137,1.2320482279489797
simul,3.67854779557186,2.3796446862355243,1.2989031093363355
pleas,3.6784628266167423,2.4787803145928913,1.199682512023851
lamed,3.678278753615175,2.363830163831233,1.3144485897839417
goura,3.67821179602078,2.4224761928624825,1.2557356031582974
rames,3.6781939642586092,2.4661311145272293,1.21206284973138
duple,3.6781502683759943,2.3254742791809924,1.352675989195002
cides,3.678094927010403,2.4205495842574027,1.2575453427530001
rowel,3.677965992391428,2.3792914771721683,1.29867451521926
scorp,3.6776905343758424,2.4258238624107493,1.2518666719650933
recut,3.677686347100115,2.485078742916113,1.1926076041840017
doree,3.677654546527626,1.9881669912874322,1.6894875552401936
harls,3.677585737484811,2.51046056526153,1.167125172223281
baurs,3.6775629865936423,2.3903340527065597,1.2872289338870826
teams,3.6774488134900363,2.4527223030280623,1.2247265104619738
credo,3.677424277113652,2.446702549442213,1.2307217276714386
frits,3.677389601627743,2.38202881096591,1.295360790661833
clous,3.677369531012176,2.4615891230762603,1.2157804079359158
mahoe,3.6772884610730876,2.3723991264997872,1.3048893345733004
perts,3.677122266060448,2.482942886132892,1.1941793799275564
mirah,3.67711641561982,2.3823749038973334,1.294741511722487
mayst,3.6770821615877556,2.3816119144232184,1.2954702471645372
roche,3.677064784946428,2.4513106825858504,1.2257541023605776
palis,3.6770125162633573,2.4762442713492656,1.2007682449140917
pouke,3.67686003418079,2.213647036371731,1.4632129978090593
towny,3.6766866048272915,2.273212213303215,1.4034743915240764
awner,3.6765931988744063,2.3691445011753185,1.3074486976990876
sulci,3.676471991794566,2.457457509448508,1.2190144823460578
blank,3.676196699079783,2.2027887835004245,1.4734079155793585
louts,3.676174994547055,2.520303717182529,1.1558712773645257
harns,3.6759708164905383,2.4889005014965884,1.1870703149939499
girsh,3.675781040709541,2.362756909362493,1.3130241313470479
tansu,3.675625789356305,2.5101567411856798,1.1654690481706251
masut,3.675383279408792,2.3982532262982903,1.2771300531105017
viner,3.675295822294058,2.308576534258437,1.3667192880356207
drack,3.6752558683888843,2.248585303814459,1.426670564574425
fisty,3.6751486489237366,2.2968110313357677,1.378337617587969
argon,3.675145490849066,2.4530199466865223,1.2221255441625434
mandy,3.675144921279474,2.271159711461448,1.403985209818026
arete,3.675076011762797,2.0940209196433233,1.581055092119474
yrneh,3.675053148639666,2.412695415271286,1.26235773336838
telic,3.6748894306873146,2.520539126236171,1.1543503044511436
lodes,3.6746709107955713,2.4803319533245025,1.1943389574710688
buyer,3.6744432557623483,2.314128966481257,1.360314289281091
loped,3.674303670105749,2.3815389262948914,1.2927647438108578
clads,3.6742643776903026,2.4337290265124567,1.2405353511778459
chits,3.6742340914854026,2.4258562969271704,1.248377794558232
pahit,3.6742208313541846,2.398087942629916,1.2761328887242687
ropes,3.6742188807491836,2.4838398769908876,1.190379003758296
cowry,3.6742061390497387,2.252530333127977,1.4216758059217616
strim,3.674132456084359,2.451284992657516,1.222847463426843
vitae,3.6741189184547185,2.3321017038172203,1.3420172146374985
balmy,3.6741173443815303,2.2293052134040376,1.4448121309774924
rogan,3.6740706913053094,2.4530199466865223,1.221050744618787
goers,3.6740610356145575,2.4560226509082757,1.218038384706282
waned,3.6739939879115293,2.261294849088352,1.4126991388231773
corer,3.6739799839327185,2.0238932377689625,1.6500867461637563
manso,3.673870661249765,2.429693970980326,1.2441766902694391
whist,3.673836954989118,2.2670682227362478,1.4067687322528704
bowet,3.6738269072626357,2.2110911019297714,1.462735805332864
wrapt,3.673686569844636,2.2870614160458103,1.3866251537988257
baric,3.673626587195177,2.3921650321443284,1.2814615550508486
pumie,3.6735889018920362,2.2832169183467035,1.3903719835453328
daube,3.673584588443516,2.290398361151354,1.3831862272921622
strig,3.673554101006378,2.4525896168066543,1.2209644841997238
derns,3.673376555413377,2.471283710200732,1.2020928452126447
prong,3.673358574431337,2.3333043009729324,1.3400542734584047
elsin,3.6732618268657005,2.5460172778526857,1.1272445490130147
enrol,3.673185235862489,2.5721702430374966,1.1010149928249922
pelta,3.6731359144590052,2.4873928546507824,1.1857430598082228
moras,3.6731151401069857,2.467726684911356,1.20538845519563
sprod,3.6730925751175603,2.3900976159292195,1.2829949591883407
stoma,3.673091189864478,2.454317873412189,1.218773316452289
loose,3.6730586075518774,2.0575226416512513,1.615535965900626
unset,3.6726818164265733,2.4971480830334607,1.1755337333931126
tragi,3.672641335980805,2.473512235490633,1.1991291004901719
pedal,3.6726029119201535,2.392952014062984,1.2796508978571697
graft,3.6725216143301553,2.2709632592495312,1.401558355080624
wager,3.672465958471667,2.258545610437067,1.4139203480345999
buats,3.672432104786549,2.3769252412073922,1.2955068635791567
sheng,3.672325039981554,2.327260238675088,1.3450648013064657
strew,3.6718740545863024,2.3728457849232023,1.2990282696631001
leuch,3.6718646118548595,2.378773385305863,1.2930912265489962
power,3.6718434305488676,2.2749497487515873,1.3968936817972806
begar,3.6717000874269816,2.318192876324108,1.3535072111028736
lifey,3.67161664054406,2.301661153200607,1.3699554873434525
relos,3.671589654631969,2.5881816054114686,1.0834080492205005
lodge,3.6715792762083534,2.353721700212279,1.3178575759960744
loads,3.6715678352081653,2.4933406114767216,1.1782272237314437
cargo,3.6715554896983114,2.4189292550121166,1.2526262346861947
parky,3.6715361393865376,2.22252620329005,1.4490099360964879
kraut,3.671462843045629,2.3465730822526236,1.324889760793005
paces,3.6714568916676935,2.4231295591535438,1.2483273325141495
daurs,3.671452339159467,2.4537486145289114,1.2177037246305558
verst,3.671442129548709,2.327822519402165,1.3436196101465439
bendy,3.6714167146423,2.2368230682183308,1.434593646423969
cabin,3.6713608872911947,2.354132318213298,1.3172285690778969
yeard,3.671233978801247,2.4450212631856,1.226212715615647
flans,3.6712256361048343,2.3564769597638024,1.3147486763410319
erick,3.6711898567780494,2.3267828634802825,1.344406993297767
kiter,3.6711052337917707,2.385497457586551,1.2856077762052196
bugle,3.6710985883280136,2.2342424912760284,1.4368560970519852
tuism,3.6709752398707725,2.3827085249024456,1.2882667149683267
pogue,3.6707076915164905,2.288653156123594,1.3820545353928964
tophe,3.670654540733283,2.38921089810545,1.2814436426278333
globe,3.6705839509470612,2.290307138389928,1.3802768125571334
gonia,3.6705406471139015,2.4363765124175987,1.2341641346963028
grens,3.6705154020973487,2.4305017576184165,1.2400136444789323
ramin,3.670463119491519,2.4475837089096317,1.2228794105818874
troat,3.67044634457376,2.0956164900274503,1.5748298545463095
narco,3.6702721534746763,2.5295281457503678,1.1407440077243087
pants,3.6702507310307984,2.4579188303540804,1.212331900676718
trist,3.6700524085733166,2.070562257715719,1.599490150857598
forth,3.669909883784996,2.3049402572073916,1.3649696265776046
weald,3.6694961716125647,2.282854912853294,1.386641258759271
abuse,3.669492930209241,2.3762266616812613,1.2932662685279799
yrapt,3.6694904941923228,2.4327551162120273,1.2367353779802954
frati,3.6694285512888043,2.402951429649889,1.2664771216389155
limen,3.6693732908801047,2.4181024005913243,1.2512708902887804
slaes,3.6691177367909784,2.068935729419344,1.6001820073716346
powre,3.669089780166315,2.274949748751587,1.394140031414728
ulans,3.6690208027137916,2.507092902518758,1.1619279001950336
nudie,3.6688845353888944,2.408085159733796,1.2607993756550981
thrid,3.668867507864964,2.4121514020026993,1.2567161058622645
citee,3.6688320537423595,2.0063528126420427,1.6624792411003169
fusel,3.668830144360862,2.312924547787544,1.3559055965733182
shawl,3.6688127035023754,2.279549085465171,1.389263618037204
piers,3.668717951510471,2.4797082633631353,1.1890096881473355
bunde,3.66861419358626,2.2534643800934027,1.4151498134928575
tokay,3.6685978117834117,2.3174199497363803,1.3511778620470314
goaft,3.668518444012096,2.25845143860836,1.4100670054037363
dicty,3.6683954568715142,2.35805173571045,1.310343721161064
taken,3.668393879362496,2.3630094450513655,1.3053844343111307
yager,3.6682698828193536,2.404239310603284,1.2640305722160696
plush,3.66820097175982,2.3221684517928693,1.3460325199669507
trogs,3.6681965031694075,2.4567212304344066,1.211475272735001
cadgy,3.668169886515993,2.23837364393618,1.4297962425798125
batch,3.668160513727508,2.2921581359707557,1.3760023777567525
goels,3.6681271527735624,2.439550000742187,1.2285771520313755
lurid,3.668094057477261,2.443752614524036,1.2243414429532253
slurb,3.668024248590302,2.37496013541355,1.2930641131767522
shrew,3.667967363324302,2.2830130774790405,1.3849542858452615
smoke,3.6679568799645716,2.2310803023379924,1.4368765776265793
bring,3.6679513818318483,2.2787228520225318,1.3892285298093168
handy,3.667900328285286,2.3178544213365386,1.3500459069487474
kaury,3.6678122947382494,2.2747641141216492,1.3930481806166002
plaud,3.6677344551720035,2.338482937333211,1.3292515178387925
roids,3.6677221672591545,2.4942685602469656,1.173453607012189
orbat,3.6676236844306778,2.4550112398783495,1.2126124445523283
daric,3.6675159397610018,2.45557959396668,1.2119363457943217
rawly,3.66751266008779,2.319594176335416,1.347918483752374
ptish,3.667470217478031,2.3771653239459374,1.2903048935320935
roams,3.6674673691387705,2.4677266849113564,1.199740684227414
whiny,3.6674263226391037,2.1792478922313014,1.4881784304078025
lenis,3.6673018185778914,2.5460172778526857,1.1212845407252057
pours,3.667254640291494,2.4293708002611156,1.2378838400303782
peare,3.6672139577895253,1.9866153525558212,1.6805986052337039
aimed,3.6670934809134663,2.3636593797283982,1.303434101185068
trims,3.666978386788968,2.451284992657516,1.2156933941314518
torte,3.666937598289959,2.0826078318752312,1.5843297664147276
abler,3.6664831387899053,2.4503518308273016,1.2161313079626035
colby,3.6664123363452634,2.2957049488489294,1.370707387496334
sanko,3.666411376839136,2.355992475377601,1.310418901461535
mopsy,3.6662766339805914,2.2627932595676237,1.4034833744129676
trips,3.666109881560515,2.4804068428892663,1.1857030386712488
yores,3.6659567288621844,2.519436475947415,1.1465202529147691
horas,3.6658705471127986,2.514421394786447,1.1514491523263515
flota,3.665867146051853,2.3906103931115528,1.2752567529403
sheet,3.6658543163344826,1.9698567820160156,1.6959975343184668
preak,3.6658351081695013,2.2936365918948938,1.3721985162746075
giber,3.665647437958826,2.3026481749282643,1.3629992630305616
letch,3.6655704946186365,2.4339410415617664,1.2316294530568699
soldi,3.665544065071841,2.477795910080877,1.187748154990964
thank,3.665471677128074,2.2738753171333346,1.3915963599947396
plasm,3.6652221681232717,2.3429514767997697,1.3222706913235018
poilu,3.6651971218733665,2.4182760673831614,1.2469210544902054
amide,3.665130447636629,2.3636593797283982,1.3014710679082309
looie,3.665113443897285,2.062900558939386,1.6022128849578992
aleft,3.6651047427682437,2.389014822727426,1.2760899200408178
kaies,3.6651028765394127,2.375786184655581,1.2893166918838321
trema,3.6650684354826835,2.474743654585121,1.1903247808975623
pease,3.664886487477711,1.9645940009987628,1.7002924864789484
drift,3.664866141051152,2.296200510436002,1.3686656306151501
rubel,3.6647544977103053,2.3828740959453105,1.281880401764995
viler,3.664603425120826,2.330136598023378,1.3344668270974482
pokey,3.6643407384677866,2.197005724496659,1.4673350139711276
abune,3.6642715966857873,2.3602152993072893,1.3040562973784982
guiro,3.664254584854045,2.406931491466638,1.2573230933874069
blive,3.664170339569344,2.1588723841140607,1.5052979554552834
pouch,3.664146284661583,2.2760272272694086,1.3881190573921744
terse,3.664106680441991,2.0730983009593444,1.5910083794826466
perai,3.663957940479063,2.5006308820471146,1.1633270584319484
boing,3.663948211513789,2.2662110313813604,1.397737180132429
goris,3.663834601542114,2.45348660766465,1.210347993877464
whort,3.6637585421505956,2.2932211879210582,1.3705373542295374
inlay,3.663756857049913,2.4958295079318216,1.1679273491180913
tunas,3.663742738195711,2.5101567411856798,1.153585997010031
start,3.6636731594766947,2.0861069591115635,1.5775662003651312
timed,3.663610617390855,2.35134930110231,1.3122613162885448
islet,3.663513826691089,2.570641180284549,1.0928726464065404
deink,3.663496015952904,2.253023903067722,1.410472112885182
fiord,3.663335151930015,2.297097501293998,1.366237650636017
waled,3.663301590738299,2.282854912853294,1.3804466778850049
sewin,3.663232315195342,2.3315784482224156,1.3316538669729265
glues,3.6631722081789446,2.383485353628288,1.2796868545506566
roman,3.6630866802449185,2.4517153225373844,1.211371357707534
marts,3.6630373969477974,2.4668296940533603,1.1962077028944373
chark,3.6629912113505205,2.253193436958096,1.4097977743924246
tubar,3.6628890091833695,2.3989465927644504,1.2639424164189192
pirls,3.6628302685634386,2.477343004222345,1.1854872643410936
actor,3.662804045733234,2.554152048182231,1.1086519975510032
moers,3.6625965913740584,2.4547180267591373,1.207878564614921
dicot,3.662462398826575,2.4307576946994205,1.2317047041271547
angel,3.6622934821556714,2.4349517261363074,1.227341756019364
tards,3.6622622795966606,2.5089162707848143,1.1533460088118463
peavy,3.6622296581118245,2.1561217913685002,1.5061078667433245
sarvo,3.662182923613159,2.34172816841238,1.3204547552007788
isnae,3.66212836985714,2.561391195145695,1.100737174711445
rifte,3.662085692656877,2.38994277149767,1.2721429211592068
musar,3.662075509134535,2.4116620377974574,1.2504134713370776
resod,3.6620591960433027,2.496804603490591,1.1652545925527116
purao,3.6619060265514016,2.4502934189450944,1.2116126076063072
dwile,3.6617982460424634,2.2673102114574495,1.394488034585014
robed,3.66173085369455,2.347561741138332,1.3141691125562185
matlo,3.6613686464248323,2.4598665748031583,1.2015020716216738
stilb,3.661359611467518,2.413484357400529,1.2478752540669888
pirns,3.661215347569166,2.455782940457403,1.2054324071117626
musit,3.661127078792756,2.3827085249024456,1.2784185538903106
fined,3.6606571435054756,2.2574692169788406,1.4031879265266347
olden,3.660503004084566,2.4643205909505306,1.1961824131340353
gonad,3.6602993456925454,2.3451702945995567,1.3151290510929887
inust,3.6602372488393966,2.494612039789835,1.1656252090495618
dwine,3.6601833250481906,2.2457501476925077,1.4144331773556829
radio,3.6601026837019828,2.5151911789309445,1.1449115047710383
pooey,3.6600998112555194,1.889984485157587,1.770115326097932
feria,3.660048018868671,2.4022528501237583,1.2577951687449123
raphe,3.6598656749995095,2.4140327973727094,1.2458328776268
lingy,3.659758790948454,2.348296636135619,1.3114621548128351
ureid,3.6597427151094775,2.446117873664827,1.2136248414446507
spang,3.6596859883501898,2.3226960371839662,1.3369899511662238
aerie,3.65964438031001,2.090786296873567,1.5688580834364427
solum,3.65943995559973,2.3837762998632765,1.2756636557364531
kriol,3.6591711179096587,2.3840291893037566,1.275141928605902
teloi,3.6591364516251685,2.5801507112004356,1.078985740424733
crowl,3.658990961409654,2.3212754625920295,1.3377154988176243
noels,3.6589383355354936,2.550148891480438,1.1087894440550556
terne,3.6588853469185367,2.057086938585372,1.6017984083331647
powie,3.658817146199909,2.258306314482663,1.4005108317172459
misal,3.6586803202944265,2.4471224211175153,1.2115578991769111
frank,3.6585979176575933,2.171333237065805,1.4872646805917884
vault,3.65836269693035,2.2778034111902836,1.3805592857400666
recon,3.658303185269215,2.516519487598149,1.141783697671066
guars,3.6583013065499643,2.4129666619465957,1.2453346446033686
roary,3.658270750909206,2.023807521896476,1.6344632290127301
crogs,3.6581672335565862,2.3980066363281374,1.2601605972284489
potch,3.65785216742536,2.3311948835253116,1.3266572839000481
doing,3.657837564079615,2.329625593203712,1.3282119708759026
gites,3.657605564675415,2.438482225781356,1.2191233388940592
rahed,3.6574253702128683,2.426997523872413,1.230427846340455
erose,3.6574228832850806,2.07399529181734,1.5834275914677405
banco,3.657396784805422,2.35826393184105,1.299132852964372
flued,3.657328184713254,2.227096247257636,1.4302319374556178
chalk,3.657057328509526,2.2367207867920076,1.4203365417175182
lurgy,3.656994399014872,2.3343963165805026,1.322598082434369
pouis,3.6569820063250873,2.4127273659921915,1.244254640332896
crims,3.656949117176146,2.3925703985512468,1.2643787186248996
patee,3.656882288951744,1.973206541056654,1.68367574789509
vaunt,3.6567477759360774,2.256243347425342,1.4005044285107355
plaig,3.6566986493906986,2.3496340182370425,1.307064631153656
oncet,3.6564063974207723,2.5031106760989816,1.1532957213217905
donas,3.6564047510059874,2.47178054771178,1.1846242032942076
pocan,3.6563496076540014,2.4087137671636984,1.2476358404903032
maund,3.6563336857702575,2.2878010233365194,1.3685326624337382
coven,3.6563220792586737,2.240584742280753,1.4157373369779205
scuta,3.656299844336181,2.476066049511274,1.1802337948249073
laids,3.6562868168065297,2.4892089978489693,1.1670778189575604
crips,3.6560806119476936,2.421692248782997,1.2343883631646966
baker,3.656041831132903,2.2431867565722454,1.4128550745606578
mason,3.656000117577892,2.429693970980326,1.226306146597566
harts,3.6557928039536103,2.5135244039284514,1.1422684000251588
prick,3.655777151119276,2.220075875918911,1.4357012752003646
haets,3.655746604059648,2.4994170129031534,1.1563295911564944
pigly,3.6556292541056674,2.2655149714799796,1.3901142826256878
masur,3.655586726945199,2.4116620377974574,1.2439246891477418
raven,3.6555624831377207,2.3241212356542813,1.3314412474834394
chank,3.655442407515253,2.215160723027066,1.4402816844881872
hoers,3.655351998379871,2.5014127366342285,1.1539392617456423
rafty,3.6552522867496844,2.334377084288671,1.3208752024610133
cuing,3.655146281656517,2.309287192571343,1.3458590890851736
morns,3.6550939874327533,2.430792703853405,1.224301283579348
lapin,3.6550526855294683,2.4602329089752937,1.1948197765541748
crema,3.6550391658698618,2.4160290604788517,1.23901010539101
mines,3.6550367227306673,2.4125536992003545,1.2424830235303126
cruft,3.6548599424645873,2.2799937234313856,1.3748662190332017
noris,3.654645784304045,2.564085498402901,1.090560285901144
outed,3.6545808409168767,2.4368406757934116,1.2177401651234654
rices,3.6545256382853837,2.528399236344369,1.1261264019410149
dirke,3.6544458221097305,2.2910566169987523,1.3633892051109782
prius,3.654434871370677,2.4252391866333634,1.229195684737314
riyal,3.654207928201943,2.5338622218628517,1.1203457063390911
wroth,3.654200416344322,2.2932211879210582,1.3609792284232636
rumly,3.6541629937279447,2.3330916924313643,1.3210713012965805
grief,3.654085678719706,2.2547199783275556,1.3993657003921505
bower,3.6540303547990427,2.2244999134289385,1.4295304413701042
decal,3.6539909181840597,2.441642987044217,1.2123479311398428
pilao,3.6539780213117528,2.4857538022651524,1.1682242190466006
gusty,3.6539480418009056,2.315438803690366,1.3385092381105395
barky,3.653723063636713,2.1720763679674016,1.4816466956693115
demit,3.6536569985906366,2.35134930110231,1.3023076974883268
botas,3.653619796144411,2.432989888321291,1.22062990782312
apish,3.653581331177595,2.3894754025720255,1.2641059286055696
cursi,3.653471959155667,2.4739301596145964,1.1795417995410706
depot,3.6532267978558943,2.3846027649618127,1.2686240328940819
glits,3.653130768441152,2.4361169666405655,1.2170138018005865
opter,3.6531129337530137,2.4924524170487787,1.1606605167042348
rouky,3.653095374891288,2.263351026353557,1.3897443485377314
dalis,3.6530887930793576,2.489208997848969,1.1638797952303888
flyer,3.6530587745437053,2.3183045874695303,1.334754187074175
lifer,3.6530093869070273,2.386878932830749,1.2661304540762786
redon,3.652991455821309,2.4807932411166194,1.1721982147046897
bogue,3.652894615766666,2.2382033208009458,1.4146912949657202
casky,3.652834882552654,2.249195824714225,1.4036390578384288
tater,3.652722084284825,2.0940209196433237,1.5587011646415017
paged,3.652615594047809,2.2607930595597905,1.3918225344880188
bursa,3.6525652589810007,2.3903340527065597,1.262231206274441
bants,3.652437655280974,2.407468995031432,1.2449686602495418
copra,3.6523982385685585,2.4467464810947286,1.2056517574738301
mures,3.652272330797085,2.3986533796452383,1.2536189511518465
cards,3.6522330099838394,2.4502016766785455,1.202031333305294
leuco,3.6522052806370224,2.4695030836080205,1.1827021970290017
minge,3.65194508814345,2.2859434460881314,1.3660016420553185
cubit,3.65191130922877,2.31127848576317,1.3406328234656002
bolas,3.6518230012669313,2.4299260496543695,1.2218969516125617
fiats,3.6517750973006002,2.3809300780928306,1.2708450192077696
privy,3.6517592314107565,2.154684480997954,1.4970747504128028
cleft,3.6515926096328117,2.3179901499950692,1.3336024596377423
rayon,3.6515277254854084,2.516433771725662,1.135093953759746
fleur,3.651442933856688,2.3349458993446026,1.3164970345120852
sight,3.651080031202174,2.3493480978633254,1.3017319333388486
flats,3.651047623567906,2.3811008621956655,1.2699467613722406
biers,3.650904875760647,2.4292584280404874,1.2216464477201594
spink,3.650870843204352,2.2321452160362583,1.4187256271680937
farls,3.650809189392644,2.394509673694833,1.256299515697811
guans,3.6507525027146963,2.374933948015565,1.2758185546991312
syboe,3.6507160970295103,2.3481722620380974,1.302543834991413
hauld,3.650704013770343,2.356055796976552,1.294648216793791
plink,3.6506073343759993,2.237693917427228,1.4129134169487712
spiky,3.650428575467746,2.184960150337147,1.465468425130599
blush,3.650387896009996,2.2717186164702214,1.3786692795397744
girth,3.650381694649158,2.3713694494203836,1.2790122452287747
purdy,3.6503804674303315,2.2708365407422373,1.3795439266880942
situp,3.650286773034842,2.411830375134196,1.238456397900646
auric,3.650215368421364,2.4948527782985757,1.1553625901227882
lomed,3.650157331563202,2.3524170760631407,1.2977402555000612
salmi,3.6500082485498213,2.4471224211175153,1.202885827432306
filed,3.6499647463322447,2.2790292807437824,1.3709354655884622
steer,3.6499644551328903,2.0730983009593444,1.5768661541735456
daker,3.649931183698728,2.3066013183945966,1.343329865304131
blaud,3.649921379422179,2.288033102010563,1.361888277411616
magot,3.649903324445088,2.3277076202999654,1.3221957041451222
curli,3.649865546626486,2.4794788610055662,1.1703866856209197
germy,3.6498236619756304,2.2554018146579438,1.3944218473176866
sepic,3.649792029693946,2.4075848577576995,1.2422071719362466
swapt,3.6494970728099214,2.2650400644887516,1.3844570083211698
wairs,3.649436317625242,2.3826198203056648,1.266816497319577
beare,3.649400882039701,1.9361655172331729,1.7132353648065277
rides,3.6492139088374778,2.492672989862839,1.1565409189746385
delta,3.6492121912750055,2.5003575811504857,1.1488546101245198
sorex,3.6491846851867455,2.1693696741772492,1.4798150110094963
swamy,3.649176279211814,2.164109246126027,1.485067033085787
bowse,3.6489492341046765,2.2024785618718803,1.4464706722327962
idant,3.648934727559958,2.4762614741419187,1.1726732534180395
polis,3.6488910942113844,2.464831183581173,1.1840599106302114
cerne,3.648856077305716,1.9983723444791035,1.6504837328266122
riped,3.6488466681476552,2.3938799628332275,1.2549667053144276
monad,3.648834901452046,2.343865670450418,1.3049692310016279
pules,3.6487932677068553,2.4113025797109002,1.2374906879959549
haros,3.6486704470821105,2.514421394786447,1.1342490522956634
curve,3.6486180604072436,2.2225528090978846,1.4260652513093592
guild,3.648606545116525,2.295121009854755,1.3534855352617696
manto,3.648471315189383,2.438306511038217,1.210164804151166
mulct,3.648448327603556,2.332777254956903,1.315671072646653
nites,3.648416747437346,2.549081116519607,1.0993356309177391
segni,3.648177092558072,2.413858323349493,1.234318769208579
melon,3.648121872541268,2.4222340142190766,1.2258878583221913
tramp,3.6480635470724243,2.368036667023749,1.2800268800486752
break,3.6480220324196764,2.2431867565722454,1.404835275847431
dower,3.647919707364868,2.2879144752512905,1.3600052321135776
dover,3.647888653207726,2.242891209730253,1.404997443477473
horns,3.6478493944385653,2.477487413728496,1.1703619807100696
birch,3.6478427200246983,2.2900222460740784,1.35782047395062
tonne,3.647817712742646,2.0445751179442007,1.6032425947984454
goldy,3.6477955462947698,2.2826113116074356,1.365184234687334
pinta,3.647743380604025,2.463296747642215,1.1844466329618102
scree,3.6477224440406184,2.0143837068530757,1.6333387371875427
darky,3.647612416202538,2.235490929789753,1.4121214864127847
daces,3.6475331684836934,2.436094285653247,1.2114388828304463
acres,3.647353574151136,2.543943937740213,1.1034096364109227
mogar,3.647306872012183,2.341116431799133,1.3061904402130502
buena,3.6472977255635834,2.3602152993072893,1.2870824262562943
payed,3.6472727282585957,2.3242068845989303,1.3230658436596656
whity,3.6472483101021753,2.203871794663164,1.4433765154390112
gourd,3.647225511794052,2.315725273648596,1.3315002381454564
stere,3.6472108047503373,2.0730983009593444,1.5741125037909929
beaus,3.6470922223219207,2.3762266616812613,1.2708655606406596
blech,3.647069046398042,2.2760856391516153,1.3709834072464264
roguy,3.646943032226988,2.3383571461054196,1.3085858861215685
orbit,3.6468787016253064,2.439466538482505,1.2074121631428014
acidy,3.6468181736854914,2.370361814336538,1.2764563593489533
talus,3.6465615588331444,2.5317168049506216,1.1148447538825228
glume,3.646456574060951,2.2555704763669264,1.3908860976940245
olive,3.646332631790548,2.317624777382207,1.3287078544083413
dants,3.6463270078467986,2.4708835568537837,1.175443450993015
begot,3.646175117807914,2.2933709770568487,1.3528041407510651
mites,3.646141120434916,2.4371776016322175,1.2089635188026984
ridge,3.64612227425026,2.3660627367506155,1.2800595374996444
riads,3.646110833250072,2.505681648015058,1.1404291852350135
deros,3.646076186004949,2.496804603490591,1.1492715825143582
sheer,3.64605776387089,1.9832655935151828,1.662792170355707
spork,3.6460137638892838,2.274309543595041,1.3717042202942427
ramon,3.64588658021423,2.451715322537384,1.194171257676846
terga,3.6458066211548816,2.476048278734259,1.1697583424206226
poker,3.6457334848307545,2.282223504126801,1.3635099807039537
pudsy,3.6457206042183037,2.248815189185179,1.3969054150331248
tumor,3.645550737473959,2.408861490087256,1.2366892473867028
boric,3.645505165143204,2.380751944376236,1.2647532207669683
stewy,3.645467791843417,2.2876280052930604,1.3578397865503566
taiko,3.6454438788464185,2.3859942950975985,1.25944958374882
prier,3.6453897904457113,1.9710706511599767,1.6743191392857346
manul,3.6453697632784654,2.3791780252573966,1.2661917380210688
badge,3.645240451882745,2.210343224237142,1.4348972276456027
horis,3.6451255643074267,2.4988766933906024,1.1462488709168246
mangy,3.645111682236257,2.230377758879132,1.414733923357125
birls,3.645017192813614,2.4268931688996966,1.2181240239139175
subah,3.6448384010888395,2.2870925337632304,1.3577458673256093
wired,3.644780591912969,2.2837828616235383,1.3609977302894307
bento,3.644743108552209,2.4039698677951002,1.240773240757109
hinge,3.6447004951492623,2.3326381559632225,1.3120623391860398
sputa,3.6446779306401567,2.4273750765300406,1.217302854110116
zaire,3.64441432725073,2.1822173859198273,1.4621969413309026
agent,3.644352858024618,2.4380155648032287,1.2063372932213892
miles,3.6443443255574364,2.4341137629652962,1.2102305625921401
stunk,3.644341940869656,2.287617749637614,1.3567241912320416
lanky,3.644261509498191,2.2888352177796003,1.3554262917185906
clags,3.6442311386470863,2.392947073930141,1.251284064716945
borak,3.64406506199558,2.244782326956372,1.399282735039208
adust,3.6437474644686265,2.440339803029744,1.2034076614388827
bowne,3.6437279005812226,2.1864671994979084,1.4572607010833143
dauts,3.643725522787271,2.440339803029744,1.203385719757527
grund,3.6436798782768434,2.2902043803587366,1.3534754979181067
crops,3.6436747287973574,2.4258238624107493,1.217850866386608
tract,3.6436589137333026,2.0360049050631854,1.6076540086701172
betid,3.6435875317657223,2.330021316011412,1.3135662157543102
wails,3.6435024347842466,2.366147170139576,1.2773552646446706
liver,3.6434457725567917,2.330136598023379,1.3133091745334127
chive,3.643416048004814,2.171244323640702,1.4721717243641121
porky,3.643414717334565,2.2111131155219574,1.4323016018126074
garni,3.643316362932678,2.44888833305877,1.194428029873908
shere,3.6433041134883375,1.9832655935151828,1.6600385199731544
deare,3.6432902346055256,1.9995800790555247,1.6437101555500009
litas,3.643066268059301,2.583649838436768,1.059416429622533
pitso,3.6429749970384533,2.4678950222480944,1.1750799747903589
putin,3.6428592178172448,2.395819012760224,1.2470402050570206
dowse,3.6428385866705013,2.265893123694232,1.3769454629762694
lenos,3.6427252793006017,2.550148891480438,1.092576387820164
coost,3.6427170946341043,2.0025704657380348,1.6401466288960698
stoup,3.642716779106246,2.415961988761948,1.2267547903442977
leads,3.6426389917736843,2.491745041092595,1.1508939506810896
musty,3.642483597560406,2.3141341795412274,1.3283494180191786
midst,3.6424609608954457,2.34343534057055,1.299025620324896
swith,3.6424168024599446,2.267068222736248,1.3753485797236964
tholi,3.6422869206865416,2.491016583282405,1.1512703374041364
rumen,3.6422438709350167,2.3826420172712663,1.2596018536637503
ponts,3.6421293089788254,2.446505742585988,1.1956235663928376
basto,3.641928956415602,2.432989888321291,1.208939068094311
bouns,3.6418927607064013,2.3408882510074367,1.3010045096989646
fecit,3.641891316630616,2.317819365892234,1.324071950738382
wains,3.6418875137899738,2.344587106374634,1.2973004074153396
pical,3.6418297103398487,2.426142217300888,1.2156874930389607
sixer,3.6415679803160357,2.1652380605494974,1.476329919766538
deawy,3.641547221698606,2.214109783389241,1.4274374383093646
stele,3.641276921909342,2.0566256507932557,1.5846512711160865
gnash,3.641167457917043,2.3402688968273067,1.3008985610897363
ducat,3.6410977284595503,2.390237748981366,1.250859979478184
bowie,3.641004070450084,2.207856479160015,1.4331475912900693
piets,3.6409911351382753,2.4662994518639683,1.1746916832743068
ureas,3.6408461360536855,2.547490875590579,1.0933552604631065
pelas,3.640707233582275,2.4787803145928913,1.161926918989384
livre,3.6406921221742388,2.3301365980233784,1.3105555241508604
leone,3.6405040009780696,2.0415112792772794,1.5989927217007902
gaumy,3.6403506418864526,2.1998340050550924,1.4405166368313602
token,3.640272457310523,2.351596357283273,1.2886761000272504
plets,3.640263661405581,2.466470235966803,1.1737934254387778
adult,3.6401410519394455,2.4458885044207137,1.1942525475187318
maare,3.640120430524655,1.9574935023240707,1.6826269282005843
botch,3.6400390916755354,2.2807450482026637,1.359294043472872
month,3.6400092243552473,2.3361637249679674,1.3038454993872801
maced,3.6399633189297522,2.3081794083918856,1.3317839105378666
sneer,3.639929945476899,2.048474398527481,1.5914555469494178
tatie,3.6396957999358666,2.0773774853743996,1.562318314561467
chirp,3.6396436276874473,2.340472081396727,1.2991715462907203
cadis,3.6396279831172196,2.4335582424096214,1.206069740707598
pouts,3.639527823919298,2.415961988761948,1.2235658351573497
toity,3.639460593368315,1.9948540090014635,1.6446065843668516
doric,3.6393945177090288,2.4441665061985876,1.1952280115104414
radgy,3.6392888683430673,2.310497049541616,1.3287918188014511
dowle,3.6392321741413207,2.2714418250852018,1.3677903490561187
saran,3.639177888438817,2.0614830566797,1.577694831759117
sicky,3.639124107106163,2.2336511233183804,1.4054729837877824
orgue,3.639060078305929,2.4094675347102634,1.2295925435956656
tharm,3.639011540733552,2.3856095266670896,1.2534020140664623
prads,3.638923834898468,2.401510703697312,1.2374131312011556
mirth,3.6389172504086593,2.3700648252712453,1.2688524251374138
dirls,3.638906545379439,2.4903077307220483,1.1485988146573907
diels,3.6388603454854764,2.4762003396967502,1.1626600057887262
lames,3.638637191754012,2.449658464361141,1.188978727392871
reams,3.6385385257042895,2.4661311145272298,1.17240741117706
linch,3.638381165886176,2.406781095886277,1.231600069999899
halid,3.6382743505312285,2.407988830462698,1.2302855200685303
oaker,3.638204123354107,2.4019391498403913,1.2362649735137157
plonk,3.6382014512256626,2.2418255310549804,1.3963759201706822
amies,3.6381888431806297,2.4494876802583057,1.1887011629223243
blocs,3.6381859106663557,2.3589013769220126,1.279284533744343
mensa,3.6380925230935137,2.428098400596199,1.2099941224973148
trays,3.6380369933307524,2.531548143241638,1.1064888500891144
cramp,3.638034277459603,2.3093220729174804,1.328712204542123
brick,3.6379640753694504,2.1696260405962624,1.468338034773188
theca,3.6379568205586983,2.4493149588547753,1.1886418617039232
cooly,3.6379213832783632,1.93631019899803,1.7016111842803332
ulyie,3.6378276568037045,2.452277095955562,1.1855505608481423
bigly,3.637816178355843,2.2150651361573317,1.4227510421985115
sythe,3.637802419570701,2.415297966146091,1.2225044534246101
conne,3.6377884431298253,1.9858605238379319,1.6519279192918934
alurk,3.637738349576135,2.3435092435857023,1.2942291059904325
reaps,3.637670020475837,2.49525296475898,1.142417055716857
cando,3.6376669282254244,2.4216784936634017,1.2159884345620227
repin,3.637559192547613,2.4636969009891634,1.1738622915584493
litem,3.6375423484713014,2.4427263030231874,1.1948160454481138
loche,3.63750801244183,2.4348380324197616,1.2026699800220684
balun,3.637505547805976,2.357850040166499,1.279655507639477
mouth,3.6374077392957194,2.305619971143927,1.3317877681517922
tilak,3.63736439651148,2.3820334655726816,1.2553309309387983
thorp,3.6372670141499324,2.4033182891307483,1.2339487250191838
boeti,3.6368283430585953,2.4253591474572067,1.2114691956013885
istle,3.6368265358814287,2.570641180284549,1.0661853555968799
oncer,3.6366098449571798,2.516519487598149,1.1200903573590306
layin,3.6365474922580994,2.495829507931821,1.1407179843262782
mensh,3.6364797269811486,2.3259556145259497,1.3105241124551992
nugae,3.6364583881611248,2.3828479085473253,1.2536104796137997
furol,3.636437682814889,2.336541469728729,1.2998962130861604
batos,3.636419696113723,2.432989888321291,1.2034298077924324
moldy,3.63633110205427,2.2813066874582972,1.3550244145959731
sneck,3.6362099151251646,2.283372232261117,1.3528376828640476
spree,3.6361005303445935,1.9656927338718422,1.6704077964727513
alary,3.6360213868952576,2.0198466923715586,1.6161746945236988
relic,3.6359791429015687,2.5339479377353387,1.1020312051662298
absey,3.635918371977107,2.3595853498061894,1.2763330221709175
wears,3.635788492592397,2.3851558635492904,1.2506326290431065
apres,3.635731660455111,2.4952529647589796,1.1404786956961313
gaurs,3.6357053719848613,2.4129666619465957,1.2227387100382656
retip,3.6356457086165865,2.4883208034210265,1.14732490519556
dalts,3.635634610673568,2.4924436206187255,1.1431909900548425
lurch,3.635616773952594,2.392880776331161,1.242735997621433
dunes,3.6355619416960856,2.4027072424456617,1.2328546992504241
guaco,3.6355336197022163,2.350352787257046,1.2851808324451703
gravy,3.63549098150576,2.1424119563111863,1.4930790251945736
flirs,3.635371999486494,2.3789649722989887,1.2564070271875054
tyred,3.6353551160363318,2.432711184559512,1.2026439314768198
calle,3.635272325237898,2.0188336753709657,1.6164386498669323
ganch,3.6351985014144788,2.2901668427789286,1.34503165863555
being,3.635019368079309,2.2646154609972338,1.370403907082075
pasch,3.6350047741500235,2.333995431235513,1.3010093429145104
srsly,3.634972317645124,1.9989240736875795,1.6360482439575441
tiges,3.634953066590083,2.438482225781356,1.196470840808727
sizer,3.634941752110592,2.161294767235848,1.4736469848747438
podge,3.634932105580597,2.2493799717916985,1.3855521337888987
morts,3.634915974895825,2.4554166062852683,1.1794993686105568
dowie,3.6348934230159093,2.2712710409823664,1.363622382033543
dovie,3.6348623688587676,2.2262477754613292,1.4086145933974383
atocs,3.634850443499259,2.5321306966251727,1.1027197468740861
deism,3.634708409246568,2.342736761044419,1.2919716482021493
lopes,3.634662108244586,2.467367226824799,1.167294881419787
logan,3.634513918800711,2.4365472965204336,1.1979666222802778
wanes,3.6343524260503663,2.34712314961826,1.2872292764321065
reman,3.634157836810438,2.450119752153258,1.1840380846571799
asper,3.6332477041397615,2.49525296475898,1.1379947393807814
eusol,3.633220446019958,2.519605137656398,1.1136153083635598
nepit,3.6328675527205094,2.450288089489996,1.1825794632305136
blink,3.6327942586261743,2.1872440821045798,1.4455501765215946
frush,3.632789114587806,2.240263070035602,1.3925260445522043
butes,3.63277698683451,2.363916583055173,1.2688604037793367
percs,3.6327256768272083,2.424228292026623,1.208497384800585
pokie,3.632707200481796,2.265580069857877,1.3671271306239188
nodal,3.6326722477579603,2.477329249102749,1.155342998655211
gauch,3.632597016354951,2.2596230889548887,1.3729739274000619
deign,3.6325037141058605,2.3280300228195854,1.3044736912862753
wider,3.6325018919901435,2.2837828616235383,1.3487190303666055
nagor,3.6323823989839257,2.4530199466865223,1.179362452297403
reput,3.632365815101224,2.43638776993488,1.1959780451663438
fraud,3.6323225979999894,2.2565775555759435,1.375745042424046
adorn,3.6323121238040237,2.493801899268838,1.1385102245351857
choli,3.6322576510737203,2.432301989176136,1.1999556618975844
codas,3.632251543870618,2.4376898560373736,1.1945616878332443
nould,3.6321028117149883,2.409851514220758,1.22225129749423
aleck,3.6320920296523673,2.3258549147100385,1.3062371149423289
rorie,3.632072681410835,2.0793732091054746,1.5526994723053602
weird,3.6320276139999517,2.2837828616235383,1.3482447523764134
bludy,3.6320028248218676,2.2039140552535006,1.4280887695683668
alods,3.6319681872217906,2.4933406114767216,1.1386275757450692
sokah,3.6319399500518497,2.290783670365302,1.3411562796865475
thens,3.631903576240976,2.4624830318452022,1.169420544395774
truck,3.6318764989615313,2.2755484095202663,1.356328089441265
glaik,3.631615254339864,2.246810672402567,1.384804581937297
years,3.6315924169400837,2.5308495637155075,1.1007428532245762
lawsy,3.6315623001123742,2.2975728247783582,1.333989475334016
polts,3.631436911805595,2.4680658063509298,1.1633711054546652
shtik,3.631417302240294,2.274341978111462,1.3570753241288318
furan,3.631265327749012,2.3263944937318795,1.3048708340171322
tante,3.631137219825828,2.055988205712293,1.575149014113535
softa,3.6309960868642612,2.385061691720583,1.2459343951436783
fatso,3.630953917867659,2.385061691720583,1.2458922261470762
thang,3.6308843818203034,2.348881436885198,1.2820029449351058
gluon,3.630864824134565,2.3690695616384425,1.2617952624961226
topek,3.630757031574244,2.268814692627634,1.3619423389466103
deify,3.6307448284720523,2.2102841512797298,1.4204606771923225
penis,3.6306546479501343,2.4416755494321047,1.1889790985180297
genro,3.630612310315625,2.4400112885343037,1.190601021781321
clams,3.63060713911631,2.3916424497810027,1.2389646893353072
merch,3.6306055922036293,2.3138862744086017,1.3167193177950278
starr,3.630467795513935,2.0861069591115635,1.5443608364023713
moree,3.6304431351125217,1.9460804145559787,1.684362720556543
modal,3.63039662075553,2.3654257342153597,1.26497088654017
nairu,3.630392919169661,2.5289434699729814,1.1014494491966793
tacos,3.6303924429006575,2.5321306966251727,1.098261746275485
hogen,3.6303441781821393,2.336769769590975,1.2935744085911645
datos,3.630309048679548,2.4964044501436424,1.1339045985359055
prore,3.6302302569128226,1.975202264787729,1.6550279921250937
algin,3.62997761161291,2.4324156828926813,1.1975619287202288
rheid,3.6299110201852542,2.4114528224765683,1.2184581977086861
faurd,3.629861348519171,2.2565775555759435,1.3732837929432273
weals,3.6298546097514017,2.3686832133832016,1.2611713963682
mould,3.629827184712558,2.2979479993333687,1.3318791853791891
styme,3.6298023516015827,2.3686032562709998,1.261199095330583
claps,3.6297386338878574,2.420764300012753,1.2089743338751042
spack,3.6296986818877923,2.2135992257576973,1.416099456130095
alant,3.62966188188655,2.053622946571503,1.5760389353150472
angry,3.6296526106410565,2.3803139876975523,1.2493386229435042
saola,3.629613921555868,2.0705312998034704,1.5590826217523974
flesh,3.62952178175603,2.2782594965992855,1.3512622851567446
bayed,3.629459652508772,2.2737570492762824,1.3557026032324895
plack,3.6294351730594387,2.2191479271486667,1.410287245910772
tonus,3.6291325339544023,2.4987436534175873,1.130388880536815
grift,3.629119173876547,2.2554185578536865,1.3737006160228604
demot,3.6290804593133474,2.3554809147300624,1.2735995445832853
aunts,3.6290264365071607,2.5101567411856793,1.1188696953214812
farts,3.629016255861443,2.3975735123617543,1.2314427434996886
charm,3.628982271120731,2.326894932560821,1.3020873385599099
rolag,3.628880587880654,2.4745800104514646,1.1543005774291897
thaim,3.628738906767146,2.368966092398166,1.25977281436898
odist,3.6285144695751383,2.480859748747798,1.1476547208273402
angst,3.6285144391558033,2.4301016042714685,1.1984128348843346
capul,3.6284191650072155,2.374209183814741,1.2542099811924743
sword,3.6283642475674416,2.2800005147195304,1.3483637328479112
habit,3.6282680092945485,2.3476381073072683,1.2806299019872802
weans,3.628239688757129,2.34712314961826,1.281116539138869
mound,3.628212263718285,2.276387935568427,1.351824328149858
loids,3.628165394754557,2.477795910080877,1.15036948467368
scrap,3.628077168864931,2.437236950178842,1.1908402186860891
creds,3.628068558355963,2.4371930185263264,1.190875539829637
rapso,3.6280390448055897,2.4968485351431062,1.1311905096624832
tomia,3.6280085356724268,2.4596957907003234,1.1683127449721034
crays,3.628007723717932,2.4728335491353697,1.155174174582562
croze,3.6280030178605585,2.115324326815222,1.5126786910453363
ornis,3.6279358781740543,2.564085498402901,1.0638503797711532
loams,3.6279105966341727,2.4512540347452676,1.176656561888905
bulge,3.627888557369813,2.234242491276029,1.3936460660937842
merls,3.627780064992545,2.45075719723422,1.1770228677583252
brier,3.627576714695887,1.9206208158373284,1.7069558988585583
panic,3.627517862428898,2.404582153535946,1.2229357088929518
guyse,3.627504520459201,2.3147402241642347,1.3127642962949664
rowen,3.62747211524289,2.3577314134072265,1.2697407018356635
roven,3.627441061085748,2.3127081478861893,1.314732913199559
pecan,3.6274207642195213,2.407118196779572,1.2203025674399492
phota,3.6273710931176777,2.402219556257669,1.2251515368600088
lotic,3.627148008708931,2.5221346966202978,1.1050133120886332
pelch,3.6271265291134,2.3265354744742637,1.300591054639136
almes,3.626724445319609,2.449658464361141,1.1770659809584683
chasm,3.6266548008089172,2.3048735810037626,1.3217812198051544
debar,3.626622178559166,2.3589748289064243,1.2676473496527418
pinto,3.626471253273823,2.4518836598741225,1.1745875933997
lawny,3.62634096658892,2.281561462404386,1.344779504184534
gatch,3.626302899118728,2.314790745210792,1.3115121539079355
ruing,3.6262652634835915,2.381410598176779,1.2448546653068122
carob,3.626150865547741,2.3962966457720802,1.2298542197756608
bruts,3.625717918487533,2.3780239740804716,1.2476939444070612
debit,3.6256737482173866,2.330021316011412,1.2956524322059748
disme,3.625668082404718,2.342736761044419,1.282931321360299
brock,3.6255581922191142,2.1737576542240147,1.4518005379950996
dules,3.624869544522855,2.4242673062106035,1.2006022383122517
mayor,3.624763906192282,2.4045302568382727,1.220233649354009
treif,3.624730662194389,2.38994277149767,1.234787890696719
rimed,3.624700329605109,2.3647581126014776,1.2599422170036312
betas,3.6246909527099302,2.431394317937164,1.193296634772766
toter,3.6246006622328526,2.0826078318752312,1.5419928303576214
dogal,3.624436902137494,2.366730358364498,1.2577065437729955
gwine,3.624436357873585,2.204968195110192,1.419468162763393
dinlo,3.6243404636210244,2.461784547706905,1.1625559159141192
redia,3.624324545545732,2.5135956085468183,1.1107289369989137
hepar,3.624295763065671,2.41403279737271,1.210262965692961
cords,3.624111587931867,2.438788588910453,1.1853229990214138
cutis,3.624072883481767,2.4605213481154293,1.1635515353663377
coeds,3.624065388037904,2.424681197885155,1.199384190152749
yeans,3.624043613104816,2.4928168497844774,1.1312267633203388
times,3.6239690555296917,2.4371776016322175,1.186791453897474
pesta,3.6239638940091754,2.4818441532598126,1.1421197407493628
fauld,3.623927465678176,2.240104905409855,1.383822560268321
guyle,3.62389810793002,2.3202889255552046,1.3036091823748157
chaft,3.623880518860961,2.2442299393700478,1.3796505794909135
thilk,3.623684157668739,2.279890679502432,1.3437934781663068
wales,3.6236600288771355,2.3686832133832016,1.254976815493934
ramsh,3.62355203748088,2.376996986609199,1.2465550508716812
gimel,3.623549307042281,2.307503509853073,1.316045797189208
meris,3.623441313867134,2.450586413131385,1.1728549007357492
nauch,3.6234081991168825,2.3702219796931403,1.253186219423742
gnome,3.6232854269728345,2.2900750597158837,1.3332103672569509
yodel,3.6232382095107276,2.417135525251419,1.206102684259309
opery,3.6231618838664965,2.4206434489178044,1.2025184349486921
pluto,3.6231422944816014,2.421510690152918,1.2016316043286832
acned,3.6230733354961955,2.420082923279275,1.2029904122169204
flors,3.622966116336158,2.383096585926741,1.239869530409417
eclat,3.6229409366200693,2.536083827632016,1.0868571089880537
duits,3.6229190168987655,2.4247951016338996,1.1981239152648662
shist,3.6226490975071632,1.9673207387723899,1.6553283587347734
naric,3.622580155348328,2.525396532122616,1.0971836232257122
flyte,3.6225783077889573,2.304895775970363,1.317682531818594
wroke,3.6225175766302886,2.1721264029171117,1.450391173713177
prima,3.622492001958758,2.364802044253993,1.257689957704765
airer,3.6224783426054596,2.090786296873567,1.5316920457318925
blets,3.6224505856557565,2.416020400644155,1.2064301850116015
lobed,3.6221740811899528,2.3310890909722435,1.2910849902177093
robes,3.6220892918333876,2.4333900416682397,1.1886992501651477
think,3.622069236674466,2.2583306157374903,1.3637386209369757
cyano,3.6220557309971477,2.444310366120226,1.177745364876922
bothy,3.622033723523383,2.2676506741779576,1.3543830493454254
creel,3.621962964092319,2.019932408244045,1.6020305558482741
faros,3.6218938989899434,2.39847050321975,1.2234233957701934
fraim,3.621865147296665,2.2664240123306363,1.3554411349660287
sered,3.621763704927465,1.9786574603715457,1.6431062445559192
nelia,3.6217305892681213,2.566939896536665,1.0547906927314563
bouts,3.621714748169473,2.3655121534392998,1.2562025947301734
waits,3.621709501253046,2.3692110088064973,1.2524984924465485
gofer,3.621705300383357,2.258851591955308,1.362853708428049
haver,3.621554070850407,2.258912430641983,1.3626416402084243
smaik,3.6215150387521278,2.239957346862459,1.3815576918896686
loges,3.6214997807624303,2.439550000742187,1.1819497800202434
truer,3.6214891382879673,2.026543184761332,1.5949459535266353
peise,3.621484047024103,1.9490492996029185,1.6724347474211845
drier,3.6214660672617116,1.98403537765968,1.6374306896020314
bused,3.621449733368364,2.2694757424673746,1.3519739909009894
barfy,3.6214141438924674,2.1765216818785205,1.4448924620139467
bacon,3.6213364318734893,2.35826393184105,1.263072500032439
yates,3.6212607481023023,2.51744075221634,1.1038199958859622
email,3.621169927233748,2.4550363816492755,1.1661335455844726
brads,3.6211107591486433,2.351060868374664,1.2700498907739792
fines,3.621015581644312,2.3432975175087485,1.2777180641355639
hound,3.6209676707240974,2.323082645443518,1.2978850252805794
narcs,3.620916434716988,2.520018614834481,1.100897819882507
chang,3.620855112207482,2.290166842778929,1.3306882694285533
dimly,3.6207215198612768,2.277175073830545,1.3435464460307318
herls,3.6205354719983576,2.497451907109311,1.1230835648890465
frisk,3.620416810727439,2.1717998980439326,1.4486169126835065
genio,3.620339676349218,2.4233678542653796,1.1969718220838386
aspie,3.6202214197908025,2.478609530490056,1.1416118893007465
bodes,3.6202106644179897,2.325540389581273,1.2946702748367165
fiber,3.6201618526319717,2.2320873690875196,1.3880744835444523
potai,3.620069381101689,2.4888176409320737,1.1312517401696152
bench,3.6200058505368053,2.2545255753866735,1.365480275150132
refly,3.619994954794432,2.318304587469531,1.301690367324901
menad,3.6199060580175653,2.3422701000662913,1.2776359579512737
sowth,3.6198507305588015,2.2711998363640005,1.3486508941948012
acold,3.6198174610797396,2.4432385574283435,1.176578903651396
gobar,3.619804054819041,2.319788446708235,1.300015608110806
wahey,3.619679045141403,2.218717916532878,1.400961128608525
chirk,3.6195887708969123,2.237648735562251,1.3819400353346611
dorky,3.6194909941505653,2.2240778420216607,1.3954131521289044
yales,3.6194639532248227,2.5143769135494187,1.105087039675404
drock,3.6194475447849395,2.2371722160463667,1.3822753287385727
unode,3.619252246828931,2.412216773361549,1.207035473467382
huger,3.619219469708094,2.318737836408106,1.3004816332999882
conus,3.6191032643415815,2.4400290593113185,1.1790742050302627
muted,3.619096489846394,2.299416267616164,1.3196802222302302
sores,3.6189649470325422,2.07399529181734,1.5449696552152024
herns,3.6189205510040847,2.4758918433443693,1.1430287076597154
spado,3.618798643971065,2.3889988830561406,1.229799760914924
volar,3.6187600419810417,2.3472768698033493,1.2714831721776925
arter,3.6186778845743555,2.0940209196433233,1.5246569649310322
marcs,3.6186408077145575,2.4081150999470915,1.210525707767466
boose,3.6185983611742962,1.9027310779080224,1.7158672832662738
clods,3.6184560540863586,2.4223159387443647,1.1961401153419937
tolus,3.618440136781172,2.520303717182529,1.0981364195986425
stoat,3.618337184711715,2.0735951384703917,1.5447420462413235
shawn,3.618318826353837,2.2579890217002294,1.3603298046536074
mauls,3.618307044903367,2.3951893876313686,1.2231176572719984
puton,3.6182826785399556,2.399950626387976,1.2183320521519792
twirl,3.618112845636876,2.3758584430705465,1.2422544025663296
elate,3.6180874423151983,2.077548269477235,1.5405391728379634
iotas,3.61802123942028,2.587610667961685,1.0304105714585954
tarps,3.6177365357942155,2.495951544285111,1.1217849915091045
cadee,3.617700960928126,1.9274566734500884,1.6902442874780377
flues,3.6176866228520907,2.3129245477875435,1.304762075064547
tango,3.6176629587950293,2.4396111351873553,1.178051823607674
fibre,3.617408202249419,2.2320873690875196,1.3853208331618998
lovat,3.617398941880599,2.333868058304182,1.283530883576417
liker,3.6173668809958204,2.38243361891963,1.2349332620761904
galis,3.6173418259047523,2.4484270452666532,1.1689147806380988
muled,3.617299694968914,2.296352428949242,1.320947266019672
sengi,3.6172743797673745,2.413858323349493,1.2034160564178817
bodge,3.6171190298307723,2.19893013646905,1.4181888933617224
natch,3.6171140818806586,2.425389635949043,1.1917244459316156
dirts,3.6171136118482377,2.4933715693889695,1.1237420424592683
diets,3.6170674119542756,2.4792641783636715,1.1378032335906039
genoa,3.6170352644021317,2.4389125556612243,1.1781227087409072
refit,3.6168455024955812,2.38994277149767,1.226902730997911
mohel,3.616688481357569,2.3570252092067783,1.2596632721507908
clunk,3.6166774126054344,2.234451856922315,1.3822255556831196
manis,3.616569778837484,2.4255623573525735,1.1910074214849105
hawse,3.616504004313182,2.2819143446059615,1.3345896597072207
peine,3.6162627135006487,1.9330379372289463,1.6832247762717025
bison,3.6161869799125075,2.3928212844935834,1.2233656954189238
cooty,3.616128449747162,1.9393740376649513,1.6767544120822109
biros,3.6161019024109136,2.4308539984246136,1.1852479039863
pling,3.6160200390682284,2.3127000371790913,1.3033200018891373
fagot,3.6158821833587327,2.2584514386083594,1.3574307447503735
mavie,3.6157723794956356,2.1955742864979677,1.4201980929976679
douts,3.6156041007352986,2.428926715261652,1.1866773854736468
cunts,3.6155143033717287,2.439132068453323,1.1763822349184057
thief,3.6154738528633334,2.2867012525543413,1.3287726003089921
pinas,3.6153146997272954,2.454684207584324,1.1606304921429715
acron,3.6150461901067565,2.5295281457503678,1.0855180443563888
match,3.614838454878228,2.3134861210616533,1.3013523338165747
meynt,3.6148105625778486,2.352591893897028,1.262218668680821
perky,3.614485873900084,2.209517545137831,1.4049683287622532
slash,3.614475810013249,1.9798016015013131,1.634674208511936
folia,3.614362664613817,2.387375770341796,1.2269868942720208
robin,3.614358447066297,2.414842636050642,1.1995158110156552
stilt,3.6143368361820913,2.05408960754963,1.5602472286324613
caaed,3.6142891845936655,1.9274566734500886,1.686832511143577
rigol,3.6142292719084956,2.45903530905562,1.1551939628528758
acted,3.614177733200445,2.4447068257111386,1.1694709074893062
felon,3.614100731454913,2.3529778325274706,1.2611228989274423
wheat,3.614098976745722,2.2905268846638527,1.323572092081869
craal,3.6140373861854083,2.032941066396264,1.5810963197891441
bream,3.6140130921898868,2.3168882521749703,1.2971248400149162
dench,3.613895203102631,2.3179401372090256,1.2959550658936052
roost,3.613836076461179,2.074693871343471,1.5391422051177082
login,3.61376893599534,2.4210025951245893,1.192766340870751
lints,3.613762705143891,2.5467158573788167,1.0670468477650743
donee,3.613732746011523,1.950134277356402,1.6635984686551208
bolts,3.61362383605577,2.4176159710282814,1.1960078650274888
soars,3.6135294785449226,2.087003949969559,1.5265255285753634
domal,3.613452891077102,2.3654257342153597,1.2480271568617423
pheon,3.613360271555205,2.3645869956735868,1.2487732758816181
sloes,3.613309413187034,2.0575226416512513,1.5557867715357825
pents,3.613200465544345,2.4449101722018614,1.1682902933424835
bluid,3.6130692442410406,2.2724884006147184,1.3405808436263222
cyder,3.613047146500685,2.3739965904532427,1.239050556047442
autos,3.61300847733991,2.5356776344755385,1.0773308428643715
pages,3.6129740321866466,2.3466213600896983,1.266352672096948
rivel,3.6129211637715954,2.330136598023379,1.2827845657482164
benis,3.6128415722003107,2.391225714109457,1.2216158580908536
nobly,3.612816259538044,2.3297956405233347,1.2830206190147093
gipsy,3.6127273037583993,2.25996627008901,1.3527610336693892
stint,3.6127219151878185,2.032529543784688,1.5801923714031303
menta,3.612693177033132,2.4367109406540903,1.1759822363790415
bhais,3.6121926772896966,2.339025567249377,1.2731671100403192
recta,3.6121820925878483,2.5525564777981042,1.0596256147897438
carat,3.612139533718887,2.0360049050631854,1.5761346286557016
riche,3.6120510104837367,2.447179068958098,1.1648719415256383
chink,3.6120399670616448,2.199616021631221,1.4124239454304237
stulm,3.6119479216341386,2.382879309005281,1.229068612628858
black,3.6116220973096147,2.168698091826019,1.442924005483596
runch,3.611251745941088,2.3713207125662192,1.239931033374869
aulos,3.61121168246243,2.532613795808617,1.0785978866538133
pluke,3.611118785985405,2.209686206846814,1.401432579138591
sixte,3.6110875135612868,2.15182924905033,1.4592582645109569
hauls,3.61106245190918,2.4418840975064597,1.16917835440272
rheas,3.6110144411294627,2.5128258244023205,1.0981886167271422
crudo,3.6109471914319835,2.3922334727124412,1.218713718719542
tonga,3.610813664073259,2.439611135187355,1.1712025288859038
skald,3.6107757828045894,2.282214707696748,1.3285610751078414
novae,3.6106715672514644,2.3116094150131095,1.2990621522383552
sownd,3.610655254981367,2.2419678007885,1.368687454192867
gants,3.6105800406721933,2.4301016042714685,1.180478436400725
lomes,3.610515769702039,2.4382453765930485,1.1722703931089904
dhals,3.6104207809809323,2.402610913174564,1.2078098678063682
rapid,3.6103797242544724,2.4068886209854465,1.2034911032690256
files,3.6103231844710817,2.3648575812736903,1.2454656031973914
treat,3.6103144303299204,2.0940209196433237,1.5162935106865967
trifa,3.610288834698462,2.4029514296498893,1.2073374050485726
tawed,3.6102740913010147,2.2859187515202155,1.3243553397807992
metro,3.6102522637793744,2.4633305668170284,1.1469216969623457
incle,3.610161462788297,2.4959152238043076,1.1142462389839896
bigot,3.6100901867797033,2.290834933813223,1.31925525296648
natis,3.609949803544163,2.562089774671826,1.0478600288723372
glove,3.609906841810228,2.1856366069818494,1.4242702348283784
unlay,3.609807380447366,2.4438964744456744,1.1659109060016917
edict,3.6097820234689104,2.429162124315294,1.1806198991536165
arcos,3.6097570546893554,2.5455395081243397,1.0642175465650154
stung,3.6097546455618854,2.3626238693894774,1.2471307761724078
sulph,3.609696895125091,2.3221684517928693,1.2875284433322216
tapis,3.6096484501790553,2.479308110016187,1.1303403401628684
silly,3.6095786919232324,1.9822806394186554,1.627298052504577
seder,3.6094850050046396,1.9786574603715457,1.6308275446330938
ratus,3.6094480659248775,2.54818945511671,1.0612586108081674
hauns,3.609447530914907,2.420324033741518,1.189123497173389
tarry,3.6094084227931034,2.02291053103848,1.5864978917546235
belch,3.6093134533635753,2.2760856391516153,1.3332278142119598
ripes,3.609205106286492,2.4797082633631353,1.1294968429233567
monas,3.609193339590883,2.429693970980326,1.179499368610557
gynae,3.6091720849178612,2.366206596672254,1.2429654882456074
synth,3.6091313768299873,2.3913726432403584,1.2177587335896292
gursh,3.6090948482598546,2.3108238758763457,1.2982709723835089
ronne,3.6089074249569,2.057983929443368,1.550923495513532
prags,3.608890595855251,2.3607287511149964,1.2481618447402547
doole,3.6088813012109404,1.971694341121344,1.6371869600895965
rando,3.6087859100524993,2.493801899268838,1.1149840107836613
tyran,3.60872769221345,2.5155367808676665,1.0931909113457834
shako,3.608712216442069,2.2907836703653026,1.3179285460767662
crown,3.6084970842611153,2.2997153988270878,1.3087816854340277
posca,3.608496148210416,2.4247251295376704,1.1837710186727457
twaes,3.6084796197426297,2.371747052050123,1.2367325676925067
fusty,3.6084624564740513,2.2448779978496214,1.36358445862443
nerts,3.6082627584637743,2.5657245507885307,1.0425382076752436
saheb,3.6080907217135443,2.341561610493003,1.2665291112205415
bancs,3.6080410660477336,2.3487544009251633,1.2592866651225703
dream,3.6079024447557115,2.380302813997322,1.2275996307583898
trabs,3.6078992042031777,2.4455017089624627,1.1623974952407148
carps,3.607707266181394,2.437236950178842,1.1704703160025522
flits,3.607645183114298,2.3655561607998212,1.242089022314477
geare,3.60754326743092,1.9587981264732093,1.6487451409577107
dolts,3.6075131886215956,2.4810305328506335,1.1264826557709622
scrip,3.60733218605956,2.4216922487829975,1.1856399372765625
three,3.607298923814707,1.9918781335730738,1.6154207902416333
colle,3.6071509031859255,2.0074205876028737,1.5997303155830518
rosti,3.607105343695573,2.588709400834764,1.018395942860809
gonch,3.607077079362506,2.2787537550108365,1.3283233243516694
cesti,3.6070575184340177,2.5149904248452013,1.0920670935888164
denis,3.6067309247661354,2.4546402759318084,1.1520906488343268
huias,3.6066621777006347,2.4417133134036244,1.1649488642970103
linos,3.606640348272391,2.5476128482368123,1.0590275000355789
tough,3.606599382901366,2.3069245952930655,1.2996747876083004
gades,3.6064744718611816,2.3595860865894016,1.2468883852717803
spumy,3.606422170826052,2.206728612453725,1.3996935583723273
pitas,3.606419097431544,2.479308110016187,1.127110987415357
plumy,3.6061586619976995,2.212277313844695,1.3938813481530046
gaped,3.60610723117136,2.2607930595597905,1.3453141716115693
orped,3.606008886267431,2.3980115764609797,1.2079973098064511
ornee,3.6060088559849612,2.057983929443368,1.548024926541593
faced,3.6059421778433975,2.2389232267002797,1.3670189511431179
malis,3.6058773816642526,2.447122421117515,1.158754960546738
phyle,3.605875188385983,2.313441100449558,1.292434087936425
parae,3.6058338760089033,1.986615352555821,1.6192185234530823
libor,3.6057866192600505,2.4364026998155834,1.1693839194444673
lowry,3.6057683483722154,2.3081810885673244,1.297587259804891
symar,3.605445013426532,2.395020725922386,1.210424287504146
chief,3.605444583250512,2.227986658448072,1.37745792480244
ecash,3.6054212965452894,2.440702418796884,1.164718877748405
bingy,3.6052985445708727,2.19350507239239,1.4117934721784828
tasse,3.6052846883210408,2.071999568086265,1.5332851202347757
wires,3.605139030051806,2.3696111621534457,1.2355278678983599
servo,3.6051326581267054,2.328719510260161,1.2764131478665444
visne,3.605128950453177,2.2865551827013784,1.3185737677517986
naker,3.604995399286054,2.376418256550533,1.2285771427355212
firth,3.6048961093223046,2.3008086435796393,1.3040874657426653
frets,3.604851804233567,2.3845648542095357,1.2202869500240314
cults,3.6048219061984974,2.460692132218264,1.1441297739802332
gouch,3.6044755943029783,2.2482100011867967,1.3562655931161818
golem,3.6044414670701515,2.3116351234808254,1.292806343589326
trior,3.604325341678676,2.0800717886316056,1.52425355304707
brogh,3.6042842464770075,2.2176456606379853,1.3866385858390222
alcid,3.604230737314363,2.4391069438005912,1.165123793513772
cibol,3.60414302864778,2.3642792942101476,1.2398637344376324
orcin,3.6039570116380695,2.5139834443545235,1.089973567283546
cribo,3.6038232128944365,2.380751944376236,1.2230712685182006
graph,3.603742450712943,2.2795085837287257,1.3242338669842173
moeni,3.6036842967462435,2.4220632301162413,1.1816210666300022
plong,3.6036141559178922,2.3168316508068436,1.2867825051110486
aumil,3.6035287589840657,2.4005673049195035,1.2029614540645623
decan,3.6034970410355216,2.420082923279275,1.1834141177562463
muirs,3.6034344218558574,2.396117336401613,1.2073170854542443
apron,3.6034242764107316,2.4808371727691343,1.1225871036415973
fouth,3.6033865982093647,2.236363789452321,1.3670228087570435
hoing,3.6033815596703223,2.334233726347349,1.2691478333229733
cavil,3.603335238051337,2.271021850570161,1.3323133874811757
girls,3.603159578204833,2.4495257781397326,1.1536338000651007
largo,3.6031176990207885,2.474580010451464,1.1285376885693243
dolee,3.603040348838292,1.971694341121344,1.6313460077169482
maker,3.6027197722836237,2.2645147416631435,1.3382050306204802
pesto,3.6026917666789737,2.4704310654917205,1.132260701187253
lumen,3.6026870984304193,2.366169367105178,1.2365177313252413
narky,3.602676631789864,2.305307867945689,1.297368763844175
rohan,3.6026765243380137,2.498410032412475,1.1042664919255383
tigon,3.6026456825457034,2.4240664337915105,1.178579248754193
apted,3.6025558195044196,2.3960158527299047,1.206539966774515
pelts,3.6025080683711144,2.466470235966803,1.136037832404311
retam,3.6023268944016342,2.474743654585121,1.127583239816513
telae,3.602292301903436,2.077548269477235,1.524744032426201
puers,3.6020317590607855,2.427775229876989,1.1742565291837965
yourn,3.601975232485869,2.448956036843671,1.153019195642198
retag,3.601748539323653,2.4760482787342593,1.125700260589394
pinch,3.601733995258419,2.302439367465696,1.299294627792723
focal,3.601687209117081,2.3318957990052835,1.2697914101117975
valor,3.601559941950354,2.3472768698033493,1.2542830721470046
girns,3.601544657210561,2.4279657143747913,1.1735789428357697
haick,3.601515675259897,2.2365500026891723,1.3649656725707247
divey,3.6014821323820665,2.1535418164723588,1.4479403159097077
medal,3.601467777321049,2.363830163831233,1.237637613489816
boyed,3.6013382304567987,2.26234396150819,1.338994268948609
clype,3.6012693181089084,2.3445592137874507,1.2567101043214577
fumet,3.601255463019129,2.188073509193104,1.4131819538260249
primo,3.6012198746285558,2.3533889564859005,1.247830918142655
flume,3.600970988734097,2.185009670526182,1.415961318207915
thack,3.6008970753579055,2.2397846254589284,1.361112449898977
forts,3.6008948338094706,2.3861604245936623,1.2147344092158083
cardi,3.600869519191293,2.45557959396668,1.145289925224613
poche,3.6008608418140735,2.330496303999181,1.2703645378148924
conga,3.6007843944604376,2.380896541081086,1.2198878533793516
glens,3.6007709835839043,2.414029107452328,1.1867418761315762
twain,3.6007487749755396,2.3531996464325253,1.2475491285430143
alims,3.6007168317981346,2.4471224211175153,1.153594410680619
mower,3.6007082959497634,2.2458278985198366,1.3548803974299268
mover,3.600677241792622,2.2008046329988,1.3998726087938222
gooey,3.600429120896914,1.862167259074975,1.7382618618219392
rater,3.6004029849999113,2.0940209196433233,1.506382065356588
maces,3.600321757068589,2.394007708921793,1.2063140481467958
cobra,3.6002686496527625,2.3962966457720807,1.2039720038806816
cawed,3.600244821688193,2.2272041574139463,1.373040664274247
caved,3.600213767531052,2.1821808918929095,1.4180328756381424
tense,3.6001848799258873,2.035065587028314,1.5651192928975735
thawy,3.600120442420167,2.219416496059009,1.3807039463611583
gelid,3.599933122279462,2.349590086584527,1.2503430356949352
mogue,3.599572556917386,2.2595313058918434,1.3400412510255426
aboil,3.5994995291314744,2.435303966942504,1.1641955621889701
carry,3.599379153180282,1.9641959369322108,1.6351832162480713
pikey,3.599326964005095,2.1928741108689067,1.4064528531361884
ayres,3.5991964176977795,2.5308495637155075,1.068346853982272
choky,3.599191816174702,2.1565625695598616,1.4426292466148403
dingy,3.599187897136698,2.2569196342147415,1.3422682629219562
value,3.599147148938218,2.2771048316641527,1.3220423172740654
mants,3.5991155964316945,2.42879698012233,1.1703186163093642
after,3.5990064360622784,2.4054874728935145,1.193518963168764
leams,3.598981753199692,2.449658464361141,1.149323288838551
meson,3.5989498520914385,2.4166853128281067,1.1822645392633315
molas,3.598500942417652,2.4512540347452676,1.1472469076723844
lenti,3.598484145379555,2.554629817910577,1.0438543274689782
sairs,3.5982484601432874,2.082872336341807,1.5153761238014805
bling,3.598206963318404,2.262250201856443,1.3359567614619607
gotch,3.5981814770667553,2.3033776574426996,1.2948038196240554
leaps,3.598113247971239,2.4787803145928913,1.119332933378348
gleis,3.598047153452766,2.4354183871144346,1.1626287663383312
crabs,3.5978699345903564,2.386787114856194,1.2110828197341625
kaneh,3.5977045284986224,2.273176737607204,1.3245277908914184
stoit,3.5975922019063438,2.058050437074547,1.5395417648317966
writs,3.597591249519133,2.3703097416795766,1.227281507839556
trest,3.5975146111791414,2.0730983009593444,1.5244163102197967
muils,3.597500539014862,2.3796446862355243,1.217855852779338
field,3.59726935484518,2.2790292807437824,1.3182400741013978
petos,3.597182506377094,2.47043106549172,1.126751440885374
tabid,3.597160423124422,2.343029974163631,1.2541304489607907
wordy,3.5971258065486396,2.2168040866464467,1.3803217199021929
parer,3.5970164446794115,1.986615352555821,1.6104010921235903
naped,3.5969184139332917,2.371391950298042,1.2255264636352494
cough,3.5965701132885446,2.2482100011867967,1.348360112101748
pryan,3.596527052701801,2.4081312137801643,1.1883958389216367
mauts,3.596514111372166,2.39825322629829,1.1982608850738763
paedo,3.5964575675422856,2.396912843587901,1.1995447239543848
durgy,3.5964235052031155,2.2430193146596253,1.3534041905434901
speak,3.596354198484409,2.271615240337835,1.324738958146574
aleph,3.5963255791510313,2.3975601472066206,1.198765431944411
glisk,3.596157977540848,2.225888053718588,1.37026992382226
purls,3.596144076113753,2.4254099707361982,1.1707341053775546
abide,3.5960839843563615,2.3423313946375,1.2537525897188613
meare,3.596078823190421,1.957493502324071,1.63858532086635
delis,3.5960385275929045,2.4762003396967502,1.1198381878961543
cowal,3.5959898529618775,2.3201767297189506,1.2758131232429268
stamp,3.59595438721038,2.346015315466691,1.2499390717436891
tyres,3.5957135541751684,2.5185394850894194,1.077174069085749
urson,3.5956558913665813,2.512152464916755,1.0835034264498267
fiend,3.5956544338509073,2.2574692169788406,1.3381852168720667
gibel,3.595566056669032,2.2861755247621756,1.3093905319068562
skran,3.5955177103103226,2.3685042960187728,1.22701341429155
skean,3.5954715104163597,2.3543969049934743,1.2410746054228856
bents,3.5953873897945208,2.3944603368792134,1.2009270529153073
prams,3.5952665963244748,2.359424126965858,1.235842469358617
peace,3.5950905521840886,1.914491946950385,1.6805986052337039
tarty,3.5950904179200744,2.02291053103848,1.5721798868815948
faver,3.5947775227582395,2.1429615390752854,1.451815983682954
bhats,3.5947384948839067,2.3422601900191338,1.252478304864773
buras,3.5947372320438884,2.3903340527065593,1.204403179337329
crimp,3.594631837005995,2.2937773715216356,1.3008544654843592
ontal,3.5946258659459005,2.571770089690548,1.0228557762553525
bilgy,3.5946061473976414,2.2150651361573312,1.3795410112403104
leman,3.5946010643058397,2.433647101987169,1.1609539623186707
pudor,3.5945916476493904,2.3435424997312078,1.2510491479181824
mirch,3.5945206611754186,2.311350231164976,1.2831704300104425
turfy,3.594520061596043,2.26689934940668,1.327620712189363
trems,3.594440589394792,2.4538210359011416,1.1406195534936505
yarto,3.5943775468582086,2.5410576741575253,1.0533198727006834
terce,3.5943107451483685,2.0229962469109664,1.571314498237402
whear,3.5943024242821284,2.3039356961630197,1.290366728119109
found,3.5941911226319303,2.207131753876821,1.3870593687551094
flask,3.594074832667602,2.170871949273688,1.4232028833939139
frack,3.594023315887425,2.1372425453913992,1.4567807704960258
sorbi,3.594019401147784,2.430853998424614,1.1631654027231701
nirls,3.5939707609667644,2.5601246688779837,1.0338460920887806
burke,3.59387027709422,2.1757090216902544,1.4181612554039655
mease,3.593751352878607,1.9354721507670125,1.6582792021115944
swopt,3.5936887492059775,2.2536269767206596,1.3400617724853177
hover,3.5934326487984345,2.2474993428738905,1.3459333059245437
gemot,3.593333492138742,2.3146989621477467,1.2786345299909954
mokey,3.5932056038686833,2.167883874264909,1.425321729603774
dashy,3.593075682813872,2.333865783710511,1.2592098991033611
amour,3.593062185353222,2.421171568713344,1.1718906166398777
mouch,3.5930111500624795,2.2469053770376584,1.346105773024821
rugal,3.5928646015414705,2.4185153633375656,1.1743492382039051
pitch,3.592838392962668,2.3270632698975593,1.265775123065109
tubal,3.592807627893576,2.382473942598362,1.2103336852952138
fraus,3.592681036138827,2.3424058561058514,1.2502751800329752
nopal,3.5926634452069752,2.464364522603046,1.1282989226039293
wiper,3.5924930894391585,2.270818135123835,1.3216749543153237
nouls,3.592461249853825,2.495679814750666,1.096781435103159
nidor,3.5924183325024024,2.4782571978729937,1.1141611346294087
weirs,3.5923860521387887,2.369611162153446,1.2227748899853426
sails,3.592314577302292,2.066399686175718,1.525914891126574
tromp,3.59225522346848,2.356623579255657,1.235631644212823
tepid,3.5922397465537648,2.38047115133406,1.2117685952197048
ceiba,3.592163326472099,2.37805764111903,1.214105685353069
ferns,3.592144002911918,2.3599409517776726,1.2322030511342454
manos,3.591993239560195,2.429693970980326,1.162299268579869
madge,3.5919183930334655,2.23167120932804,1.3602471837054253
brawl,3.5919012479584946,2.2335477420562406,1.3583535059022538
hants,3.5918710034375065,2.475491689997421,1.1163793134400857
puris,3.5918053249883415,2.425239186633363,1.1665661383549786
linac,3.5917748193473624,2.508923881956527,1.082850937390835
genas,3.591728940396901,2.4294030247453375,1.1623259156515635
mirls,3.5916951339643344,2.4482211539905943,1.14347397997374
timon,3.591661671485312,2.422761809642372,1.16889986184294
heros,3.591620181595657,2.501412736634228,1.090207444961429
uster,3.59156459250243,2.5351807969644913,1.0563837955379392
mento,3.5914210497029293,2.425297852885998,1.1661231968169314
brags,3.5910775201054266,2.3102789157923485,1.2807986043130783
pilch,3.591041598085189,2.323999431230638,1.2670421668545508
proyn,3.5909857344494647,2.396718126012072,1.1942676084373927
ahing,3.590964804889307,2.345646814115441,1.2453179907738654
trugo,3.590943222001588,2.4101661142363944,1.1807771077651934
helio,3.590938241941301,2.490318003756274,1.1006202381850267
recto,3.5909099652576453,2.5411433900300118,1.0497665752276337
waive,3.5908914577724578,2.114599035520029,1.476292422252429
howre,3.590710052573024,2.2925226083949277,1.2981874441780958
gurdy,3.5907097770717264,2.2430193146596253,1.347690462412101
sains,3.5906996563080193,2.0448396224107763,1.545860033897243
hiply,3.5904118539945316,2.3109050572059324,1.2795067967885991
balti,3.5903817673151965,2.4344069760845084,1.1559747912306881
unlit,3.590251696468556,2.500160741180805,1.090090955287751
mouls,3.590185622851395,2.3837762998632765,1.2064093229881183
cense,3.590155610313066,1.976350992922045,1.613804617391021
worth,3.590111531676386,2.2932211879210582,1.2968903437553274
miens,3.5900340130760986,2.4125536992003545,1.1774803138757441
cobia,3.5899960156863564,2.379653211503157,1.2103428041831992
renig,3.589899158814033,2.4358796749065514,1.1540194839074813
velar,3.589831198546561,2.3456812994192227,1.2441498991273385
bayes,3.5898180906476087,2.35958534980619,1.2302327408414186
banky,3.5898012631206093,2.134043654036371,1.4557576090842386
makie,3.5896934879346647,2.2478713073942194,1.3418221805404453
rohes,3.5896623862997323,2.5014127366342285,1.0882496496655039
campy,3.589522240663232,2.2241042932873385,1.3654179473758934
sooth,3.589499857628421,1.9714523524001422,1.618047505228279
sheaf,3.5894597938757156,2.293633413892295,1.2958263799834207
dents,3.5892767423603456,2.457874898701565,1.1314018436587805
baulk,3.5892569667919614,2.1722450296763847,1.4170119371155767
tarot,3.589157359875136,2.0956164900274503,1.4935408698476855
gules,3.58912257734825,2.383485353628288,1.205637223719962
togas,3.5891096834502982,2.455622497561327,1.1334871858889715
notch,3.588992659828686,2.4139765481809508,1.1750161116477353
mooey,3.588964676656415,1.8608626349258366,1.7281020417305784
tulsi,3.588887031079154,2.516172103554777,1.0727149275243772
grufe,3.5888835943959987,2.2027869448414092,1.3860966495545894
hours,3.588874912698202,2.446943659904456,1.141931252793746
tragu,3.588866308120375,2.4215792020044864,1.1672871061158887
flank,3.5888534991441485,2.154860586899716,1.4339929122444324
heare,3.5888342301962335,2.004188212199162,1.5846460179970716
repla,3.588654494120158,2.50080166614995,1.087852827970208
duras,3.5886265846097136,2.4537486145289114,1.1348779700808023
meane,3.588530019355153,1.9194607883930406,1.6690692309621125
gynie,3.58842710211249,2.350661895276409,1.2377652068360807
malts,3.588423199258463,2.4503570438872715,1.1380661553711917
clogs,3.588422815043142,2.381533986162049,1.2068888288810928
flaky,3.5884112314075423,2.107675521200605,1.4807357102069374
smirk,3.5883852322649257,2.2410560797355386,1.3473291525293871
beads,3.588178745396103,2.3369534773493656,1.2512252680467375
lowen,3.587915342738292,2.3412587632411377,1.2466565794971545
vares,3.5879062652457354,2.3401325980282532,1.2477736672174822
enols,3.5878210678257703,2.550148891480438,1.0376721763453323
hades,3.5877654346264953,2.4049761723153544,1.182789262311141
ebony,3.5877276054075002,2.3321608996641254,1.2555667057433748
mowie,3.587682011600805,2.229184464250913,1.358497547349892
movie,3.587650957443663,2.1841611987298757,1.4034897587137873
lofty,3.587574092193114,2.3064913463544903,1.2810827458386238
salvo,3.5875687259238247,2.3252555182462915,1.2623132076775332
thing,3.587481941366695,2.3333367354893535,1.254145205877342
fakey,3.5873058848343016,2.1100407803413956,1.4772651044929057
pulao,3.5872918288620674,2.4338207687790057,1.1534710600830616
rooty,3.5872474315742373,2.011497443270388,1.5757499883038493
cuspy,3.5871534667940024,2.284541435666709,1.3026120311272935
fauch,3.587111431028097,2.1890622831141444,1.3980491479139527
techy,3.587077626875837,2.365195912097713,1.221881714778124
osetr,3.586989798154566,2.59124544407839,0.9957443540761761
tryke,3.5869030330294756,2.316923112225333,1.2699799208041425
runts,3.586633285198803,2.5112554740587587,1.0753778111400443
phobe,3.586602312686032,2.2313554956952997,1.3552468169907321
wersh,3.586582034302287,2.2830130774790405,1.3035689568232465
weils,3.5864521692977935,2.3531385119873574,1.2333136573104362
clips,3.5863361934342493,2.4052195986169087,1.1811165948173405
spick,3.5862962414341837,2.1980545243618526,1.3882417170723311
whirl,3.586286491547545,2.2860257356263847,1.3002607559211605
hokey,3.5859610108744953,2.21457858414,1.3713824267344954
drawl,3.5857906005243194,2.2969623038785922,1.288828296645727
inapt,3.58570499963768,2.463296747642215,1.1224082519954652
sitka,3.585652705358923,2.3764847641817117,1.2091679411772112
chirm,3.5855798306671227,2.311350231164976,1.2742295995021464
tamis,3.5855021116365084,2.4501862597844366,1.1353158518520718
lunas,3.5852756779053663,2.507092902518758,1.0781827753866082
munge,3.585258895693764,2.2340104126019846,1.3512484830917795
limed,3.58514355710051,2.3482854624353884,1.236858094665122
salol,3.58510996310837,2.0705312998034704,1.5145786633048997
rimes,3.5850587677439454,2.450586413131385,1.1344723546125604
drags,3.5849668726712514,2.3736934776147,1.2112733950565515
reney,3.5849629664715392,1.985277970454398,1.5996849960171415
belts,3.58469499262129,2.416020400644155,1.1686745919771349
sears,3.584600635110442,2.0854083795854326,1.4991922555250095
nyuse,3.5845819634694855,2.425339114902486,1.1592428485669997
crems,3.584411319781971,2.3951064417948724,1.1893048779870983
sehri,3.584331729426044,2.497281123006476,1.087050606419568
celom,3.5840895956144188,2.388143322544671,1.195946273069748
fendy,3.584073514706666,2.188894871617623,1.395178643089043
hilsa,3.584070601897885,2.4938171309926065,1.0902534709052785
bowel,3.5839489735092487,2.20802726326285,1.3759217102463988
heavy,3.5838499305185336,2.173694651011841,1.4101552795066925
crazy,3.583842739042647,2.0556270259784712,1.5282157130641756
lards,3.5837952193063165,2.505852432117893,1.0779427871884235
fugle,3.5837553883923796,2.1863142946753205,1.3974410937170592
blurs,3.583700316346284,2.3749601354135503,1.2087401809327338
abode,3.5836781012060253,2.3464630082652524,1.2372150929407728
creps,3.583542814553518,2.4242282920266227,1.1593145225268953
muons,3.583479734870253,2.3622162360983348,1.2212634987719182
acnes,3.5834317736350325,2.505911223809183,1.0775205498258495
baloi,3.583259410443697,2.435303966942504,1.1479554435011927
sanes,3.583164568568412,2.047375665654402,1.5357889029140097
shirr,3.583158663798326,1.9807295502715572,1.602429113526769
centu,3.5831469081966487,2.447046028985083,1.1361008792115654
prods,3.5831155112945234,2.39009761592922,1.1930178953653034
derby,3.5830890061108374,2.2748557821493613,1.308233223961476
boche,3.583047766064249,2.2800464686765327,1.3030012973877163
phoca,3.5829745038844374,2.3435049621513997,1.2394695417330375
diver,3.5828748787450344,2.2387595961025006,1.3441152826425338
getas,3.58283333810115,2.4540269271772006,1.1288064109239495
tunic,3.5828107043826494,2.4445099857414574,1.1383007186411918
fauns,3.58267098282274,2.304373142174821,1.278297840647919
euros,3.5826414913698263,2.536077787822487,1.0465637035473392
cedis,3.582577717630766,2.4205495842574027,1.1620281333733635
lobes,3.5825325193287894,2.416917391502151,1.1656151278266385
world,3.5825309770932243,2.2855492161104998,1.2969817609827243
rudes,3.5825277163877915,2.4407399563766923,1.1417877600110995
ditas,3.5824953742475447,2.4922728365158906,1.0902225377316541
teaks,3.582440335055885,2.3790208074253374,1.2034195276305475
troys,3.5822286697268084,2.5201350554735464,1.062093614253262
gaspy,3.582219204094468,2.275510971484855,1.3067082326096129
alley,3.582216574986552,2.00573930134626,1.5764772736402919
towed,3.5821526692490417,2.274505663752123,1.307647005496919
clung,3.582090117297664,2.309457976674178,1.2726321406234857
gamed,3.5819608926288136,2.2316712093280406,1.350289683300773
rumal,3.581880590481079,2.417210739188427,1.1646698512926519
prese,3.581878263382467,1.9656927338718422,1.6161855295106249
hooey,3.5817200836622276,1.9075573448009278,1.6741627388612998
topis,3.5815270281270823,2.4678950222480944,1.1136320058789881
nurdy,3.5815209598336577,2.3536182053978765,1.2279027544357812
treen,3.5814983565566023,2.0570869385853725,1.5244114179712298
fumer,3.5814589105555363,2.2014823206922713,1.379976589863265
upter,3.581402608205133,2.43638776993488,1.1450148382702527
girts,3.5813666446736327,2.4525896168066543,1.1287770278669784
halts,3.5811786062642756,2.4970517537623627,1.0841268525019132
dunsh,3.580920014918356,2.313573114527631,1.2673469003907256
wined,3.580858791396866,2.245750147692508,1.3351086437043578
cetyl,3.580729441989011,2.451964780874953,1.128764661114058
piker,3.5807197103680632,2.2780918904990486,1.3026278198690144
bunia,3.580698294810305,2.3576792560636637,1.223019038746641
petri,3.580668188828243,2.4883208034210265,1.0923473854072165
corms,3.5804543493578747,2.3967020121789995,1.183752337178875
teaed,3.580276846872252,1.9861712675563574,1.5941055793158947
rebut,3.580236226185427,2.385937934612232,1.1942982915731952
lurve,3.5801802697297207,2.278203564537232,1.3019767051924886
gothy,3.580176108914603,2.290283283417994,1.2898928254966089
tuart,3.5800791821083027,2.0395518429135513,1.5405273391947514
bogan,3.58005367242313,2.2817557327772047,1.2982979396459255
chado,3.5799677678283572,2.3564696886511034,1.2234980791772538
eldin,3.5799643528641125,2.4601889773227783,1.1197753755413344
spelk,3.579947966804449,2.2562413230448257,1.3237066437596234
steel,3.579883073843096,2.0566256507932557,1.5232574230498401
gouts,3.579857133560693,2.388144762679336,1.1917123708813568
stuck,3.5797673390994875,2.2535270579632085,1.326240281136279
grovy,3.5796826579018153,2.130998868543094,1.4486837893587214
trill,3.5796319009576707,2.0761109591066886,1.503520941850982
corps,3.5795858441294217,2.4258238624107498,1.153761981718672
motis,3.57955275448976,2.438773172016344,1.140779582473416
runos,3.579510928327303,2.5121524649167544,1.0673584634105489
nogal,3.5795011177248193,2.4365472965204336,1.1429538212043857
mutes,3.5794549279852306,2.385244568146071,1.1942103598391594
fugie,3.5794166372669682,2.186143510572485,1.393273126694483
paven,3.579358540005366,2.2033068570676115,1.3760516829377545
grads,3.5792531445398628,2.3736934776147,1.2055596669251627
barer,3.579203368929587,1.936165517233173,1.643037851696414
balky,3.579108865947379,2.1556037178013128,1.423505148146066
rebuy,3.579046927358866,2.314128966481257,1.2649179608776093
serge,3.579030508479084,1.93787550778923,1.6411550006898543
bardo,3.5786906916864236,2.3605703992905505,1.2181202923958732
urare,3.5786774714402654,2.0388532633874203,1.539824208052845
seals,3.578666752269447,2.068935729419344,1.509731022850103
batik,3.5786240984303266,2.2272419018294523,1.3513821966008743
delts,3.5785843451871147,2.479434962466507,1.099149382720608
ecard,3.5783752787427403,2.4581156372103052,1.120259641532435
burls,3.578331000363928,2.37496013541355,1.2033708649503783
bleak,3.5782776139062316,2.2267141064061566,1.351563507500075
duply,3.578181665954138,2.2543638905761485,1.3238177753779892
vasty,3.5781175320090566,2.2556133979242423,1.3225041340848143
dames,3.578066297942255,2.3582814624402633,1.2197848355019918
filon,3.5780158004267024,2.350441789283845,1.2275740111428575
scarf,3.577970307101411,2.3388589182554855,1.2391113888459255
pesch,3.57795450866357,2.320986773083294,1.256967735580276
porus,3.5779401035524048,2.4293708002611156,1.1485693032912894
dowel,3.577838326075074,2.2714418250852018,1.3063965009898721
chace,3.5777267946889677,1.9320648065937256,1.6456619880952421
teugh,3.577670539466885,2.305329024908939,1.2723415145579462
scaup,3.5776610356650673,2.368660482423772,1.2090005532412953
mules,3.5776581331077506,2.3821807294791495,1.195477403628601
cheap,3.577578179132236,2.341909391767273,1.2356687873649632
spyal,3.5775400201652476,2.407669925988048,1.1698700941771998
koran,3.577503995025509,2.3780138269346596,1.1994901680908494
ching,3.577452671753874,2.2746221413830843,1.3028305303707899
taxer,3.577322280821666,2.1893953020032333,1.3879269788184327
pints,3.577115534516134,2.4423741289582357,1.1347414055578984
seans,3.577051831275174,2.047375665654402,1.529676165620772
podia,3.577049445847858,2.394376800344275,1.182672645503583
phons,3.576921259566715,2.3566730351418266,1.2202482244248882
pedon,3.5767875126889543,2.3599788625299496,1.2168086501590047
goose,3.5767407465655157,1.9253636871480584,1.6513770594174573
burns,3.576716079369656,2.3534000716486085,1.2233160077210472
lacis,3.576501921887602,2.5249352443304987,1.0515666775571038
barre,3.5764497185470345,1.936165517233173,1.6402842013138614
nitro,3.576442959753593,2.572698038460792,1.0037449212928016
shott,3.5762313282385536,1.9714523524001422,1.6047789758384117
mayed,3.5761375936594915,2.2950850343671796,1.2810525592923119
sheel,3.5759763825810955,1.9667929433490943,1.6091834392320015
peags,3.575958582102711,2.3466213600896983,1.2293372220130128
mohar,3.575912705044887,2.3865065175250857,1.1894061875198014
shuck,3.5758606478374872,2.1636943505190467,1.4121662973184406
voila,3.575640897499431,2.330633435534426,1.245007461965005
aulic,3.575601170732029,2.478380128132487,1.0972210425995426
arett,3.5755981286413703,2.0940209196433233,1.481577208998047
camis,3.5754728420236876,2.391471665678168,1.1840011763455196
relet,3.5754598681248693,2.0786470023503143,1.496812865774555
dikey,3.575403240821096,2.205838837368611,1.3695644034524854
vaper,3.575260324633088,2.241339570998642,1.333920753634446
goads,3.5752499742218036,2.3611816569735287,1.214068317248275
thong,3.575076058216359,2.3374683491171058,1.2376077090992534
capos,3.575042641288945,2.4247251295376704,1.1503175117512745
bitch,3.5750253172128437,2.2766134345749114,1.2984118826379325
kelty,3.574944300765897,2.3004504620592447,1.2744938387066524
tacky,3.5748784076117928,2.257808364772116,1.3170700428396769
aryls,3.5748466198217947,2.5284843045747167,1.0463623152470782
pithy,3.5748330248105162,2.3139688958728537,1.2608641289376625
thesp,3.574807629594279,2.379701367189563,1.1951062624047155
skein,3.5747265276109887,2.33885220359763,1.2358743240133587
elite,3.5746850018615897,2.06200356808139,1.5126814337801995
moker,3.5745983502316507,2.253101653895051,1.3214966963366
hosta,3.5745130098503646,2.50101258328728,1.0735004265630848
gnars,3.574479878253331,2.4435104157706355,1.1309694624826956
atrip,3.5742982206182607,2.5013294615732455,1.0729687590450152
heiau,3.5742947825255547,2.449627273935385,1.1246675085901698
acedy,3.574280376291316,2.372897857580164,1.201382518711152
sates,3.5742689662726606,2.071999568086265,1.5022693981863955
giros,3.5742442878021334,2.45348660766465,1.1207576801374832
caked,3.574134875970081,2.2344779127891607,1.33965696318092
dopes,3.57409121443283,2.3759902249039215,1.198100989528908
halos,3.5740562493927763,2.4979487446203583,1.0761075047724178
plowt,3.574039515344316,2.259175678111629,1.314863837232687
scram,3.5740133718446065,2.4081150999470915,1.1658982718975153
dogan,3.573943024988955,2.3451702945995563,1.228772730389399
clops,3.573930310283913,2.409351212244661,1.164579098039252
whorl,3.573880608397209,2.290157349254137,1.283723259143072
regna,3.573877245643729,2.4514243763023957,1.1224528693413334
pomes,3.573868599074282,2.3339036481724675,1.2399649509018145
netas,3.5736445208630814,2.5646258179154517,1.0090187029476294
plock,3.573626849455494,2.2077348393805742,1.3658920100749197
dauby,3.573615986021659,2.21928797254651,1.3543280134751494
sunny,3.5735300394174465,1.9087875421675673,1.6647424972498792
scrag,3.5734350167666262,2.40941972409623,1.1640152926703962
hoick,3.573394253207925,2.2251369149210802,1.3482573382868446
tepas,3.573343167497973,2.4818441532598126,1.0914990142381606
fleas,3.5733065509312834,2.380402282669535,1.1929042682617483
owrie,3.573240837072218,2.3791206930693325,1.1941201440028855
ralph,3.5732271002946607,2.411667538231919,1.1615595620627417
darer,3.573092721495412,1.9995800790555247,1.573512642439887
shelf,3.5730535621957555,2.2782594965992855,1.29479406559647
pious,3.57301204343959,2.4127273659921915,1.1602846774473985
pratt,3.572941272048442,1.987313932081952,1.5856273399664902
mauri,3.5728774369518153,2.417039955085592,1.1558374818662234
named,3.572772075390744,2.3422701000662913,1.2305019753244528
fecal,3.5727583656826005,2.330300228621157,1.2424581370614436
cyans,3.5727000122394594,2.434800835204339,1.1378991770351203
synod,3.5726355318441256,2.3876615009547173,1.1849740308894083
sales,3.572472171395181,2.068935729419344,1.5035364419758372
sucky,3.5724379146564766,2.1817180898322337,1.3907198248242432
hotis,3.572308161495573,2.4854678818914353,1.0868402796041374
tushy,3.572292247951623,2.3608288894163185,1.2114633585353043
crypt,3.572234433027057,2.3617304434796704,1.2105039895473866
murth,3.572231057958974,2.318131791785099,1.2540992661738748
duels,3.5721741530357907,2.4242673062106035,1.1479068468251872
cowed,3.5721233996362214,2.2157910696458547,1.3563323299903667
coved,3.572092345479079,2.170767804124817,1.401324541354262
wited,3.5719631891011145,2.2703740501243708,1.3015891389767436
ergon,3.571961102067127,2.4400112885343037,1.1319498135328236
unred,3.5718664898842176,2.42472859400272,1.1471378958814977
auges,3.5717497376630085,2.3988592709212972,1.1728904667417113
ohias,3.5716975118626637,2.4977779605175234,1.07391955134514
lunch,3.571694973436491,2.354848062400131,1.21684691103636
delos,3.5714619883156153,2.4803319533245025,1.0911300349911126
tyned,3.5714333155202285,2.394678470628482,1.1767548448917466
metas,3.571368893860651,2.4527223030280623,1.1186465908325887
drams,3.5713428731404755,2.3723888534655617,1.1989540196749138
raved,3.5713327493581266,2.2543042974983454,1.317028451859781
panim,3.5713238362461124,2.3267693303229624,1.24455450592315
taste,3.5712728022027673,2.071999568086265,1.4992732341165023
doucs,3.571207511502058,2.3702121211553826,1.2009953903466752
mbret,3.5711616599030154,2.304578173548882,1.2665834863541332
regia,3.5711534155125912,2.4728136559645026,1.0983397595480886
slish,3.571073369559641,1.9642569001054684,1.6068164694541722
stall,3.570925181549234,2.0696343089454747,1.5012908726037595
aygre,3.570634499220424,2.4042393106032844,1.1663951886171398
globy,3.5706153485252043,2.219196749785084,1.3514185987401204
durns,3.5706054319354807,2.41681463347096,1.1537907984645206
draps,3.5704743679120226,2.401510703697312,1.1689636642147108
hules,3.570413540113563,2.4288754393542407,1.1415381007593226
nused,3.570403301521515,2.402707242445662,1.167696059075853
darre,3.5703390711128593,1.9995800790555247,1.5707589920573346
krona,3.570328277466346,2.3780138269346596,1.192314450531686
mesia,3.5702829418158615,2.4494876802583057,1.1207952615575556
ghusl,3.570228075595351,2.2943512257102574,1.2758768498850936
gavel,3.5701817267952993,2.1970496947499414,1.3731320320453582
wiled,3.5701663942236346,2.267310211457449,1.3028561827661853
cafes,3.570135820020125,2.3247515272301875,1.2453842927899375
tulip,3.569988078046957,2.4173790765251657,1.1526090015217914
latus,3.5698912934202793,2.531716804950621,1.0381744884696582
puree,3.5698783027992484,1.91913761767383,1.6507406851254185
bundt,3.5698348899909638,2.254162959619533,1.3156719303714306
syver,3.569799394267362,2.2560135512711907,1.3137858429961713
snuck,3.5697328294434962,2.228903155531345,1.3408296739121512
lipes,3.5696483337818945,2.4632356131970465,1.1064127205848477
melas,3.5695720989831714,2.449658464361141,1.1199136346220304
skody,3.5695622886560607,2.202056490464603,1.3675057981914578
ligan,3.56950014433802,2.4324156828926813,1.1370844614453386
warns,3.569395916289761,2.3612305406435583,1.2081653756462027
quare,3.569391305280503,2.1180090512956626,1.4513822539848404
nodes,3.569164232571141,2.4587718895595607,1.11039234301158
abies,3.569142379900362,2.4281596951674076,1.1409826847329547
theic,3.568992695102148,2.433770257458931,1.1352224376432167
tubed,3.56894117456792,2.2780882825252657,1.2908528920426539
ditch,3.568914669778669,2.340027996397263,1.228886673381406
porer,3.568895022627439,1.975202264787729,1.5936927578397098
hayed,3.5688930006653043,2.341779744242271,1.2271132564230334
mudar,3.5687780351329463,2.3258337372675495,1.242944297865397
achey,3.5687583927260693,2.377505990723801,1.1912524020022681
brusk,3.5687451275872286,2.167795061158494,1.4009500664287344
tosyl,3.568718739709004,2.503662405307457,1.0650563344015465
mothy,3.5687116646741037,2.2889786592688557,1.279733005405248
faker,3.568698631197269,2.1952585599715375,1.3734400712257318
bundy,3.5686455911644037,2.182353991488559,1.3862915996758447
stylo,3.568610315194828,2.503662405307457,1.0649479098873709
apols,3.568553985522552,2.480375884977018,1.088178100545534
ashet,3.568487762153903,2.4994170129031534,1.0690707492507492
uptie,3.568376323856174,2.419744335665956,1.148631988190218
tangs,3.568307240037341,2.4301016042714685,1.1382056357658723
clamp,3.5682898589461587,2.2928494227513916,1.2754404361947669
shoot,3.5682119805090586,1.9714523524001422,1.5967596281089165
mused,3.5681276745190846,2.2908037275582727,1.277323946960812
comas,3.568096402777086,2.39560327930592,1.172493123471166
macon,3.5680143730242095,2.3795919169319477,1.1884224560922618
smoky,3.5679882775427156,2.159969913733149,1.4080183638095665
loony,3.567868671606567,1.9704008906724357,1.5974677809341313
mrads,3.5677887002993636,2.3723888534655617,1.1953998468338018
rough,3.5676890951156195,2.320333406792233,1.2473556883233865
nidal,3.5676584732952685,2.473197635474997,1.0944608378202716
teade,3.5675768894670883,1.9861712675563574,1.5814056219107306
noose,3.567551929327447,2.0359625778863095,1.5315893514411374
idler,3.567508249729919,2.498221691253809,1.0692865584761102
psion,3.5674807637675308,2.443271119816232,1.1242096439512987
puros,3.5672287857110523,2.429370800261115,1.137857985449937
troll,3.5672260178073345,2.080242572734441,1.4869834450728936
dynel,3.56711897234626,2.39161463196156,1.1755043403846999
shall,3.567018490287234,1.979801601501313,1.587216888785921
thrip,3.566908665833649,2.3991866755029956,1.1677219903306533
modes,3.5668886055687103,2.3468683746721712,1.220020230896539
chiru,3.5668223892046216,2.3927099922283257,1.174112396976296
actin,3.566805326572191,2.5119877206234484,1.0548176059487429
powsy,3.5667937074326446,2.181818008589685,1.3849756988429596
vlies,3.5665351924985904,2.3081152464663197,1.2584199460322705
moped,3.5665213648788883,2.24807534764256,1.3184460172363281
pargo,3.5664705283930314,2.370238282030883,1.1962322463621484
gapes,3.5664656693101966,2.3466213600896983,1.2198443092204985
stown,3.5664171940118923,2.3364086413762983,1.2300085526355937
rasse,3.566374400535294,2.085408379585432,1.4809660209498618
courb,3.566355331163833,2.3288189108900896,1.2375364202737433
faces,3.566300615982234,2.324751527230187,1.241549088752047
bohea,3.5662732135054442,2.3510711414088896,1.2152020720965544
organ,3.5662191349623935,2.4530199466865223,1.1131991882758714
canny,3.5659412627599414,1.9261632230011805,1.6397780397587607
mauve,3.565696067891578,2.1436412530118214,1.4220548148797567
prigs,3.565488155401643,2.345184049719152,1.220304105682491
brods,3.565302435544699,2.3396477806065716,1.225654654938127
moose,3.5652763023250165,1.92405906299892,1.6412172393260964
yarns,3.5651998406374483,2.5069242408097754,1.0582755998276727
ovate,3.565095670908989,2.3362333174449725,1.2288623534640166
ileac,3.5648641431350967,2.5328492048622593,1.0320149382728376
sizel,3.564860370820798,2.1448221170697597,1.4200382537510383
synch,3.5647347875967474,2.3326580491340896,1.2320767384626576
aurae,3.5646095814852656,2.0388532633874203,1.5257563180978453
kores,3.5644898569872274,2.3810165311564124,1.183473325830815
powlt,3.5643765937300236,2.259175678111629,1.3052009156183948
calif,3.5642516465201095,2.3277641853775313,1.2364874611425782
davit,3.564204487315444,2.2383594427555527,1.3258450445598915
soils,3.5641931552503197,2.054986598407626,1.5092065568426936
taluk,3.5641894218724586,2.3301004320865353,1.2340889897859233
dulia,3.563895250202899,2.442653881650957,1.1212413685519418
modge,3.5637969709814925,2.2202581215599477,1.3435388494215448
ocrea,3.5637335422696945,2.5534534686561003,1.0102800736135942
vaned,3.5636260265907955,2.2162715835673152,1.34735444302348
aller,3.56360932134952,2.090957080976402,1.472652240373118
fiers,3.5635616758250124,2.381330231439779,1.1822314443852333
arked,3.5635287573715995,2.3066013183945966,1.2569274389770029
quale,3.563457422439508,2.101536401129574,1.461921021309934
hamed,3.5632518553941264,2.2770612950539926,1.2861905603401336
flics,3.563248593881058,2.3068415666935524,1.2564070271875054
lohan,3.5631197518334154,2.4819373822463864,1.081182369587029
flush,3.563044696074361,2.2237904198695126,1.3392542762048483
bowat,3.5629697496601596,2.2240997600819905,1.3388699895781693
biker,3.5629066346182388,2.2276420551764007,1.335264579441838
miros,3.562779843561634,2.4521819835155116,1.1105978600461224
compt,3.5625901174378196,2.284500173650221,1.278089943787599
eards,3.5625607543373334,2.5082176912586833,1.05434306307865
gloam,3.5625429733115013,2.3246437816330445,1.2378991916784567
shown,3.562510502749892,2.246575933932137,1.315934568817755
fauts,3.5624929702858115,2.328997044606684,1.2334959256791278
riven,3.562427286623057,2.308576534258437,1.2538507523646198
cushy,3.5622629783388016,2.3021142953100497,1.2601486830287518
rifty,3.56211709023502,2.3188323828928263,1.2432847073421938
fours,3.5620983646060354,2.3309927683377594,1.231105596268276
snoot,3.5620841621150676,2.0366611574124405,1.5254230047026274
feare,3.562057682104066,1.888237320632465,1.6738203614716012
oleic,3.56188000927506,2.521436117094167,1.0404438921808934
tabls,3.56185761238867,2.429029058796374,1.132828553592296
sprag,3.5618131030706017,2.360728751114997,1.201084351955605
perae,3.5617922686746692,1.9866153525558214,1.5751769161188478
raupo,3.561658681190526,2.4502934189450944,1.1113652622454318
cruds,3.5615914726742948,2.3827239417965544,1.1788675308777403
mercs,3.561590542228104,2.3951064417948724,1.1664841004332316
powny,3.5615723739091907,2.165806646215713,1.3957657276934778
terms,3.561554775536215,2.4538210359011416,1.107733739635073
oarer,3.5613656611507913,2.0949179105013194,1.4664477506494717
chelp,3.5611719474522765,2.3265354744742637,1.2346364729780126
houts,3.5611480963260065,2.433534848405289,1.1276132479207175
straw,3.5610168969838263,2.385854443075421,1.1751624539084053
navel,3.560992909557231,2.307648585488193,1.253344324069038
fades,3.560988886534328,2.2890252807486573,1.271963605785671
ylike,3.5609829656148677,2.297215839289488,1.2637671263253796
doges,3.5609288869506743,2.3481729988213096,1.2127558881293645
braze,3.5609133044093992,2.0275966062794333,1.533316698129966
panne,3.5608249038765183,1.9485826386247909,1.6122422652517274
shogi,3.560817161252816,2.350245088721321,1.210572072531495
freak,3.5606788324840424,2.1952585599715375,1.3654202725125049
unsay,3.560635359997537,2.438347773054705,1.122287586942832
caves,3.5605722056698887,2.268009192422817,1.2925630132470716
logia,3.560525486442474,2.4579365761825405,1.1025889102599336
bices,3.5605086194032043,2.3571350224350507,1.2033735969681536
murid,3.5603117522504,2.3102890358717048,1.2500227163786957
molts,3.560301777206491,2.4389439561191795,1.1213578210873114
bosun,3.560212105304174,2.340888251007437,1.2193238542967368
nache,3.5601227562693722,2.4246910564229123,1.13543169984646
mesad,3.560041640394505,2.3582814624402637,1.2017601779542413
afrit,3.560018250929878,2.402951429649889,1.1570668212799895
gaids,3.559968955820168,2.3570500433457764,1.2029189124743915
ureic,3.5599141022406244,2.481844120146357,1.0780699820942674
auloi,3.559848191669883,2.5379917130967513,1.021856478573132
punto,3.5597850608241375,2.399950626387976,1.159834434436161
combe,3.55975630322217,2.233351758801442,1.3264045444207282
fease,3.5597302117922522,1.8662159690754065,1.6935142427168457
smack,3.5596642671130976,2.1844773755259466,1.375186891587151
topee,3.5596000059379893,1.9617934532885615,1.5978065526494278
under,3.5595877899613924,2.42472859400272,1.1348591959586725
titer,3.559586887770161,2.078476218247479,1.481110669522682
rands,3.559430191294811,2.484292368352951,1.0751378229418596
glift,3.5593747553631028,2.238945907687598,1.3204288476755044
dreck,3.5593156305411,2.23557664566224,1.3237389848788599
bints,3.55930245876631,2.391924293635588,1.167378165130722
aborn,3.5592782859493424,2.4303873374464864,1.128890948502856
hoped,3.5592767718847007,2.294770057517651,1.2645067143670496
prawn,3.559220446559781,2.262437513613947,1.2967829329458336
modin,3.5591577608016203,2.3283209690545736,1.2308367917470466
cubed,3.558911904955098,2.2193736884189965,1.3395382165361016
teeny,3.5588705446027173,1.9718691589552304,1.587001385647487
ouens,3.558832171696897,2.4980450738914564,1.0607870978054406
tynde,3.558733358115064,2.3946784706284814,1.1640548874865826
aitus,3.558706020718571,2.5315460208477862,1.0271599998707845
reuse,3.558673107080613,2.0179306447034415,1.5407424623771715
slosh,3.5586674864093046,1.9683885137332207,1.5902789726760838
amino,3.5586662516616094,2.4350718882684603,1.1235943633931493
lefty,3.5586452487586335,2.3048957759703637,1.2537494727882699
orpin,3.558636479639178,2.46529247137329,1.0933440082658878
putid,3.5586294840376502,2.326002074604288,1.2326274094333622
capri,3.5585283237400933,2.4426148674669763,1.115913456273117
liman,3.558516133277629,2.4311110587435434,1.1274050745340856
ultra,3.558486011871275,2.5537381565076798,1.004747855363595
viral,3.558279083917891,2.3431452561755974,1.2151338277422936
cangs,3.5582779704245193,2.3713870101651993,1.18689096025932
clays,3.5582633052044867,2.456360898969281,1.101902406235206
cloze,3.558258599347114,2.098851676649134,1.4594069226979802
rabid,3.5582501353386755,2.3564387856627986,1.201811349675877
hiree,3.5581847676556424,1.9886435108033171,1.5695412568523253
fanos,3.55797209847384,2.36043778928872,1.1975343091851203
ukase,3.5579068076069498,2.3238531511694345,1.2340536564375153
fadge,3.557897251947111,2.1624150276364342,1.3954822243106766
mache,3.557847129266942,2.312787541535523,1.2450595877314192
ragis,3.5575758349111535,2.464899695432742,1.0926761394784112
tabis,3.557518861263259,2.428858274693539,1.12866058656972
thick,3.5574946349042977,2.2242399240630846,1.3332547108412132
drunk,3.5574131466296,2.215198260606874,1.342214886022726
gashy,3.5573287156392666,2.2930838311281954,1.2642448845110712
napes,3.5572768520721283,2.4572202508279495,1.1000566012441786
raiks,3.5571778723029834,2.389893575680879,1.1672842966221046
ribes,3.557075517370696,2.4292584280404874,1.1278170893302084
seats,3.556873818738246,2.071999568086265,1.484874250651981
harim,3.5568659091689243,2.3823749038973334,1.174491005271591
titre,3.5568332373876084,2.078476218247479,1.4783570191401294
diker,3.5567959871840644,2.2910566169987527,1.2657393701853115
swoun,3.5567561590323153,2.281240985120396,1.2755151739119195
phots,3.556743247029787,2.3812969375736897,1.175446309456097
cymae,3.5566107038635657,2.33081128084871,1.225799423014856
rayls,3.5565717202473506,2.5284843045747167,1.028087415672634
eniac,3.556446131648377,2.5112891410973175,1.0451569905510594
pungy,3.5564254278710115,2.1920218742288915,1.3644035536421202
manic,3.556382727829794,2.375460303304196,1.180922424525598
carpi,3.5563437753888474,2.4426148674669763,1.113728907921871
laugh,3.5562537446629943,2.3152738443942362,1.2409799002687578
fetid,3.5562443318300883,2.282093119410704,1.274151212419384
uncle,3.556211986185751,2.4439821903181613,1.1122297958675897
fouls,3.55616448176504,2.3145201181716706,1.2416443635933696
firns,3.5560590718837073,2.357404908534047,1.1986541633496604
beret,3.5560570469320245,1.923855438607085,1.6322016083249393
toked,3.5560427235309295,2.2817794191273375,1.274263304403592
melch,3.5559913945142956,2.2974136242425134,1.258577770271782
block,3.55581377370567,2.1572850040579263,1.3985287696477435
lords,3.5556737972543435,2.4944393443498005,1.061234452904543
fakie,3.5556723468483105,2.1786151257026134,1.377057221145697
krans,3.555508754982399,2.3685042960187723,1.1870044589636266
dawen,3.5554658709785083,2.2612948490883524,1.2941710218901559
carbo,3.555449867128137,2.3962966457720807,1.1591532213560565
daven,3.5554348168213665,2.2162715835673152,1.3391632332540513
acrid,3.5553929956044517,2.4555795939666796,1.0998134016377719
rotte,3.555209907692358,2.0826078318752312,1.4726020758171265
bides,3.5551968899552984,2.321408775953521,1.2337881140017772
sones,3.5550431465164394,2.03596257788631,1.5190805686301292
blowy,3.555037140767931,2.1369168746580063,1.4181202661099248
lepra,3.5550316044565546,2.5008016661499495,1.0542299383066052
mapes,3.555001225069698,2.34531673594056,1.2096844891291376
biped,3.554829649265476,2.22261574892391,1.3322139003415663
sotol,3.5548245064089596,2.0582212211773823,1.4966032852315774
ardeb,3.554639734493645,2.358974828906424,1.195664905587221
dhols,3.554612457376988,2.3911978254064716,1.1634146319705163
swank,3.5546100685142688,2.1375928162224134,1.4170172522918554
shmek,3.554598012225712,2.1403506040358353,1.4142474081898766
cribs,3.5544674941367482,2.371242413460349,1.1832250806763989
felid,3.5544475369526083,2.2790292807437824,1.2754182562088257
dices,3.5543979719690295,2.4205495842574027,1.1338483877116268
voars,3.5543493747061428,2.34172816841238,1.212621206293763
mivey,3.5542707209669624,2.1114552397409057,1.442815481226057
sires,3.553951172569851,2.069863678189588,1.484087494380263
prowl,3.5539060001043743,2.2725844896107965,1.2813215104935778
orbed,3.5538792973516347,2.347561741138332,1.2063175562133028
fitna,3.553869515159743,2.3649187157188587,1.1889507994408846
antis,3.5537635883205665,2.562089774671826,0.9916738136487403
eater,3.553719138551629,2.0940209196433237,1.4596982189083052
derig,3.553693293013782,2.3660627367506155,1.1876305562631664
pubsy,3.5535822127515218,2.185400627362827,1.3681815853886947
gents,3.5535297751857398,2.4170929461192494,1.1364368290664906
wormy,3.5534685679746474,2.174717509914993,1.3787510580596543
culti,3.5534584154059505,2.4660700495063987,1.0873883658995518
reune,3.553451773557159,2.0019192823294696,1.5515324912276895
pecia,3.5534323318612833,2.4285074764416783,1.124924855419605
slump,3.5532827010385613,2.2754737419177786,1.2778089591207826
scrim,3.5532683890392356,2.392570398551247,1.1606979904879886
dints,3.553191811332135,2.4553388554579394,1.0978529558741954
pohed,3.5531000050285404,2.294770057517651,1.2583299475108896
progs,3.5530822722513067,2.3493156633469043,1.2037666089044023
holts,3.5530571842123035,2.4856386659942706,1.067418518218033
perog,3.5530404769204926,2.3572296238786645,1.1958108530418279
ghats,3.5528808802751257,2.3648927992591697,1.1879880810159562
parmo,3.5528465288622555,2.368933657881745,1.1839128709805107
krais,3.5527849248512604,2.389893575680879,1.1628913491703816
kayle,3.552772611931636,2.3127605406853324,1.2400120712463036
rimon,3.552751383699566,2.4361706211415397,1.1165807625580264
poete,3.552475747004026,1.9617934532885617,1.590682293715464
terry,3.55235815730665,2.0099018728862608,1.542456284420389
stoor,3.5523221193074663,2.074693871343471,1.4776282479639953
mingy,3.551976485721593,2.2148330574832875,1.3371434282383055
lorel,3.5519334621314904,2.07954399320831,1.4723894689231802
sperm,3.5518729094156543,2.3464154688136394,1.205457440602015
prims,3.551864155870867,2.3438794255700137,1.2079847303008533
selva,3.5517905877675733,2.3236599478621645,1.2281306399054088
cnida,3.5517096363109606,2.4175468800356494,1.1341627562753112
bawty,3.5517027076744108,2.15139380109302,1.4003089065813907
brahs,3.551694526890997,2.3556690015183013,1.196025525372696
ingle,3.5516786033072503,2.419407024740462,1.132271578566788
razet,3.551582317294068,2.1854520086895834,1.3661303086044845
koans,3.5515055846643397,2.355992475377601,1.1955131092867388
havel,3.551472689560613,2.242439780475894,1.3090329090847188
lyard,3.5514525872583675,2.4426560040448093,1.108796583213558
blads,3.5513663406351985,2.3345882182085753,1.2167781224266232
scopa,3.551358617590902,2.4247251295376704,1.1266334880532316
resam,3.551358079074325,2.4661311145272298,1.085226964547095
skyer,3.551352438388025,2.308310572167442,1.2430418662205829
feign,3.5512711616044013,2.2166872643965254,1.3345838972078758
ducal,3.5512197947061637,2.387173910314445,1.1640458843917187
cozey,3.55115261458846,2.0301065471850803,1.5210460674033797
linky,3.5511263129835267,2.2732905163837556,1.277835796599771
began,3.55112482898865,2.280160162393078,1.2709646665955716
nelis,3.5511027431802304,2.5460172778526857,1.0050854653275445
borer,3.5510819468776145,1.9247524294650806,1.6263295174125336
screw,3.551009987541179,2.3141311908169335,1.2368787967242458
tichy,3.550992695847626,2.362659868854087,1.188332826993539
title,3.550899354546613,2.06200356808139,1.488895786465223
camos,3.550896302746398,2.39560327930592,1.155293023440478
flocs,3.5508427107307217,2.3109731803213047,1.239869530409417
oundy,3.5508078833856076,2.341106384756705,1.2097014986289025
gryde,3.5507838287609133,2.2974883913893973,1.253295437371516
naids,3.550780138582099,2.4676489340840275,1.0831312044980717
flisk,3.550672392213994,2.155327247877844,1.3953451443361504
metis,3.550623911055279,2.4371776016322175,1.1134463094230618
groma,3.550415428449816,2.341116431799133,1.2092989966506835
duets,3.5503812195045903,2.427331144877525,1.1230500746270649
halve,3.5503605627836876,2.242439780475894,1.3079207823077936
noyed,3.55029179860995,2.3955754614864775,1.1547163371234723
upset,3.550230345341416,2.4143664183778215,1.1358639269635946
acher,3.550151139089037,2.462723770353943,1.0874273687350942
yarco,3.5499809576249683,2.4823430800512565,1.0676378775737119
domes,3.549944875890283,2.3468683746721712,1.2030765012181115
taunt,3.549934443707932,2.001519128982521,1.548415314725411
basic,3.549840369056013,2.3701436805872698,1.1796966884687432
lieus,3.5495272998235072,2.515473524028646,1.0340537757948614
colds,3.549497390242533,2.4223159387443647,1.1271814514981682
raser,3.549434169672602,2.085408379585432,1.4640257900871698
lemon,3.5492795422231787,2.4222340142190766,1.1270455280041023
ladee,3.5492631702506032,1.983107428889436,1.5661557413611673
pooay,3.5492426536530433,1.902993143309806,1.6462495103432373
warts,3.549217903752833,2.3858544430754214,1.1633634606774117
niced,3.549103749417518,2.4045382218834304,1.1445655275340878
upsey,3.549041046514856,2.342557450246847,1.2064835962680087
mersk,3.5490143405610404,2.243592122979164,1.3054222175818762
perse,3.54899244952389,1.9656927338718422,1.5832997156520476
lemur,3.5488661515904867,2.4042020810362086,1.144664070554278
rapee,3.5488111402042155,1.986615352555821,1.5621957876483945
anker,3.548809184062457,2.376418256550533,1.1723909275119244
incel,3.548767614722051,2.495915223804308,1.0528523909177427
curvy,3.548649457985387,2.1514424204930407,1.3972070374923464
punas,3.54862850727761,2.4027511740981775,1.1458773331794325
skyre,3.5485987880054726,2.3083105721674424,1.2402882158380304
quiet,3.5485390676730404,2.089055538400651,1.4594835292723893
maids,3.5485045115796687,2.355745419196638,1.1927590923830307
locis,3.5483804998356296,2.5135221565624066,1.0348583432732232
luces,3.5482826733310997,2.4599935526921333,1.0882891206389667
mudir,3.5480330523275754,2.3102890358717048,1.2377440164558704
saeta,3.547689073780827,2.071999568086265,1.475689505694562
brigs,3.5476750796518184,2.2947342143965037,1.2529408652553147
arame,3.5473258700160275,1.9574935023240707,1.5898323676919568
pards,3.54714804867856,2.401510703697312,1.1456373449812476
muton,3.5471475439408513,2.370828776156226,1.1763187677846254
giver,3.5471279115704295,2.1979776435201854,1.3491502680502439
greet,3.5470852461818208,1.946488047847121,1.6005971983347
lunts,3.5470765126942054,2.4947828238926704,1.052293688801535
coxae,3.5468902876132846,2.118168887255792,1.4287214003574922
ulnad,3.5468676787792637,2.4212646019888506,1.1256030767904128
tocky,3.5467569855598198,2.2463952770040234,1.3003617085557966
gnats,3.546753061881135,2.430101604271468,1.116651457609667
doubt,3.5466838627962476,2.2796838529093923,1.267000009886855
ramis,3.546591823850762,2.4635950712836037,1.0829967525671582
pervy,3.5463356201580036,2.1572205242415796,1.389115095916424
sorra,3.546241935121934,2.087003949969559,1.459237985152375
fuero,3.546231202133015,2.3389067288695196,1.2073244732634956
ridgy,3.5461536718284035,2.294952348145772,1.2512013236826314
dinos,3.546069454460635,2.456235846315935,1.0898336081447
picon,3.5460143111086495,2.3931690657678537,1.1528452453407958
coked,3.546013453918108,2.2230648250210683,1.3229486288970398
aiyoh,3.5459294346138703,2.43458153244444,1.11134790216943
mashy,3.5458642713987674,2.291779206979057,1.2540850644197103
algid,3.545747877833316,2.3625987447367454,1.1831491330965704
malic,3.545690330656563,2.3970203670691372,1.1486699635874256
stupa,3.545613684710517,2.4273750765300406,1.1182386081804767
butoh,3.545613357124899,2.284291986053029,1.2613213710718696
limes,3.5455019952393476,2.4341137629652962,1.1113882322740511
cowan,3.5454959758133393,2.298616665954009,1.2468793098593303
joist,3.545445499301325,2.132949591438077,1.412495907863248
ryals,3.545433915060807,2.528484304574717,1.01694961048609
perle,3.545386036994709,1.971241435262812,1.5741446017318967
ruche,3.545364818034051,2.395246035471952,1.150118782562099
kesar,3.5453641918901964,2.3924296189245045,1.1529345729656917
witan,3.5453357652782325,2.3531996464325253,1.1921361188457071
tally,3.545332992428863,2.006437880872391,1.5388951115564715
raked,3.5452538577971553,2.3066013183945966,1.2386525394025587
wrens,3.5452314646618848,2.3482218824913392,1.1970095821705455
dowry,3.545197454560459,2.2168040866464467,1.3283933679140123
dosai,3.5451768425903802,2.4931698273738863,1.052007015216494
sculp,3.54514765160934,2.3532865651307624,1.1918610864785772
gilas,3.54495161219546,2.4484270452666537,1.0965245669288062
poufy,3.5445825120146877,2.146981961678006,1.3976005503366817
takes,3.544522583721739,2.3790208074253374,1.1655017762964015
beams,3.5445215068221105,2.2948669006179117,1.2496546062041989
cloot,3.5444541435068375,2.0081191671290046,1.536334976377833
retie,3.5444338261897976,2.078476218247479,1.4659576079423187
pibal,3.5443795894251604,2.327001408997006,1.2173781804281543
ample,3.5443637718442216,2.3508654373315294,1.1934983345126922
soles,3.544350749343208,2.0575226416512513,1.4868281076919567
wrang,3.5442122702412124,2.2346202875313352,1.3095919827098774
minas,3.544179565128191,2.4255623573525735,1.1186172077756176
vireo,3.54412678748876,2.3340974275482953,1.2100293599404643
nages,3.544114524589973,2.4294030247453375,1.1147114998446352
pyral,3.544107338443887,2.429691277545106,1.114416060898781
etics,3.544071937867656,2.5149904248452013,1.029081513022455
whaur,3.5439324909762275,2.2494666194332478,1.2944658715429795
runic,3.5439004165969026,2.4579187972406245,1.0859816193562781
about,3.5438122745365472,2.386434772123279,1.157377502413268
latte,3.5437745572397326,2.077548269477235,1.4662262877624976
perne,3.543771116000436,1.9496813714978702,1.5940897445025657
thous,3.5437464720053633,2.433534848405289,1.1102116236000743
syker,3.5437205027063907,2.308310572167442,1.235409930538949
sumac,3.543619550478874,2.3395386321920215,1.2040809182868526
miaou,3.543535362862479,2.4045281344444205,1.1390072284180583
reaks,3.5435300472701385,2.392429618924505,1.1511004283456336
chivy,3.5434474455829577,2.100133935035858,1.4433135105470993
ghoul,3.5433267235179526,2.303860756626144,1.2394659668918084
minke,3.5433126101785226,2.210937326336268,1.3323752838422545
duros,3.543305062527053,2.442335526760819,1.1009695357662341
bitos,3.543284499599059,2.4174451869254465,1.1258393126736124
rowed,3.543242381463296,2.2879144752512905,1.255327906212005
roved,3.5432113273061545,2.242891209730254,1.3003201175759007
renga,3.5429745328530315,2.4514243763023957,1.0915501565506358
ludes,3.5429709438831942,2.4242673062106035,1.1187036376725905
aegis,3.5429187207330575,2.450792304407444,1.0921264163256137
siege,3.5428993775569104,1.9212320735203063,1.6216673040366043
sully,3.542892499473547,1.930347605932509,1.612544893541038
gelts,3.5428373780125093,2.438653009884191,1.104184368128318
ayins,3.542809704921284,2.4902808065408517,1.0525288983804322
corgi,3.542714858096103,2.403384553616272,1.1393303044798313
dooce,3.5426917784464993,1.9160435856819964,1.626648192764503
ledgy,3.542681830352016,2.2810157412233085,1.2616660891287075
audio,3.5426744460459902,2.446614711175874,1.0960597348701164
relie,3.542637031312318,2.0754123795805577,1.4672246517317604
swive,3.5425837090038304,2.09367641683605,1.4489072921677804
sials,3.542581821241236,2.066399686175718,1.476182135065518
games,3.54231933076765,2.317499509857948,1.224819820909702
curer,3.5422800170203415,1.9678285906550634,1.574451426365278
acton,3.542228787294902,2.5161193342512007,1.0261094530437014
maneb,3.5421876488123907,2.2788555382439397,1.263332110568451
ascot,3.5421861089171087,2.5321306966251727,1.010055412291936
fayed,3.5421164525731372,2.2258288526755736,1.3162875998975634
ments,3.542065330945241,2.415788321970111,1.1262770089751297
ginch,3.5420633048998145,2.2746221413830843,1.2674411635167304
caums,3.5420524858342155,2.339538632192021,1.2025138536421944
ovine,3.5418712429923094,2.296064713617265,1.245806529375044
mages,3.541838897587542,2.3174995098579476,1.2243393877295943
ganef,3.541790532437303,2.23223196579237,1.309558566644933
cooed,3.5417725267058406,1.9160435856819962,1.6257289410238445
lotus,3.541769871368307,2.520303717182529,1.021466154185778
quate,3.541664488908307,2.104600239796495,1.437064249111812
baize,3.541629115689704,2.010953172010509,1.5306759436791948
trugs,3.5415875032438993,2.4006565833205076,1.1409309199233917
zorse,3.54147383738673,2.1654263808636003,1.3760474565231298
oints,3.541464750987514,2.550676686903734,0.9907880640837798
muras,3.541415173194609,2.4116620377974574,1.1297531353971517
brawn,3.5414073708099565,2.2119876782912993,1.3294196925186572
smorg,3.5413920538068187,2.3201938131151536,1.2211982406916648
tends,3.541290213594104,2.457874898701565,1.0834153148925387
wines,3.5412172295357025,2.3315784482224156,1.209638781313287
basti,3.5412097468653667,2.4288582746935385,1.1123514721718282
seirs,3.541198194656834,2.069863678189588,1.471334516467246
caups,3.541183980605763,2.3686604824237714,1.1725234981819914
sprig,3.54106812026523,2.345184049719152,1.195884070546078
hoyed,3.540771578613332,2.3303666564741787,1.210404922139153
craws,3.540434112224303,2.3271398489691526,1.2132942632551507
frier,3.540233514760253,1.8726926192366204,1.6675408955236322
spawl,3.540233414023227,2.2619762258218303,1.2782571882013969
joint,3.540224165777871,2.116938229064105,1.423285936713766
tongs,3.540185817985368,2.418688516503376,1.121497301481992
stent,3.5401841177936424,2.035065587028314,1.5051185307653285
stomp,3.5401460636064352,2.3346022276985985,1.2055438359078368
ankle,3.54012165083891,2.359945606384444,1.1801760444544656
alcos,3.54001263617591,2.529066857958251,1.0109457782176594
poort,3.5399596036406384,1.97590084431386,1.5640587593267787
yauld,3.5399330379172524,2.374079536289739,1.1658535016275136
methy,3.539782821239623,2.287383088884729,1.252399732354894
putas,3.5397329049818587,2.4273750765300406,1.112357828451818
cumin,3.539522748700095,2.307982568422205,1.2315401802778903
proms,3.5394582727205304,2.348011039197766,1.1914472335227646
sprew,3.5393880738451546,2.2654402178357,1.2739478560094544
dowly,3.539263571719464,2.200331436480358,1.338932135239106
vairs,3.5390683563045076,2.3375965547846276,1.20147180151988
diram,3.5389316998689235,2.3777667707536962,1.1611649291152273
kilty,3.5388593697376862,2.297914418815619,1.2409449509220674
nifle,3.5388151754590496,2.3488462188997183,1.1899689565593312
clown,3.538752665747671,2.2832427486609994,1.2555099170866717
bungy,3.538612352121187,2.141572038906243,1.3970403132149438
forky,3.5382584416491065,2.112735083598601,1.4255233580505051
gilpy,3.5382560280296325,2.2655149714799796,1.272741056549653
frock,3.5382149922834802,2.1258294576233068,1.4123855346601735
furth,3.538209916872619,2.248875610093493,1.289334306779126
winge,3.5381255949484847,2.204968195110192,1.3331573998382926
meous,3.5379618398686965,2.386141559004067,1.1518202808646298
pulas,3.5379361101043787,2.424311237863119,1.1136248722412598
kails,3.537839487256977,2.3734209255147904,1.1644185617421865
trefa,3.537751037304286,2.405487472893515,1.132263564410771
downy,3.537648650725191,2.178771372715416,1.3588772780097749
lochy,3.5375394100199733,2.3637276438149177,1.1738117662050556
houri,3.537511421905655,2.4523215771925906,1.0851898447130646
defat,3.537462818984598,2.2976378208065484,1.2398249981780498
frowy,3.537438359345742,2.105461328223387,1.4319770311223547
fetas,3.5373477527742963,2.3834661213364563,1.15388163143784
fusil,3.5372280039530146,2.3103885045439183,1.2268394994090965
pedro,3.537121109049581,2.39801157646098,1.139109532588601
dowar,3.537062549762392,2.3009231334035096,1.2361394163588826
ranny,3.537060244587016,1.9982866286066165,1.5387736159803993
fonts,3.536973033293367,2.3481277106626317,1.1888453226307352
takin,3.5367917389546486,2.36047340180774,1.176318337146909
yamen,3.53671061332063,2.3649019725231155,1.1718086407975146
psora,3.5366806043080232,2.4968485351431067,1.0398320691649166
manky,3.53647920427133,2.155371639127269,1.381107565144061
famed,3.5364753073019592,2.161110403487296,1.3753649038146634
gurls,3.536473385755148,2.3975927446535863,1.1388806411015617
kains,3.536224566262704,2.3518608617498487,1.1843637045128554
ursid,3.5360026968642764,2.4382039131330666,1.0977987837312098
duvet,3.5359852387589417,2.1734177511171873,1.3625674876417546
parev,3.5359040683058636,2.2413395709986417,1.294564497307222
rente,3.535875246079759,2.0570869385853725,1.4787883074943866
grids,3.535850704086254,2.3581487762188553,1.177701927867399
axile,3.535845801357743,2.1696880290673874,1.3661577722903557
tabun,3.535824968555702,2.3609138788334203,1.1749110897222816
nilas,3.5357627949573907,2.559025936004905,0.976736858952486
drouk,3.5357331280756554,2.2407191538967326,1.2950139741789228
ragee,3.53564881272206,1.958798126473209,1.576850686248851
syped,3.5356435173536283,2.303284265914951,1.2323592514386772
grams,3.53559590596587,2.331606900883246,1.203989005082624
baken,3.5354665726945704,2.205154042641215,1.3303125300533558
aidos,3.5354283804606985,2.4931698273738863,1.0422585530868123
tahrs,3.5353645896960098,2.5135244039284514,1.0218401857675585
prize,3.5353239397056155,2.062501740206237,1.4728221994993786
drawn,3.535296723375781,2.2754022401136504,1.2598944832621304
mitas,3.53528396283244,2.4501862597844366,1.0850977030480033
brogs,3.535269196501482,2.298865828024256,1.236403368477226
seils,3.535264311815839,2.0533910280234995,1.4818732837923396
gawsy,3.535244439126012,2.165413870275165,1.3698305688508472
chuts,3.535219208409558,2.373923263441024,1.161295944968534
homed,3.535130433342154,2.265648207285901,1.269482226056253
punch,3.5350478028087338,2.25050633397955,1.284541468829184
podgy,3.5349635031587403,2.1782695831868546,1.3566939199718857
gurns,3.534858464760875,2.3760326808886445,1.1588257838722307
meads,3.5348566865468234,2.3582814624402637,1.17657522410656
hents,3.5348207379510534,2.4624830318452022,1.0723377061058512
marae,3.534698741409799,1.9574935023240707,1.5772052390857283
garre,3.534592103938254,1.958798126473209,1.575793977465045
gamin,3.53458848600056,2.2989521042403505,1.2356363817602096
padis,3.534543021811939,2.384867269428388,1.1496757523835515
cakes,3.534493314108918,2.3203062133190686,1.2141871007898493
repas,3.5344328797122273,2.49525296475898,1.039179914953247
bandh,3.5344282223881573,2.231807987057363,1.3026202353307945
vired,3.534412630592234,2.2387595961025006,1.2956530344897335
urped,3.5342985607195505,2.341946929347081,1.1923516313724691
rueda,3.5341122490404926,2.4616625750606715,1.072449673979821
fused,3.53410653343273,2.2215475458666667,1.3125589875660633
brims,3.534051080121042,2.2934295902473654,1.240621489873677
deman,3.5340301704940833,2.3422701000662913,1.1917600704277918
calms,3.5339615737205126,2.3916424497810027,1.1423191239395099
pokit,3.5339278968865,2.266278649384008,1.2676492475024919
wavey,3.5335864242866624,2.046024690158811,1.487561734127851
anigh,3.533575734290811,2.345646814115441,1.1879289201753702
tacet,3.5335640768674264,2.0218975140378874,1.5116665628295392
swept,3.5335568349621376,2.252031406336533,1.2815254286256048
rushy,3.533381960165876,2.3742377009154856,1.1591442592503904
farci,3.533256175835656,2.34423683554362,1.189019340292036
whies,3.5332508251996906,2.266369643210117,1.266881181989574
patus,3.5332441227925226,2.4273750765300406,1.1058690462624823
enarm,3.533182197080234,2.4501197521532574,1.0830624449269768
gitch,3.5331677026040635,2.2992460438149473,1.233921658789116
vails,3.5331344734635124,2.321123904618539,1.2120105688449736
names,3.5331305135295814,2.428098400596199,1.105032112933382
calps,3.53309306849206,2.420764300012753,1.1123287684793068
ident,3.5329944897121743,2.4632528159896996,1.0697416737224745
tabos,3.5329423219859697,2.4329898883212913,1.0999524336646784
novel,3.5328714875052585,2.2962354977201005,1.2366359897851578
pooly,3.532836421973083,1.8876192260167965,1.6452171959562865
usage,3.5327378446017996,2.3988592709212977,1.133878573680502
oorie,3.532729775391031,2.0793732091054746,1.4533565662855565
neigh,3.5327116840279547,2.332638155963222,1.2000735280647326
pukey,3.5326407715554096,2.1409410773827604,1.3916996941726494
rompy,3.532519800438334,2.2848146111246823,1.2477051893136517
dungy,3.5325017046870117,2.2049866007285948,1.327515103958417
bourg,3.5324821322732127,2.2523107118262438,1.2801714204469687
coves,3.532450783617916,2.256596104654725,1.2758546789631913
avert,3.532350823807438,2.3487451380861444,1.1836056857212935
longa,3.5323466037829148,2.4365472965204336,1.095799307262481
wites,3.532321627239951,2.3562023506542786,1.1761192765856727
semie,3.5323035795621487,1.9199274493711682,1.6123761301909805
marvy,3.532250751045353,2.141107332162048,1.391143418883305
gadso,3.5321732138656152,2.361181656973528,1.1709915568920872
lawed,3.53180703101067,2.282854912853294,1.2489521181573764
tynes,3.531791753659065,2.4805067711583892,1.0512849825006758
laved,3.5317759768535293,2.237831647332257,1.293944329521272
unapt,3.531755523035134,2.411363714156068,1.1203918088790656
raves,3.531691187496963,2.3401325980282532,1.1915585894687102
fauve,3.5316749268052234,2.0743850713202154,1.457289855485008
mesto,3.531556632079869,2.44130921525997,1.0902474168198992
owlet,3.531449476195435,2.3658826656730003,1.1655668105224346
palus,3.5314473279150427,2.424311237863119,1.107136090051924
arums,3.5314463672357346,2.4116620377974574,1.1197843294382772
booay,3.5314295779032188,1.8525433079871576,1.6788862699160612
melts,3.53137293377201,2.437348385735053,1.0940245480369573
lapis,3.531181389888711,2.4762442713492656,1.0549371185394456
tanty,3.5311686174039716,1.9848778171074495,1.5462908002965219
pewit,3.531108999170132,2.2574093236246675,1.2736996755454646
trust,3.531037525497472,2.018629224229572,1.5124083012679002
risky,3.530818667865064,2.3057745289238163,1.2250441389412479
bunas,3.530815431527785,2.352301338775529,1.178514092752256
forby,3.530785297043859,2.1651085941104284,1.3656767029334307
beryl,3.530648807745761,2.3662327840702386,1.1644160236755228
chads,3.530612049070669,2.3469601577352166,1.1836518913354521
wiles,3.530524832362471,2.353138511987357,1.1773863203751145
galop,3.530448006457311,2.3537656318647944,1.1766823745925168
venal,3.530442214429998,2.3076485854881925,1.2227936289418055
gosht,3.5303965924138545,2.3534797114910777,1.1769168809227768
begin,3.530379846183278,2.2646154609972333,1.2657643851860447
filth,3.5302819116329704,2.284335993413551,1.2459459182194197
medin,3.5302289173671397,2.326725398670447,1.2035035186966925
cebid,3.5300808880251475,2.2713067219051437,1.258774166120004
neram,3.53008084648446,2.4501197521532574,1.0799610943312026
hemal,3.5300680432333293,2.3684382969748703,1.161629746258459
haere,3.5299442578349027,2.004188212199162,1.5257560456357409
tozie,3.5295483462152903,2.1573954866525673,1.372152859562723
luged,3.529441375711216,2.29765705309838,1.231784322612836
rangs,3.529396952251594,2.4435104157706355,1.0858865364809587
gamut,3.5293951085541706,2.271642973186067,1.2577521353681038
steen,3.5293891966945576,2.035065587028314,1.4943236096662436
bards,3.5293349729287353,2.3510608683746637,1.1782741045540714
tubes,3.5292996127067564,2.363916583055173,1.165383029651583
hanky,3.5292346112771424,2.2020663490023598,1.3271682622747825
redos,3.5291201601805517,2.4968046034905913,1.0323155566899604
brung,3.5289364987560043,2.2267898185363855,1.302146680219619
tanhs,3.5289242468229114,2.4754916899974213,1.0534325568254899
mucor,3.5287682424981917,2.350146895980987,1.1786213465172048
kanes,3.5286894785230967,2.3543969049934743,1.1742925735296221
herby,3.5286330017015453,2.2794639152929985,1.2491690864085467
strum,3.5285672677360447,2.3993519591713692,1.1292153085646754
tauty,3.5285671323444436,1.9543340632834096,1.574233069061034
hiver,3.5284188743357427,2.2433677292461383,1.2850511450896045
macro,3.5283479693848365,2.4176246308629783,1.1107233385218582
paipe,3.528291727340758,1.9699719182868973,1.5583198090538608
clegs,3.5282909007993024,2.3799384157779224,1.14835248502138
monic,3.5282613057778214,2.3640472155361034,1.1642140902417177
swarm,3.5281499321197467,2.2493270257561684,1.278822906363578
lough,3.5281323226110217,2.303860756626144,1.2242715659848775
yites,3.528125551587638,2.5018960508204957,1.0262295007671425
scrog,3.528113494683966,2.398006636328138,1.130106858355828
jaune,3.528110008349296,2.07571970381992,1.4523903045293758
waift,3.5279534881749965,2.17203994985353,1.3559135383214664
bulgy,3.527919954947956,2.163132102671185,1.3647878522767714
deice,3.5277643885464807,1.911911972054244,1.615852416492237
talar,3.5277580531787818,2.091655660502533,1.4361023926762486
varec,3.5277192142380454,2.2900305439798756,1.2376886702581698
nicol,3.5276486806605143,2.4975107941884347,1.0301378864720796
picra,3.5276200347994786,2.4426148674669763,1.085005167332502
heads,3.527612093552636,2.4049761723153544,1.1226359212372814
still,3.527522741095626,2.05408960754963,1.473433133545996
munia,3.5273762359610252,2.3790072411545617,1.1483689948064637
doven,3.5273133947693935,2.2048584957992228,1.322454898970171
lepta,3.527304788084359,2.4873928546507824,1.0399119334335767
nurls,3.527284568517079,2.5081916353918374,1.0190929331252416
drips,3.5270719274584144,2.3859660023014673,1.141105925156947
mopes,3.526879803017725,2.3339036481724675,1.1929761548452573
gundy,3.5267879765556227,2.2049866007285948,1.3218013758270282
voted,3.5266090022430716,2.2294823982310863,1.2971266040119853
mauby,3.5264045746065547,2.177201395815056,1.3492031787914986
reest,3.5263708891669854,2.0730983009593444,1.4532725882076412
larum,3.5263276190416586,2.417210739188427,1.1091168798532314
reset,3.5262878476750394,2.0730983009593444,1.4531895467156952
unget,3.526213212391845,2.3705378299212376,1.155675382470607
duing,3.526137597167237,2.273560946089813,1.252576651077424
saics,3.526125054537851,2.0107489307363706,1.5153761238014805
quire,3.5259888648268953,2.1024643498998183,1.423524514927077
acers,3.525977867815732,2.543943937740213,0.9820339300755188
malky,3.5257868070980996,2.176931702892211,1.3488551042058885
fluid,3.5257260443054066,2.2245602040140104,1.3011658402913961
coifs,3.5256285486796903,2.3108023962184694,1.214826152461221
fenis,3.5254983722646758,2.3432975175087485,1.1822008547559273
sheen,3.5254825054325574,1.9452328795841525,1.580249625848405
narre,3.5254032867001857,2.0693970172114606,1.456006269488725
sculk,3.5250927948188053,2.2504632192962872,1.274629575522518
frore,3.5250739812273637,1.8768242328643727,1.648249748362991
murls,3.525008941514649,2.396288120504448,1.1287208210102009
voled,3.5248122073655916,2.2264185595641646,1.298393647801427
covin,3.524719938850826,2.2380486990371273,1.2866712398136988
favel,3.5246961414684455,2.126488888909197,1.3982072525592486
ramee,3.5246648016616686,1.9574935023240707,1.567171299337598
pucan,3.5246496407416243,2.3526491200497994,1.1720005206918251
ogler,3.5246187400730298,2.461571352299245,1.0630473877737845
wafer,3.5245427849998663,2.187984804596323,1.336557980403543
dried,3.524510727130751,1.98403537765968,1.540475349471071
crool,3.5243206282668953,2.0215279786281717,1.5027926496387236
flack,3.52427889737398,2.12076989522531,1.4035090021486698
crowd,3.5242673504815216,2.2298984606711523,1.2943688898103693
melos,3.5242505769005104,2.4382453765930485,1.0860052003074618
wheal,3.524221042992335,2.2874630459969314,1.2367579969954035
sizar,3.524084594508116,2.174303425388067,1.349781169120049
shrug,3.524082221396064,2.310823875876346,1.2132583455197177
rawin,3.5239913968870153,2.366608457931693,1.1573829389553223
vanes,3.523984464729632,2.3020998840972227,1.2218845806324092
ravin,3.5239603427298736,2.3215851924106556,1.2023751503192177
pharm,3.523897309815451,2.2782039595795873,1.2456933502358636
kaons,3.523818683112368,2.355992475377601,1.167826207734767
fetch,3.5237670483054204,2.2312212812178287,1.2925457670875915
huers,3.5236520314674937,2.4453480895203294,1.078303941947164
shill,3.5236160498336258,1.9642569001054686,1.5593591497281571
paysd,3.523615751505341,2.31629292406717,1.2073228274381707
hames,3.523610293532963,2.3628895955839004,1.1607206979490627
malik,3.523505244703567,2.2455060482534286,1.2779991964501383
flawy,3.5235022644362415,2.1004017658253904,1.423100498610851
rozet,3.5234608952420956,2.1740389209214914,1.3494219743206042
skobe,3.5233920294645262,2.2097523172470948,1.3136397122174315
hovel,3.52335126750864,2.2310266927078017,1.2923245748008383
therm,3.523071302885768,2.372600868514871,1.1504704343708971
mulsh,3.5230162063300208,2.2930466015611186,1.2299696047689024
vomer,3.522992564038569,2.2008046329988,1.322187931039769
prays,3.522922762412652,2.424142576154136,1.0987801862585158
bidon,3.5228895059109187,2.3069929839636756,1.2158965219472433
liven,3.522870514118459,2.292103884092348,1.2307666300261106
befit,3.5228284836134023,2.2186785575883525,1.3041499260250498
foram,3.5227129218301556,2.2705556259583886,1.2521572958717673
pacts,3.5224005688540565,2.4238281386796747,1.0985724301743816
owner,3.5223453209050732,2.357731413407226,1.1646139074978472
pisco,3.5222102464175222,2.4091804281418256,1.1130298182756964
grese,3.522207573023862,1.9378755077892298,1.5843320652346322
treys,3.522096755482969,2.51853948508942,1.0035572703935491
felch,3.5219702534279405,2.2281574425509074,1.2938128108770333
dobes,3.521961625517033,2.325540389581273,1.1964212359357596
scoup,3.5218527120611225,2.3572473946556793,1.1646053174054432
axone,3.521824997213134,2.152259578930198,1.369565418282936
lense,3.521717819635543,2.0320017483613926,1.4897160712741506
mitch,3.521703258363564,2.297941419665809,1.2237618386977551
reely,3.5215751778112443,2.0068380342193395,1.5147371435919046
phasm,3.5215698395036372,2.256182608022529,1.265387231481108
sexor,3.52147423165911,2.1693696741772497,1.3521045574818602
viand,3.521428358269347,2.2137355403236896,1.3076928179456573
topic,3.5213399771193927,2.417792968199717,1.1035470089196757
blags,3.521333101591982,2.2938062656262597,1.2275268359657223
yuans,3.521272489626919,2.438347773054705,1.0829247165722145
entia,3.521207045626519,2.5700037352035863,0.9512033104229325
urged,3.521136233237395,2.314129703264469,1.2070065299729258
worts,3.52109648170086,2.374441355307329,1.1466551263935312
wised,3.5209943737738048,2.2617615100664796,1.2592328637073253
vogie,3.520950290750001,2.1854658228790136,1.3354844678709874
cyber,3.5209087550339033,2.3105820286308916,1.210326726403012
yirth,3.520901681561381,2.434783274459523,1.0861184071018581
skyte,3.5208719716332766,2.294901760668275,1.2259702109650017
slats,3.5200614139773414,2.0696343089454747,1.4504271050318667
group,3.520041017691584,2.302760547148892,1.2172804705426923
swang,3.520022773206498,2.2125989359742766,1.3074238372322216
milch,3.519906463486085,2.2948775809988877,1.2250288824871969
lands,3.5198734187902128,2.4678197181868624,1.0520537006033504
boost,3.5198190575790003,1.9034296574341534,1.6163894001448469
hopes,3.5196352100235373,2.3805983580475587,1.1390368519759788
cozie,3.5195190766024695,2.0986808925462985,1.420838184056171
hogan,3.519487020579663,2.3497784277431935,1.1697085928364697
veals,3.519486648430667,2.3236599478621645,1.1958267005685026
youth,3.519392170448442,2.3703384203322053,1.1490537501162363
cubes,3.519270343093935,2.3052019889489044,1.2140683541450308
graze,3.5190556898006187,2.0502292155194692,1.4688264742811494
tenny,3.518920266886309,1.9718691589552304,1.5470511079310787
tondi,3.518855566236038,2.464848386373826,1.0540071798622117
festa,3.518807618323717,2.3834661213364563,1.1353414969872606
scene,3.5187979338699464,1.976350992922045,1.5424469409479014
rabis,3.518608573477512,2.442267086192706,1.0763414872848063
thegn,3.5185391374332466,2.3358727787329787,1.1826663587002677
quine,3.5184400609916273,2.0644316359687878,1.4540084250228396
shiva,3.518431649576582,2.2343550358412987,1.2840766137352833
rumes,3.5183725752942596,2.3986533796452383,1.1197191956490211
knule,3.518204197058128,2.292467871502453,1.225736325555675
kales,3.5179970813498658,2.375956968758416,1.1420401125914497
knarl,3.5178981660798927,2.374052997409742,1.1438451686701505
hurls,3.5177643485204615,2.442982830379539,1.0747815181409224
oaken,3.5176288649157748,2.363906435909361,1.1537224290064136
laiks,3.5176210997983857,2.3734209255147904,1.1442001742835954
tugra,3.517565213786847,2.421579202004487,1.0959860117823603
brize,3.5175108639557906,2.0120519048835885,1.505458959072202
speer,3.517478474391742,1.9656927338718422,1.5517857405198998
wield,3.5174710027365705,2.26731021145745,1.2501607912791206
recap,3.5174361315409666,2.445150910710602,1.0722852208303648
serra,3.5173130916874538,2.0854083795854326,1.431904712102021
bantu,3.5172991366279973,2.3609138788334203,1.1563852577945772
lauds,3.517271933730685,2.4372759643628226,1.0799959693678625
lyres,3.5172464938848242,2.515475646422498,1.0017708474623261
bunch,3.5172347270589093,2.2000564986569016,1.317178228402008
tolly,3.5172115703768903,1.9950247931042988,1.5221867772725914
pulis,3.5171911272990077,2.4087665364672746,1.1084245908317332
bodgy,3.517150427408916,2.1278197478642062,1.3893306795447096
roked,3.517132435745183,2.295188230626505,1.2219442051186782
mysie,3.517098240248931,2.365368633501243,1.1517296067476877
helos,3.517005983906323,2.4849400864681397,1.0320658974381833
pirog,3.516955545892282,2.354693580635039,1.1622619652572428
tangi,3.516943749244794,2.435479521559603,1.0814642276851911
amirs,3.5168593367391887,2.463595071283604,1.0532642654555848
other,3.516767328164828,2.5100252766921196,1.0067420514727083
briar,3.5167195570934107,1.9336294739895474,1.5830900831038635
rowan,3.5166149576404138,2.370740071559445,1.1458748860809687
unais,3.5165168255690293,2.506922118415923,1.009594707153106
sprog,3.5164915809879407,2.3493156633469043,1.1671759176410366
tokes,3.516401161669766,2.367607719657245,1.1487934420125212
smick,3.516261826659489,2.168932674130102,1.3473291525293871
louma,3.5161211191926114,2.404698918547256,1.1114222006453554
would,3.5160076915175926,2.2169727483554293,1.2990349431621633
neant,3.5159516656680196,2.055988205712293,1.4599634599557265
smerk,3.51584743487075,2.243592122979164,1.2722553118915858
phang,3.5157701509022026,2.2414758697976955,1.274294281104507
silva,3.515705656739362,2.321123904618539,1.1945817521208235
strow,3.515695374901166,2.374441355307329,1.141254019593837
lotte,3.51565313518776,2.0661351817091425,1.4495179534786176
sasin,3.515569306178261,2.0448396224107763,1.4707296837674848
saris,3.515484228676668,2.082872336341807,1.4326118923348612
pacos,3.5152782119825563,2.4247251295376704,1.0905530824448861
unmet,3.5152292013314534,2.3692332057720993,1.145995995559354
zoist,3.515186131291647,2.149481526120807,1.3657046051708397
scatt,3.5150822760593754,2.0139835535061272,1.5010987225532482
waver,3.51497917064963,2.131242469788953,1.3837367008606771
bonne,3.5148904060747213,1.8867197155340505,1.6281706905406708
vardy,3.514879267279878,2.183193908893502,1.331685358386376
clems,3.5146669012685265,2.378633791628784,1.1360331096397422
drops,3.514666044308078,2.3900976159292195,1.1245684283788586
rorty,3.5146498965831885,2.011497443270388,1.503152453312801
pinky,3.5144791423557704,2.168948787963175,1.3455303543925952
wound,3.5143927705233198,2.1954126845904876,1.3189800859328322
mobed,3.514391775963092,2.197625512319912,1.3167662636431796
apers,3.5143559541197074,2.49525296475898,1.0191029893607273
botew,3.5142353346505075,2.2110911019297714,1.3031442327207363
wrack,3.5142249637788145,2.125523476105066,1.3887014876737487
gluts,3.5141158853653076,2.384183933154419,1.1299319522108886
axite,3.514052867826542,2.1727518677343087,1.3413010000922334
puker,3.514033517918378,2.2261588570129023,1.2878746609054754
lepid,3.513772686263421,2.377407312667139,1.136365373596282
speck,3.513758444040008,2.200590567605478,1.3131678764345298
gonef,3.5136691103853304,2.2208188780242777,1.2928502323610527
balus,3.513634252165219,2.373861402540471,1.139772849624748
carks,3.5135672929756954,2.3344136043443666,1.179153688631329
pleck,3.5134949352116545,2.2061392689964476,1.3073556662152068
adopt,3.513406891662965,2.3976114231140313,1.1157954685489337
plods,3.5133710927810786,2.373624965763131,1.1397461270179474
vales,3.513292067556401,2.3236599478621645,1.1896321196942368
yield,3.5132749270842574,2.413003911623667,1.1002710154605904
richt,3.5132717068884407,2.447877648484229,1.0653940584042114
rille,3.5132561105503086,2.0754123795805577,1.4378437309697512
glowy,3.513179526159151,2.1595494838980427,1.3536300422611083
futon,3.5131264028544966,2.30157259446462,1.2115538083898767
coups,3.5130625585537905,2.3572473946556793,1.1558151638981111
legno,3.5130483458089294,2.423538638368215,1.0895097074407143
spewy,3.5129818111022697,2.1802224382055586,1.332759372896711
cytes,3.5128668817504924,2.446416079483983,1.0664508022665093
women,3.5127852669209707,2.2077951845888064,1.3049900823321643
aspen,3.512672445701429,2.4572202508279495,1.0554521948734794
clomp,3.5124815353422143,2.2814363349832996,1.2310452003589147
catty,3.512243745495399,1.9507871254330436,1.5614566200623554
sayst,3.5120748109108364,2.0008891794814216,1.5111856314294148
welsh,3.511967836612953,2.266540427312952,1.2454274093000008
widen,3.511926633551811,2.2457501476925077,1.2661764858593034
spunk,3.511855960128508,2.180212182550112,1.331643777578396
shrow,3.5117886836391654,2.284608647863167,1.2271800357759983
dolci,3.511753108595808,2.4276938560324988,1.0840592525633093
britt,3.5117257558450095,1.9213193953634593,1.5904063604815502
owler,3.511652923731843,2.379291477172168,1.1323614465596747
puces,3.5116355027033435,2.3556518242715527,1.1559836784317907
areal,3.511609281473057,2.090957080976402,1.4206522004966549
plunk,3.5115924513001544,2.1857608839410814,1.325831567359073
sdayn,3.511266108168037,2.3990745887228093,1.1121915194452276
hutia,3.5112360406710863,2.4503258534615155,1.060910187209571
swink,3.511207628060661,2.122048114826569,1.389159513234092
oubit,3.51117556439487,2.3708900707274347,1.1402854936674354
dunch,3.511124079624734,2.263471060479253,1.247653019145481
sixty,3.5111189111394303,2.0807188604454865,1.430400050693944
opsat,3.5110835132868212,2.483439723643939,1.0276437896428818
pooty,3.511043488441882,1.8906830646837178,1.6203604237581641
fling,3.51086376338277,2.214322005255735,1.2965417581270346
bahut,3.5108425672560464,2.2957050738211215,1.2151374934349248
genic,3.5107969065838396,2.363756269301115,1.1470406372827244
noway,3.51073401898675,2.2855222919293032,1.225211727057447
hacek,3.5107050271137155,2.239086045932798,1.2716189811809175
noyes,3.5106502367487864,2.481403762016385,1.0292464747324015
pikel,3.5106383290782692,2.2616192403329602,1.249019088745309
sidha,3.5106359007805232,2.4024401290717288,1.1081957717087945
threw,3.5105864673152682,2.2916256175369316,1.2189608497783366
adobe,3.5105730774473156,2.3464630082652524,1.1641100691820632
gleby,3.5104834342813644,2.2176011794009574,1.2928822548804073
punts,3.5104293420664487,2.3904410954720894,1.1199882465943594
waurs,3.510421434549398,2.3306867868195185,1.1797346477298793
zlote,3.5104189574808395,2.1575662707554026,1.352852686725437
carex,3.509895941616863,2.1306807078969636,1.3792152337198993
preif,3.509616431276288,2.282537204410168,1.2270792268661201
silex,3.5095567130347196,2.148765410383408,1.3607913026513114
glads,3.509508726026418,2.3572208274486113,1.1522878985778067
amins,3.509310532903921,2.4255623573525735,1.0837481755513474
yealm,3.509277456908613,2.3864620362880573,1.1228154206205556
proot,3.5091136007150023,1.97590084431386,1.5332127564011426
seedy,3.509048945206481,1.8934396807414038,1.6156092644650775
vrils,3.509016221729599,2.322222637491618,1.1867935842379809
sycon,3.5090151034469774,2.423387747436247,1.0856273560107303
dooly,3.5089126987890835,1.9005839525165,1.6083287462725835
donne,3.508779758640546,1.950134277356402,1.558645481284144
genip,3.5086666774213784,2.3150652963198817,1.1936013811014965
mesca,3.508432170176831,2.394007708921793,1.1144244612550378
butch,3.5083391247631583,2.2246804010887646,1.2836587236743935
maven,3.508223405406262,2.1741850068358612,1.3340383985704007
dewar,3.5081337063279117,2.299327563019383,1.2088061433085284
soras,3.5081077894300665,2.087003949969559,1.4211038394605073
fents,3.508044189858886,2.346532140278505,1.161512049580381
ronuk,3.50785010920797,2.3105360920526685,1.1973140171553016
rocky,3.507846697774074,2.259804088503191,1.248042609270883
blams,3.507709102061206,2.2925016414771213,1.2152074605840846
nutso,3.507429296992094,2.4987436534175873,1.0086856435745069
touze,3.5074201172298127,2.105462453166421,1.4019576640633917
mirky,3.507265808272769,2.177859651662455,1.3294061566103144
ulnas,3.5072261169181003,2.507092902518758,1.000133214399342
colly,3.507182300764069,1.93631019899803,1.570872101766039
patte,3.507127386611976,1.973206541056654,1.533920845555322
adieu,3.5070376991020673,2.445019140791748,1.0620185583103197
plene,3.5069125113455684,1.9332087213317815,1.573703790013787
albid,3.506780616399675,2.3399661354967094,1.1668144809029655
gilts,3.5067524469842986,2.4361169666405655,1.070635480343733
image,3.5064909221323535,2.3228774271460826,1.1836134949862709
rally,3.506422704643117,2.0198466923715586,1.4865760122715581
daiko,3.5064059247443184,2.2915534545098,1.2148524702345183
cokes,3.5063718920569453,2.308893125550976,1.197478766505969
dalle,3.5062636407486187,1.983107428889436,1.5231562118591828
grype,3.5062580849584686,2.284523664889694,1.2217344200687745
suede,3.506246424150441,1.9100809926164752,1.596165431533966
carbs,3.5060941483704484,2.386787114856194,1.1193070335142548
ocean,3.506073634326122,2.5154207547250698,0.9906528796010521
mints,3.5059803999170303,2.4132522787264854,1.0927281211905446
fluke,3.505962510299946,2.1113081749234572,1.3946543353764889
shtup,3.5059069706825143,2.325232290459791,1.1806746802227233
laked,3.5056970852925575,2.2901286682285082,1.2155684170640495
rakes,3.5056122959359923,2.3924296189245045,1.1131826770114879
smeik,3.5055748009043435,2.22694868871024,1.2786261121941034
pelau,3.505568714929299,2.4322251983948795,1.0733435165344194
absit,3.50550553039582,2.4288582746935385,1.0766472557022817
nurts,3.5054916349858782,2.5112554740587587,0.9942361609271194
tinds,3.505205282565893,2.4553388554579394,1.0498664271079536
breds,3.505170521300859,2.338052210222445,1.167118311078414
nabes,3.505147263156332,2.4067704155053016,1.0983768476510303
brays,3.505109686662828,2.3736927408314883,1.1314169458313394
boyla,3.5050611254010904,2.3667296215812863,1.138331503819804
nomes,3.5050090914776084,2.4166853128281067,1.0883237786495017
unold,3.504688814951659,2.409851514220758,1.0948373007309005
wauls,3.5044875517084026,2.3142141366534297,1.190273415054973
erbia,3.5043269303579097,2.4501810467244667,1.0541458836334427
smowt,3.504268609397975,2.224505126488909,1.279763482909066
nides,3.504150458108449,2.4546402759318084,1.0495101821766408
trout,3.5041361734200747,2.0281387551454593,1.4759974182746152
leaks,3.5039732747655408,2.375956968758416,1.1280163060071247
geyan,3.5039243485906555,2.366206596672254,1.1377177519184019
gavot,3.5038809808635496,2.2017091038009893,1.3021718770625603
smock,3.5038559435091527,2.173064287757854,1.3307916557512987
frags,3.5037343201697926,2.26235071919164,1.2413836009781523
lowed,3.5036856089586985,2.271441825085202,1.232243783873496
loved,3.503654554801556,2.2264185595641646,1.2772359952373915
roves,3.503569765444991,2.328719510260161,1.1748502551848299
parms,3.5034908101045668,2.359424126965858,1.144066683138709
ruban,3.503403462959291,2.3743226903325874,1.1290807726267036
femal,3.5032914951411627,2.2524874054081736,1.250804089732989
pudge,3.5032321386682197,2.1933153246777994,1.3099168139904203
platt,3.5031968535349973,1.9708412819158634,1.5323555716191342
bhuna,3.5031270299792734,2.271081171389259,1.2320458585900143
tusky,3.503042763201125,2.2404326839385025,1.2626100792626225
ousia,3.5029961694084486,2.532443011705782,0.9705531577026667
mabes,3.502871636153901,2.2948669006179117,1.2080047355359893
lorry,3.5028199404507863,2.008433604603466,1.4943863358473204
easer,3.50275032322432,2.0854083795854326,1.4173419436388872
solon,3.502533834382942,2.033597318745519,1.4689365156374226
cloys,3.5024549816005424,2.444947811201189,1.0575071703993537
turds,3.502440890632311,2.4414385359028232,1.0610023547294876
gleam,3.5024110590676614,2.323048211248918,1.1793628478187437
rends,3.5023799258083574,2.4712837102007326,1.0310962156076249
shewn,3.5023785885060525,2.2449803635480103,1.2573982249580422
hiker,3.502339982774772,2.2956647501423895,1.2066752326323822
dutch,3.502228477328983,2.2880949629111162,1.2141335144178667
tonka,3.5021811861083316,2.364605015435492,1.1375761706728398
until,3.5021705575926485,2.500160741180805,1.0020098164118436
tarzy,3.50209622243556,2.11434162008474,1.38775460235082
rival,3.502064006169119,2.3431452561755974,1.1589187499935214
bosky,3.501815423445577,2.138641928642251,1.3631734948033258
fiver,3.501642326243576,2.1274168376794416,1.3742254885641345
dhoni,3.501634045590168,2.3750156789296644,1.1266183666605039
detag,3.5016208730072993,2.368198626647293,1.1334222463600059
joule,3.5016035072915956,2.0858666798167693,1.4157368274748263
freet,3.5015996608549678,1.875927242006377,1.6256724188485905
piyut,3.5015717476692894,2.3486339470611126,1.152937800608177
sakti,3.501483666124589,2.3764847641817117,1.1249989019428774
noint,3.501478068648892,2.042039074700575,1.459438993948317
chawl,3.50140253788052,2.229447031416793,1.2719555064637267
sauna,3.5013900006360865,1.99290658892463,1.5084834117114567
agrin,3.501303416885517,2.44888833305877,1.0524150838267468
howay,3.5012137989901317,2.2203134869170045,1.2809003120731273
bords,3.501213550876763,2.3396477806065716,1.161565770270191
rebid,3.501199869852222,2.3434301275105796,1.1577697423416426
pirre,3.5011275977821947,1.9710706511599767,1.530056946622218
honky,3.5011131892251703,2.190653261234268,1.3104599279909022
watch,3.501018961683264,2.2325108700837144,1.2685080915995492
haven,3.5009788124120744,2.2208797167109524,1.2800990957011222
amber,3.5009217161519732,2.3168882521749703,1.1840334639770027
orcas,3.500830698802683,2.5455395081243397,0.9552911906783434
wring,3.5008098297876042,2.2190755861354905,1.281734243652114
tiyns,3.5007318905241607,2.4779707279147636,1.022761162609397
loafs,3.5005931984557757,2.3819978530536616,1.118595345402114
bhels,3.5005911905673233,2.3261876931999934,1.1744034973673299
reiks,3.5001276068165303,2.37688491752866,1.12324268928787
fagin,3.500086911734097,2.229695922548744,1.270390989185353
dishy,3.4999404862992076,2.3183210823146663,1.1816194039845416
jasey,3.499756783640615,2.07508975431882,1.4246670293217951
lomas,3.499658612099563,2.4512540347452676,1.0484045773542954
treks,3.499432110960641,2.3801195402984168,1.1193125706622242
cupro,3.4994261443259793,2.3792687462127375,1.1201573981132416
goban,3.4992287963807085,2.2817557327772047,1.217473063603504
leugh,3.4992034791765407,2.3022651862420176,1.1969382929345234
tupek,3.499057064661867,2.212750045513735,1.2863070191481318
ither,3.499006479219493,2.5058936630643673,0.9931128161551259
drays,3.4989990392286523,2.43710730265384,1.0618917365748124
bruck,3.4989491922936065,2.117693007110116,1.3812561851834904
minos,3.49885804304553,2.414149269584481,1.0847087734610492
laxer,3.4988552205313215,2.1863314633363116,1.31252375719501
midge,3.498783196518801,2.2161265079321955,1.2826566885866058
hints,3.4987358069228427,2.4599469886015766,1.0387888183212661
flong,3.4984578802324338,2.2184536188834874,1.2800042613489462
cheet,3.4984441507126274,1.9197547279676375,1.5786894227449897
disco,3.4982865232335225,2.4221451546415294,1.0761413685919934
quite,3.4982620484546993,2.089055538400651,1.4092065100540485
viola,3.498221239886403,2.330633435534426,1.167587804351977
bicep,3.4981913392330526,2.2583419954054396,1.2398493438276132
finca,3.4981905156853257,2.3062041216125895,1.1919863940727364
bhang,3.497957075152378,2.1910260344750476,1.3069310406773307
ortet,3.497635370567783,2.0826078318752312,1.4150275386925517
bunco,3.4975753958410722,2.290786196959059,1.2067891988820134
felts,3.4973517926856554,2.368092204043447,1.1292595886422085
treed,3.4972686227770082,1.9872700004294368,1.5099986223475714
unled,3.497252292194884,2.4082559438366316,1.088996348358252
refan,3.497218674399028,2.380863570461652,1.116355103937376
aight,3.4971819987157513,2.3702707165473043,1.1269112821684468
fames,3.4968337454407963,2.2469387040172037,1.2498950414235925
liken,3.4967916225574878,2.3444009049885994,1.1523907175688883
binky,3.4966660666059455,2.1184989526405267,1.3781671139654188
noahs,3.4966449247260885,2.476388680855417,1.0202562438706717
olpes,3.4966229058928233,2.467367226824799,1.0292556790680243
finch,3.4965777195729606,2.20406133554234,1.2925163840306209
pagod,3.496436914362673,2.262388629943917,1.2340482844187557
lacky,3.496411347321449,2.2547445261051946,1.2416668212162543
bonus,3.4962052272864765,2.3408882510074367,1.15531697627904
guyot,3.4962035139320236,2.3249483346062525,1.1712551793257713
scowl,3.496047004115307,2.2992541110349713,1.1967928930803358
genua,3.4960466153311067,2.3828479085473258,1.113198706783781
hurts,3.4959714149892607,2.4460466690464604,1.0499247459428
pugil,3.4959156756037446,2.2821562833550515,1.2137593922486933
pardi,3.495784557886013,2.4068886209854465,1.0888959369005664
pligs,3.4957437368881985,2.3287113995530633,1.167032337335135
ponga,3.4956994331551576,2.3322055680998526,1.163493865055305
homes,3.4954888714809904,2.3514765078158084,1.1440123636651822
misto,3.4954717010516583,2.438773172016344,1.0566985290353141
furca,3.4954261237517437,2.2923038020574733,1.2031223216942704
margo,3.4953353937939275,2.341116431799133,1.1542189619947947
milts,3.4952880027437994,2.434812342491427,1.0604756602523722
lupin,3.4952312965651187,2.3927551740933026,1.1024761224718163
pawed,3.4951598603829135,2.1785131844327132,1.3166466759502005
paved,3.4951288062257717,2.1334899189116756,1.361638887314096
vires,3.494771068731071,2.3245878966324085,1.1701831720986626
haulm,3.494681374718704,2.3139692202450983,1.180712154473606
yenta,3.4946776081858544,2.5014293898423685,0.9932482183434858
trows,3.49465505823318,2.3744413553073294,1.1202137029258508
hides,3.494630238111831,2.3894314709195097,1.1051987671923214
azine,3.49451281865718,2.1441846719887967,1.3503281466683834
seeld,3.494454115751066,1.9621848102054569,1.5322693055456087
putos,3.494411382899198,2.415961988761948,1.0784493941372497
vinal,3.4943572834017873,2.305112542244567,1.1892447411572205
parry,3.494294191875002,1.9155049639509774,1.5787892279240248
hiped,3.494262997422009,2.2906384438898986,1.2036245535321104
growl,3.4942353097457692,2.244767263528184,1.249468046217585
easle,3.494062790000772,2.068935729419344,1.4251270605814284
gaitt,3.4939863929701422,1.9428532717304163,1.5511331212397261
nonet,3.493942980909284,2.0445751179442007,1.4493678629650837
lushy,3.4938251876612787,2.3577650507493972,1.1360601369118815
blunk,3.4937793755503304,2.1353110486184335,1.358468326931897
sisal,3.493672969617507,2.066399686175718,1.4272732834417887
filmy,3.4936389479312315,2.165832315407485,1.3278066325237465
pyran,3.493613461295349,2.4081312137801643,1.0854822475151846
antic,3.4935765373128764,2.5119877206234484,0.9815888166894281
padri,3.4934521649857992,2.4068886209854465,1.0865635440003527
subak,3.4934512141526284,2.166696328285415,1.3267548858672136
booty,3.493230412692058,1.8402332293610697,1.652997183330988
dargs,3.4931910864513434,2.3736934776147,1.1194976088366435
derma,3.493144667522005,2.380302813997322,1.1128418535246831
adits,3.493119894941407,2.4922728365158906,1.0008470584255162
coach,3.493113011341535,1.9336603769778524,1.5594526343636825
spayd,3.4930834145887233,2.31629292406717,1.1767904905215532
chimo,3.492908088800756,2.2988384105238047,1.1940696782769515
ovary,3.4928538848593282,2.278531740339296,1.214322144520032
bunts,3.492616266316624,2.339991260149441,1.152625006167183
neaps,3.4926065697468087,2.4572202508279495,1.0353863189188592
curds,3.4924116210194898,2.3827239417965544,1.1096876792229353
amble,3.492234182928425,2.3004156020088815,1.1918185809195438
orgia,3.4922307026041564,2.4744092263486293,1.017821476255527
benet,3.4921352464159208,1.8858227246760546,1.6063125217398664
laves,3.492134414992366,2.3236599478621645,1.1684744671302012
walis,3.4920578884692883,2.366147170139576,1.1259107183297123
repun,3.4919940041992987,2.411763867503017,1.0802301366962819
sagum,3.491920753167144,2.2630304331281756,1.2288903200389683
scuft,3.491915985170241,2.2579723718743274,1.2339436132959134
farer,3.4918601689939526,1.8882373206324647,1.6036228483614878
virge,3.4916794341438537,2.1979776435201854,1.2937017906236683
meids,3.491454246093215,2.342736761044419,1.1487174850487962
baaed,3.491391147538561,1.8283158651462068,1.6630752823923542
redip,3.4913794192876892,2.393879962833228,1.0974994564544616
grips,3.491324960283809,2.3451840497191516,1.1461409105646574
erugo,3.491241696742261,2.409467534710264,1.0817741620319972
acros,3.491174894465999,2.5455395081243397,0.9456353863416593
blaze,3.4911688858959544,2.0111239561133445,1.48004492978261
sanad,3.49102635414312,1.9536334045927342,1.5373929495503855
furls,3.490987800428294,2.327031938812842,1.1639558616154522
fuels,3.4909416005343314,2.312924547787544,1.1780170527467875
saros,3.490907689399379,2.087003949969559,1.4039037394298197
pesky,3.4906996557609205,2.1874961935807726,1.3032034621801478
ybore,3.4906816025594694,2.370193613595156,1.1204879889643133
taira,3.490572791538165,2.091484876399698,1.3990879151384672
dinky,3.4905554191717707,2.1819135144628783,1.3086419047088922
chaat,3.4905185728057164,1.9327633861198565,1.5577551866858599
dwelt,3.490481145052992,2.270544834227206,1.2199363108257855
lubed,3.490474114277575,2.275024443858344,1.215449670419231
metic,3.4904368600475895,2.38707554758384,1.1033613124637494
rubes,3.4903893249210096,2.3773253945543407,1.1130639303666692
zonae,3.4903518560214057,2.148316285616549,1.3420355704048568
denim,3.4903498475756596,2.326725398670447,1.1636244489052125
opsit,3.49033853048145,2.467895022248095,1.022443508233355
etnas,3.4902542942957413,2.5646258179154517,0.9256284763802894
recti,3.49019075570741,2.5370117764022595,0.9531789793051507
passe,3.4901704574029395,1.9645940009987628,1.5255764564041767
vouge,3.490169923030914,2.1335327893928673,1.3566371336380465
sorns,3.4900866367558336,2.050069968911608,1.4400166678442257
swack,3.4900354667441,2.1035021245480072,1.3865333421960928
sines,3.4900293720537476,2.0318309642585577,1.45819840779519
plouk,3.4899124327462103,2.2112817772309405,1.2786306555152698
coala,3.4898906574859847,2.0204292457550928,1.4694614117308917
withe,3.489846999438304,2.274982183268008,1.2148648161702962
luges,3.489799813850053,2.383485353628288,1.1063144602217652
spawn,3.489739536874689,2.2404161620568885,1.2493233748178003
ervil,3.489544730670918,2.330136598023379,1.159408132647539
sagar,3.489498324703257,1.9508841659414489,1.538614158761808
fraps,3.4892418154105638,2.290167945274252,1.1990738701363115
prior,3.489211110760575,1.9726662215441033,1.5165448892164715
jolie,3.4891738440524813,2.1377997133029156,1.3513741307495657
repos,3.4891113576295663,2.4838398769908876,1.0052714806386787
aucht,3.488978665747113,2.3948458821250034,1.0941327836221093
gunas,3.4889578169190045,2.374933948015565,1.1140238689034394
abrin,3.4889199376330593,2.426255723818734,1.0626642138143252
waker,3.488900279088659,2.183539490685204,1.3053607884034546
meshy,3.488814005912314,2.278770548826838,1.210043457085476
arcus,3.48876840561833,2.4894748610104407,0.9992935446078893
demon,3.4887086484114227,2.3308570122981993,1.1578516361132234
melic,3.4886400651701095,2.3840117089169186,1.1046283562531911
budes,3.488510697505613,2.2694757424673746,1.2190349550382382
wrong,3.488403946637268,2.2232071997632428,1.2651967468740253
maize,3.4883070568404246,2.032281157101407,1.4560258997390174
demur,3.48829525777873,2.3128250791153304,1.1754701786633992
telly,3.4882827269424093,1.9934292227201722,1.494853504222237
tapet,3.488243544868535,1.973206541056654,1.5150370038118812
milos,3.4881656458722996,2.435709333349423,1.0524563125228767
swayl,3.488143810373164,2.297572824778358,1.1905709855948063
arede,3.488051528894455,1.9995800790555245,1.4884714498389306
hilts,3.4880434097496122,2.4815070523665184,1.0065363573830937
sedum,3.4880416177138316,2.2908037275582727,1.197237890155559
leery,3.487952288147641,2.0068380342193395,1.4811142539283015
vraic,3.4878928600501062,2.28749450073625,1.200398359313856
ehing,3.487780416107368,2.3326381559632225,1.1551422601441457
duces,3.4877117795193437,2.368616550771256,1.1190952287480878
rewan,3.4876861142059328,2.3691445011753185,1.1185416130306145
fitch,3.4876821172772097,2.228685237974203,1.2589968793030064
uplay,3.4873559093622095,2.3611148097900356,1.1262410995721737
livor,3.487267092871655,2.3317321684075054,1.1555349244641495
sures,3.487264980120165,2.0179306447034415,1.4693343354167239
creed,3.4872393531641865,1.9285554063231676,1.5586839468410192
votes,3.486967440381908,2.3153106987609937,1.1716567416209145
chams,3.486954810496676,2.3048735810037626,1.1820812294929135
rowme,3.486885185484139,2.245827898519837,1.2410572869643024
keirs,3.4867231046115186,2.37688491752866,1.1098381870828584
slues,3.486700413261526,2.0014579945373527,1.485242418724173
sybil,3.486635398958117,2.3416753892695548,1.144960009688562
riems,3.486513356828295,2.450586413131385,1.0359269436969099
dunts,3.4865056188824486,2.4034058219717926,1.0830997969106562
foids,3.486361948441341,2.2750761497369396,1.2112857987044017
notam,3.4861922871070865,2.438306511038217,1.0478857760688693
foams,3.486107150320957,2.2485342744013304,1.2375728759196267
chaps,3.4860863052682234,2.333995431235513,1.1520908740327105
denet,3.486024598981746,1.9492372864984064,1.5367873124833396
adios,3.485997538069907,2.4931698273738863,0.9928277106960209
sirih,3.485986164849395,1.9807295502715572,1.5052566145778377
sties,3.4859696589797364,2.0564548666904203,1.4295147922893159
there,3.4859232174793036,1.991878133573074,1.4940450839062294
knelt,3.4859019791445007,2.347635527758356,1.1382664513861447
filch,3.4858853223997297,2.2256213993072818,1.2602639230924482
quote,3.485856165304363,2.093187152028403,1.39266901327596
gerle,3.4857153466361037,1.9434242091801996,1.542291137455904
barms,3.4856777343547427,2.30897429164321,1.1767034427115326
brown,3.4855990472060117,2.200574590523207,1.2850244566828048
birdo,3.4855554951717593,2.345025697894706,1.1405297972770534
bolus,3.4855128301132456,2.3624483147723785,1.1230645153408674
tulle,3.4854802058863696,2.010070534595244,1.4754096712911258
vital,3.485461681106036,2.32973644467643,1.155725236429606
corks,3.4854458709237233,2.3230005165762746,1.1624453543474487
budge,3.485419062918395,2.142865489355151,1.3425535735632441
blatt,3.485383777785173,1.9203914465932153,1.5649923311919578
wants,3.4852961032367293,2.347821729144391,1.1374743740923385
mungy,3.485290293271907,2.1629000239971408,1.3223902692747664
scapi,3.4851756043144086,2.420593515909918,1.0645820884044905
voles,3.4851706455044282,2.312246860094072,1.1729237854103562
pense,3.485070649007786,1.9276600199408116,1.5574106290669745
roums,3.485050045609318,2.4002489500293653,1.0848010955799525
weros,3.48504528139488,2.373742775781198,1.1113025056136818
reame,3.4850093631073493,1.9574935023240712,1.5275158607832782
dimes,3.484931101427591,2.342736761044419,1.1421943403831722
sulfa,3.484860798287512,2.325933205939763,1.1589275923477491
delft,3.484828332109065,2.282263903513539,1.202564428595526
barps,3.4848092291262898,2.3380961418749604,1.1467130872513296
crows,3.4846257886203587,2.31572676120106,1.1688990274192985
stonn,3.48456812356742,2.0366611574124405,1.4479069661549797
fawny,3.4845375202757043,2.0788417020604486,1.4056958182152557
gyral,3.484436648085282,2.4018740514624937,1.0825625966227883
lawin,3.484434624382417,2.350135807765604,1.134298816616813
scrab,3.4844101786021415,2.3867871148561934,1.097623063745948
elops,3.4842580546374067,2.467367226824799,1.0168908278126079
heids,3.484209653099028,2.38943147091951,1.0947781821795177
roups,3.484181540380865,2.4293708002611156,1.0548107401197495
thewy,3.4841802045723833,2.20640783790679,1.2777723666655931
besti,3.4841594813789136,2.41584961654132,1.0683098648375937
gerne,3.484100425641831,1.921864145415258,1.562236280226573
lyted,3.4840706529341325,2.4162385343934227,1.0678321185407096
senna,3.4838752012671126,2.047375665654402,1.4364995356127104
octal,3.4837963085567685,2.5376793980161425,0.946116910540626
fugly,3.4837867859705227,2.1152039060704766,1.3685828799000463
azole,3.4837218565011163,2.1698763493814908,1.3138455071196258
diene,3.483716261894263,1.9460026637286498,1.5377135981656131
these,3.4835957471674894,1.9698567820160156,1.5137389651514739
folic,3.483547767518236,2.3163510976094392,1.1671966699087966
urman,3.4835247983541215,2.3956506754234854,1.0878741229306363
vials,3.4834017174024563,2.321123904618539,1.1622778127839175
ratty,3.4833627273224734,2.0229105310384794,1.460452196283994
gusla,3.4833150137038755,2.3964940117805074,1.0868210019233682
pands,3.4832262481624565,2.363477989766282,1.1197482583961746
sigma,3.4832237644310364,2.3149634666143224,1.1682602978167138
duroc,3.483118011519363,2.3922334727124412,1.0908845388069217
heaps,3.4830863497501907,2.392011445815651,1.0910749039345398
thunk,3.4830543535986216,2.2063975822513435,1.276656771347278
sleep,3.4829462582412827,1.9492200837057534,1.533726174535529
tinny,3.4828353358580983,1.9693331157116047,1.5135022201464936
rubin,3.48265848015392,2.358777988936743,1.1238804912171767
zoner,3.4826331575649925,2.149415018489628,1.3332181390753646
devot,3.4825776825517014,2.229482398231086,1.2530952843206156
oners,3.4825595472355313,2.5666215416465263,0.915938005589005
seiza,3.482492488830123,2.160196034362769,1.322296454467354
kimet,3.4824803558329336,2.2355612287681312,1.2469191270648026
braks,3.4824450421404993,2.2352727960404852,1.2471722461000143
stool,3.482240738017672,2.0582212211773823,1.4240195168402898
lerps,3.482219210017418,2.4798790474659707,1.0023401625514472
agued,3.4821525379381386,2.31303097039139,1.169121567546749
viper,3.4821251281184233,2.2257948696027974,1.2563302585156262
plims,3.482119737357422,2.327406775403925,1.1547129619534973
shies,3.482062967717736,1.966622159246259,1.5154408084714772
blahs,3.4819501083775526,2.3391963513522125,1.1427537570253399
unica,3.4818914595642814,2.456820064367545,1.0250713951967363
coths,3.4818779528623662,2.429987910554923,1.051890042307443
ticky,3.4817432110971285,2.242263663376271,1.2394795477208573
rupia,3.48154461951685,2.446161805317342,1.0353828141995078
algos,3.481529776694863,2.4525586588944055,1.028971117800458
urges,3.4814946713762316,2.3999580037943766,1.081536667581855
dhoti,3.4814560330532403,2.3996395813615274,1.0818164516917128
fundy,3.4813023912287697,2.134425794887851,1.3468765963409186
peter,3.4812561674064018,1.974305273929733,1.5069508934766684
sturt,3.481255835947242,2.0186292242295725,1.4626266117176696
sirra,3.481228160659242,2.082872336341807,1.3983558243174354
twals,3.481216230460194,2.3693817929093326,1.111834437550861
wades,3.481190534425718,2.2773062114623244,1.2038843229633938
sites,3.4811337697579967,2.0564548666904208,1.4246789030675757
raths,3.481118356741413,2.513524403928451,0.967593952812962
paiks,3.480973929170629,2.2690791970942095,1.2118947320764195
ketol,3.4809301038450506,2.373156421048215,1.1077736827968359
wreak,3.4808804803754323,2.183539490685204,1.2973409896902282
flick,3.480876456920372,2.105225193829466,1.375651263090906
pyres,3.480599323257067,2.411133918001917,1.0694654052551502
cyton,3.480559497706113,2.4320002874941378,1.0485592102119754
matsu,3.480480821543349,2.3982532262982903,1.0822275952450584
salad,3.480333956969889,1.975193468357676,1.5051404886122133
zante,3.4802741128622174,2.1474192947585533,1.3328548181036641
debut,3.4801085598690733,2.2780882825252657,1.2020202773438073
direr,3.4799575249807475,1.98403537765968,1.4959221473210675
leear,3.479817383349574,2.090957080976402,1.3888603023731723
groms,3.4797875823619253,2.3201938131151536,1.1595937692467717
swift,3.479645739406369,2.151117331169551,1.328528408236818
aiyee,3.4795639017265403,2.005568517243425,1.473995384483115
drown,3.479488399771836,2.263989152345558,1.2154992474262782
cupid,3.479439353463048,2.2672874804980196,1.2121518729650282
papey,3.479345582211376,1.9013975729256793,1.5779480092856966
siles,3.4793369748805167,2.053391028023499,1.4259459468570175
prems,3.4793263584766914,2.3464154688136394,1.1329108896630518
perce,3.479196514230267,1.9155906798234643,1.5636058344068031
warby,3.4791083669872216,2.1648026125921875,1.314305754395034
goory,3.479099614455473,1.8762746501002732,1.6028249643552
labis,3.4790518009729148,2.4257944360266173,1.0532573649462973
altho,3.4790045565601013,2.5065612846782495,0.972443271881852
sclim,3.4786541913499014,2.3760977483851584,1.102556442964743
cheer,3.478647598249035,1.9331635394668047,1.5454840587822298
tasar,3.478586032728952,2.0861069591115635,1.3924790736173887
petre,3.4785025170238493,1.974305273929733,1.504197243094116
boaks,3.47844187182244,2.2227609753993134,1.2556808964231265
pelog,3.478426279231158,2.3407569737125757,1.1376693055185825
blype,3.4783712810538043,2.2454184054835693,1.232952875570235
shool,3.478334046755672,1.9683885137332209,1.5099455330224512
tehrs,3.478314324209556,2.5005157457762324,0.977798578433324
rolly,3.4783012825911435,2.008433604603466,1.4698676779876776
nards,3.478288541081886,2.484292368352951,0.9939961727289347
showd,3.478280768970298,2.1767589957762015,1.3015217731940967
gulas,3.4782654197457736,2.396494011780507,1.081771407965267
celly,3.4782534573295885,1.9347146286139034,1.543538828715685
rived,3.478197552843463,2.2387595961025015,1.2394379567409615
docht,3.478157815034778,2.3441596100250153,1.1339982050097626
yours,3.4781039368451117,2.464967399217643,1.0131365376274686
wadge,3.4780988998385007,2.150695958350101,1.3274029414883997
rangi,3.4780334614590473,2.44888833305877,1.0291451284002773
merse,3.477857314924786,1.936570883640092,1.5412864312846941
wiels,3.477829440875407,2.3531385119873574,1.1246909288880498
versa,3.477826869093918,2.3401325980282532,1.1376942710656646
sevak,3.477702811242129,2.1164948736071088,1.3612079376350201
brugh,3.4776752465514997,2.1615810135240867,1.316094233027413
pedis,3.4774927563254865,2.3718586112761693,1.105634145049317
rokes,3.47749087388402,2.3810165311564124,1.0964743427276074
nervy,3.4774761125613294,2.2400021888972184,1.2374739236641112
enorm,3.4773738734762896,2.438706664385165,1.0386672090911246
anele,3.477344379766929,2.052924367045372,1.4244200127215572
gleet,3.4773408276683764,1.9300153976810326,1.547325429987344
tossy,3.4771946638472113,1.989476091713329,1.4877185721338824
norma,3.4771377265438117,2.451715322537384,1.0254224040064275
penie,3.477125485353194,1.9330379372289461,1.544087548124248
noema,3.4770915266498488,2.437607931512086,1.039483595137763
lowan,3.477058185135816,2.3542674213933563,1.1227907637424597
plung,3.4770051559923836,2.2607670036929446,1.2162381522994392
media,3.4769854678142735,2.3636593797283982,1.113326088085875
goosy,3.476772144143659,1.8542532985432147,1.6225188456004445
uhlan,3.476752686765993,2.425872735132488,1.050879951633505
slits,3.476658973523733,2.05408960754963,1.422569365974103
swing,3.4766203327528906,2.1970542345784323,1.279566098174458
sahib,3.476488581305697,2.339025567249377,1.13746301405632
barry,3.4764811161251776,1.8650551286283292,1.6114259874968486
amend,3.4764142973709085,2.3422701000662913,1.134144197304617
dared,3.4761373813644516,1.9995800790555247,1.4765573023089267
veils,3.476084207977059,2.30811524646632,1.167968961510739
mards,3.4760129140794556,2.3723888534655617,1.1036240606138938
dicta,3.475969495243283,2.4421707824675125,1.0337987127757706
regos,3.4759490301474107,2.4560226509082757,1.019926379239135
snies,3.475935149323745,2.0318309642585572,1.4441041850651881
chere,3.4758939478664823,1.9331635394668047,1.5427304083996773
grize,3.47565324934701,2.0346845141236245,1.4409687352233855
sibyl,3.475649995786976,2.3416753892695548,1.1339746065174214
picul,3.475519539186163,2.358664482418897,1.1168550567672662
poems,3.475323188158632,2.333903648172468,1.141419539986164
tings,3.4751720435226767,2.4145569028756237,1.0606151406470528
skive,3.4751208034780294,2.100950172211264,1.3741706312667652
scamp,3.4750903201652568,2.287300721360422,1.1877895988048346
abord,3.4750485521697483,2.3605703992905505,1.1144781528791976
gadis,3.4748723314533345,2.357050043345776,1.1178222881075586
mobes,3.4747502141019284,2.2834538128498196,1.1912964012521088
stash,3.4747301726556152,1.9828654401682344,1.4918647324873808
veins,3.474469286982786,2.2865551827013784,1.1879141042814079
pelus,3.47439706242859,2.4113025797109002,1.0630944827176896
tyers,3.474337847839765,2.51853948508942,0.9557983627503449
merle,3.4742509023956045,1.9421195850310613,1.5321313173645432
chewy,3.474150934959562,2.147693243800521,1.326457691159041
tenty,3.474118351917518,1.9718691589552304,1.5022491929622874
acing,3.4740074291061838,2.3767649274533342,1.0972425016528493
lurer,3.4738422263428186,2.023479346094411,1.4503628802484074
croon,3.4738267511183567,1.99996791486323,1.473858836255127
licht,3.4737149343838425,2.4314049983181403,1.0423099360657022
stunt,3.473707032111974,1.980596510298542,1.4931105218134322
bough,3.47367207623344,2.149069192882915,1.3246028833505252
alifs,3.473399433619737,2.3778662394259094,1.095533194193828
looed,3.4733347360283173,1.9716943411213437,1.5016403949069737
gramp,3.473278625795719,2.232813873853635,1.2404647519420837
gooly,3.473165731614478,1.8598019999341846,1.6133637316802936
fices,3.4731654194675703,2.309206825834343,1.1639585936332275
sensa,3.473085172416594,2.047375665654402,1.425709506762192
chunk,3.4730250839858003,2.1476829881450747,1.3253420958407256
hoven,3.472857390360102,2.20946662894286,1.2633907614172417
yulan,3.4726567022987544,2.443896474445675,1.0287602278530796
rosha,3.4726559654500226,2.514421394786447,0.9582345706635754
nowty,3.472534853775589,2.273212213303215,1.1993226404723738
morph,3.4723807982005632,2.2667908718114953,1.205589926389068
basse,3.472357381653115,1.9141441656761145,1.5582132159770006
aizle,3.4723561864006216,2.1657447357537385,1.306611450646883
rengs,3.4723466867651407,2.430501757618417,1.041844929146724
ctene,3.4722518352932146,1.9849635329799362,1.4872883023132784
snool,3.4722062283616815,2.033597318745519,1.438608909616162
awned,3.471788206656479,2.261294849088352,1.2104933575681271
nante,3.4717873837429165,2.055988205712293,1.4157991780306234
donga,3.4717757099711584,2.3451702945995563,1.126605415371602
rudas,3.471670558785316,2.4537486145289114,1.0179219442564045
leafs,3.4716643550212947,2.380402282669535,1.0912620723517596
blawn,3.4716629522965112,2.19551502812521,1.2761479241713012
gulpy,3.471569835579947,2.2135819379938333,1.257987897586114
goony,3.4715508106202053,1.8382419361692428,1.6333088744509625
litie,3.4713281659006148,2.06200356808139,1.4093245978192246
tasty,3.471304199780911,2.0008891794814216,1.4704150202994895
dobra,3.4712599651634823,2.3605703992905505,1.110689565872932
salix,3.4710897691415368,2.1617740685356273,1.3093157006059095
manus,3.4710045904891698,2.3736293238664268,1.097375266622743
chevy,3.470909648188782,2.1026699782794838,1.3682396699092982
wrick,3.4708225233252064,2.109978774709221,1.3608437486159852
educt,3.4707671403930656,2.377229090829147,1.0935380495639186
misch,3.470734443036255,2.289328879607918,1.1814055634283371
claws,3.4706896937108587,2.310667198803064,1.1600224949077946
herse,3.470612721930598,1.9832655935151826,1.4873471284154154
quart,3.470612001685207,2.1187076308217936,1.3519043708634135
vined,3.470490830076131,2.2007268821714705,1.2697639479046603
yonis,3.4704327879382335,2.4788677187727592,0.9915650691654742
pivot,3.4704164747074904,2.213981628487757,1.2564348462197334
ouped,3.4703057490369944,2.3294351087059093,1.140870640331085
utero,3.4702394501013307,2.544690327880378,0.9255491222209528
opals,3.4701144311571634,2.480375884977018,0.9897385461801457
napoh,3.4701132223625173,2.3775956538258054,1.0925175685367117
sorts,3.4699086242189052,2.074693871343471,1.3952147528754344
inept,3.4697647617898957,2.450288089489996,1.0194766722999
yowie,3.469666442753527,2.2939029134391906,1.1757635293143363
shoes,3.4696570845674,1.9707537728740112,1.4989033116933885
pilau,3.4694837839010884,2.429689155151254,1.0397946287498343
andro,3.469125651715764,2.493801899268838,0.9753237524469259
dregs,3.4690266348234675,2.360684819462481,1.1083418153609865
newsy,3.4690053564014898,2.2630041028611974,1.2060012535402926
bevor,3.468891777522284,2.1794766479079017,1.2894151296143825
drabs,3.468861250101077,2.351060868374664,1.117800381726413
hards,3.4687683210852684,2.419083563340653,1.0496847577446153
fomes,3.4687123233888233,2.2355256162491113,1.2331867071397122
poyas,3.4686525867429845,2.411630755512965,1.0570218312300195
mutas,3.468597770382754,2.39825322629829,1.0703445440844643
thyme,3.468514764330548,2.287383088884729,1.181131675445819
flock,3.468470573770036,2.1093568074572184,1.3591137663128174
mylar,3.4684393874452426,2.4005694273133553,1.0678699601318873
rared,3.4684153955938393,1.9995800790555245,1.4688353165383148
enate,3.4683072953015737,2.055988205712293,1.4123190895892805
locky,3.4682899252694757,2.243331438337102,1.2249584869323737
foehn,3.468279214430277,2.2662089637502305,1.2020702506800465
epoch,3.4681951239516975,2.3304963039991806,1.1376988199525169
windy,3.4681902315698445,2.174639759087664,1.2935504724821807
apism,3.4681852040115935,2.3427806926969343,1.1254045113146591
styli,3.4678911056445925,2.499530791679705,0.9683603139648878
nivel,3.4678577130425667,2.292103884092348,1.1757538289502185
fides,3.4678536900196644,2.273480579352813,1.1943731106668511
ryots,3.4678326579256615,2.520135055473546,0.9476976024521154
reifs,3.467818687072284,2.381330231439779,1.086488455632505
uplit,3.4678002253833986,2.4173790765251657,1.0504211488582327
flowy,3.467693940832297,2.0889886780572984,1.3787052627749987
waged,3.4676609662537405,2.1506959583501013,1.3169650079036395
moory,3.467635170214974,1.8749700259511348,1.592665144263839
afion,3.4675614982508773,2.3658157065768544,1.101745791674023
dough,3.4675614287992653,2.212483754705267,1.2550776740939986
picas,3.467464537550553,2.420593515909918,1.0468710216406347
cives,3.4674370091552245,2.2524644910269727,1.214972518128252
linga,3.467332829320223,2.4324156828926813,1.0349171464275417
peaks,3.4673261041377836,2.271615240337835,1.1957108637999487
viold,3.467234955659675,2.223882516320539,1.243352439339136
scoug,3.4672105599628176,2.3294301685730674,1.1377803913897502
thigs,3.4672056391866652,2.3493480978633254,1.1178575413233398
niche,3.466987559754708,2.4091463550270675,1.0578412047276404
rewin,3.466941131400562,2.353599799779474,1.1133413316210876
etuis,3.466907826430842,2.518537362695567,0.9483704637352747
begad,3.466895095209056,2.2103432242371426,1.2565518709719132
libra,3.466817084512548,2.447815787583676,1.0190012969288718
facto,3.4666000119262854,2.334959637672205,1.1316403742540808
melik,3.4664549792171138,2.23249739010121,1.2339575891159038
preen,3.466384125638501,1.9496813714978702,1.516702754140631
kited,3.4663002415738444,2.2776478054995852,1.1886524360742592
rinds,3.4662949947801467,2.468747666957107,0.9975473278230398
biogs,3.4662522517207313,2.2822223937553323,1.1840298579653992
lakes,3.466055523431395,2.375956968758416,1.0900985546729787
ictal,3.4660354596114336,2.5335477843883902,0.9324876752230434
netop,3.466005718610269,2.454419703117748,1.011586015492521
glams,3.4658514874524253,2.3151342507171573,1.150717236735268
mauvy,3.465727465469721,2.0725308644069775,1.3931966010627437
trump,3.4656462235429717,2.300558932141758,1.1650872914012136
blogs,3.465524777988037,2.282393177858167,1.18313160012987
scuse,3.4654561422434917,1.9458072390980052,1.5196489031454865
gawcy,3.46544850383239,2.115311816226787,1.3501366876056027
bands,3.4654131724126316,2.3130281544436335,1.1523850179689983
newly,3.4653989438723087,2.2685528042521668,1.196846139620142
pects,3.4653503033676025,2.4108194805274556,1.0545308228401469
dobla,3.4653260823224876,2.344097749124462,1.1212283331980257
tumid,3.4653222845333223,2.296880224372538,1.1684420601607841
depth,3.465121098160237,2.293873066659655,1.1712480315005822
uredo,3.464978206731871,2.450249487292579,1.0147287194392918
doabs,3.464858079783018,2.3385490477334923,1.1263090320495255
finos,3.464836901959176,2.344893087892875,1.1199438140663007
talea,3.464796502790059,2.077548269477235,1.387248233312824
pokal,3.464794945938485,2.2787595121129316,1.1860354338255532
fidge,3.4647620554324465,2.1468703262405895,1.317891729191857
miche,3.4647119327522775,2.297242840139678,1.1674690926125995
snash,3.4646956629996244,1.9582415377363713,1.506454125263253
gulch,3.4646847152768983,2.2442491716618793,1.2204355436150187
escar,3.464526689754238,2.543943937740213,0.9205827520140248
seepy,3.4645232014040364,1.8804749542417003,1.5840482471623358
prill,3.46451767003957,1.9687053920191864,1.4958122780203835
tegua,3.464498514950023,2.4074718109791884,1.0570267039708345
inarm,3.4643578589475057,2.4475837089096317,1.0167741500378737
slots,3.464253090373397,2.0582212211773823,1.4060318691960145
roral,3.4641604268675237,2.092552651360529,1.3716077755069946
rusky,3.4641324754153784,2.25384149543767,1.2102909799777086
tapus,3.4640832618307416,2.4273750765300406,1.0367081853007007
lowes,3.464044047097535,2.3572701256151096,1.1067739214824253
loves,3.4640129929403933,2.3122468600940724,1.1517661328463207
dhikr,3.4639817611987267,2.2019224890807214,1.2620592721180053
munch,3.46391266820963,2.2213844837477996,1.2425281844618303
karns,3.463732968762491,2.3685042960187723,1.0952286727437186
bravo,3.4636505071561077,2.192485306060121,1.2711652010959866
folky,3.463644243959772,2.0962624334325124,1.3673818105272595
fulth,3.4635957191832842,2.232402959927404,1.2311927592558807
sulfo,3.46358867095731,2.3145201181716706,1.149068552785639
qualy,3.463488820017651,2.03042601252473,1.4330628074929213
blips,3.4634381563791448,2.306078790313027,1.157359366066118
grays,3.463252072054047,2.3963253500715243,1.0669267219825227
dopas,3.4632340568303537,2.3889988830561406,1.074235173774213
baiks,3.4631608534208045,2.218629361771561,1.2445314916492434
quant,3.463063197849939,2.080674916890763,1.382388280959176
mogra,3.463015815182019,2.341116431799133,1.1218993833828863
inula,3.4630155758554246,2.512470819806893,0.9505447560485317
pomas,3.463011441471806,2.3469123063246866,1.1160991351471194
sleek,3.462891401450748,1.8463967378712782,1.61649466357947
lends,3.4628231533037597,2.4548110600346438,1.008012093269116
bauds,3.462811687353104,2.2824844006195937,1.1803272867335104
byres,3.462786247507243,2.360684082679269,1.1021021648279739
intra,3.462655341460196,2.5841111262288843,0.8785442152313117
yoick,3.4626232773548344,2.2431606542342672,1.2194626231205672
aping,3.4623855154101593,2.3280739544721007,1.1343115609380583
sided,3.46233734282017,1.9620140261026218,1.500323316717548
wayed,3.462318100464527,2.214109783389241,1.2482083170752862
furos,3.4620725100255934,2.330992768337759,1.1310797416878346
posse,3.4620490353509674,1.9531809132306708,1.5088681221202966
azote,3.4619289229699155,2.172940188048412,1.2889887349215035
longs,3.461718757695024,2.4156246778364547,1.0460940798585692
alums,3.4617019487222898,2.3951893876313686,1.0665125610909212
mooly,3.461701287373979,1.8584973757850463,1.6032039115889327
abled,3.461678146571978,2.342502178740335,1.119175967831643
racer,3.4614484251189204,2.0353063255370545,1.4261420995818657
twyer,3.461434447904792,2.3096493568501186,1.1517850910546732
botte,3.461192888810179,1.9113436179659136,1.5498492708442653
dense,3.461146925823787,1.9406247464405153,1.5205221793832715
ideal,3.4611377086330206,2.4971229583807295,0.964014750252291
panny,3.460856301454662,1.8774722500199472,1.5833840514347144
gibed,3.460842445740899,2.194798522841298,1.2660439228996012
nooit,3.4608274620775585,2.042039074700575,1.4187883873769835
woker,3.460778857036686,2.1721264029171117,1.2886524541195743
paper,3.460738328574344,1.9866153525558212,1.4741229760185226
pinda,3.4607188977356826,2.368855907054416,1.0918629906812667
gyred,3.460570194759626,2.2974883913893978,1.1630818033702282
raiah,3.460522056479018,2.0016521689555358,1.4588698875234825
dampy,3.460513556173952,2.1883780468058083,1.272135509368144
atilt,3.4604388036956686,2.0750122262336093,1.3854265774620593
wrier,3.4604351626516423,1.860973549950287,1.5994616127013552
frigs,3.4603318797161844,2.246806017795796,1.2135258619203886
malus,3.460312193315939,2.3951893876313686,1.0651228056845703
debur,3.4603120074054807,2.2914970940244332,1.1688149133810473
leuds,3.460221668244232,2.424267306210604,1.035954362033628
moony,3.460086366379706,1.8369373120201045,1.6231490543596017
malae,3.460084543720465,1.941020852157982,1.5190636915624829
comby,3.4597877008003133,2.162241370196598,1.2975463306037154
packy,3.459764176693692,2.1504027976846136,1.3093613790090783
tanks,3.4596747620724138,2.3550954845196053,1.1045792775528083
yules,3.4596425642604727,2.4468991786674277,1.0127433855930452
hulas,3.4595563825110873,2.4418840975064597,1.0176722850046276
daych,3.4592695811420815,2.283763729662133,1.1755058514799486
visor,3.45925272498586,2.326183467016535,1.1330692579693251
thagi,3.4592445888477266,2.3702707165473043,1.0889738723004223
orval,3.4592262242888947,2.3472768698033497,1.111949354485545
maiko,3.4591945133292135,2.249466877778346,1.2097276355508675
charr,3.459150938630079,1.9461721976190238,1.5129787410110553
hemin,3.45882918327942,2.331333531814084,1.1274956514653358
lipas,3.4587911761794183,2.4762442713492656,0.9825469048301527
turms,3.458783652058318,2.3993519591713692,1.059431692886949
ileus,3.458741022989101,2.515473524028646,0.9432674989604555
rawdy,3.458695243688247,2.2282171744145387,1.2304780692737085
chyme,3.4584854947177273,2.2286684947784603,1.229816999939267
pitsu,3.4584807596277884,2.411830375134196,1.0466503844935926
worky,3.4584600895404964,2.1010160143122683,1.357444075228228
rabic,3.4584215224698225,2.3921650321443284,1.0662564903254939
canal,3.458339799449397,1.9949083524652336,1.4634314469841634
lakin,3.4583246786643045,2.3574095631408185,1.1009151155234862
motet,3.45814784917924,1.9326716030568112,1.5254762461224287
purda,3.4579545058021006,2.3549555874993,1.1029989183028006
turps,3.4579151468298654,2.4284738094031195,1.029441337426746
sooky,3.4578484154925313,1.7792471787913517,1.6786012367011796
trass,3.4578242825421337,2.086106959111563,1.3717173234305706
trees,3.4576270609158453,2.0730983009593444,1.3845287599565006
borms,3.4575563123027697,2.2975612038751176,1.1599951084276523
wetas,3.4575494006656857,2.371747052050123,1.0858023486155628
taals,3.457413503062887,2.0696343089454747,1.3877791941174125
deter,3.457332444222402,1.9872700004294368,1.4700624437929655
ubity,3.457181661285633,2.298184111738464,1.1589975495471694
pushy,3.457178017033522,2.2534233223288163,1.2037546947047055
wonts,3.457174681184757,2.336408641376299,1.1207660398084582
waspy,3.456935266659003,2.193231096357777,1.2637041703012264
fleam,3.4569254737408075,2.2524874054081736,1.2044380683326341
kidel,3.4567575631730794,2.274583966832664,1.1821735963404156
munis,3.4567483898731344,2.3580846224705825,1.098663767402552
wamed,3.456676955193349,2.1493913342009625,1.3072856209923864
boeps,3.4566416071803547,2.31257566308157,1.1440659440987848
turnt,3.4566363403192133,2.0026178618556,1.4540184784636132
yoker,3.456582781384373,2.3178201030833288,1.138762678301044
verso,3.456554741763715,2.3287195102601608,1.1278352315035545
wooer,3.4565379298244183,1.8651051635780396,1.5914327662463787
trapt,3.4565052762957555,1.987313932081952,1.4691913442138036
micra,3.4564849002003744,2.413493017235226,1.0429918829651483
crwth,3.4564437352550055,2.233609602956794,1.2228341322982117
lucid,3.456322094784416,2.3716292089186,1.0846928858658158
pyned,3.4563190846021277,2.2872729035409796,1.1690461810611479
riser,3.456298973157938,2.069863678189588,1.3864352949683503
bemad,3.455911084148664,2.209038600088004,1.2468724840606602
yurta,3.4558282852240616,2.4849930270436267,0.9708352581804347
color,3.4556989271994194,2.021527978628172,1.4341709485712475
kandy,3.455662480557239,2.197458215858723,1.258204264698516
units,3.455660202709631,2.494612039789835,0.9610481629197959
thowl,3.4556234838893967,2.27674853775497,1.1788749461344268
crump,3.455616953930151,2.2418443380354893,1.2137726158946613
douma,3.4555502253808545,2.313321916626378,1.1422283087544765
urban,3.4555415479808715,2.3743226903325874,1.0812188576482844
paves,3.4554872443646087,2.2193182194415835,1.2361690249230253
cruor,3.4552811889900097,1.96942416103919,1.4858570279508199
reups,3.4552526969463844,2.427775229876989,1.0274774670693954
rotty,3.4552413052705013,2.011497443270388,1.4437438620001135
ponds,3.4551048261104835,2.3520649019981894,1.1030399241122941
mutch,3.4550170659138786,2.2460083861796623,1.209008679734216
ymolt,3.4550148794034463,2.3757475280460962,1.0792673513573499
stell,3.45498494370145,2.0566256507932557,1.3983592929081943
indue,3.4549457938666657,2.408085159733796,1.0468606341328694
right,3.454788847407394,2.3713694494203836,1.08341939798701
balds,3.454720775239401,2.3345882182085753,1.1201325570308258
dicto,3.454697367913081,2.4307576946994205,1.0239396732136605
pombe,3.45467134191689,2.1846607858202085,1.2700105560966817
hipes,3.454621435560846,2.3764667444198064,1.0781546911410396
pisky,3.4546147247327097,2.184960150337147,1.2696545743955627
obied,3.454536063792193,2.3309183068694077,1.1236177569227852
hooly,3.4544566943797914,1.9051920856601372,1.5492646087196542
cered,3.4543535393056093,1.9285554063231678,1.5257981329824417
klieg,3.454280774023599,2.2338020142503483,1.2204787597732503
filos,3.454144504785945,2.366453151657817,1.087691353128128
payee,3.454102003800492,1.9013975729256791,1.552704430874813
pieds,3.4539666522699326,2.3718586112761693,1.0821080409937633
tulpa,3.453928795228422,2.43292377792101,1.021005017307412
fasti,3.4538665469297327,2.3809300780928306,1.072936468836902
koras,3.4536326993847517,2.3940251893086315,1.05960751007612
lidos,3.4534784566477432,2.477795910080877,0.9756825465668661
lynes,3.4533246933687205,2.4774429324914675,0.9758817608772529
sauls,3.453299694226448,2.014466652689572,1.438833041536876
adept,3.4532749774191256,2.3960158527299047,1.057259124689221
sella,3.4532376613232127,2.068935729419344,1.3843019319038687
mulch,3.4532202710363986,2.242944547512741,1.2102757235236579
pangs,3.4531930091192398,2.3226960371839662,1.1304969719352735
plays,3.453178343899207,2.4076699259880474,1.0455084179111596
pedos,3.452916217048197,2.3759902249039215,1.0769259921442753
wench,3.4528642984925613,2.1948783094996323,1.2579859889929288
bokeh,3.4524889049773666,2.128532149860824,1.3239567551165423
grece,3.45241163773024,1.887773453740852,1.5646381839893877
tilly,3.4521977959141985,1.9908931794765465,1.461304616437652
uneth,3.4521374552909805,2.41592791564719,1.0362095396437907
proll,3.4521117868892333,1.9728370056469386,1.4792747812422948
kasme,3.4521094267820427,2.242493390106085,1.2096160366759579
humor,3.4520567789625662,2.3190287826430946,1.1330279963194718
glaum,3.45204112576176,2.2685791345191455,1.1834619912426145
stout,3.4520270135580295,2.0061174035884006,1.4459096099696291
myope,3.451965763661394,2.2707072200993843,1.1812585435620098
murti,3.451852517190901,2.4047298764595038,1.0471226407313972
shtum,3.45184317366219,2.296110440228041,1.1557327334341494
thema,3.4516716883496046,2.371502135641792,1.0801695527078126
woose,3.451456809130052,1.8430838120209811,1.608372997109071
dorms,3.4514456648685945,2.3609757656974693,1.0904698991711255
tikes,3.451387387207075,2.3634761060294927,1.087911281177582
peery,3.4513051175198846,1.9024963057987587,1.5488088117211258
scoot,3.4512546047259356,2.0025704657380348,1.4486841389879008
baked,3.4512368389149763,2.135337104485279,1.3158997344296974
shell,3.45107825243945,1.9667929433490943,1.4842853090903558
rudis,3.4509255759799444,2.4382039131330666,1.0127216628468778
lubes,3.4508325524164123,2.360852744388252,1.0899798080281602
dorps,3.450577159640142,2.3900976159292195,1.0604795437109225
letup,3.4505237477636745,2.4199151197687914,1.0306086279948834
genet,3.4502776318071406,1.9084553339160908,1.5418222978910496
scall,3.450061114504111,2.010919714839206,1.439141399664905
musta,3.4500576359321755,2.3982532262982903,1.051804409633885
wifey,3.4500148421222336,2.0872223235703364,1.3627925185518972
wodge,3.449977477786528,2.139282870582009,1.3106946072045194
woads,3.449966036786339,2.278901781846451,1.1710642549398884
beaks,3.449513028387959,2.2211654050151868,1.2283476233727726
guido,3.449503285613507,2.299081839379672,1.1504214462338347
runer,3.4494771983313126,2.001919282329469,1.4475579160018435
glaze,3.449311271287174,2.0337565653533805,1.4155547059337934
graal,3.4492817345215236,1.9564328673324187,1.492848867189105
bowed,3.4492253625811164,2.116650261341973,1.3325751012391438
bimah,3.449199641234816,2.2111106899880157,1.2380889512468003
damns,3.449187987665546,2.334356139534531,1.1148318481310149
talks,3.448982364899183,2.376655548284547,1.0723268166146358
benga,3.4489575139708526,2.280160162393078,1.1687973515777748
dryas,3.4487320338770435,2.4371073026538395,1.011624731223204
titar,3.4487297301676856,2.091484876399698,1.3572448537679873
pyoid,3.44872445906026,2.310257753587212,1.1384667054730477
spahi,3.4486632021631833,2.3894754025720255,1.0591877995911578
belie,3.4486200124301387,1.9041481656712396,1.5444718467588991
vibey,3.4486027928396594,2.0901272546500076,1.3584755381896518
atoms,3.448565311290164,2.454317873412189,0.9942474378779754
unios,3.448537845838131,2.4955090306478307,0.9530288151903006
musth,3.4484448398198095,2.2961104402280403,1.1523343995917694
fubsy,3.4484259370660633,2.087022595439471,1.3614033416265923
bugan,3.448353705510753,2.2256910856633056,1.2226626198474473
ovist,3.448313272920467,2.312774655517368,1.1355386174030988
opted,3.4483079415350866,2.3846027649618122,1.0637051765732743
ergos,3.44808980642637,2.4560226509082757,0.9920671555180943
scudo,3.4480032341376368,2.370212121155383,1.0777911129822537
remap,3.447969260999529,2.3673380874976186,1.0806311735019103
frogs,3.447925996565848,2.250937631423548,1.1969883651423
mutis,3.447852787577383,2.3827085249024456,1.0651442626749377
crass,3.447795012929313,2.0273923650052943,1.4204026479240184
punky,3.447792949906085,2.1170157544770287,1.3307771954290561
sozin,3.447778127727104,2.1248576236889445,1.3229205040381593
pavin,3.4477563995975187,2.200770813823986,1.2469855857735328
crees,3.4475977913030236,2.014383706853075,1.4332140844499484
dolma,3.4474593132671516,2.3654257342153597,1.0820335790517919
pyats,3.4474370383972515,2.4107337646549687,1.0367032737422828
speel,3.447397093101948,1.9492200837057534,1.4981770093961944
honda,3.4473529446050826,2.390560380325509,1.0567925642795737
koura,3.4472649110580456,2.3474700731106193,1.0997948379474263
vilde,3.447098475497736,2.2222869459364123,1.2248115295613236
cauks,3.4470440074000646,2.265837136589296,1.1812068708107681
pluck,3.447017849529986,2.1516701922666757,1.2953476572633105
brill,3.446704594289745,1.918255556696538,1.528449037593207
tenue,3.446674527922981,1.988510470830302,1.458164057092679
gudes,3.446653082896832,2.2921083517074106,1.1545447311894217
divot,3.4464927515234907,2.22694635498746,1.2195463965360305
perms,3.4464405446181137,2.3464154688136394,1.1000250758044743
muhly,3.4464137600895817,2.2298501734880354,1.2165635866015463
alkin,3.446411932229902,2.3574095631408185,1.0890023690890835
ribas,3.4462183597682197,2.442267086192706,1.0039512735755134
yeuch,3.446066737780721,2.31002825584181,1.1360384819389109
lingo,3.446060701990021,2.4210025951245893,1.0250581068654316
margs,3.445979675036239,2.331606900883246,1.114372774152993
amove,3.4459085937360685,2.1997059001257204,1.2462026936103483
sheva,3.4458938521824063,2.2368910790849243,1.2090027730974817
pengo,3.445498462390475,2.319196909947634,1.1263015524428408
ruchy,3.445396215612194,2.324135646867108,1.121260568745086
peely,3.4453712346788894,1.88602365563267,1.5593475790462195
albee,3.445212032349419,1.9196928670670843,1.5255191652823346
bomas,3.4451983657219816,2.2964624710020383,1.1487358947199433
steed,3.4451594629149636,1.9652486488723782,1.4799108140425852
larks,3.4451295022981725,2.390064359783714,1.0550651425144586
feods,3.4450272218565243,2.2776121929805653,1.167415028875959
erode,3.444999054356356,1.9881669912874325,1.4568320630689238
snell,3.444950434045459,2.0320017483613926,1.4129486856840665
peent,3.444945612511177,1.9362725599987027,1.5086730525124743
chogs,3.444770486423508,2.2947651173848085,1.150005369038699
ofter,3.4447585580929454,2.394074385125422,1.0506841729675236
loups,3.4446247678762676,2.412898150095027,1.0317266177812405
awoke,3.444430047109152,2.1710276700440323,1.2734023770651195
lytes,3.444429091072969,2.5020668349233306,0.9423622561496386
amply,3.444395169422365,2.2797550487266856,1.1646401206956793
culpa,3.443899525615601,2.374209183814741,1.0696903418008599
garms,3.443820119745962,2.331606900883246,1.112213218862716
grown,3.443741432597231,2.2232071997632428,1.2205342328339883
total,3.4436621233405824,2.0791438398613615,1.3645182834792209
hefty,3.4436183505375846,2.218126907193123,1.2254914433444617
inane,3.443586292611505,2.0527535829425365,1.3908327096689685
karts,3.4435549562255625,2.3931281984506354,1.0504267577749273
glatt,3.4435261631763927,1.9430240558332512,1.5005021073431413
cinct,3.443511454976075,1.9824274897363106,1.4610839652397645
piece,3.443065383308094,1.8989472455545404,1.5441181377535536
allen,3.4430340629111877,2.052924367045372,1.390109695865816
saddy,3.442803979507813,1.9064483388936226,1.5363556406141907
juice,3.442728900690622,2.0260843107496695,1.4166445899409523
chips,3.442683864814615,2.318450729839668,1.1242331349749468
satis,3.442666825864813,2.0694635248426394,1.3732033010221738
fubar,3.4426185025798106,2.1931629937535924,1.2494555088262183
sampi,3.4425151077764187,2.3427806926969343,1.0997344150794843
agues,3.442510976076975,2.3988592709212972,1.0436517051556782
pelma,3.4424541930166708,2.35086543733153,1.0915887556851407
dupes,3.442391247520452,2.3199255777900225,1.1224656697304296
rewon,3.4423645921232726,2.3577314134072265,1.0846331787160461
bergs,3.442251468399065,2.2972702576401294,1.1449812107589359
welch,3.4421719013193304,2.216438373264574,1.2257335280547563
ceder,3.4420748393827845,1.9285554063231678,1.5135194330596164
fards,3.4419917729931013,2.3031326717739558,1.1388591012191454
backy,3.441951100943867,2.0999529623619653,1.341998138581902
splog,3.441877383298607,2.3328430131808156,1.1090343701177912
sambo,3.4416211995157084,2.2964624710020387,1.1451587285136695
kraft,3.4415747293674213,2.195957139497668,1.2456175898697532
laths,3.4415615842368155,2.4970517537623627,0.9445098304744528
rythe,3.4415112357759203,2.437319317703149,1.0041919180727712
intro,3.4413832141299934,2.572698038460792,0.8686851756692016
loral,3.4410763045290143,2.0925526513605286,1.3485236531684854
gipon,3.4410230887511535,2.3166608667040083,1.124362222047145
poked,3.4409284926128283,2.1743738520398352,1.2665546405729933
salis,3.440870030987334,2.066399686175718,1.3744703448116156
forma,3.4408409584550266,2.2705556259583886,1.170285332496638
tiara,3.440840035477109,2.091484876399698,1.349355159077411
bayts,3.4407617678339717,2.360283929332321,1.0804778385016507
sopor,3.4406307958188718,1.9672883042559688,1.4733424915629028
retry,3.440630466709049,2.009901872886261,1.4307285938227878
trull,3.440617017881826,2.024177925620542,1.416439092261284
drill,3.4405939468555697,1.9816701185188896,1.45892382833668
murky,3.4405796158230837,2.125926618176308,1.3146529976467753
quair,3.4405428152552084,2.115473008052037,1.3250698072031715
powan,3.440411014508059,2.2499256929727753,1.1904853215352837
pagri,3.4402810349526582,2.366106668403131,1.0741743665495274
unrid,3.4402643494763705,2.4221925507590942,1.018071798717276
gusto,3.440249952842472,2.388144762679336,1.052105190163136
agons,3.440241665725775,2.430998595129464,1.0092430705963107
scraw,3.440152829938703,2.327139848969152,1.1130129809695508
shuba,3.4400938756375714,2.287092533763231,1.1530013418743403
tumpy,3.4397301213117033,2.2153411525116162,1.224388968800087
spoot,3.439632691029911,1.9538794927568015,1.4857531982731094
curry,3.4395577642159325,1.8967182020502198,1.5428395621657127
tyros,3.4395348744900316,2.520135055473546,0.9193998190164856
mesic,3.43946804472028,2.3784630075259487,1.0610050371943314
ploot,3.439369182201558,1.9594281941477711,1.4799409880537866
bushy,3.439364941283697,2.202973487006168,1.2363914542775292
munts,3.439294207467345,2.361319245240339,1.0779749622270056
smaze,3.4392110556994377,2.0269032398132727,1.412307815886165
altar,3.439175041331514,2.091655660502533,1.3475193808289812
scrob,3.4390886565194814,2.3753740270881014,1.06371462943138
karee,3.4390821164422594,1.8837920067213458,1.5552901097209135
briks,3.439042601686891,2.2197280946446405,1.2193145070422506
escot,3.43900172013517,2.5191220384729536,0.9198796816622163
calks,3.4389530952863616,2.317940954178278,1.1210121411080836
isled,3.4389122820095706,2.4762003396967502,0.9627119423128201
artal,3.4388380785551647,2.091655660502533,1.3471824180526317
mados,3.438831347935546,2.35987703282439,1.0789543151111562
ruler,3.438784801158082,2.023479346094411,1.415305455063671
herma,3.438688663112713,2.384910947140959,1.053777715971754
lived,3.4386407803388646,2.2222869459364123,1.2163538344024523
coyau,3.438599029395288,2.413766612296186,1.0248324170991017
favor,3.4385988430731027,2.144557109459412,1.294041733613691
cromb,3.4385589635928695,2.2474591498267396,1.19109981376613
rives,3.4385559909823,2.324587896632409,1.1139680943498906
krang,3.4385493227139428,2.2418940429065493,1.1966552798073933
tunds,3.4385190901162073,2.403405821971793,1.0351132681444144
spall,3.4384392008080864,1.9622287418579725,1.476210458950114
tranq,3.438347344632585,2.1492513846458334,1.2890959599867515
pilus,3.4383121314003793,2.4087665364672746,1.0295455949331045
belga,3.4382651167976217,2.3017202261580194,1.1365448906396023
nicad,3.438246591815042,2.4175468800356494,1.0206997117793928
genae,3.4381997777999604,1.920765412542179,1.5174343652577815
wingy,3.438156992526628,2.1338578065053486,1.3042991860212798
drear,3.4380711122650602,1.9995800790555247,1.4384910332095353
maaed,3.4380690886892813,1.8496438502371049,1.5884252384521766
cymar,3.4380348478046767,2.344918671874008,1.093116175930669
tinty,3.4380334208893073,1.9693331157116047,1.4687003051777023
acker,3.437979626673325,2.3423275648761273,1.0956520617971977
lokes,3.437934101379422,2.3645438809903236,1.0733902203890984
ulpan,3.4379267183832236,2.408299875489147,1.0296268428940767
nudes,3.4374642656587633,2.4027072424456617,1.0347570232131016
ysame,3.437324250701143,2.380913334897088,1.0564109158040549
bonds,3.437291750360659,2.301615066675541,1.135676683685118
perry,3.437243926388549,1.9024963057987587,1.5347476205897903
purer,3.4371950557150615,1.91913761767383,1.5180574380412315
koels,3.4371802678108283,2.3645438809903236,1.0726363868205047
fakir,3.437096490789422,2.192722516727912,1.24437397406151
troth,3.4370191227954425,1.9934737039572006,1.4435454188382417
probs,3.4369766496811325,2.3266830541068684,1.110293595574264
danny,3.4369325782706617,1.8904369765196505,1.5464956017510112
amens,3.436772735509745,2.428098400596199,1.008674334913546
redig,3.4367372671893843,2.366062736750616,1.0706745304387686
ohing,3.436716926919974,2.334233726347349,1.1024832005726248
pooed,3.4366875654005606,1.867352612700763,1.5693349526997977
weise,3.436529419230034,1.8389521983932289,1.597577220836805
asker,3.4365196972745973,2.3924296189245045,1.0440900783500928
karos,3.436432599354063,2.394025189308631,1.042407410045432
rohun,3.4363663531843276,2.430932297530484,1.0054340556538437
rings,3.43626175573693,2.4279657143747913,1.008296041362139
birds,3.436199776414071,2.3355161669788194,1.1006836094352517
twins,3.436198869012313,2.3322770277485465,1.1039218412637664
hinky,3.436099414762479,2.186521647606516,1.249577767155963
matte,3.4359922520128716,1.9440846908249036,1.491907561187968
dente,3.435747579763405,1.9492372864984064,1.4865102932649985
elute,3.4356701187857457,2.010070534595244,1.4255995841905018
kines,3.4355542820084324,2.3388522035976296,1.0967020784108026
bangs,3.4353799333694153,2.272246201861318,1.1631337315080974
blays,3.4353652681493827,2.3572200906653995,1.0781451774839832
micro,3.4352127728701722,2.4020799294671336,1.0331328434030385
bribe,3.435197117368723,1.9206208158373284,1.5145763015313944
sneed,3.4351249532589723,1.940624746440515,1.4945002068184574
shrub,3.4350573832315794,2.28819126663631,1.1468661165952696
comfy,3.4349519256613146,2.1143131735958898,1.3206387520654248
pulik,3.434818990338322,2.2071501636031883,1.2276688267351337
dipso,3.4347761819745717,2.373454181660296,1.0613220003142756
maray,3.4347301389879425,1.886383113719227,1.5483470252687155
limas,3.4346448376368715,2.4471224211175153,0.9875224165193561
trews,3.4345231439893404,2.3728457849232027,1.0616773590661377
purre,3.434441405332509,1.91913761767383,1.515303787658679
nudge,3.434372631071546,2.2760969893334386,1.1582756417381075
prahu,3.4343690839878445,2.359563720642937,1.0748053633449077
decos,3.4343042233121035,2.424681197885155,1.0096230254269485
terfs,3.4342373773578174,2.3845648542095357,1.049672523148282
sants,3.434108245754775,2.048074245180533,1.3860340005742418
raake,3.4340424920074324,1.8837920067213458,1.5502504852860866
flags,3.4339899016563473,2.2458780690255513,1.1881118326307962
motus,3.433987566141446,2.386840138530198,1.0471474276112482
nomad,3.433793495736295,2.343865670450418,1.0899278252858775
ouche,3.433510091373076,2.38273421483078,1.0507758765422959
solas,3.4334935917407323,2.0705312998034704,1.362962291937262
beery,3.43349204177006,1.8520464704761104,1.5814455712939497
oaked,3.4333991311361807,2.2940894977534256,1.1393096333827553
octan,3.4333024314082303,2.5161193342512007,0.9171830971570294
nolle,3.433206434283972,2.0415112792772794,1.3916951550066927
eaten,3.4331438801132963,2.055988205712293,1.3771556744010032
grabs,3.433114282926472,2.3102789157923485,1.1228353671341234
lysed,3.433101837606824,2.4076259943355325,1.0254758432712916
koris,3.43288771657938,2.3784804879127868,1.0544072286665933
dagos,3.4328716293175097,2.361181656973528,1.0716899723439817
lengs,3.4327899142605434,2.414029107452328,1.018760806808215
mucin,3.432769523337149,2.3079825684222044,1.1247869549149445
aburn,3.4326692860238346,2.374322690332588,1.0583465956912468
easel,3.4326689419345255,2.068935729419344,1.3637332125151818
hooty,3.4326637608485906,1.9082559243270587,1.524407836521532
milky,3.4326516105834353,2.161387001496366,1.271264609087069
yetis,3.4326083422080016,2.5018960508204957,0.9307122913875058
stede,3.432459505509799,1.9652486488723782,1.4672108566374211
beset,3.432270828792861,1.9018340870500268,1.530436741742834
eidos,3.4322439916787597,2.480161169221667,0.9520828224570925
knaur,3.432141725054967,2.321949179820761,1.110192545234206
mudge,3.432097004069116,2.164193474446049,1.2679035296230667
slush,3.4320584864837964,1.912323866619322,1.5197346198644743
hunts,3.432049614473157,2.40801395511543,1.0240356593577271
washy,3.4320447782038026,2.2108039560011177,1.221240822202685
fleet,3.4318552423415225,1.8594545918402883,1.5724006505012345
dazer,3.4316580985141214,2.091011168101785,1.3406469304123365
pocky,3.4316427546417194,2.1389897099165216,1.2926530447251978
tonks,3.4315533400204408,2.343682396751513,1.087870943268928
sauts,3.431506760695247,2.017530491356493,1.4139762693387539
mango,3.4314135932778242,2.3030837178681023,1.1283298754097217
palay,3.4312510758977126,1.8990323137848888,1.5322187621128236
sours,3.43111215501547,2.019526215087568,1.4115859399279018
molle,3.4309308072815417,1.92960776438989,1.5013230428916517
creme,3.4308821571850303,1.8864688295917138,1.5444133275933165
vines,3.430849268214968,2.2865551827013784,1.1442940855135895
opera,3.4307359222382656,2.504762495674867,0.9259734265633989
fiche,3.4306907916659233,2.227986658448072,1.202704133217851
pinga,3.4306856586924663,2.3280739544721003,1.1026117042203658
sowse,3.4306198245784776,1.8430838120209811,1.5875360125574964
rowdy,3.4305738216362753,2.216804086646447,1.2137697349898282
aught,3.430495806266065,2.3183376830611575,1.1121581232049078
tacho,3.430429803403857,2.450910529238902,0.9795192741649551
seyen,3.430395750743953,1.9632566188973395,1.4671391318466134
diode,3.4303879417945002,1.9715235570185086,1.4588643847759917
argus,3.4302855461372834,2.4129666619465953,1.017318884190688
chops,3.430277981664279,2.3225823434674204,1.1076956381968583
pally,3.430218761510762,1.8990323137848888,1.531186447725873
frize,3.4301676640201566,1.9641237082828806,1.466043955737276
sized,3.4301367598926658,2.0534451151488824,1.3766916447437834
phuts,3.430134247104278,2.3252322904597906,1.1049019566444875
genom,3.4300263411237646,2.2900750597158837,1.1399512814078812
crepe,3.4300136519565774,1.915590679823464,1.5144229721331133
garum,3.430009758055297,2.2850517846852343,1.1449579733700626
sades,3.4300026769437633,1.9775587274984665,1.452443949445297
inros,3.4299957249404645,2.564085498402901,0.8659102265375632
bavin,3.429943323847694,2.150320978501338,1.2796223453463564
camus,3.429907653675373,2.339538632192021,1.090369021483352
fluyt,3.4298478512269774,2.250426699240591,1.1794211519863869
craic,3.429764852315408,2.032770282293429,1.3969945700219792
mochy,3.4297571047931124,2.2302640651625865,1.199493039630526
logic,3.429710589346893,2.3869119034501836,1.0427986858967093
avion,3.429667637055993,2.309073371769484,1.120594265286509
zaide,3.4296630280101916,2.074367733832861,1.3552952941773304
rhyme,3.429604476544802,2.3007919003838966,1.1288125761609056
evict,3.429580826814239,2.261077031084864,1.1685037957293751
friar,3.4293763571577767,1.8857012773888395,1.5436750797689374
jaunt,3.4293307047539994,2.076418283346051,1.3529124214079487
dangs,3.42926928593524,2.3356607636836695,1.0936085222515706
kluge,3.429133688628993,2.1818689807642015,1.2472647078647916
pasmo,3.429060310723092,2.3469123063246866,1.0821480043984053
touks,3.4289518549609133,2.313138642927473,1.11581321203344
awols,3.4288907703788603,2.3702787837673283,1.058611986611532
palms,3.428876612415233,2.3429514767997697,1.0859251356154633
rares,3.4287738337326763,2.085408379585432,1.343365454147244
sease,3.4287440022016873,1.5547494158252153,1.873994586376472
erect,3.428715730152322,2.0229962469109664,1.4057194832413558
berms,3.428627468868289,2.295965633490991,1.1326618353772981
miaow,3.4284322624190757,2.2421931224031315,1.1862391400159442
wents,3.4282458377502762,2.334813070992172,1.093432766758104
droll,3.4281880637052335,1.985801732146642,1.4423863315585916
losel,3.428147243992326,2.0575226416512513,1.3706246023410749
ashen,3.4281159512519777,2.4747931104712904,0.9533228407806872
wages,3.428019404392577,2.2365242588800087,1.1914951455125686
purga,3.427921266758884,2.314173634916984,1.1137476318418997
shoon,3.4278401696071334,1.946828449968279,1.4810117196388546
guyed,3.4277806489356415,2.2289119236343273,1.1988687253013142
genre,3.4277274289609956,1.921864145415258,1.5058632835457373
hedgy,3.427654932130968,2.1942468724460684,1.2334080596848995
whats,3.427596942839662,2.2826129241320925,1.1449840187075697
viols,3.427593393798512,2.3097108168504468,1.1178825769480651
nance,3.427390794509676,1.9972736116060243,1.4301171829036519
clach,3.4273717631461493,1.929699547452935,1.4976722156932143
levin,3.4273533047388223,2.292103884092348,1.135249420646474
unpay,3.4273290834449637,2.339554746025094,1.0877743374198698
uncoy,3.4273280933611945,2.3768326312382353,1.0504954621229594
allot,3.427227194127976,2.0791438398613615,1.3480833542666146
quirt,3.427209561231599,2.103162929425949,1.32404663180565
lassy,3.42684902560884,1.9978253408145001,1.4290236847943398
linds,3.426738222275549,2.452275016791018,0.9744632054845307
squat,3.426695452924447,2.0966862792647354,1.3300091736597115
swarf,3.4266851782616947,2.1800708440645624,1.2466143341971323
kites,3.426658679712681,2.3634761060294927,1.0631825736831884
usnea,3.426641486806983,2.509458161659549,0.9171833251474342
bolds,3.426599353187428,2.323175130440483,1.1034242227469453
given,3.426552653132097,2.1599449295891553,1.2666077235429418
laevo,3.4262887674198184,2.3331694787780517,1.0931192886417667
naved,3.4262692986290983,2.2162715835673152,1.209997715061783
pends,3.4261759826760025,2.350469331614063,1.07570665106194
alloy,3.4260378953014152,2.0073348717303867,1.4187030235710285
hirer,3.4255015205714554,1.9886435108033171,1.4368580097681383
dribs,3.425458809647469,2.3355161669788194,1.0899426426686494
sicko,3.4254260181477294,2.3063570823073505,1.119068935840379
genus,3.4254187692432154,2.3619252898633465,1.0634934793798692
agios,3.4253471794676833,2.4523878747915706,0.9729593046761127
buaze,3.4252101671789625,1.9590201385243629,1.4661900286545997
souls,3.425178272174475,2.0030535649214793,1.4221247072529954
psoai,3.425161616266551,2.4802051008741826,0.944956515392368
harms,3.4251110825112754,2.376996986609199,1.0481140959020767
frory,3.4251053788055073,1.805713844259529,1.6193915345459782
pongs,3.4250715870672668,2.3112829494158738,1.1137886376513932
haems,3.4250648826173133,2.362889595583901,1.0621752870334122
siens,3.4250266623991794,2.0318309642585577,1.3931956981406217
quist,3.424882090919785,2.0811415778688906,1.3437405130508944
mugil,3.4247805410046404,2.2530344331233008,1.1717461078813396
semen,3.424754605472775,1.8985381697090615,1.5262164357637134
teres,3.4247412470572676,2.0730983009593444,1.3516429460979231
champ,3.4246375303265246,2.2060805539741515,1.2185569763523731
maedi,3.424603223392946,2.3636593797283982,1.060943843664548
gebur,3.4245650402308745,2.250715141442117,1.1738498987887573
lisle,3.4245273175958815,2.053391028023499,1.3711362895723824
crews,3.424493874376519,2.3141311908169335,1.1103626835595857
moruk,3.4244328319926147,2.1986325771652786,1.2258002548273361
fritt,3.4243825559093755,1.8733911987627514,1.550991357146624
ladle,3.4243650401089574,1.983107428889436,1.4412576112195215
harps,3.424242577282823,2.406118836840949,1.0181237404418737
pyins,3.4242126104805717,2.3705651608272613,1.0536474496533101
mawed,3.4240247257838092,2.1493913342009625,1.2746333915828467
ingot,3.4239840093092537,2.4240664337915105,0.9999175755177434
raita,3.4239356873802222,2.0914848763996976,1.3324508109805249
yages,3.423823328740264,2.382217959046226,1.0416053696940384
trats,3.4238123964238607,2.086106959111563,1.3377054373122976
rowth,3.423559546764021,2.2932211879210587,1.1303383588429625
becap,3.423419112658788,2.2738866968012843,1.1495324158575035
salts,3.423415848581544,2.0696343089454747,1.3537815396360693
pavon,3.4231798603202295,2.204902427451738,1.2182774328684913
marry,3.4231590572758983,1.886383113719227,1.5367759435566712
gambe,3.423122073610258,2.1682566475056886,1.2548654261045695
boked,3.4231154168630042,2.1239240167171873,1.299191400145817
upran,3.422787594976179,2.4247725256552357,0.9980150693209433
funis,3.4227272487867797,2.2888284407789765,1.1338988080078032
wanky,3.4226597110763652,2.0743963881493297,1.3482633229270353
atter,3.422596640202445,2.0940209196433237,1.328575720559121
derms,3.422516821434114,2.3593801953133426,1.0631366261207713
seism,3.4224896471545443,1.9199274493711682,1.502562197783376
glims,3.4224490469988176,2.299589549321313,1.1228594976775044
peage,3.4224294195057707,1.8379837478865395,1.584445671619231
tying,3.4223674091302163,2.3513604748025405,1.0710069343276756
buyin,3.4222658569161686,2.273560209306601,1.1487056476095674
waulk,3.422115414747717,2.1125977637893434,1.3095176509583735
ables,3.422036584710815,2.428330479270243,0.9937061054405721
wiver,3.4218439741349655,2.115697768393108,1.3061462057418574
eared,3.421731549145557,1.9995800790555247,1.4221514700900322
haugo,3.4215675152241087,2.3192346739191536,1.1023328413049551
conks,3.42152407040762,2.284967802645244,1.1365562677623757
deely,3.4214475114948897,1.8989883821323734,1.5224591293625165
kyrie,3.4214020176658595,2.3136884894555765,1.107713528210283
valid,3.4213314890097175,2.2352956040886314,1.186035884921086
quilt,3.421275678390604,2.0866902792598605,1.3345853991307437
nerds,3.4212382755954325,2.471283710200732,0.9499545653947001
gibes,3.4212008838797363,2.2806268233712057,1.1405740605085304
taxor,3.4211436011365293,2.19099087238736,1.2301527287491694
degas,3.421142885913717,2.3595860865894016,1.0615567993243156
admit,3.4210867531553815,2.3643579592545287,1.0567287939008527
gauds,3.4209540727443235,2.3051170098596296,1.1158370628846936
gyres,3.4209286328984625,2.383316691919305,1.0376119409791573
ranks,3.420764474286667,2.3685042960187723,1.0522601782678946
fonda,3.4205763965129155,2.274609488758812,1.1459669077541037
ratal,3.4205631789807205,2.091655660502533,1.3289075184781876
chemo,3.4203702914065808,2.3013744537674303,1.1189958376391502
flams,3.4203659021255715,2.244573444876413,1.1757924572491585
roosa,3.4202208160063883,2.087003949969559,1.3332168660368289
trayf,3.420191162282225,2.3343770842886706,1.0858140779935543
oaves,3.4198364608359886,2.327620777387082,1.0922156834489067
spoor,3.4198361385663185,1.9672883042559688,1.4525478343103495
toted,3.419795670014926,1.974758179788265,1.445037490226661
astun,3.4197802088251503,2.5101567411856798,0.9096234676394703
powin,3.419666031702688,2.234380991576931,1.1852850401257569
quint,3.4196607573963314,2.0651302154949187,1.3545305419014126
hovea,3.4196139408072357,2.246400610000811,1.1732133308064243
dorba,3.419591887917087,2.3605703992905505,1.0590214886265368
raird,3.419577486652611,1.9970440358118988,1.4225334508407124
amnio,3.419529023514155,2.4350718882684603,0.9844571352456943
flaps,3.4194973968971185,2.2736952951081633,1.1458021017889555
lamby,3.419471332174763,2.2293052134040376,1.1901661187707253
berry,3.4194308506387245,1.8520464704761104,1.5673843801626142
bulky,3.419287476983029,2.0881259829193217,1.3311614940637073
ivory,3.4192847123100494,2.262987038943452,1.1562976733665975
kaing,3.419265133994248,2.2252506086376256,1.1940145253566221
vapor,3.4190816449479513,2.2429351413827687,1.1761465035651826
masse,3.4190353228038357,1.9354721507670125,1.4835631720368232
merds,3.418962648593002,2.3593801953133426,1.0595824532796594
booed,3.4188744896507366,1.8169027773781148,1.6019717122726216
greps,3.4187871628896334,2.3477200929627773,1.0710670699268559
fishy,3.4187079337977484,2.2069783238916063,1.211729609906142
rugas,3.418499428752175,2.4129666619465957,1.0055327668055793
tubas,3.4184424551042802,2.3769252412073922,1.041517213896888
braxy,3.4180966926087835,1.9604295109882388,1.4576671816205446
conex,3.417852719048787,2.081234906197841,1.336617812850946
frays,3.417766486727193,2.32576454423078,1.0920019424964131
froze,3.4177617808698204,1.968255321910633,1.4495064589591875
welts,3.417553440577045,2.3563731347571135,1.0611803058199316
braws,3.417536075169199,2.227999040665271,1.189537034503928
maill,3.417500787174379,1.9384848089143567,1.4790159782600223
resaw,3.417497537168421,2.3851558635492904,1.0323416736191307
genie,3.417454794994589,1.9052207111463342,1.5122340838482549
maybe,3.417298774640937,2.2316704725448284,1.1856283020961085
devil,3.417276288075604,2.2222869459364123,1.1949893421391917
facts,3.417244293168597,2.325450106756318,1.091794186412279
nifty,3.4170536395059923,2.280799668961796,1.136253970544196
wames,3.4170353933321858,2.2352196347308704,1.1818157586013156
whipt,3.416887382257949,2.1682751957066366,1.2486121865513122
yeads,3.4168411176995455,2.4229999116285414,0.993841206071004
hawed,3.416780132789622,2.196086044076054,1.2206940887135682
winch,3.4167793674643505,2.1923422662560066,1.2244371012083437
pynes,3.4166775227409643,2.373101204070887,1.043576318670077
limns,3.416623684962638,2.410188440059564,1.0064352449030742
weigh,3.4166165638305594,2.1397593900978937,1.276857173732666
vicar,3.4165885025148386,2.2874945007362495,1.1290940017785893
ryoti,3.4164691671331147,2.5255129727616805,0.8909561943714343
peeoy,3.416455944276189,1.889984485157587,1.526471459118602
boxer,3.4162735521017673,2.0201268118249898,1.3961467402767773
bemas,3.416269522287501,2.2948669006179117,1.1214026216695894
tunny,3.416149143408413,1.9174000822254584,1.4987490611829544
raper,3.416127893120029,1.986615352555821,1.4295125405642077
clavi,3.4160849161475313,2.271021850570161,1.1450630655773701
delph,3.416049168491853,2.290809227992734,1.1252399404991191
harry,3.4159144642817107,1.9330778235943182,1.4828366406873925
blown,3.4158546286925664,2.1841019403571176,1.2317526883354488
chirr,3.415748498176471,1.930627496223179,1.4851210019532919
gager,3.4157225368161956,1.9587981264732093,1.4569244103429864
gorms,3.4156986976939896,2.320193813115154,1.0955048845788355
thelf,3.4156726661867216,2.2868720366571766,1.128800629529545
wolve,3.415664240530938,2.1033567318547717,1.3123075086761662
mulai,3.415437484712728,2.400567304919503,1.014870179793225
pence,3.4152747137141635,1.8775579658924337,1.53771674782173
senas,3.4152571454794822,2.047375665654402,1.3678814798250802
light,3.4152320749027956,2.354896799254295,1.0603352756485007
negro,3.4150904714197665,2.4400112885343033,0.975079182885463
bonny,3.4149218036528644,1.8156093269292066,1.5993124767236577
clows,3.4148813701069143,2.299254111034972,1.1156272590719425
gorps,3.414830192465537,2.3493156633469043,1.0655145291186325
mifty,3.414778012503562,2.1688961540744067,1.245881858429155
ceres,3.4147119774444468,2.0143837068530757,1.4003282705913709
soddy,3.4146825574558406,1.8950352511255304,1.5196473063303104
chays,3.4146109765848527,2.369592030192041,1.0450189463928121
surra,3.414541968209557,2.03093930285566,1.3836026653538964
piuma,3.414460174102163,2.2962255764989226,1.1182345976032402
faugh,3.4144502983497786,2.112554084050299,1.3018962142994797
rownd,3.414364071186587,2.2639891523455584,1.1503749188410284
owies,3.4143121648423005,2.3570993415122743,1.057212823330026
testy,3.4142539342944573,1.9878805213292023,1.426373412965255
pubes,3.414185381788655,2.256511015967671,1.1576743658209843
menus,3.4139543250027167,2.360620665714208,1.0533336592885083
mense,3.4139355144086823,1.8985381697090613,1.515397344699621
fords,3.413870350941128,2.2917195840058633,1.1221507669352648
fremd,3.4138116446523954,2.1622091363603753,1.2516025082920201
emirs,3.4136749479572503,2.450586413131385,0.9630885348258653
towns,3.4136327971111697,2.336408641376299,1.0772241557348712
syrup,3.4136098412578892,2.356664841272145,1.0569449999857443
stump,3.4135370636809275,2.2785375805847,1.1349994830962276
lipos,3.4134696540967573,2.464831183581173,0.9486384705155844
oscar,3.413463200566844,2.5455395081243397,0.8679236924425042
yelts,3.4133573649247326,2.502066834923331,0.9112905300014014
derry,3.4133202032045493,1.915461032298462,1.4978591709060873
rilly,3.413287508128452,2.004301990975714,1.4089855171527383
mamey,3.4131859593014755,1.872275722693929,1.5409102366075464
dicht,3.413144040572086,2.340027996397263,1.0731160441748233
jacet,3.412960337913494,2.096796668401417,1.3161636695120769
takis,3.4129204433138915,2.3764847641817117,1.0364356791321798
merel,3.4128570543293577,1.9421195850310613,1.4707374692982966
larfs,3.412820582553927,2.394509673694833,1.0183109088590936
palar,3.41264382226068,1.9842500934150307,1.4283937288456496
liked,3.4125618887778932,2.2745839668326635,1.13797792194523
lepak,3.4125039702469433,2.277163941728805,1.1353400285181383
infer,3.412442963058997,2.365318869065807,1.0471240939931898
tryer,3.4124147359004926,2.0099018728862608,1.402512863014232
bally,3.4124056857609375,1.8485824784622407,1.5638232072986968
bhuts,3.412321171354454,2.2747824551371427,1.1375387162173114
admen,3.412317082661304,2.3422701000662913,1.0700469825950125
ganev,3.412311577431155,2.1754896309849996,1.2368219464461558
profs,3.4121408745421338,2.27875485750616,1.1333860170359735
gryke,3.41211811175277,2.181700319055219,1.2304177926975512
naiks,3.412114421573955,2.3518608617498487,1.0602535598241067
mands,3.412091113563352,2.334356139534531,1.0777349740288207
fleer,3.41205868987793,1.8728634033394556,1.5391952865384746
besom,3.412019538109485,2.2834538128498196,1.1285657252596655
ragus,3.412010646562839,2.4129666619465953,0.9990439846162436
cozen,3.411970102513096,2.077291612884192,1.3346784896289037
tabus,3.4119536729149447,2.3769252412073922,1.0350284317075522
whirs,3.41192131875825,2.2804770342354153,1.1314442845228347
herds,3.411718055598815,2.406074905188434,1.0056431504103809
chiba,3.41169859309156,2.288923513200999,1.122775079890561
cerge,3.411620342857229,1.8877734537408521,1.5238468891163768
bakes,3.4115952770538134,2.2211654050151868,1.1904298720386266
epics,3.4115859571265084,2.407584857757699,1.004001099368809
vocal,3.4115208956877368,2.2751534641979134,1.1363674314898233
fugal,3.411504382723657,2.1993229528275395,1.2121814298961178
punim,3.4115024472817628,2.2592915954409714,1.1522108518407914
draws,3.4114254277350238,2.291413602487623,1.1200118252474012
meuse,3.4113340293491543,1.8679944158850215,1.5433396134641328
korun,3.411193823871823,2.3105360920526685,1.1006577318191548
vomit,3.4111869760943136,2.1848597782560066,1.2263271978383072
balms,3.4110635366654085,2.2925016414771213,1.1185618951882872
unply,3.4109228517650036,2.324180828732085,1.0867420230329188
mogul,3.410915319568703,2.257166046751053,1.1537492728176502
suits,3.4107002548067413,2.0019857899606484,1.408714464846093
vised,3.410626412453071,2.216738244545443,1.193888167907628
janty,3.410564878450039,2.0597769714709795,1.3507879069790594
eupad,3.4105120806219125,2.3408481964740018,1.069663884147911
zloty,3.4104503550589826,2.0864558821505588,1.3239944729084239
unarm,3.4104083823449596,2.3956506754234854,1.0147577069214742
gorge,3.4103177482718086,1.947385038705117,1.4629327095666915
reata,3.410287862347378,2.0940209196433237,1.3162669427040539
gapos,3.4102869896250603,2.348216930473825,1.0620700591512353
armer,3.4102564541519262,1.9574935023240707,1.4527629518278555
yonic,3.4102457369305434,2.4287656647243816,0.981480072206162
meter,3.4101210328072975,1.9451834236979828,1.4649376091093147
gloms,3.410043163848481,2.3037211629490653,1.1063220008994157
fiere,3.4100325132280718,1.8726926192366202,1.5373398939914513
anglo,3.410020638841628,2.4365472965204336,0.9734733423211943
maiks,3.4098387945715247,2.239957346862459,1.1698814477090658
arias,3.409781906077937,2.0828723363418065,1.3269095697361304
mohur,3.4096025338912015,2.3190287826430946,1.0905737512481068
bowes,3.409583800719953,2.2024785618718803,1.207105238848073
sudsy,3.40957811894228,1.8389706040116316,1.5706075149306484
ayelp,3.409569548351229,2.4155838865198076,0.9939856618314216
gyals,3.4095592815698472,2.3798526999054355,1.029706581664412
mauds,3.409489628503824,2.3038123857104913,1.1056772427933328
fasci,3.4094699576964924,2.322215483986562,1.0872544737099306
wraps,3.4094434633019537,2.278448875987919,1.1309945873140346
pingo,3.409413531362264,2.3166608667040083,1.0927526646582557
oller,3.4093614433801873,2.0795439932083095,1.3298174501718776
warre,3.40930816650279,1.8765182513461318,1.5327899151566582
oslin,3.4093007243266515,2.5476128482368123,0.8616878760898393
glops,3.409174658620028,2.3328430131808156,1.0763316454392127
niner,3.409132653983,2.0538523158156154,1.3552803381673846
chott,3.4088211626166984,1.921350298351764,1.4874708642649346
donny,3.4088111562186896,1.8790238887515585,1.5297872674671311
lifes,3.4085628328279376,2.3648575812736903,1.0437052515542473
burgh,3.4084953948966943,2.1615810135240867,1.2469143813726078
tungs,3.408485851072991,2.3626238693894774,1.0458619816835135
parks,3.408482331670416,2.285722631363133,1.1227597003072827
sefer,3.4083907014996973,1.867314701948486,1.5410759995512116
bends,3.408362906926178,2.3000194962914144,1.1083434106347638
fleck,3.4083386595261964,2.107761237073092,1.3005774224531046
dunam,3.4083237069031345,2.2878010233365194,1.120522683566615
tates,3.4082755302057355,2.071999568086265,1.3362759621194704
bitou,3.408145980946083,2.3708900707274347,1.0372559102186478
rubio,3.408142903270851,2.384298882226602,1.0238440210442492
stars,3.4080425929919036,2.0861069591115635,1.32193563388034
antae,3.407970750376778,2.055988205712293,1.3519825446644853
gyans,3.4079443605755744,2.3582926361404937,1.049651724435081
witch,3.4078837651685996,2.21696616868787,1.1909175964807295
motte,3.407870829960899,1.9326716030568112,1.475199226904088
yarer,3.4078657412330298,2.022211951512349,1.3856537897206807
teiid,3.4078083092544222,1.9706265661605127,1.4371817430939093
shiso,3.4077617097221697,1.9682177296303855,1.439543980091784
scrum,3.4077032006909214,2.3406373650651005,1.067065835625821
grypt,3.4074787813631717,2.2852222444158246,1.1222565369473474
touzy,3.4074515148079563,2.0343520645615776,1.3730994502463787
metre,3.407367382424745,1.9451834236979828,1.462183958726762
goved,3.4073366938151946,2.094259605060972,1.3130770887542227
bongs,3.4072585113174423,2.2608331140932254,1.1464253972242169
soces,3.4071929843396966,2.001871886211904,1.4053210981277928
patty,3.407158784190119,1.9020961524518103,1.505062631738309
femur,3.407062705277271,2.2014823206922713,1.205580384585
eyots,3.4070414204520807,2.506027664448248,0.9010137560038328
preys,3.406982524564868,2.4111339180019176,0.9958486065629504
volta,3.406742168778682,2.333868058304182,1.0728741104745
green,3.406713435279896,1.9218641454152579,1.4848492898646382
kerns,3.4066827032760374,2.3554956378665537,1.051187065409484
calfs,3.406644175542115,2.3223862680893967,1.0842579074527186
russe,3.406553011570945,2.0179306447034415,1.3886223668675033
icons,3.4065522513096362,2.491962092797465,0.9145901585121714
imagy,3.406522319710497,2.2517670385412387,1.154755281169258
norms,3.406509880455921,2.430792703853405,0.9757171766025156
flunk,3.406436175614696,2.087382852017725,1.3190533235969708
joust,3.4064306162254807,2.0810165579519304,1.32541405827355
dally,3.4062950383267623,1.9119970402845923,1.49429799804217
tendu,3.4061516949411272,2.411319782503553,0.9948319124375742
cunny,3.406119873795592,1.8586854881191894,1.5474343856764021
pebas,3.4060993476640755,2.323988750849662,1.0821105968144136
fluky,3.4059939078780896,2.040197786318614,1.3657961215594758
squit,3.405950470119075,2.0811415778688906,1.3248088922501846
reard,3.4059296616197665,1.999580079055525,1.4063495825642414
footy,3.4058872127564235,1.7923050327603616,1.613582179996062
musca,3.4056610466989348,2.339538632192021,1.0661224145069137
turbo,3.4056577477766083,2.3875335049963584,1.01812424278025
dicts,3.4053416491553925,2.4212481637835337,0.9840934853718587
orfes,3.4052818234523112,2.3854618450675313,1.0198199783847801
funts,3.40527306638099,2.292063063548733,1.113210002832257
cowls,3.4052184484926213,2.2992541110349713,1.10596433745765
aland,3.4050603372050308,1.9591821059837038,1.445878231221327
paths,3.4049144136090588,2.392710025341782,1.0122043882672769
grill,3.4048469796809644,1.940888165936574,1.4639588137443904
hands,3.4048465205691647,2.3810508494096223,1.0237956711595422
fados,3.4048102068491914,2.290620851132784,1.1141893557164075
yapon,3.4046782721780406,2.3956193931389924,1.009058879039048
dempt,3.40465258951406,2.2471783567845645,1.1574742327294953
naibs,3.404641276968708,2.404234372261676,1.0004069047070323
quoit,3.4045310441148566,2.0906511087847774,1.3138799353300792
taits,3.404528207704166,2.0694635248426394,1.3350646828615267
ovule,3.4044712809107374,2.26569174389606,1.1387795370146772
criss,3.4043925724757043,2.0118476636094496,1.3925449088662547
whins,3.404372514922982,2.2424443203043847,1.1619281946185973
linny,3.4043682755677542,1.9662692770446835,1.4380989985230708
goafs,3.404275337469414,2.2498388985504687,1.1544364389189452
mazet,3.40424323956261,2.035515779871164,1.3687274596914458
odals,3.404067390956883,2.493340611476721,0.9107267794801618
penny,3.403806035968208,1.8644635918677281,1.5393424441004797
dozer,3.4035366764621484,2.0795980803336924,1.3239385961284562
glamp,3.4035342072822736,2.216341223687546,1.1871929835947277
vague,3.4035065244536593,2.1449458771609593,1.2585606472927
doves,3.4034420991286365,2.2208698581731947,1.1825722409554418
souts,3.403385338643274,2.0061174035884006,1.3972679350548733
dated,3.403319978552597,1.9861712675563572,1.4171487109962395
pudgy,3.403263536246363,2.1222049360729556,1.2810586001734074
saiga,3.4031691492634444,1.934240731672525,1.4689284175909192
pigmy,3.4031545991321317,2.1320513928276483,1.2711032063044834
sused,3.4031203238421646,1.9100809926164752,1.4930393312256893
sumph,3.4030722595801413,2.188704873140538,1.214367386439603
mazey,3.403053940736049,1.9637068117401892,1.43934712899586
rager,3.4029655656378734,1.958798126473209,1.4441674391646642
inver,3.402879348708761,2.308576534258437,1.094302814450324
mogas,3.402860317933093,2.3190950802420742,1.083765237691019
rawns,3.4028439313773964,2.3612305406435583,1.0416133907338379
locus,3.4028153114873154,2.46158912307626,0.9412261884110554
pecky,3.402713911207239,2.137394139532395,1.2653197716748437
haiks,3.4025942015773376,2.2866520567375503,1.1159421448397873
drugs,3.402549549141799,2.306215742732709,1.09633380640909
aeger,3.402415842485076,1.958798126473209,1.4436177160118666
cryer,3.402385466287672,1.951187278779992,1.4511981875076798
gosse,3.402378344992362,1.9253636871480584,1.4770146578443035
firie,3.402342122399254,1.8726926192366204,1.5296495031626334
korai,3.402269208592205,2.399403106596766,1.0028661019954388
serve,3.402247776772076,1.8105723671411156,1.5916754096309607
hauds,3.4022450355096368,2.3505070955855825,1.0517379399240543
cissy,3.4021516197716988,1.926629883979308,1.4755217357923909
meiko,3.40214424784276,2.236458219626127,1.165686028216633
typal,3.402129074670251,2.4162824660459385,0.9858466086243123
polly,3.402097339458789,1.8876192260167965,1.5144781134419925
blimp,3.401989381437446,2.1781639130516655,1.2238254683857805
tacit,3.4019619364595792,2.0193614707942618,1.3826004656653175
lythe,3.4019544632713226,2.4208466675370603,0.9811077957342622
woman,3.4019281093184945,2.220803842741025,1.1811242665774695
ascon,3.401814298015184,2.5075067941933096,0.8943075038218742
hinau,3.4017964534810274,2.425701951029653,0.9760945024513746
comus,3.401786231623401,2.328125544423929,1.0736606871994716
daled,3.401523183675117,1.983107428889436,1.4184157547856813
brool,3.4014225912117912,1.9223871703242903,1.479035420887501
bufty,3.401413878903156,2.0956351354973624,1.3057787434057935
pokes,3.401286930751665,2.2602021525697427,1.1410847781819224
dongs,3.401147863883268,2.3242476759155775,1.0769001879676903
idola,3.4011260644954953,2.498718528764856,0.9024075357306391
ramus,3.401026635502448,2.4116620377974574,0.9893645977049904
rybat,3.400967131722094,2.382305280889379,1.0186618508327154
epris,3.4009451312653254,2.4797082633631353,0.92123686790219
flyin,3.4008813756975256,2.2777358302948745,1.1231455454026513
anent,3.4008754780830923,2.055988205712293,1.3448872723707992
alefs,3.4008616362255615,2.380402282669535,1.0204593535560265
rumpy,3.400819833525957,2.2287499640107837,1.1720698695151732
rores,3.4006524116807038,2.07399529181734,1.3266571198633637
hotte,3.4006262369667115,1.9793663129319023,1.4212599240348092
eensy,3.4005147522447032,1.9632566188973393,1.437258133347364
stans,3.4004937891566356,2.048074245180533,1.3524195439761026
saggy,3.4003815630137715,1.865666386311307,1.5347151767024645
naked,3.400190407068127,2.2685686044635665,1.1316218026045608
guids,3.4001475668558183,2.2895723084637853,1.110575258392033
lubra,3.4001308920628617,2.395882754097529,1.0042481379653325
lehrs,3.399847263919212,2.497451907109311,0.9023953568099011
pegos,3.399745087015056,2.335208272321606,1.0645368146934502
thraw,3.3997293097127925,2.3046342756891507,1.0950950340236418
runds,3.399608802330461,2.41681463347096,0.9827941688595007
psalm,3.399546121792606,2.3429514767997697,1.0565946449928365
canon,3.3994583812761494,1.998869181990151,1.4005891992859982
nonce,3.399269372457703,1.9858605238379319,1.4134088486197713
mocap,3.3990258972439884,2.2968102522763085,1.10221564496768
lives,3.3989992184777016,2.30811524646632,1.0908839720113814
sewer,3.398858141306603,1.8555956326621528,1.5432625086444502
sever,3.3988270871494612,1.8105723671411156,1.5882547200083457
midgy,3.3988145940969443,2.1450161193273516,1.2537984747695927
lossy,3.398727603556867,1.9864122530464077,1.4123153505104595
firer,3.3987249724792887,1.8726926192366204,1.5260323532426683
throb,3.39866513629357,2.3528684538080995,1.0457966824854705
bipod,3.3986509695803395,2.2242113193080364,1.1744396502723031
roneo,3.39859815056346,2.057983929443368,1.3406142211200922
farms,3.3983345344191083,2.2610460950425018,1.1372884393766065
bihon,3.3983242089104824,2.3116011171073128,1.0867230918031694
wreck,3.3982847259310303,2.112514817952847,1.2857699079781835
frown,3.3982558472703777,2.152646393922499,1.2456094533478788
ambry,3.398199463347564,2.2457778635701264,1.1524215997774374
nowed,3.398178930734268,2.2498817613202604,1.1482971694140074
tiefs,3.3981062464356437,2.3679214199406116,1.0301848264950322
pioys,3.3980974940279562,2.39608605411712,1.0020114399108364
myals,3.3980948373293485,2.378548075756297,1.0195467615730511
fudge,3.398075862982761,2.094937292754443,1.303138570228318
snars,3.3980080833359123,2.0614830566797,1.3365250266562123
sadhu,3.39800473255432,2.3505070955855825,1.0474976369687377
pimas,3.3979976670091148,2.3427806926969343,1.0552169743121802
estro,3.397918065474863,2.59124544407839,0.8066726213964731
chiko,3.397899610366605,2.22513691492108,1.1727626954455252
litho,3.3977821064798404,2.491016583282405,0.9067655231974351
segue,3.397722402274226,1.8692990400341598,1.528423362240066
sweet,3.397611811711643,1.8421868211629855,1.555424990548658
moyas,3.39751745214388,2.382508905281214,1.0150085468626657
gushy,3.397507326674917,2.2256060962462043,1.1719012304287126
fango,3.397392452191469,2.2338275361764963,1.163564916014973
ploys,3.397370020295263,2.3962568382199554,1.0011131820753074
twank,3.397229172505235,2.1462053562803045,1.2510238162249303
doxie,3.3971366203186335,2.0668979393784177,1.3302386809402158
vauch,3.3969451175987526,2.1323199483067743,1.264625169291978
spaes,3.396886118692197,1.9645940009987628,1.4322921176934338
lings,3.396704983232332,2.4114930642087025,0.9852119190236298
shans,3.3965870978946358,1.9582415377363713,1.4383455601582642
arvee,3.396436924474467,1.8314949858250946,1.5649419386493726
ollie,3.3963351590312287,2.062900558939386,1.333434600091843
micas,3.3963294029514484,2.3914716656781674,1.004857737273281
aweto,3.3963216413615083,2.3812565829660097,1.0150650583954988
meaks,3.39619096953868,2.242493390106085,1.153697579432595
bitte,3.396179114347487,1.9072120043381613,1.4889671100093258
knout,3.396129953914615,2.297127280553501,1.0990026733611138
conin,3.395913498501466,1.9833244805943062,1.4125890179071596
gazer,3.3959111313395165,2.0502292155194697,1.3456819158200468
mowed,3.3959033037318376,2.137978246432871,1.2579250572989664
ocher,3.395903261119704,2.4513106825858504,0.9445925785338538
sebum,3.39590322624705,2.227389165735921,1.1685140605111288
moved,3.395872249574695,2.0929549809118333,1.3029172686628618
smize,3.395808615245829,2.011358538417428,1.3844500768284012
outby,3.3957734194764653,2.3023157253662165,1.093457694110249
wagon,3.3957120203481983,2.2221084668901634,1.1736035534580347
scurf,3.3955529835719584,2.2713811833734945,1.124171800198464
sprug,3.395502931916916,2.2932510162330058,1.1022519156839103
speug,3.395456732022953,2.2791436252077073,1.1163131068152459
drool,3.395311943777616,1.985801732146642,1.4095102116309741
rhabd,3.395233731145516,2.2698407009883934,1.1253930301571222
roars,3.395216943193084,2.087003949969559,1.308212993223525
spill,3.3950367603544778,1.9466840404621277,1.44835271989235
scrow,3.394831307856043,2.31572676120106,1.0791045466549827
tinct,3.3948261304826275,1.9824274897363103,1.412398640746317
eilds,3.394811360133335,2.4762003396967502,0.9186110204365846
ficta,3.394736942741824,2.3308280240444526,1.0639089186973714
rewth,3.3946307033295406,2.291625617536932,1.1030050857926084
wonky,3.3945382890243927,2.0629833003812377,1.331554988643155
kuias,3.3944243299725874,2.321317107925809,1.0731072220467786
girds,3.39434216180529,2.3581487762188553,1.036193385586435
nomas,3.3941519338751327,2.429693970980326,0.9644579628948067
linen,3.3940640737690986,2.037379665649527,1.3566844081195715
eight,3.3939976099338125,2.3572620583950856,1.036735551538727
cuifs,3.3939285817673133,2.254737749104571,1.1391908326627425
panko,3.3939162499120012,2.25719944834799,1.1367168015640112
tegus,3.3938706688621316,2.386549192295209,1.0073214765669227
arvos,3.393787407386271,2.34172816841238,1.0520592389738912
bevan,3.3936380411666125,2.1528570217449636,1.2407810194216489
gleds,3.393568488178634,2.3442121692963926,1.0493563188822415
gloze,3.3935029476832295,2.0223434775852884,1.371159470097941
betel,3.393361710366783,1.9073827884409962,1.4859789219257868
ochre,3.3931496107371517,2.4513106825858504,0.9418389281513013
ulmin,3.3930353970353058,2.3636333238615523,1.0294020731737534
datum,3.3929393224180475,2.3124249257683824,1.080514396649665
radif,3.3929011338957666,2.3085105890620903,1.0843905448336766
skelp,3.3928767029254905,2.2562413230448257,1.136635379880665
fovea,3.3928373927150686,2.1304497184341145,1.2623876742809543
dynes,3.3927537995569645,2.3860659305705902,1.006687868986374
rafts,3.3921984790335626,2.3975735123617543,0.9946249666718081
onces,3.3921632908780897,2.4944981360410905,0.8976651548369993
cross,3.391986689325368,2.015979277237202,1.3760074120881662
strut,3.3919412992081526,2.018629224229572,1.3733120749785808
etrog,3.3918951404607274,2.464635190966167,0.9272599494945608
rozit,3.3918587548342485,2.1715028776778658,1.2203558771563825
apace,3.3916349656128957,1.9144919469503852,1.4771430186625105
pyots,3.391628714793307,2.3993206768868767,0.9923080379064305
iller,3.3916005944348524,2.0754123795805572,1.3161882148542952
bingo,3.3916004556124397,2.26621103138136,1.1253894242310796
irked,3.391520030456933,2.2910566169987527,1.10046341345818
raias,3.3915070065034927,2.0828723363418065,1.3086346701616862
satai,3.3911256991936587,2.0694635248426394,1.3216621743510193
shoyu,3.391074299949787,2.361725880274314,1.0293484196754727
flype,3.39102808111817,2.197490208882861,1.193537872235309
teats,3.390880382671321,2.071999568086265,1.318880814585056
garbo,3.3906942154642525,2.3197884467082353,1.070905768756017
barks,3.3906692559205913,2.2352727960404852,1.1553964598801063
naunt,3.3905846076250206,2.001519128982521,1.3890654786424994
geest,3.390496255676026,1.9244666962900627,1.4660295593859631
dahls,3.3903927527529145,2.402610913174564,0.9877818395783503
hoyas,3.3902728591496922,2.4292036151563052,0.9610692439933872
lathi,3.390198093444269,2.502429671050497,0.8877684223937716
pinds,3.390091051647792,2.347933288370437,1.0421577632773549
elvan,3.3900514178143055,2.3076485854881925,1.0824028323261132
rouks,3.3900415671751665,2.3265474544266405,1.0634941127485262
bytes,3.3899688446953884,2.3472752711801017,1.0426935735152867
edits,3.389935506159468,2.4792641783636715,0.9106713277957966
withy,3.389878397016447,2.203871794663164,1.1860066023532831
arena,3.3898508020974187,2.06939701721146,1.3204537848859588
manny,3.3897211668555576,1.8483503997881967,1.5413707670673606
parvo,3.3896877966860237,2.2429351413827687,1.146752655303255
hyper,3.389573655051128,2.3299137506156464,1.0596599044354815
tryma,3.3895169474135396,2.403633265980277,0.9858836814332625
batty,3.3893457084402945,1.851646317129162,1.5376993913111328
limos,3.3893233155542104,2.435709333349423,0.9536139822047878
confs,3.389215150663374,2.289413116556363,1.099802034107011
almud,3.389198678424611,2.309361087101461,1.0798375913231497
breys,3.3891694488150432,2.360684082679269,1.028485366135774
ambit,3.389116128207718,2.300943397432177,1.0881727307755409
rupee,3.388989751239866,1.91913761767383,1.469852133566036
drums,3.388925549611023,2.3049111185835707,1.0840144310274522
steme,3.388802266935807,1.9231620721409244,1.4656401947948825
deuce,3.3887495054706367,1.8599789385680974,1.5287705669025393
kisan,3.3887040024236534,2.3518608617498487,1.0368431406738048
muids,3.388683122615319,2.288267684314647,1.1004154383006721
hoved,3.3886276565805074,2.139649690786924,1.2489779657935833
gyron,3.3886212488540832,2.36890089992946,1.0197203489246234
stull,3.3885078580197816,2.0021565740634837,1.386351283956298
katis,3.3881917358194977,2.3764847641817117,1.0117069716377862
ouphe,3.388189559374185,2.334043241849547,1.054146317524638
gunky,3.3881222595474796,2.0891985283944163,1.2989237311530633
wides,3.388055337911054,2.2617615100664796,1.1262938278445742
recte,3.3880250839030164,2.0229962469109664,1.36502883699205
roper,3.3880064710680564,1.975202264787729,1.4128042062803272
yogin,3.387971061921202,2.352257465660536,1.0357135962606656
roleo,3.3879057533902297,2.07954399320831,1.3083617601819197
agush,3.387869049299246,2.3097251430032664,1.0781439062959794
sycee,3.387793324894416,1.9291659272229338,1.4586273976714823
rafee,3.387725639250259,1.8882373206324647,1.4994883186177943
wiped,3.3876880972212318,2.1629684830368685,1.2247196141843633
aviso,3.3876737631048055,2.3250847341434557,1.0625890289613498
mutic,3.3876657365696934,2.332606470854068,1.0550592657156252
elide,3.387660518993248,1.9675627274935914,1.4200977914996562
agers,3.3876585553172034,2.467435738676368,0.9202228166408353
frabs,3.387628697599618,2.239718109951604,1.1479105876480138
dewan,3.387558447889579,2.2612948490883524,1.1262635988012266
pipet,3.387399684523272,1.9576618396608094,1.429737844862463
clefs,3.387349503090129,2.309377609937178,1.077971893152951
indol,3.387277205589008,2.461784547706905,0.9254926578821033
prana,3.3871939455044906,1.9626900296500889,1.424503915854402
baths,3.3871013378592343,2.3422601900191338,1.0448411478401007
ethal,3.3868922784599516,2.504965714294123,0.8819265641658287
ondes,3.3868515614301837,2.4587718895595607,0.9280796718706231
barbe,3.3868237716024234,1.936165517233173,1.4506582543692503
ludos,3.386792264198057,2.42586287659473,0.9609293876033271
pilaf,3.386776471505537,2.2790732123962982,1.1077032591092388
germs,3.3867698542595086,2.3185982427310274,1.0681716115284814
pluds,3.3867620928555704,2.317560318649232,1.069201774206338
letty,3.3867556893314226,1.9934292227201722,1.3933264666112504
naves,3.3866277367679354,2.302099884097223,1.0845278526707123
yokel,3.386501400094579,2.3013474529172404,1.0851539471773386
wilco,3.3864276390732826,2.304632028323106,1.081795610750177
kalis,3.3863949409420186,2.3734209255147904,1.012974015427228
ohone,3.3861457430570274,1.9547424105000393,1.431403332556988
dahis,3.386054001627503,2.4024401290717288,0.9836138725557743
mushy,3.3860428824344178,2.224301472097066,1.1617414103373518
benny,3.385992960218384,1.81401375654508,1.5719792036733036
chynd,3.3859643804201744,2.2468297486041817,1.1391346318159927
emits,3.3859481315850544,2.4371776016322175,0.9487705299528367
lered,3.3859157486280864,1.9842061617625153,1.4017095868655711
clump,3.3858725354167056,2.2253716878694005,1.1605008475473053
snafu,3.3857812408931673,2.3043731421748213,1.081408098718346
coopt,3.3857675219029355,1.9037774387084236,1.4819900831945116
lysin,3.3857294309785706,2.4749068892478423,0.9108225417307283
ganof,3.3856118527521666,2.2338275361764968,1.1517843165756698
dingo,3.3854898081782645,2.329625593203712,1.0558642149745527
basho,3.3854882412896137,2.3431571808771294,1.0423310604124845
coomy,3.3854467283048275,1.8028466203456988,1.5826001079591288
pahos,3.385401185534213,2.3936070161997773,0.9917941693344359
pekan,3.385372225355466,2.255603877963863,1.1297683473916027
seise,3.3853415617480795,1.539204714429371,1.8461368473187085
girlf,3.3853137471563057,2.252354719186765,1.1329590279695407
sloop,3.3853039224158588,1.95081565408988,1.434488268325979
creep,3.385280511132872,1.915590679823464,1.469689831309408
yurts,3.3852004391361703,2.4640704083596474,0.9211300307765228
eyras,3.385154871313365,2.5308495637155075,0.8543053075978575
winos,3.3850385498505657,2.333174018606542,1.0518645312440236
emacs,3.3849539828054223,2.3940077089217935,0.990946273883629
doums,3.3849223792929637,2.2923992979423993,1.0925230813505646
tools,3.3848968451750623,2.0582212211773823,1.32667562399768
begun,3.3848146578349643,2.212682427511087,1.1721322303238773
groks,3.384779103927774,2.2464923175124287,1.1382867864153454
golds,3.384741738578648,2.3458077396805193,1.0389339988981288
reran,3.384737706284504,2.0693970172114606,1.3153406890730437
afoul,3.3846608431780547,2.33544273685565,1.0492181063224049
homas,3.3846317138785142,2.364485165968027,1.0201465479104872
darks,3.384558608486416,2.298687357862837,1.0858712506235795
smirr,3.384544959544484,1.934034840396466,1.4505101191480179
mudra,3.3844869783027827,2.3258337372675495,1.0586532410352332
mazer,3.384446687099017,2.048924591370331,1.335522095728686
veldt,3.3844041029306506,2.225521568706169,1.158882534224482
flawn,3.3843197523608772,2.147586831524502,1.236732920836375
whits,3.3841945023860536,2.2670682227362478,1.117126279649806
kithe,3.384184051911034,2.2822559386432224,1.1019281132678118
doups,3.384053874064511,2.3215211481741496,1.0625327258903616
lowth,3.3840027742594234,2.27674853775497,1.1072542365044535
acids,3.3837643659693697,2.433558242409622,0.950206123559748
saids,3.383497160902749,1.9750226842548406,1.4084744766479083
misky,3.3834795901336054,2.1558383001053967,1.227641290028209
bokes,3.383473855001841,2.2097523172470948,1.173721537754746
tulps,3.3833009491405313,2.412001159237031,0.9712997899035002
toons,3.3832819241807894,2.0366611574124405,1.346620766768349
unpot,3.3831968601888636,2.399950626387976,0.9832462338008874
dreys,3.3830588013808685,2.424098644501621,0.9589601568792474
berko,3.3829747091918265,2.231773668804153,1.1512010403876736
temse,3.3828678472077067,1.9231620721409244,1.4597057750667823
pamby,3.3828241615470063,2.124963484983457,1.2578606765635494
jonty,3.3824434563980663,2.048363883702887,1.334079572695179
preed,3.382154391858907,1.8798644333419345,1.5022899585169727
sapan,3.3820853937470803,1.9406686780930307,1.4414167156540494
gonif,3.3820669699774832,2.218282834780652,1.163784135196831
mangs,3.382057874520135,2.2935741869522155,1.0884836875679198
verts,3.381799676945645,2.327822519402165,1.0539771575434798
kipsy,3.381780418795665,2.1849601503371465,1.1968202684585185
valis,3.381689927148554,2.321123904618539,1.060566022530015
urbia,3.3815531156226344,2.3957119699946943,0.9858411456279401
mamie,3.381552421315485,1.940850068055147,1.4407023532603378
wilts,3.381468509548834,2.353837091513488,1.0276314180353465
twirp,3.381430392677429,2.271516714649966,1.1099136780274634
busti,3.3813883579010167,2.3613805398115475,1.0200078180894694
hacky,3.3813844491004,2.167975657327954,1.213408791772446
chimp,3.3812350898729164,2.1905358525783067,1.1906992372946095
climb,3.3812204282297613,2.226854886032899,1.1543655421968624
lanks,3.3812077017820696,2.352031645852684,1.0291760559293854
urdee,3.381136638812432,1.9321023441735337,1.4490342946388983
moyls,3.3811112204639198,2.3671349879882047,1.013976232475715
sunna,3.3811040777892156,1.99290658892463,1.3881974888645858
tachs,3.381074084646168,2.441400998323015,0.9396730863231533
gowan,3.3807403241494542,2.2221084668901634,1.1586318572592909
quarl,3.38073406793182,2.115643792154872,1.2650902757769482
droid,3.380502703572567,1.9856309480438066,1.3948717555287609
sabal,3.3804496819798215,1.9117789065353241,1.4686707754444976
porks,3.3803609096184433,2.274309543595041,1.1060513660234021
carta,3.3803251080529346,2.0360049050631854,1.3443202029897492
mayos,3.3803173521131917,2.382508905281214,0.9978084468319777
towai,3.3802904589928557,2.378720539722384,1.001569919270472
perea,3.3802548622270576,1.9866153525558214,1.3936395096712362
stowp,3.3802286182009835,2.2536269767206596,1.1266016414803242
bimas,3.3801845912592903,2.292330857374286,1.087853733885004
totes,3.3801541081537625,2.0605864803181726,1.3195676278355901
proxy,3.380101444754663,1.9994662585427947,1.3806351862118686
oxine,3.379983002394138,2.1367148775343536,1.2432681248597843
among,3.3799452174851283,2.3030837178681027,1.0768614996170256
bonum,3.379824150096001,2.2129733737460753,1.1668507763499258
reget,3.379819243640311,1.9464880478471212,1.4333311957931896
naifs,3.3798055018297095,2.3563061756609676,1.0234993261687417
diyas,3.379715089096293,2.420463868384916,0.9592512207113773
kants,3.3796331557094597,2.3550954845196053,1.0245376711898542
prows,3.379540827315079,2.267035788219827,1.112505039095252
keros,3.3793823338676097,2.3810165311564124,0.9983658027111975
boyey,3.379309292181682,1.8395346498349388,1.5397746423467433
potty,3.3790373621381464,1.8906830646837178,1.4883542974544286
kolas,3.379018501695417,2.3775525391425427,1.0014659625528743
elfin,3.3788700493591706,2.3488462188997183,1.0300238304594522
pight,3.378584904275039,2.2505550708337143,1.1280298334413248
deaws,3.3784934139824836,2.2773062114623244,1.1011872025201594
typed,3.3782626213445943,2.311896805972842,1.0663658153717521
flogs,3.378181578052403,2.2344649812574593,1.1437165967949439
dolly,3.3781736162747897,1.9005839525165,1.4775896637582895
overt,3.378102945838105,2.337332050318052,1.040770895520053
kiers,3.378100376189132,2.37688491752866,1.0012154586604718
fands,3.3780699724769976,2.265099957842925,1.1129700146340722
shawm,3.378066453522604,2.14608550681284,1.231980946709764
class,3.3780505944158676,2.0109197148392055,1.3671308795766624
minus,3.377869393974506,2.3580846224705825,1.0197847715039232
sweer,3.3778152592480506,1.8555956326621528,1.522219626585898
torso,3.377773262112055,2.074693871343471,1.3030793907685843
budas,3.3776535399031364,2.2824844006195932,1.0951691392835432
weids,3.377634752898251,2.26176151006648,1.1158732428317706
myoid,3.377589324461156,2.2811359033554623,1.096453421105694
gaums,3.3772968341703304,2.2630304331281756,1.114266401042155
exalt,3.377284549434117,2.172922651837144,1.2043618975969728
runny,3.3772388556226662,1.9308088937246255,1.4464299618980407
hazer,3.3772020941048293,2.0956193012454216,1.2815827928594075
haves,3.3771075167713174,2.2368910790849243,1.140216437686393
bonze,3.377094295621415,1.9781508045803107,1.3989434910411045
darbs,3.377085463881169,2.351060868374664,1.0260245955065053
sammy,3.3770781765717426,1.8643617621621689,1.5127164144095737
whios,3.3770721455145543,2.2679652135942434,1.1091069319203108
sents,3.3770579802683214,2.0350655870283143,1.3419923932400073
flims,3.3769634616719637,2.2290287434805687,1.1479347181913948
aread,3.376885670544924,1.9995800790555245,1.3773055914894
above,3.376862130455801,2.1783779150348224,1.1984842154209785
sages,3.3768315469106227,1.9367767749161509,1.4400547719944716
human,3.3768030426068947,2.2924091564801565,1.0843938861267384
inker,3.37680045714779,2.360873555154688,1.0159269019931016
honds,3.376725098517192,2.3696377616415303,1.0070873368756619
fumed,3.3766539183376096,2.093632668605305,1.2830212497323046
mavin,3.3766212649984144,2.1716489635922356,1.204972301406179
vower,3.376520841434064,2.1198293820208605,1.2566914594132037
gaups,3.376428328941878,2.292152283359926,1.084276045581952
suras,3.376407822517689,2.03093930285566,1.345468519662029
toits,3.3764067856521933,2.058050437074547,1.3183563485776464
polka,3.376374558017,2.2787595121129316,1.0976150459040686
lycea,3.3761023772798695,2.464274859501041,0.9118275177788283
flips,3.3760949564435108,2.258150593712319,1.1179443627311918
birze,3.376002321674827,2.0120519048835885,1.3639504167912384
aural,3.375952344136583,2.03648800424663,1.339464339889953
bisom,3.375934607081274,2.280917769606194,1.0950168374750804
piked,3.375914718150137,2.170242238412083,1.205672479738054
firma,3.3758271839923353,2.2664240123306363,1.1094031716616988
campo,3.3758241517047987,2.296810252276309,1.07901389942849
faiks,3.3758176534851705,2.170701165170853,1.2051164883143173
adrip,3.375765199676832,2.4068886209854465,0.9688765786913853
doorn,3.375664069554714,1.9642416683817001,1.4114224011730139
odyle,3.375598075177934,2.417135525251419,0.9584625499265153
kades,3.375527586898448,2.2845799668375384,1.0909476200609096
cully,3.3754823338516915,1.880245551884131,1.4952367819675605
vogue,3.3753851024016868,2.1335327893928673,1.2418523130088195
abers,3.3752750760647454,2.4448031294363317,0.9304719466284137
doted,3.3751985565006244,1.9747581797882652,1.4004403767123592
skivy,3.375152201056173,2.0298397836064206,1.3453124174497524
jurel,3.375032977888603,2.0983785004579407,1.2766544774306623
musee,3.3749569500609806,1.8679944158850215,1.5069625341759592
poalo,3.3749466566185946,1.9717382727738593,1.4032083838447351
coyly,3.37494393995435,1.9363101989980298,1.4386337409563204
vants,3.374928141915995,2.3027984636233536,1.0721296782926413
cools,3.3748675755622415,1.9995066270711135,1.375360948491128
roger,3.374844143585901,1.947385038705117,1.4274591048807839
padou,3.374827963881674,2.3424437668581284,1.0323841970235454
hangs,3.374813281525948,2.3402688968273067,1.0345443846986413
lownd,3.374807298681989,2.2475165021794696,1.1272907965025192
upled,3.374800821109727,2.325474279180993,1.049326541928734
wacke,3.37477815132148,2.111416085079768,1.263362066241712
rowns,3.374722509325424,2.3498174528754663,1.0249050564499576
bahts,3.3747104666558885,2.3422601900191338,1.032450276636755
cukes,3.3746719251445683,2.2528284784370776,1.1218434467074905
rebop,3.3746644885436186,2.3345970146386286,1.04006747390499
bundh,3.3746068334238073,2.164330252175372,1.2102765812484357
torta,3.374543034239871,2.09561649002745,1.2789265442124211
hoiks,3.374472779525365,2.275238968969458,1.099233810555907
niece,3.37420587571142,1.9817289102101794,1.3924769655012408
riata,3.374202931319167,2.091484876399698,1.2827180549194688
vawte,3.3741617967312885,2.1178336582897854,1.256328138441503
culms,3.374140184756163,2.3241647148990117,1.049975469857151
rakis,3.3740101555281448,2.389893575680879,0.9841165798472661
pylon,3.3736777415233536,2.380245475845983,0.9934322656773705
pheer,3.3735626369437552,1.8844725664855717,1.4890900704581833
nabis,3.3735451227484843,2.404234372261676,0.9693107504868085
volke,3.3734465329522836,2.1106304872299857,1.2628160457222979
doled,3.373401761623145,1.971694341121344,1.401707420501801
viers,3.3733953623956676,2.324587896632409,1.0488074657632587
molds,3.373277294338149,2.344503115531381,1.028774178806768
coons,3.3732526545679686,1.9779465633061717,1.395306091261797
anvil,3.373204553925787,2.3051125422445673,1.0680920116812196
paisa,3.3731310903082496,1.9620579577551371,1.4110731325531127
likes,3.3729203269167307,2.3604122673625714,1.0125080595541591
ulema,3.3728486769746366,2.403103348163129,0.9697453288115072
dosha,3.3725282991336685,2.406571742699481,0.9659565564341874
taxed,3.3725172886037393,2.081545649916267,1.2909716386874723
gravs,3.3724371737896384,2.20560838438427,1.1668287894053684
bassy,3.3723887792312586,1.8430337770712708,1.5293550021599878
vauts,3.372326656856467,2.2722547097993138,1.1000719470571534
crocs,3.3722928080801235,2.015979277237202,1.3563135308429217
binds,3.3722779758979673,2.297483453047789,1.0747945228501785
soggy,3.372260140961799,1.8542532985432147,1.5180068424185842
resow,3.3721760150857603,2.373742775781198,0.9984332393045622
manat,3.3719976372983997,1.9201593679191713,1.4518382693792284
gauge,3.3719158847481494,1.8902216587181386,1.4816942260300108
flung,3.371848880306925,2.1623889717695883,1.209459908537337
nanty,3.3718187813210596,1.9848778171074495,1.3869409642136103
jolty,3.3717510592248354,2.069923947467829,1.3018271117570066
phwat,3.371389248594965,2.1838198971024814,1.1875693514924837
sappy,3.3712341596540867,1.8934836123939192,1.4777505472601673
kulan,3.3711898304237975,2.3054765296546718,1.0657133007691255
babel,3.3711641179415768,1.9196928670670843,1.4514712508744925
lurry,3.371119973538409,1.9523689574895673,1.4187510160488421
fetus,3.3710375816206106,2.3159883864544653,1.0550491951661454
chems,3.371014572648892,2.2918649228515435,1.0791496497973485
tsadi,3.370860522709093,2.4922728365158906,0.8785876861932024
vades,3.3708225731049835,2.232282945941287,1.1385396271636965
meloe,3.3707214143035698,1.92960776438989,1.44111364991368
kirns,3.3705977722478266,2.352959594622928,1.0176381776248988
gally,3.3705480711521565,1.8712150877022766,1.4993329834498799
yorga,3.370470530224879,2.4058348809874106,0.9646356492374686
quail,3.3704614339654144,2.099000357885948,1.271461076079466
vaped,3.370455332415161,2.1334899189116756,1.2369654135034855
hyoid,3.3703447314669686,2.327830613230553,1.0425141182364155
forms,3.3702131123671357,2.2496330072744097,1.1205801050927262
busky,3.3701154565332,2.0825772815283523,1.2875381750048474
ratan,3.3700693018321823,2.070095596737591,1.299973705094591
ungot,3.370034532706708,2.3721334003053642,0.9979011324013438
sarus,3.3699190403283534,2.03093930285566,1.3389797374726935
haith,3.369882006612461,1.988243357456369,1.381638649156092
simba,3.3697581303312463,2.2923308573742864,1.07742727295696
maror,3.369702630395171,1.9590890727081973,1.4106135576869734
hudna,3.369693581473328,2.3344957332116105,1.0351978482617172
acryl,3.3696368687726364,2.478382250526339,0.8912546182462971
omrah,3.369607260084134,2.3865065175250857,0.9831007425590484
smoot,3.3695982762552164,1.924757642525051,1.4448406337301654
rungs,3.369575563287244,2.3760326808886445,0.9935428823985998
kiang,3.369532377933192,2.2252506086376256,1.144281769295566
uteri,3.3695202405510956,2.540558714252626,0.8289615262984698
burds,3.369513583964385,2.2835831334926726,1.0859304504717124
hunky,3.369413222312793,2.1345886141203687,1.234824608192424
bruhs,3.369277203361545,2.2881912666363102,1.0810859367252343
linum,3.369270622010891,2.3636333238615523,1.0056372981493387
oaths,3.3692636300804386,2.50101258328728,0.8682510467931586
mvule,3.368986929840254,2.128267335718812,1.240719594121442
bluds,3.368949017105746,2.2671104833265843,1.1018385337791616
remet,3.3688352325799196,1.945183423697983,1.4236518088819365
chomp,3.3688292067225802,2.194667466206059,1.174161740516521
vouch,3.368823695546779,2.120906860538682,1.2479168350080976
clomb,3.368814545079425,2.230986499660651,1.137828045418774
klang,3.3688049042004975,2.2254213927404605,1.1433835114600372
unwet,3.3687574787269488,2.28825795479416,1.0804995239327888
petit,3.368751999936016,1.9576618396608092,1.4110901602752066
latex,3.3686407481274854,2.172922651837144,1.1957180962903415
adbot,3.3685269635048427,2.3471615877913834,1.0213653757134593
mucro,3.368526580420487,2.3501468959809872,1.0183796844394994
hazle,3.368514560881282,2.0791466510793333,1.2893679098019486
phese,3.3684815162493886,1.8624512149285133,1.5060303013208753
small,3.368404786033392,1.9331068916262222,1.43529789440717
waken,3.3683250206503264,2.1455067767541736,1.2228182438961526
ricer,3.368313228604256,2.01976162414121,1.3485516044630461
alews,3.3682615889985072,2.368683213383202,0.9995783756153049
copha,3.3682307070703743,2.3435049621513997,1.0247257449189746
nicht,3.368208256159412,2.4098449345531985,0.9583633216062135
inkle,3.368112923924242,2.3444009049885994,1.0237120189356428
mirkn,3.3680832961974048,2.225044717361566,1.1430385788358384
herms,3.368060817024822,2.36398832845698,1.0040724885678423
trots,3.3680040728199163,2.074693871343471,1.2933102014764455
fecht,3.367996419098838,2.2312212812178287,1.1367751378810091
lumas,3.3679586451871857,2.3951893876313686,0.9727692575558171
dorje,3.3679442376884703,2.063066145650962,1.3048780920375085
rhyta,3.367891633937049,2.4503279758553678,0.9175636580816813
corso,3.3677439924992343,2.0159792772372023,1.351764715262032
vadge,3.367730938517766,2.1056726928290637,1.2620582456887024
pinny,3.367721104939997,1.8619275486241025,1.5057935563158946
goves,3.367695131954031,2.1800879055908795,1.1876072263631519
piper,3.3676031320596795,1.9710706511599767,1.396532480899703
virls,3.367507679448635,2.322222637491618,1.0452850419570168
tupik,3.3674549242540195,2.2102140022701096,1.15724092198391
thrum,3.3672796804650105,2.318131791785099,1.0491478886799117
rendu,3.367241407155381,2.4247285940027203,0.9425128131526604
kotch,3.3672345921040208,2.2283715376908364,1.1388630544131844
herps,3.3671923117963694,2.39311017868873,0.9740821331076391
ronin,3.3670324803285405,2.0554478861997425,1.311584594128798
sylph,3.3668887529859695,2.305527139917798,1.0613616130681716
knish,3.366818132500701,2.249718075679599,1.1171000568211018
rusma,3.366714992221299,2.4116620377974574,0.9550529544238416
paean,3.36663656161772,1.9485826386247909,1.418053922992929
picky,3.366628980179028,2.1348580962887693,1.2317708838902586
tinks,3.3665395655577495,2.3395507831237605,1.0269887824339887
grebo,3.3665297638363763,2.306779788556016,1.0597499752803599
rears,3.366288099758603,2.0854083795854326,1.2808797201731705
woven,3.3662824901593247,2.08179666808983,1.2844858220694946
thill,3.366235153824592,1.9728694401633597,1.393365713661232
sieve,3.366116645849903,1.793928932872192,1.572187712977711
acmes,3.366114740916852,2.3940077089217935,0.9721070319950584
merry,3.366108791789445,1.8733744555670082,1.4927343362224368
holds,3.366032701343961,2.3911978254064716,0.9748348759374893
amate,3.3659971400714417,1.9440846908249036,1.421912449246538
veale,3.3659574858337264,1.8150223356590058,1.5509351501747206
micht,3.3659326291569815,2.297941419665809,1.0679912094911725
tases,3.3659192549363173,2.071999568086265,1.2939196868500522
mille,3.3659170328188504,1.9254761507621376,1.4404408820567125
suers,3.3658892737847617,2.0179306447034415,1.3479586290813201
sames,3.3658475358502313,1.9354721507670125,1.4303753850832186
aorta,3.365715819136395,2.0956164900274503,1.2700993291089444
unlid,3.3656501517870363,2.405719900593006,0.9599302511940305
zoeal,3.3655702192948636,2.1698763493814908,1.1956938699133728
mooed,3.3655524308014564,1.8382307624690124,1.527321668332444
alans,3.365418775343868,2.0450104065136117,1.3204083688302561
slurs,3.3653709068200843,2.0155653855626507,1.3498055212574336
hynde,3.365239399603672,2.30484576318432,1.0603936364193516
creek,3.365225654342338,1.812767333988989,1.5524583203533489
nemas,3.3652230904406517,2.428098400596199,0.9371246898444525
ihram,3.36506398822664,2.3823749038973334,0.9826890843293068
abris,3.365048641992302,2.442267086192706,0.9227815557995959
apart,3.3649790676230356,1.987313932081952,1.3776651355410836
acene,3.3648999013835237,1.9972736116060243,1.3676262897774996
demos,3.364837352770665,2.3468683746721712,1.017968978098494
bawdy,3.3646782248060685,2.056952960505221,1.3077252643008472
stirs,3.3646401525382954,2.070562257715719,1.2940778948225766
pekin,3.3646272425500943,2.2400591765680185,1.1245680659820758
grouf,3.3645124668132085,2.204382515225536,1.1601299515876726
breed,3.3643413161090825,1.8294145980192862,1.5349267180897963
dusky,3.3640048090990247,2.145991843350704,1.2180129657483207
punga,3.363999466242781,2.276140920985954,1.0878585452568268
faked,3.3638936389793423,2.087408907884571,1.2764847310947713
romer,3.3638601325255095,1.9460804145559787,1.4177797179695308
wispy,3.3638000701443396,2.177686394961933,1.1861136751824066
turks,3.363775173624167,2.3256504635686444,1.0381247100555226
renks,3.3637142088002134,2.3554956378665537,1.00821857093366
sacra,3.3636901273541397,2.0273923650052943,1.3362977623488457
flops,3.363689073293174,2.2622822073400712,1.101406865953103
mitie,3.363545860673754,1.928539989429059,1.435005871244695
pavid,3.3635266658179246,2.13095387566805,1.2325727901498744
pasar,3.363471801810851,1.978701392024061,1.3847704097867901
chedi,3.363308320430338,2.339329416871132,1.0239789035592057
murre,3.363306270733405,1.8900157674420797,1.4732905032913255
lawns,3.363287158872798,2.3447578904774695,1.0185292683953289
phene,3.3632601827259347,1.8464398525545413,1.5168203301713934
azure,3.3630467394166033,2.1302843524336805,1.2327623869829227
rider,3.36300149915635,1.9840353776596804,1.3789661214966698
bravi,3.362931297605872,2.1883536924323685,1.1745776051735035
stoas,3.362706618226924,2.0735951384703917,1.2891114797565324
twang,3.3626418771974644,2.2212114760321677,1.1414304011652967
hoked,3.362548765019537,2.191946711683176,1.170602053336361
borks,3.3625478338686188,2.2238597082723928,1.138688125596226
funic,3.3625401977790896,2.238726386730599,1.1238138110484908
kindy,3.3625272840425744,2.1819135144628783,1.1806137695796963
reird,3.3625272211661583,1.9840353776596802,1.378491843506478
corno,3.36252265897578,1.9999679148632301,1.36255474411255
pizer,3.362446625183457,2.062501740206237,1.29994488497722
vleis,3.362395254696567,2.3081152464663197,1.0542800082302473
pneus,3.362372508449432,2.3897425159459584,0.9726299925034735
plavs,3.3623634456347986,2.216952960300793,1.1454104853340052
wards,3.3621934208844904,2.2914136024876224,1.0707798183968682
anear,3.3621660972357814,2.06939701721146,1.292769080024321
sedge,3.3619468163383326,1.830025855702264,1.5319209606360684
wrung,3.3617949467117603,2.167142552649344,1.1946523940624159
brows,3.3617277515652546,2.2165859528971787,1.1451417986680756
motif,3.3617069234412327,2.2416021130633768,1.120104810377856
incut,3.3614782197192756,2.444509985741457,0.9169682339778189
orgic,3.3614158055085754,2.4033845536162723,0.958031251892303
twirk,3.3613755358868946,2.1686933688154904,1.1926821670714043
gusli,3.361323676823438,2.3809493103846626,0.9803743664387751
ponor,3.3613063630673703,1.9512769418819966,1.4100294211853737
nouny,3.3612738867464875,1.918297073083454,1.4429768136630332
lumpy,3.361263061021359,2.212277313844695,1.1489857471766642
botty,3.361224286388322,1.8402332293610697,1.5209910570272522
atoll,3.361218825458867,2.0791438398613615,1.2820749855975055
beige,3.361213903302338,1.7719892111680469,1.589224692134291
poupe,3.361155422212941,1.9066257970326586,1.4545296251802826
podus,3.3608564114116533,2.3215211481741496,1.0393352632375035
tenes,3.3608194465411643,2.035065587028314,1.3257538595128502
bight,3.3607718285252144,2.2001052355110655,1.1606665930141487
gauze,3.360756618005079,1.9816527477643988,1.3791038702406802
shirs,3.360733461276295,1.9807295502715572,1.3800039110047377
mandi,3.3607276227708054,2.3397340568226657,1.0209935659481395
unify,3.360714890805021,2.2256320127058933,1.1350828780991278
mocky,3.3605076200426147,2.109867859684771,1.250639760357844
shlub,3.360443185542245,2.271718616470221,1.0887245690720242
dreks,3.3603941568585403,2.2856786997106178,1.0747154571479225
algae,3.360313478028365,1.9423254763071203,1.4179880017212445
clepe,3.360269233443133,1.8991180296573758,1.4611512037857572
oleum,3.3601207947439606,2.3916902603950367,0.9684305343489239
pings,3.3600578126045755,2.3071513357881215,1.052906476816454
coded,3.359940951661007,1.9160435856819964,1.4438973659790102
hilus,3.359932403807087,2.426339396110615,0.9335930076964721
terra,3.359932195678419,2.0940209196433233,1.2659112760350957
kebar,3.3599283264218265,2.2431867565722454,1.116741569849581
apods,3.359736569123009,2.3889988830561406,0.9707376860668682
nempt,3.3597168051013853,2.3169952949405,1.0427215101608855
hydel,3.35950107631232,2.326405826949262,1.0330952493630579
frill,3.359361394354111,1.8703273600958301,1.4890340342582808
twocs,3.3592183840918084,2.302317949701893,1.056900434389915
elect,3.3589713116388777,2.006523596744878,1.3524477148939997
vatos,3.358910182748744,2.3283193569132123,1.0305908258355316
herry,3.358864198795257,1.9200691654420992,1.438795033353158
hulky,3.358720825139562,2.1561486778853105,1.2025721472542514
barfs,3.3583603361763457,2.239718109951604,1.1186422262247415
makes,3.358273218204534,2.242493390106085,1.115779828098449
coxal,3.3582330502646016,2.115803628115002,1.2424294221495997
thuds,3.358223995154037,2.3381970169594943,1.0200269781945428
domic,3.3581556844747453,2.294230277380168,1.0639254070945774
biked,3.358101642400313,2.119792403089435,1.2383092393108777
yards,3.357997345232178,2.43710730265384,0.920890042578338
saman,3.3579390552045334,1.9115468278612804,1.4463922273432528
taras,3.3579256967890263,2.0861069591115635,1.2718187376774628
ostia,3.3578540696512653,2.5876106679616853,0.7702434016895802
eaned,3.357809748629453,1.9615473651244943,1.396262383504959
kogal,3.3577430500001544,2.2509422860303197,1.1068007639698347
roufs,3.357732647430921,2.3309927683377594,1.0267398790931612
tenge,3.3577278119539464,1.9084553339160906,1.449272478037856
avoid,3.3576085594033516,2.239256433613548,1.1183521257898037
todde,3.3572702638686636,1.9747581797882652,1.3825120840803984
tuath,3.35712430916895,1.9363103239702224,1.4208139851987278
parki,3.357118840877869,2.2911005486512677,1.0660182922266013
ansae,3.3570019350494693,2.047375665654402,1.3096262693950673
nival,3.3570005554400906,2.305112542244567,1.0518880131955237
budis,3.3569085570977655,2.266939699223749,1.0899688578740165
fosse,3.356892759665508,1.854802881307314,1.502089878358194
schul,3.356800461529504,2.370859424774103,0.9859410367554011
plugs,3.3567288538123536,2.2767783660669165,1.0799504877454371
unbar,3.356592240892135,2.374322690332588,0.9822695505595473
kiasu,3.356574625072126,2.321317107925809,1.0352575171463168
roomy,3.3565657101319024,1.874970025951135,1.4815956841807671
awmry,3.3565539133518163,2.186130597683085,1.1704233156687311
dorks,3.3564371864344436,2.2872742700947444,1.0691629163396992
forum,3.3564027506764704,2.2030778910763975,1.1533248596000727
doeks,3.356390986540481,2.2731668790694464,1.0832241074710347
eager,3.3562817191895906,1.958798126473209,1.3974835927163816
heath,3.356234181579616,1.9907794006999946,1.3654547808796211
moves,3.3562306877135324,2.178783281441741,1.177447406271791
chill,3.3562058842117706,1.9141548460570905,1.44205103815468
onlap,3.356146618108974,2.464364522603046,0.8917820955059281
welkt,3.3561063472432417,2.1547567618930272,1.2013495853502143
venas,3.3560770416407024,2.3020998840972227,1.0539771575434798
cases,3.355889985323496,2.0132849739799963,1.3426050113435
gelds,3.355812895144167,2.3442121692963926,1.0116007258477746
fanny,3.3557000257692025,1.7790942180965907,1.576605807672612
roopy,3.3556972049034495,1.9040918761828853,1.4516053287205641
rebud,3.355634681503908,2.2914970940244332,1.064137587479475
drows,3.3556171041310794,2.2800005147195304,1.0756165894115488
agree,3.3555050990556663,1.958798126473209,1.3967069725824572
belly,3.355355420274484,1.8355738203100216,1.5197815999644624
baisa,3.355318014558425,1.9116081224324888,1.4437098921259366
ngaio,3.355225275918883,2.4363765124175982,0.918848763501285
murgh,3.3551733360474145,2.1829089986149843,1.1722643374324304
dotty,3.355113638954147,1.9036477911834215,1.4514658477707256
butyl,3.3550602814560104,2.298354895841299,1.0567053856147113
mends,3.3550408480768987,2.3213474813823125,1.0336933666945862
kubie,3.354988076197447,2.1590655874213303,1.1959224887761168
perdu,3.3549592645391297,2.341946929347081,1.0130123351920486
dhuti,3.354847033127732,2.343574934247629,1.0112720988801032
liana,3.3548241713514972,2.050388323801746,1.3044358475497508
ogres,3.3547863836832743,2.4560226509082757,0.8987637327749988
clews,3.3547494558630744,2.297658540650845,1.0570909152122294
dight,3.354661181091039,2.2635197973334176,1.0911413837576218
flitt,3.3546381373959306,1.8569185485966626,1.497719588799268
gobis,3.35461251793458,2.2822223937553323,1.072390124179248
rowts,3.3545444967884954,2.3744413553073294,0.9801031414811663
throw,3.3544077876301315,2.2932211879210582,1.0611865997090733
pilaw,3.354380683457685,2.267354143109965,1.0870265403477202
theow,3.354361587736169,2.27911379689576,1.0752477908404088
kurta,3.354361413349104,2.3465730822526236,1.0077883310964804
soaps,3.354252435501939,1.9661895713828894,1.3880628641190498
getup,3.3542058867773132,2.2877561652655984,1.0664497215117146
jurat,3.354053754039514,2.114450997277081,1.2396027567624328
icers,3.3539691409010643,2.5283992363443684,0.8255699045566959
oliva,3.3539380677404607,2.3306334355344256,1.0233046322060348
mongs,3.353936452468163,2.2821610991841235,1.0717753532840395
twink,3.353826732051627,2.13066065488446,1.2231660771671669
forze,3.3536728962018842,1.968255321910633,1.3854175742912513
nougs,3.3536105944110655,2.363520860247473,0.9900897341635924
young,3.353595700741387,2.3003244321743894,1.0532712685669978
atoks,3.3535568328560132,2.380616377809464,0.9729404550465491
mesyl,3.353540530757318,2.365539417604078,0.9880011131532399
eagre,3.353528068807038,1.958798126473209,1.394729942333829
spies,3.3534836782385886,1.9490492996029185,1.40443437863567
handi,3.353483029776618,2.386428766697757,0.967054263078861
query,3.353482465010863,2.0338900045386,1.3195924604722626
momie,3.353430999263512,1.9294369802870546,1.4239940189764573
kauri,3.353394996229581,2.343338459482867,1.0100565367467138
nipas,3.353284497954988,2.454684207584324,0.898600290370664
nerka,3.3532004046751798,2.3764182565505325,0.976782148124647
pwned,3.353191112215768,2.1415792033747625,1.2116119088410053
shins,3.353184657441027,1.9426968363405268,1.4104878211005003
coots,3.35307464203104,2.0025704657380348,1.3505041762930057
agros,3.35285558196747,2.4690313090604943,0.8838242729069758
dwamy,3.3527574291006794,2.078280945596119,1.2744764835045603
refis,3.352602395952899,2.381330231439779,0.9712721645131198
opens,3.3525592723151068,2.4458071630598575,0.9067521092552495
awork,3.3524525162591696,2.1851350610693308,1.1673174551898389
tenon,3.352437385402517,2.0445751179442007,1.3078622674583162
cutty,3.352422356531049,1.8833093905510525,1.4691129659799966
quest,3.3523442935256096,2.0836776211125163,1.268666672413093
rakee,3.3520831333390517,1.8837920067213458,1.4682911266177059
loord,3.3520052295868763,1.985801732146642,1.3662034974402344
lirks,3.3519943057835087,2.37451965838787,0.9774746473956387
lilty,3.3519378020926536,1.9908931794765465,1.361044622616107
ketas,3.351886453138416,2.3790208074253374,0.9728656457130784
subha,3.351811316864056,2.287092533763231,1.0647187831008251
sista,3.351736477704941,2.0694635248426394,1.2822729528623016
brede,3.351641358703918,1.8294145980192862,1.522226760684632
oueds,3.3516296762916267,2.428228135735521,0.9234015405561059
glial,3.3515087928474805,1.939789433063495,1.4117193597839854
diwan,3.3514735168613683,2.2587588058447268,1.0927147110166415
amido,3.351463756256339,2.365254950112525,0.9862088061438146
divan,3.3514424627042265,2.2137355403236896,1.137706922380537
perks,3.3514320661839623,2.2727139732109145,1.078718092973048
regle,3.3513351579531703,1.9434242091801996,1.4079109487729708
ludic,3.3511817524676566,2.3716292089186,0.9795525435490565
sensi,3.351093835536157,2.0318309642585577,1.3192628712775991
taxol,3.3510622198467352,2.174518222221271,1.1765439976254641
hakes,3.351028625210346,2.2891880999811756,1.0618405252291705
chiva,3.3510214839547263,2.1842529817929206,1.166768502161806
micos,3.3510078808687878,2.3800585779100754,0.9709493029587126
roshi,3.350664628569585,2.498876693390603,0.8517879351789823
gamic,3.350530139352113,2.2648614125659448,1.085668726786168
halms,3.350496884821941,2.36052433644311,0.989972548378831
amowt,3.350370576911552,2.245427745172888,1.1049428317386643
faves,3.35033096867915,2.120940187518227,1.2293907811609228
snowk,3.3501392517544586,2.1261797284543213,1.2239595233001372
teles,3.3501270493679334,2.0566256507932557,1.2935013985746777
petty,3.3501085187036654,1.8890874942995912,1.4610210244040744
magic,3.3500497061720047,2.2648614125659443,1.0851882936060602
wodgy,3.3500088753646713,2.068172481977165,1.2818363933875063
vitro,3.349979878235464,2.3347960070744262,1.0151838711610377
opsin,3.349966719579525,2.443271119816232,0.9066955997632931
fonds,3.349948550425025,2.253686870074833,1.096261680350192
moxie,3.3499252089035294,2.024811362646964,1.3251138462565653
smoor,3.3498017237916238,1.9381664540242183,1.4116352697674055
spool,3.349754757276524,1.95081565408988,1.398939103186644
palea,3.349682271871958,1.9701427023897327,1.3795395694822252
rolfs,3.349641735317218,2.383096585926741,0.9665451493904766
wadis,3.3495883940178706,2.2747701682186987,1.074818225799172
glazy,3.349342668865317,1.9626461767485368,1.3866964921167804
andic,3.3493102479839796,2.41754688003565,0.9317633679483296
delly,3.3492447728403087,1.8989883821323734,1.4502563907079355
mahrs,3.3491152241788047,2.376996986609199,0.972118237569606
octad,3.3490726976286362,2.4463023960952652,0.902770301533371
howes,3.349017148876486,2.270501256837869,1.078515892038617
hempy,3.349007286278207,2.179977521797227,1.1690297644809804
hoves,3.3489860947193444,2.225477991316832,1.1235081034025125
dorbs,3.3489640418291966,2.3396477806065716,1.009316261222625
mesne,3.348849763262168,1.8985381697090613,1.4503115935531068
bicky,3.3488159044292027,2.0844082609661205,1.2644076434630824
cooee,3.348601802247737,1.4932342740087452,1.8553675282389919
stopt,3.3485877928297665,1.9538794927568013,1.3947083000729652
chiks,3.3485438916089167,2.215627384005193,1.1329165076037235
mucid,3.348539789557555,2.238165630266269,1.1103741592912861
liths,3.3484263877221516,2.4815070523665184,0.8669193353556333
inerm,3.3484176210997214,2.4345750507574127,0.9138425703423085
amped,3.3482463128498434,2.2594884354106526,1.0887578774391906
llano,3.34819848758161,2.0545199374294985,1.2936785501521118
olehs,3.3481721627509726,2.4849400864681397,0.8632320762828327
gytes,3.3481112300866074,2.3699078804201377,0.9782033496664698
wipes,3.348046535360069,2.2487967835667764,1.0992497517932924
fangs,3.348036733433781,2.2243180052606095,1.1237187281731713
flays,3.3480220682137483,2.309291894064691,1.038730174149057
voces,3.348012880500917,2.2565961046547245,1.0914167758461923
resue,3.3478998225141745,2.0179306447034415,1.329969177810733
wigan,3.347898345916194,2.217976853262411,1.1299214926537833
wooly,3.347881794179014,1.777522124807107,1.570359669371907
japer,3.3478432534510096,2.061514506919351,1.286328746531659
hends,3.347796255082711,2.3680421912574037,0.9797540638253077
blaws,3.3477916566557546,2.2115263904991824,1.136265266156572
eagle,3.347594185966043,1.9423254763071203,1.4052687096589227
abets,3.3475482596925494,2.431394317937164,0.9161539417553851
omnes,3.3475275671949807,2.4166853128281067,0.9308422543668738
stood,3.3475171270895396,1.9668442192565048,1.3806729078330349
yeahs,3.3474248854418995,2.4276080447721786,0.9198168406697208
fouds,3.347347065365497,2.2231431162507933,1.1242039491147038
greys,3.3473118342062627,2.383316691919305,0.9639951422869575
scudi,3.3472840245874016,2.3660805075276308,0.9812035170597707
paolo,3.3472597550666228,1.9717382727738593,1.3755214822927633
kench,3.3472013509652916,2.2021520648748467,1.1450492860904447
ealed,3.3471173514562227,1.9831074288894361,1.3640099225667865
regie,3.34699640682776,1.9432534250773648,1.403742981750395
hayey,3.3468640623901877,1.91897043256902,1.4278936298211677
okies,3.346849259316499,2.3643730968874888,0.9824761624290105
kylie,3.346787819976525,2.2972158392894877,1.0495719806870372
kohen,3.346712163486796,2.2617636498391116,1.0849485136476844
vrous,3.3467063991055372,2.274250433530389,1.0724559655751487
hongs,3.3466918594739754,2.3288558090592146,1.017836050414761
omber,3.34667383818264,2.305475164406878,1.0411986737757624
cheka,3.346633940302632,2.239086045932798,1.107547894369834
rully,3.3466013156787664,1.9523689574895673,1.3942323581891993
skyed,3.346547446170099,2.2004609200804763,1.1460865260896225
laufs,3.346297296978295,2.3259332059397626,1.0203640910385325
leres,3.3462741867669235,2.070034462292423,1.2762397244745003
curbs,3.346272759406099,2.319309379974203,1.026963379431896
medic,3.346170570718692,2.2926347069960413,1.0535358637226508
senza,3.3460790908138063,2.138806754700662,1.207272336113144
maral,3.3460415040611164,1.9551282431832804,1.390913260877836
bigos,3.3458470802370206,2.282222393755332,1.0636246864816887
crack,3.3457289947233826,1.825775992141208,1.5199530025821746
clubs,3.345708192547459,2.302836729808114,1.042871462739345
ached,3.34534614687111,2.3548741182669763,0.9904720286041337
arses,3.345283866725015,2.085408379585432,1.259875487139583
duchy,3.3452685492958403,2.216285994780142,1.1289825545156984
gaths,3.3452437232504537,2.3648927992591697,0.980350923991284
downa,3.3452226890969605,2.262890419472479,1.0823322696244813
eloge,3.345221396799695,1.930912388539028,1.4143090082606666
gulfy,3.3451209426300026,2.1152039060704766,1.229917036559526
gopak,3.345114952695062,2.1466005576097387,1.1985143950853236
zoril,3.344871436383455,2.1684390390109445,1.1764323973725106
skerm,3.344746788746162,2.243592122979164,1.1011546657669977
panks,3.3445605311543125,2.247689917432103,1.0968706137222095
aksed,3.344460883507618,2.284579966837539,1.0598809166700793
roons,3.344371636395043,2.050069968911608,1.2943016674834351
melds,3.3443484509036683,2.3429075451472543,1.0014409057564138
bossy,3.344267357179286,1.8316206893031788,1.5126466678761072
fribs,3.34422625714601,2.22417340855576,1.1200528485902501
mence,3.34413957911506,1.8484361156606834,1.4957034634543764
genny,3.3441353456096032,1.8366463657851162,1.507488979824487
debts,3.343976459268915,2.3246433987232775,1.0193330605456374
unhat,3.3439618878220725,2.428936573799409,0.9150253140226634
hyena,3.343922931580995,2.4115966823982067,0.9323262491827885
ombre,3.3439201878000877,2.305475164406878,1.0384450233932099
lying,3.3439003488398713,2.348296636135619,0.9956037127042527
tania,3.343886759555442,2.0534521624686675,1.2904345970867748
ashed,3.343886217472383,2.4049761723153544,0.9389100451570288
yipes,3.3438504597077556,2.3944904837329934,0.9493599759747621
piums,3.3438323280142717,2.2753029578149433,1.0685293701993284
gouge,3.3437944626961773,1.8788085709500466,1.4649858917461307
knars,3.3435329932905975,2.3685042960187728,0.9750286972718247
lozen,3.3435323118355726,2.1329423683235396,1.210589943512033
kelpy,3.3433940740951096,2.1930448949717425,1.1503491791233673
bedim,3.343298603385186,2.1934938986921595,1.1498047046930266
styte,3.3432339207828674,1.9878805213292026,1.3553533994536648
steep,3.343200620883649,1.9522839223726747,1.390916698510974
soppy,3.3431127376021137,1.882070524625827,1.4610422129762868
plums,3.343104854281578,2.2754737419177786,1.0676311123637994
haldi,3.342790632603387,2.4079888304626986,0.9348018021406884
juicy,3.342760298268765,1.9549739221448257,1.3877863761239393
pungo,3.342727338912579,2.264727833217862,1.0779995056947167
dicky,3.3427052569950284,2.1478228227884726,1.1948824342065556
unket,3.3426475330088365,2.2955317101693744,1.047115822839462
funky,3.3426366742206257,2.018637722553672,1.3239989516669537
loled,3.3425956535140235,1.9716943411213437,1.3709013123926799
lurgi,3.3425771005062033,2.402970661941721,0.9396064385644826
prees,3.342512829997744,1.9656927338718422,1.3768200961259018
decim,3.3424996853989173,2.2926347069960413,1.049864978402876
golly,3.3424266491001844,1.8598019999341846,1.4826246491659998
terek,3.3423691100965813,1.871481928095258,1.4708871820013236
ileum,3.342359945798626,2.3875586467672845,0.9548012990313415
gived,3.3423229193525033,2.09012799143322,1.2521949279192834
paals,3.3422992721447864,1.9622287418579725,1.380070530286814
bings,3.3422447368547505,2.256701500465473,1.0855432363892776
docus,3.342244417675559,2.3702121211553826,0.9720322965201765
boeuf,3.3422349968600904,2.167642514960202,1.1745924818998885
devon,3.3422058716497762,2.2048584957992228,1.1373473758505537
sices,3.3421792098770053,1.9977402725841515,1.3444389372928536
khans,3.34211200784932,2.2652627770754434,1.0768492307738766
owsen,3.341905644843681,2.335710061850168,1.006195582993513
cetes,3.341894574632592,2.000974895353908,1.3409196792786837
tress,3.34188404469435,2.0730983009593444,1.2687857437350056
owres,3.341820567342087,2.373742775781198,0.968077791560889
sorus,3.341797618276381,2.019526215087568,1.322271403188813
fedai,3.341717972652852,2.294403198036792,1.0473147746160603
incur,3.341681667255683,2.457918797240624,0.8837628700150588
gokes,3.3416162403930603,2.2323849264871307,1.1092313139059296
emics,3.341551542351814,2.3784630075259487,0.9630885348258653
malar,3.3415086876615763,1.9551282431832802,1.3863804444782961
agism,3.3414878052090895,2.3149634666143224,1.0265243385947669
useta,3.3414607646154866,2.534082064091412,0.8073787005240747
unkey,3.341458234182276,2.2237227420384,1.117735492143876
twonk,3.341420848901291,2.1347922685122125,1.2066285803890782
garbs,3.341338496706564,2.3102789157923485,1.0310595809142153
ferms,3.341284268932655,2.248037436890283,1.093246832042372
dread,3.3411157721340996,1.9995800790555247,1.341535693078575
chibs,3.3410707470036694,2.2680008945170202,1.073069852486649
yacht,3.3410522568243683,2.378204570249932,0.9628476865744364
fusee,3.340935808974626,1.7987382341934155,1.5421975747812104
hoach,3.340766435780856,1.9336603769778522,1.4071060588030038
paans,3.3406843511505135,1.9406686780930307,1.4000156730574829
myons,3.3406715927311312,2.3455749242232633,0.9950966685078679
unleg,3.3406512980652643,2.3674739912543163,0.9731773068109479
tikas,3.3405302296045987,2.3764847641817117,0.9640454654228869
golps,3.3402159947762025,2.3328430131808156,1.0073729815953871
feely,3.340214958993431,1.7876456237093137,1.5525693352841172
woken,3.340203598598354,2.1340936889860815,1.2061099096122723
geste,3.340136194965739,1.9244666962900627,1.4156694986756764
wisht,3.3400988805156993,2.267068222736248,1.073030657779451
metel,3.3400396515175035,1.9287107735318942,1.4113288779856092
alias,3.3400374875644925,2.066399686175718,1.2736378013887744
toque,3.3398658623546753,2.093187152028403,1.2466787103262722
saims,3.3398399223287565,1.9329361075233868,1.4069038148053696
narks,3.3396228240737424,2.3685042960187728,0.9711185280549698
eisel,3.3395337454198613,2.0533910280234995,1.286142717396362
burgs,3.3394803449211685,2.242801180910357,1.0966791640108116
bible,3.339422769493159,1.9041481656712396,1.4352746038219195
ontic,3.3393286593435434,2.500574632855356,0.8387540264881876
sheep,3.3392939296216486,1.8624512149285133,1.4768427146931353
folds,3.339256153251794,2.275246933839775,1.0640092194120192
causa,3.3392011685376852,1.9588158972502239,1.3803852712874614
cheba,3.339160795697384,2.2914595564446247,1.0477012392527596
noups,3.3391180896518367,2.391338086330085,0.9477800033217516
luxer,3.3390338315669714,2.1188537284543205,1.2201801031126511
mahis,3.3388425902123986,2.3603535523402748,0.9784890378721237
skelm,3.3388129059051668,2.2271194728130754,1.1116934330920911
vison,3.3386774665475283,2.288150753085505,1.0505267134620233
ducts,3.3386554567057067,2.369315130297387,0.9693403264083197
types,3.3386210594834314,2.39772510650275,0.9408959529806812
dives,3.338428324665945,2.2167382445454424,1.1216900801205025
ketch,3.3383057486695398,2.22677596730671,1.1115297813628302
unrip,3.338305507445056,2.409227824259391,0.9290776831856649
natty,3.3382992765934456,1.9848778171074495,1.3534214594859961
suets,3.3381624574125652,2.004521833204274,1.3336406242082914
pownd,3.338160128054232,2.1431747737588887,1.1949853542953432
renin,3.3381036368940595,2.053852315815616,1.2842513210784439
sabes,3.3378642854769813,1.914144165676115,1.4237201198008667
prora,3.3378356928627353,1.988210922939948,1.3496247699227872
toses,3.3377978328843447,2.0605864803181726,1.277211352566172
tozed,3.3377696383463222,2.066189268834525,1.2715803695117975
sluts,3.337644090447889,2.0021565740634837,1.335487516384405
swung,3.3376054496770458,2.1451212010922855,1.19248424858476
exist,3.3374885215096897,2.15182924905033,1.1856592724593598
snood,3.337482617433549,1.9422203168246417,1.395262300608907
vimen,3.3374035311375447,2.158640305440017,1.1787632256975278
donor,3.337382639883371,1.9642416683817003,1.3731409715016707
marks,3.3373471970713116,2.256600781131383,1.080746415939929
quirl,3.3373316274782123,2.1000990907590276,1.2372325367191848
areas,3.337244108683761,2.085408379585432,1.251835729098329
dorad,3.337158801710003,2.0011756494396513,1.3359831522703516
thaws,3.3370666347040454,2.2826129241320925,1.054453710571953
fumes,3.3370123564764462,2.1794609691352127,1.1575513873412338
geode,3.3369836445864376,1.8395353866181507,1.4974482579682866
puyas,3.336952619830607,2.3555661083990658,0.9813865114315412
waldo,3.336934941952845,2.284450483237421,1.0524844587154243
kugel,3.3369002406902535,2.181868980764202,1.1550312599260513
hence,3.336894986120873,1.8951308255357746,1.4417641605850982
sides,3.336867480429099,1.9620140261026218,1.3748534543264772
moups,3.3368424626494066,2.2794345714426956,1.0574078912067109
lauan,3.336806646563808,1.9984552903155994,1.3383513562482083
tutor,3.3367220156353388,2.0281387551454593,1.3085832604898795
music,3.3366969212423836,2.3239939307961768,1.012702990446207
ylids,3.3366262724850326,2.4050899510919064,0.9315363213931261
lucky,3.336589958357099,2.1872667912232036,1.1493231671338955
bocce,3.336556333802216,1.8526290238596443,1.4839273099425716
tamps,3.336497702559931,2.346015315466691,0.9904823870932403
carrs,3.3363253454641604,2.0273923650052943,1.308932980458866
pikes,3.3362731562889736,2.2560705389419904,1.0802026173469832
dings,3.336134089420576,2.320116062287825,1.016018027132751
volts,3.3361143226907912,2.312945439620203,1.0231688830705883
matty,3.3360236495910147,1.8729743022200598,1.4630493473709552
nrtya,3.335979660138193,2.5155367808676665,0.8204428792705266
tecum,3.335972451152703,2.335142514097693,1.00082993705501
rober,3.33587688215226,1.924752429465081,1.411124452687179
redif,3.3358508684093136,2.2955019309098716,1.040348937499442
byrls,3.3355228582248064,2.3583188235384784,0.9772040346863281
knurl,3.33548084255044,2.306575262527751,1.028905580022689
teend,3.335458298747759,1.9492372864984062,1.3862210122493526
banal,3.335441762394293,1.8957675441613522,1.4396742182329407
slojd,3.3353267056772813,2.038679534953113,1.296647170724168
dyers,3.335299893737664,2.424098644501621,0.9112012492360432
jaleo,3.3352307151320115,2.1533444146987604,1.1818863004332514
lowns,3.3351657368208256,2.3333448027093775,1.0018209341114483
colon,3.335123668761087,1.9834952646971415,1.3516284040639455
omits,3.33488464239766,2.438773172016344,0.896111470381316
swami,3.3347589807031452,2.2326835914872447,1.1020753892159005
oucht,3.33473078777778,2.383432794356911,0.951297993420869
jager,3.334680925968854,2.033697280836739,1.3009836451321155
waugh,3.3346519462411686,2.100835014763966,1.2338169314772025
purry,3.3344728029106525,1.8480272290689863,1.4864455738416662
nasho,3.334441809442765,2.476388680855417,0.858053128587348
updry,3.3344140660718264,2.2708365407422373,1.0635775253295892
esile,3.334408301591307,2.0533910280234995,1.2810172735678074
nudgy,3.3344040286496894,2.2049866007285948,1.1294174279210947
coxed,3.3343665969389455,2.011417968041906,1.3229486288970398
milpa,3.3343656221609033,2.348329394087904,0.9860362280729988
envoy,3.3341322607933854,2.2274903682560474,1.106641892537338
words,3.334071998832518,2.2800005147195304,1.0540714841129877
maths,3.3337792790099545,2.3635881751100314,0.9701911038999231
erned,3.3336914968955402,1.9626460979975737,1.3710453988979665
leper,3.3336282461542757,1.9712414352628118,1.362386810891464
berks,3.333618990434138,2.222264137888266,1.1113548525458719
raxed,3.333607000817993,2.0949544614154343,1.2386525394025587
vetch,3.3336007348760752,2.174478946410458,1.1591217884656173
laari,3.333516834820991,2.0884210377327763,1.2450957970882146
sexto,3.333505753209208,2.155960862678082,1.1775448905311259
gyeld,3.3332606055832263,2.2810157412233085,1.0522448643599178
shits,3.333006644904099,1.9673207387723899,1.3656859061317093
shyly,3.332960528761186,1.8956825547442504,1.4372779740169357
taxes,3.332875726742576,2.1673739504461746,1.1655017762964015
metif,3.3327780800067517,2.24000654267925,1.0927715373275018
pervo,3.3326375311995706,2.22992648323055,1.1027110479690205
catch,3.3325229926278315,1.9327633861198565,1.3997596065079752
miyas,3.3325036776811885,2.378377291653462,0.9541263860277265
kingy,3.332494044999358,2.1411315618805626,1.1913624831187954
rural,3.332460459955146,2.03648800424663,1.2959724557085162
nokes,3.332427423154991,2.342983817225382,0.9894436059296093
udals,3.3323570654090022,2.4372759643628226,0.8950811010461798
budos,3.332332017820476,2.271071312851501,1.0612607049689748
betty,3.3322954429538414,1.838637658976943,1.4936577839768983
migod,3.3321665832489047,2.2177220783163225,1.1144445049325822
wadts,3.332134211612081,2.2780047909884553,1.0541294206236258
ferry,3.33208765070309,1.8041182738754022,1.527969376827688
tarts,3.332036610203953,2.0861069591115635,1.2459296510923896
hiems,3.3319296861026486,2.347344894188056,0.9845847919145924
fille,3.3318958917324952,1.8562199690705317,1.4756759226619636
cress,3.3318547750815286,2.014383706853075,1.3174710682284534
whens,3.331834717528806,2.2449803635480103,1.0868543539807958
kideo,3.3317481091414725,2.278544796357581,1.0532033127838916
gimpy,3.3316313924846828,2.1320513928276483,1.1995799996570344
pyets,3.3314968005494676,2.39772510650275,0.9337716940467177
turfs,3.331466253879921,2.3300957774797633,1.0013704764001576
pumas,3.3313114745594286,2.2908476592107876,1.0404638153486412
sloom,3.331240125395535,1.9216938038581297,1.4095463215374051
bapus,3.331155955162816,2.26951967411989,1.0616362810429258
roded,3.3310599334880813,1.9881669912874327,1.3428929422006486
molly,3.330962204859685,1.8584973757850463,1.472464829074639
scala,3.3309498705096967,2.010919714839206,1.320030155670491
tifos,3.330851213433145,2.369516990324738,0.9613342231084069
whang,3.330815523108134,2.1313787685880063,1.1994367545201277
vapes,3.3308137705539984,2.2193182194415835,1.1114955511124147
atmos,3.330800128276839,2.454317873412189,0.8764822548646498
elope,3.330728892040466,1.9587296146216402,1.3719992774188259
mangi,3.3306943837275886,2.29895210424035,1.0317422794872386
raksi,3.3305918283901903,2.389893575680879,0.9406982527093116
gassy,3.330531164622478,1.8656663863113072,1.464864778311171
idols,3.330498218407604,2.477795910080877,0.8527023083267272
heame,3.330425692381703,1.854251983380742,1.4761737090009608
silts,3.3302806520668797,2.05408960754963,1.2761910445172495
mokes,3.330151796152561,2.2310803023379924,1.0990714938145687
skeet,3.3301489061858423,1.8494605765381997,1.4806883296476423
harks,3.3301026040771244,2.303295491006474,1.0268071130706504
beths,3.3300510723727808,2.3292515318669147,1.0007995405058663
lungs,3.3300187907826464,2.3595600307225557,0.9704587600600907
remou,3.3298265004340433,2.4081629105611255,0.9216635898729176
tachi,3.329710593853622,2.4467789156111497,0.8829316782424721
zaidy,3.329694425588335,2.0032573452280173,1.3264370803603176
winky,3.329524514561701,2.0588516867534854,1.2706728278082158
butte,3.3294929218978013,1.8552789708520145,1.4742139510457868
joual,3.329352501622873,2.0988753379689884,1.2304771636538847
demic,3.3292268410402643,2.2926347069960413,1.0365921340442232
kaids,3.329022070857434,2.282043923593913,1.0469781472635207
lynch,3.328886831297369,2.338206750525059,0.99068008077231
tempo,3.3288031558311664,2.3425161882303587,0.9862869676008077
hatty,3.3287790565968276,1.9196690120951507,1.4091100445016767
sewel,3.328776760016809,1.8391229824960642,1.4896537775207448
mbira,3.3287084905069957,2.3143522089313446,1.0143562815756513
flail,3.328680665168863,1.8692286272227503,1.4594520379461127
vesta,3.328641304894372,2.326723786529086,1.0019175183652862
flown,3.3285114287569324,2.1361737437564097,1.1923376850005227
duomi,3.328467921513548,2.297777215230534,1.0306907062830142
polys,3.3284113564514373,2.3962568382199554,0.9321545182314817
rheum,3.3283231927853016,2.317433212258968,1.0108899805263334
pawls,3.3282549092393143,2.2619762258218303,1.066278683417484
thugs,3.3281907561108204,2.2974150643771787,1.030775691733642
nisse,3.3281757532916014,2.0318309642585572,1.2963447890330442
rubai,3.328168676525987,2.395711969994694,0.9324567065312931
titan,3.328154471729353,2.0534521624686675,1.2747023092606853
coses,3.3277685632715235,2.001871886211904,1.3258966770596197
cozed,3.327740368733502,2.0074746747282566,1.3202656940052453
rivas,3.327698833379823,2.3375965547846276,0.9901022785951956
ruana,3.3276947514064092,2.014927940481688,1.3127668109247208
rinks,3.3276292777720027,2.352959594622928,0.9746696831490748
hyles,3.3276053979744415,2.412234127479169,0.9153712704952722
popsy,3.327567183406148,1.882070524625827,1.4454966587803213
grana,3.327523255145886,1.934872803567477,1.3926504515784093
nancy,3.3274221920878193,1.9261632230011805,1.4012589690866388
sutta,3.3274065605246737,2.017530491356493,1.3098760691681806
below,3.3273310166534107,2.2080272632628497,1.119303753390561
rafik,3.3272805244786663,2.1927225167279114,1.1345580077507549
whisk,3.32722171148575,2.0568393098142703,1.2703824016714798
video,3.3270430953480075,2.2262477754613292,1.1007953198866784
chaws,3.3270373650912246,2.2238983300258237,1.103139035065401
rases,3.3270089671505705,2.085408379585432,1.2416005875651386
binit,3.3269842182234886,1.883286681432429,1.4436975367910594
razed,3.326980772612549,2.091011168101785,1.2359696045107642
snits,3.326878826510108,2.032529543784688,1.2943492827254202
proso,3.3267479158618904,1.9672883042559688,1.3594596116059217
banks,3.326747455404488,2.1972400821094547,1.1295073732950334
dolor,3.32669024271014,1.985801732146642,1.340888510563498
pawns,3.3266399882450415,2.2404161620568885,1.086223826188153
pakul,3.326606196836772,2.222694864999033,1.1039113318377392
camps,3.3264684329471104,2.287300721360422,1.0391677115866882
hopak,3.326405915460376,2.1919906433356915,1.1344152721246843
limby,3.3263361356600987,2.2137605120081933,1.1125756236519055
seams,3.3261920972959116,1.9354721507670125,1.3907199465288989
metho,3.32608473228119,2.3600890478736996,0.9659956844074905
caphs,3.325724283034456,2.333995431235513,0.9917288517989431
lyric,3.325457302469287,2.462837549130495,0.8626197533387922
henny,3.325426308374917,1.882036451511069,1.4433898568638477
flaks,3.32535742369142,2.170871949273688,1.1544854744177322
areca,3.3252762003272505,2.0353063255370545,1.2899698747901962
mengs,3.3250076090336824,2.280565528799997,1.0444420802336853
burps,3.32498784016194,2.2706184069929694,1.0543694331689708
quorl,3.324925744327876,2.10423070438678,1.2206950399410963
brass,3.324896975874209,1.928251556701413,1.3966454191727957
brees,3.324699754247919,1.9152428985491938,1.4094568556987255
kinas,3.324697124405956,2.3518608617498487,0.9728362626561076
ebons,3.3246737976913785,2.395357327737209,0.9293164699541696
skimo,3.3246128442739717,2.228544259094367,1.0960685851796044
lofts,3.324520284476992,2.3696877744275735,0.9548325100494186
baals,3.324486196394962,1.9117789065353241,1.4127072898596378
cecal,3.3244640445185585,2.018833675370966,1.3056303691475923
pyros,3.324420643571931,2.4127294883860437,0.9116911551858868
gopik,3.3243699698896907,2.131055856213894,1.1933141136757968
vaids,3.3243170570639693,2.2297469026976615,1.0945701543663078
fakes,3.3242520771181794,2.173237208414479,1.1510148687037005
dosed,3.324229741173315,1.966145639730374,1.358084101442941
levas,3.324226991903436,2.3236599478621645,1.0005670440412717
roots,3.324193623858115,2.074693871343471,1.249499752514644
often,3.3241832996546137,2.356041671194392,0.9681416284602216
wroot,3.3241589729209338,1.8658037431041703,1.4583552298167632
bauks,3.3241459703449605,2.166696328285415,1.1574496420595455
aware,3.3240951560746406,1.8765182513461318,1.4475769047285088
techs,3.3240238191597147,2.428392340170796,0.8956314789889188
ecads,3.3239824176410395,2.4360942856532475,0.887888131987792
pavis,3.323885103956761,2.216782176197958,1.1071029277588036
kitul,3.3238565237458153,2.3145557306906905,1.0093007930551248
swamp,3.3238051913255404,2.128512647169499,1.1952925441560414
chavs,3.323796078320444,2.1788750645047865,1.1449210138156578
holly,3.3237176118654976,1.9051920856601372,1.4185255262053604
whilk,3.323615298956569,2.06238801120524,1.2612272877513289
hived,3.323613882117816,2.1355180771591717,1.188095804958644
oyers,3.3235728333930434,2.5194364759474155,0.8041363574456278
rutty,3.323541338358124,1.9554327961564886,1.3681085422016352
besaw,3.3234805182862424,2.2138916496399728,1.1095888686462694
ecole,3.3234623478396976,2.0074205876028737,1.3160417602368237
hangi,3.3234497907334015,2.345646814115441,0.9778029766179601
vatic,3.3232996710183436,2.2740856892370824,1.049213981781261
deoxy,3.3232457078181237,1.9983235940172,1.3249221138009237
silos,3.32315829519538,2.0549865984076257,1.2681716967877543
steek,3.3231457640931144,1.8494605765381995,1.4736851875549148
scuba,3.323136499854448,2.3182106471011235,1.0049258527533245
idles,3.323061695650829,2.4762003396967502,0.8468613559540789
regma,3.3230175116644665,2.3395208614150063,0.9834966502494602
riper,3.3229926966053647,1.9710706511599767,1.351922045445388
lapel,3.3229623894917255,1.9701427023897327,1.352819687101993
hokes,3.3229072031583735,2.2777750122130835,1.0451321909452902
harsh,3.3227897551726295,1.9962742516674017,1.326515503505228
mbila,3.322774607666001,2.297879558765256,1.024895048900745
neifs,3.322755236343256,2.3432975175087485,0.9794577188345073
usher,3.3227330061730966,2.44534808952033,0.8773849166527667
sordo,3.322730329192365,1.9802530307556723,1.3424772984366926
awing,3.3227223002664674,2.217976853262411,1.104745447004056
eying,3.3226658838708887,2.3506618952764096,0.9720039885944791
viced,3.322640667899389,2.166636190497065,1.156004477402324
cymol,3.322631944432222,2.317032933939827,1.005599010492395
kreng,3.3226090848661585,2.2288853847543306,1.0937237001118278
kaput,3.322594562133984,2.2257587036659543,1.0968358584680296
kents,3.322582890223006,2.342086826367386,0.9804960638556197
spell,3.322498962960302,1.9492200837057534,1.3732788792545487
greed,3.322483701500302,1.8520472072593221,1.4704364942409798
orbic,3.3224485440749345,2.3807519443762364,0.941696599698698
holms,3.3223754627699686,2.349111248675018,0.9732642140949507
abase,3.322350022851556,1.9141441656761145,1.4082058571754414
kyloe,3.3222112806992357,2.30134745291724,1.0208638277819957
tryst,3.3219631231099975,2.0019879123545006,1.319975210755497
khats,3.321933995312392,2.2898866795073065,1.0320473158050856
pilum,3.3219310542099034,2.280851659205913,1.0410793950039903
reave,3.3218506309311175,1.8314949858250948,1.4903556451060225
curfs,3.3214369842671,2.2713811833734945,1.0500558008936054
amigo,3.321430517213123,2.324472997530209,0.9969575196829137
frugs,3.3213169966403395,2.194872984309649,1.1264440123306907
ruths,3.3212969677770636,2.4460466690464604,0.8752502987306032
mobee,3.321221051504988,1.774816200646661,1.5464048508583268
sigil,3.321081465489272,1.9188668143795158,1.4022146511097562
wedgy,3.3210800319301903,2.0665769115930384,1.2545031203371522
fends,3.321019706990544,2.2520912996907065,1.0689284072998375
mohrs,3.320993802126832,2.3655838988411064,0.9554099032857256
croci,3.3209293172875767,2.0213571945253364,1.2995721227622403
danks,3.320636807970313,2.2606546439318063,1.0599821640385065
fanum,3.3206023722123392,2.1764582649134594,1.14414410729888
shots,3.320600761753763,1.9714523524001422,1.3491484093536206
upend,3.3204905086283896,2.303914215416051,1.0165762932123383
leger,3.32046591867212,1.9434242091801996,1.3770417094919205
unces,3.320452965330209,2.438433488927192,0.8820194764030173
datal,3.3204355126643663,1.9838060084155669,1.3366295042487994
geums,3.320246568683878,2.250021774975957,1.0702247937079206
order,3.320163717276126,1.9881669912874327,1.3319967259886933
acerb,3.3199935973827914,2.3947010753879536,0.9252925219948376
vinas,3.3199921106124917,2.299563840853597,1.0204282697588947
prexy,3.3199695305108237,1.997870688158668,1.3220988423521556
glibs,3.319967423959419,2.2782615642304154,1.0417058597290036
notum,3.319882115953401,2.370828776156226,0.949053339797175
grows,3.3198701369564736,2.2392185621372147,1.080651574819259
ogled,3.3198137478551035,2.3537217002122794,0.9660920476428241
oupas,3.3198070295733557,2.4282720673880362,0.8915349621853194
gilds,3.3197279641159563,2.341676126052767,0.9780518380631894
liefs,3.3196391861452996,2.3648575812736903,0.9547816048716093
laded,3.3196245830354556,1.983107428889436,1.33651715414602
ensky,3.319519809645165,2.270277858236412,1.0492419514087532
bleys,3.3194250303015984,2.3442114325131804,0.975213597788418
empty,3.319417847109226,2.269810229241388,1.0496076178678375
eikon,3.3193784779033684,2.348361734513517,0.9710167433898514
billy,3.3192704892462728,1.833037777066396,1.4862327121798768
laccy,3.3191693998099137,1.947723286766122,1.3714461130437914
perfs,3.3191231464397166,2.2771592871220334,1.0419638593176832
dined,3.319080384333684,1.9460026637286498,1.3730777206050342
massy,3.3190667203819793,1.8643617621621689,1.4547049582198102
minds,3.318955917048688,2.318811438138687,1.0001444789100011
inorb,3.3189463421010954,2.414842636050641,0.9041037060504543
wirer,3.318926620370678,1.860973549950287,1.4579530704203911
drees,3.3185891068137443,1.9786574603715454,1.3399316464421989
warms,3.318536182310498,2.249327025756169,1.0692091565543296
nurds,3.318467152117536,2.41681463347096,0.9016525186465759
bikes,3.3184600805391495,2.2056207036193425,1.1128393769198068
feuds,3.318418221931016,2.2215475458666667,1.0968706760643496
pulmo,3.3184109422085717,2.2849832728336654,1.0334276693749065
daals,3.3183755489607867,1.9751934683576757,1.343182080603111
torrs,3.318233193025009,2.074693871343471,1.243539321681538
ardor,3.318232915560322,2.0011756494396513,1.3170572661206705
chugs,3.3181614864979996,2.23870047027091,1.0794610162270897
scrub,3.3181000074484563,2.3193093799742024,0.9987906274742538
gleba,3.318057472653134,2.30172022615802,1.016337246495114
flegs,3.318049663808564,2.2328694108733327,1.085180252935231
tryps,3.318020596097196,2.411832497528048,0.9061880985691476
flabs,3.317884279086173,2.2232454597855154,1.0946388193006578
vents,3.3178778764295416,2.289789805471135,1.0280880709584066
cosec,3.317683566312211,2.001871886211904,1.3158116801003072
warps,3.3176676770820457,2.278448875987919,1.0392188010941266
bovid,3.3175921680161276,2.0690909525773096,1.2485012154388178
owned,3.317540328687147,2.2498817613202604,1.0676585673668868
tanto,3.317470528445538,2.0575837760964197,1.2598867523491184
polje,3.317253763183136,2.03362876898517,1.2836249941979658
goths,3.3171223011984816,2.3534797114910777,0.9636425897074037
physa,3.3170870368650767,2.3209010572108073,0.9961859796542694
sixth,3.3170801533988348,2.0626951211322995,1.254385032266535
ficos,3.3169867397824335,2.3108023962184694,1.0061843435639641
aspro,3.316827362376919,2.4968485351431067,0.8199788272338125
musky,3.31679339768392,2.1039052666192504,1.21288813106467
burry,3.316659727160828,1.7975773937463382,1.5190823334144898
ponks,3.3164391091023395,2.2362768296640105,1.0801622794383292
bawrs,3.3163757163304846,2.2279990406652708,1.088376675665214
eider,3.3163176527080673,1.9840353776596802,1.3322822750483871
dured,3.316315992400102,1.9321023441735337,1.3842136482265681
crura,3.316311654242507,1.9808372488072825,1.3354744054352243
input,3.3161576877203847,2.395819012760224,0.9203386749601608
iftar,3.3161405515451348,2.402951429649889,0.9131891218952461
loopy,3.3161404323988517,1.8876192260167965,1.428521206382055
samfi,3.316066214826474,2.244402660773578,1.071663554052896
balks,3.3160550582312576,2.2188001458743964,1.097254912356861
rebus,3.315993119642745,2.3773253945543407,0.938667725088404
foxie,3.3159040678171747,1.9555551809553582,1.3603488868618165
boyau,3.3157009923401835,2.3146258039923047,1.0010751883478788
elder,3.3155901789753734,1.9842061617625153,1.3313840172128582
cleep,3.3155360926194275,1.8991180296573758,1.416418062962052
kenos,3.3154605333515064,2.342983817225382,0.9724767161261244
arris,3.3154465928992733,2.0828723363418065,1.2325742565574667
pirks,3.3153471351557515,2.270177929967289,1.045169205188463
lowts,3.3149877242838977,2.3579687051412406,0.9570190191426572
doona,3.31487181616658,1.9631429355086212,1.351728880657959
flimp,3.314646181501812,2.1302357164509576,1.1844104650508545
lehua,3.314637287692383,2.44979805803822,0.864839229654163
pudic,3.3145345818399,2.267287480498019,1.0472471013418805
snots,3.314472943359772,2.0366611574124405,1.2778117859473315
shiai,3.314464402034579,1.979630817398478,1.334833584636101
floor,3.3144163540525065,1.8744589737235822,1.4399573803289243
negri,3.314371261869531,2.435879674906551,0.87849158696298
mazel,3.314365305809223,2.0324519412042426,1.2819133646049805
adunc,3.3140959733948003,2.365613846549503,0.9484821268452973
umpie,3.3140668172015975,2.2832169183467035,1.030849898854894
pouks,3.313837624042812,2.2057330758399707,1.1081045482028413
circa,3.313817995037387,2.032770282293429,1.2810477127439583
peake,3.3137969415408435,1.7629776281346765,1.550819313406167
enure,3.3136167881443166,2.001919282329469,1.3116975058148475
buoys,3.3135982258284464,2.2937031853083254,1.019895040520121
gelly,3.3134978056657034,1.858206429550058,1.4552913761156454
phyla,3.3134806243358956,2.326449758601777,0.9870308657341185
demoi,3.3134738619781183,2.3522462919603058,0.9612275700178128
conch,3.3132971728716103,1.8967263959199012,1.416570776951709
nomic,3.3132199000620712,2.3640472155361034,0.9491726845259677
gorbs,3.313217074654591,2.298865828024256,1.014351246630335
dilly,3.313159841812098,1.8964523388887478,1.4167075029233502
klong,3.312996580596553,2.2140083049723684,1.0989882756241849
thuya,3.312850768756112,2.3817515081002973,0.9310992606558147
vigor,3.3127841209511315,2.199573213904312,1.1132109070468195
decyl,3.312766197618741,2.3575239402871544,0.9552422573315863
reedy,3.312757761411701,1.9154610322984622,1.3972967291132388
visna,3.31273438640309,2.2995638408535974,1.0131705455494922
bekah,3.31270290394041,2.1399452376289165,1.1727576663114934
speed,3.3126734821738157,1.8578430817848761,1.4548304003889394
rohus,3.3124950575435705,2.446943659904456,0.8655513976391144
dikes,3.3123494331049743,2.269035265441694,1.0433141676632802
moana,3.312055640587328,1.9210563587771672,1.3909992818101606
crumb,3.3119499636673613,2.191394502712841,1.1205554609545203
kelts,3.3118904930497752,2.363646890132328,0.9482436029174471
tacks,3.311824599895671,2.3210047928451996,0.9908198070504716
piths,3.3117792170943945,2.3771653239459374,0.9346138931484573
rubli,3.3117624448460266,2.3803380527016844,0.9314243921443423
hinds,3.3117113240545004,2.365506148013778,0.9462051760407225
fidos,3.3116750103345276,2.2750761497369396,1.036598860597588
whets,3.3116567049918784,2.2696042659798734,1.0420524390120047
norks,3.3115014020217695,2.3570912082506803,0.9544101937710893
allin,3.31143192250334,2.050388323801746,1.2610435987015942
kames,3.311372445804916,2.242493390106085,1.0688790556988312
ceili,3.311112738113302,2.0032889739751214,1.3078237641381807
vitas,3.3110965083167403,2.32418774328546,0.9869087650312802
exact,3.3110950266696757,2.1172718963977966,1.1938231302718791
nmols,3.3110629687104716,2.4143200536873164,0.8967429150231552
neums,3.3110577514458086,2.360620665714208,0.9504370857316006
sards,3.311005563402536,1.9916661185237645,1.3193394448787714
impel,3.3109611968633077,2.335320735935685,0.9756404609276228
swerf,3.3107449404139113,2.167062185912344,1.1436827545015675
wonga,3.310744805361089,2.2221084668901634,1.0886363384709257
varus,3.3107389364895736,2.285663521298481,1.0250754151910928
couch,3.3106956878120823,1.8661826420958614,1.444513045716221
daubs,3.310562178305538,2.2824844006195937,1.0280777776859442
durry,3.3105490797266532,1.86099195556869,1.4495571241579632
lovee,3.3104838303434527,1.8036092478909138,1.506874582452539
ycond,3.310454742198373,2.337559446906339,0.9728952952920336
bawls,3.31044183348949,2.211526390499182,1.0989154429903079
truth,3.310410122869934,1.9374090568433016,1.3730010660266323
skeer,3.3103523537222497,1.862869388037367,1.4474829656848824
rugby,3.3101907267754025,2.1796047528372737,1.1305859739381288
dited,3.3101847820379326,1.970626566160513,1.33955821587742
waved,3.310174178431703,2.0233928177019864,1.2867813607297167
fence,3.310118438028705,1.7791799339690775,1.5309385040596277
enter,3.3100763212906457,2.057086938585372,1.2529893827052736
amnic,3.309986253748776,2.375460303304196,0.9345259504445803
plows,3.3097964088016343,2.2505631380537383,1.059233270747896
night,3.309725396678365,2.333336735489353,0.976388661189012
peres,3.3096270161391663,1.9656927338718422,1.3439342822673244
husky,3.3095488046897326,2.150599976494341,1.1589488281953915
tufas,3.30948654306612,2.328997044606684,0.9804894984594361
octas,3.309431135767473,2.5321306966251727,0.7773004391423001
agate,3.309334156043632,1.945389314974042,1.36394484106959
puked,3.3092285257004517,2.1183092049259367,1.190919320774515
archi,3.3090752056423196,2.4601877271103167,0.8488874785320029
pilow,3.3090591613750244,2.2559410553418724,1.053118106033152
hurds,3.3089469321209184,2.351605828458662,0.9573411036622566
twerp,3.308892595283254,2.2740527578935916,1.0348398373896621
insee,3.3088590238894966,2.0318309642585572,1.2770280596309393
fitte,3.3088359144118527,1.859283807737453,1.4495521066743997
bawns,3.3088269124952174,2.1899663267342406,1.1188605857609768
rorid,3.3086918331340196,1.9856309480438068,1.3230608850902128
pupae,3.308635638066407,1.918038884800751,1.390596753265656
annoy,3.3085102092259637,1.9857748079654451,1.3227354012605184
misdo,3.308447218183316,2.3443323314285456,0.9641148867547705
aided,3.308439310333747,1.982936644786601,1.3255026655471462
milds,3.308263519875457,2.3403715019036286,0.9678920179718286
oping,3.308137637440826,2.3166608667040083,0.9914767707368176
pitot,3.308090529630516,1.9592574100449358,1.34883311958558
ginny,3.3080504145813925,1.8341103225414905,1.473940092039902
roton,3.308039445465641,2.058682508969499,1.2493569364961423
vinca,3.3080242022559814,2.2494617868052194,1.058562415450762
width,3.3080140650729426,2.1812399222063403,1.1267741428666025
breme,3.307984120129926,1.7873280212878324,1.5206560988420934
mgals,3.307932681284176,2.3151342507171573,0.9927984305670183
tirth,3.3079164636648146,1.989342090329448,1.3185743733353663
motty,3.307902227539042,1.8615612144519675,1.4463410130870749
rimus,3.307891438987784,2.396117336401613,0.9117741025861709
trets,3.3078721585760773,2.0730983009593444,1.2347738576167326
sweel,3.307733877958257,1.8391229824960642,1.4686108954621926
tophs,3.3076321305953047,2.3812969375736897,0.926335193021615
bewdy,3.307627959319615,2.0439443023530024,1.2636836569666128
globs,3.3075615408090826,2.2823931778581676,1.0251683629509152
eales,3.3074757895950597,2.068935729419344,1.2385400601757157
horah,3.3074681522714364,2.0057837825832885,1.3016843696881477
might,3.3074497696759346,2.2214332206019636,1.086016549073971
dumas,3.3073877513754297,2.3038123857104913,1.0035753656649382
grata,3.307345242608958,1.95949670599934,1.347848536609618
entre,3.307322670908093,2.057086938585372,1.2502357323227211
cohoe,3.307239991806454,1.9206517188256336,1.3865882729808203
hazel,3.3071207128150353,2.0791466510793333,1.227974061735702
plebs,3.3071003169238478,2.308614833556653,0.9984854833671949
liege,3.3070514212575324,1.9267807749112758,1.3802706463462564
barfi,3.306996845383799,2.2450960272397387,1.0619008181440601
owled,3.3068479315139157,2.2714418250852013,1.0354061064287143
bumpy,3.306802814643778,2.057485750101466,1.249317064542312
naira,3.3065990530233904,2.0668609739678345,1.2397380790555557
vowel,3.30643946014427,2.1033567318547717,1.2030827282894982
khirs,3.30625837123098,2.2877507896106297,1.0185075816203504
boody,3.306205929823715,1.745792388773271,1.5604135410504445
lesbo,3.3061755928249967,2.416917391502151,0.889258201322846
majoe,3.306071967009333,2.019880836046429,1.2861911309629037
yawed,3.306009156936532,2.214109783389241,1.091899373547291
polks,3.305746711929109,2.2578368934289523,1.0479098185001567
anion,3.3057410951669155,2.054349153326663,1.2513919418402522
jails,3.3057174022814344,2.141298840539248,1.1644185617421865
aches,3.305704585009947,2.440702418796884,0.8650021662130628
moths,3.305657856957982,2.3521750873419394,0.9534827696160428
bunds,3.305591783448282,2.2455504195616425,1.0600413638866395
mowra,3.3055600815171235,2.2588365566720556,1.046723524845068
embay,3.305487423404591,2.2316704725448284,1.0738169508597621
lobus,3.3053651905726276,2.3624483147723785,0.9429168758002491
tenno,3.3052221779278756,2.0445751179442007,1.2606470599836752
firms,3.3051993379044444,2.2455013936466575,1.059697944257787
tided,3.3049564468111363,1.970626566160513,1.3343298806506232
loons,3.3048148638904453,2.033597318745519,1.2712175451449261
layup,3.3047937280988764,2.3611148097900356,0.943678918308841
miked,3.3047795835510323,2.1411203881803322,1.1636591953707003
ycled,3.304633140435871,2.3575239402871544,0.9471092001487165
chums,3.3045374869672237,2.2373958461217716,1.067141640845452
cymes,3.3044454513280628,2.3098886621647305,0.9945567891633323
cotch,3.304401570575859,1.9213502983517643,1.3830512722240946
nelly,3.3043089884276347,1.9688053202883091,1.3355036681393258
treyf,3.3042509244344416,2.3213684261364524,0.9828824982979892
obias,3.3040373443285542,2.4297552655515346,0.8742820787770194
torts,3.30391518815198,2.074693871343471,1.2292213168085093
fibro,3.3037415108691297,2.233682939471646,1.0700585713974835
mynah,3.303700280514909,2.2757678446050846,1.0279324359098247
calix,3.303679603519681,2.111672014487249,1.1920075890324322
lewis,3.3035130632552065,2.3531385119873574,0.9503745512678493
levis,3.3034820090980648,2.30811524646632,0.9953667626317447
teers,3.3033655407218636,2.0730983009593444,1.2302672397625192
buiks,3.303339464456455,2.15115162688957,1.1521878375668846
repel,3.3031036373690794,1.971241435262812,1.3318622021062676
nifes,3.303056154603507,2.3432975175087485,0.9597586370947585
slags,3.303003692065783,1.9344115157753603,1.3685921762904223
canns,3.3028874550438196,1.9893596510742642,1.3135278039695555
kapur,3.302798009670391,2.2391675151651214,1.0636304945052697
dawns,3.3027162650610418,2.2533808885565922,1.0493353765044497
gives,3.30268135749134,2.1759562919631272,1.1267250655282126
orful,3.3024796674854455,2.3365414697287292,0.9659381977567165
adorb,3.3024565577303253,2.3605703992905505,0.9418861584397751
crick,3.302326554269774,1.8102312907453633,1.4920952635244107
aleye,3.3023060378951947,2.00573930134626,1.2965667365489346
amids,3.302108037498651,2.355745419196638,0.9463626183020127
fatty,3.3020025085046605,1.8037181205284538,1.4982843879762067
horks,3.3019811820251515,2.2918824032383815,1.01009877878677
seaze,3.3017379205988995,1.6461805048714755,1.655557415727424
cohab,3.3017019764372404,2.2930551268287513,1.008646849608489
zonal,3.301694618672723,2.1459510264757586,1.1557435921969643
reccy,3.301675906828058,1.951187278779992,1.350488628048066
brews,3.3015958373214147,2.214990382513052,1.0866054548083626
mbars,3.3014830848727135,2.30897429164321,0.9925087932295031
burka,3.301475713044132,2.188717679842473,1.1127580332016593
mimer,3.301443509149779,1.9419488009282262,1.3594947082215527
proto,3.301348569801508,1.97590084431386,1.3254477254876484
kuris,3.3011877496670023,2.3224158407988877,0.9787719088681147
vardo,3.3011811783214444,2.255899867882472,1.0452813104389727
punny,3.301034912490312,1.8099945151379562,1.4910403973523556
wifty,3.3009585193085966,2.0879209030964674,1.2130376162121292
roque,3.3009555745689294,2.1065959635275706,1.1943596110413586
yerds,3.300947079745724,2.424098644501621,0.8768484352441034
fyles,3.300828849882274,2.296283235912472,1.0045456139698021
whack,3.3008282166457357,2.022281957161737,1.2785462594839987
pinko,3.300781053397337,2.241654746952145,1.0591263064451917
dumpy,3.3006921672096023,2.1209003119238172,1.1797918552857853
hotty,3.300657634544855,1.9082559243270587,1.3924017102177964
taxon,3.300568342698197,2.1529581584563293,1.1476101842418676
tetra,3.3005236043657318,2.0940209196433233,1.2065026847224083
obeah,3.3005145969099043,2.35107114140889,0.9494434555010143
nixer,3.3002133457922262,2.149226698175525,1.1509866476167014
skene,3.3000498995044287,1.8248366741063367,1.4752132253980923
geasa,3.2998125749167997,1.9367767749161509,1.363035800000649
koaps,3.299777345456624,2.2732108107219617,1.0265665347346624
dandy,3.2995470210213274,1.8904369765196505,1.4091100445016767
tweak,3.2993100873316843,2.170130679186037,1.1291794081456472
priss,3.299307611170425,1.9631566906282165,1.3361509205422084
noncy,3.2993007700358463,1.914750135233088,1.3845506348027585
spoon,3.299260880127986,1.9292555903249384,1.3700052898030475
booth,3.2991916549514615,1.8222094900478827,1.476982164903579
rifts,3.2990632825188984,2.38202881096591,0.9170344715529885
readd,3.2990280144661943,1.999580079055525,1.2994479354106694
pixel,3.2989914720991065,2.0499723833537975,1.249019088745309
roses,3.2988875450985984,2.07399529181734,1.2248922532812583
rimer,3.298846358062818,1.9419488009282264,1.3568975571345916
sheas,3.2986680127210843,1.9821668606421037,1.3165011520789807
fenny,3.2986497602827494,1.7660855599443719,1.5325642003383775
bonks,3.2986260333525155,2.1858269943413626,1.1127990390111528
powns,3.298518566193069,2.2290030742887965,1.0695154919042724
bayou,3.2985008923094954,2.3146258039923047,0.9838750883171908
sadis,3.298400536535916,1.9750226842548408,1.3233778522810753
comps,3.298347010895138,2.2758876335923297,1.022459377302808
wands,3.2982716203683875,2.2533808885565922,1.044890731811795
bafts,3.2981814601513832,2.2263092984524366,1.0718721616989468
tozes,3.2981280764851597,2.152017569364433,1.1461105071207267
ebank,3.298109984334637,2.205154042641215,1.0929559416934223
fudgy,3.2981072605609043,2.0238269041495993,1.274280356411305
alkos,3.2979640973118554,2.3775525391425427,0.9204115581693127
eased,3.2979453310063933,1.9775587274984663,1.3203866035079268
mixer,3.2979377187897962,2.0373231832881356,1.2606145355016607
umrah,3.2978969345362534,2.330441870411187,0.9674550641250664
nicky,3.297769472582354,2.217639760944408,1.0801297116379458
troop,3.29766744492027,1.97590084431386,1.32176660060641
ramps,3.297587414774185,2.359424126965858,0.9381632878083267
boord,3.2975449832092947,1.8310101684034128,1.466534814805882
hiked,3.2975349905568456,2.187815098055424,1.1097198925014218
birks,3.297534059405927,2.2197280946446405,1.0778059647612868
novia,3.297532020396006,2.3090733717694842,0.9884586486265221
teels,3.2974316578808684,2.0566256507932557,1.2408060070876128
joled,3.297395136183513,2.0465934954848732,1.2508016406986402
duett,3.2973741737862223,1.9186935326743664,1.378680641111856
actus,3.2973688425831194,2.4760660495112736,0.8213027930718458
pryer,3.297300504982392,1.9024963057987585,1.3948041991836335
ritzy,3.2972333353232948,2.0987969186888957,1.1984364166343993
prowk,3.297168690354393,2.0654194153557404,1.2317492749986525
pissy,3.297066658466419,1.8779389109980746,1.4191277474683444
toxin,3.2970234599235133,2.1374134570604846,1.1596100028630287
abate,3.296950676791174,1.9227567057340056,1.3741939710571685
folly,3.2969410637733305,1.7892411940934403,1.5076998696798902
sipes,3.296858677878114,1.9490492996029185,1.3478093782751954
minny,3.2965859703408933,1.8328056983923522,1.463780271948541
janes,3.296567393547554,2.1222748200179318,1.1742925735296221
redry,3.296364177380152,1.9154610322984622,1.3809031450816895
socas,3.296335826737221,2.014880544364123,1.281455282373098
skatt,3.296334241693858,1.8624692346904186,1.4338650070034396
ruder,3.2963153067066644,1.9321023441735337,1.3642129625331307
bitty,3.29621051192563,1.8361016157333174,1.460108896192313
voids,3.2961956350119967,2.2183338149295695,1.0778618200824273
bouks,3.296024548292987,2.1552832405173223,1.140741307775665
firry,3.2960027196748793,1.8015822306317766,1.494420489043103
kilns,3.2959835745584924,2.3364869444568392,0.9594966301016532
serer,3.2959097333851743,1.5558481486982947,1.7400615846868797
toros,3.295895840422485,2.074693871343471,1.2212019690790141
teens,3.2958167368865956,2.035065587028314,1.2607511498582817
powis,3.2957947360619304,2.250392353950903,1.0454023821110277
boxen,3.2956982936634347,1.9820940978939596,1.3136041957694753
oumas,3.295660691030809,2.399150217156286,0.8965104738745229
lefts,3.2955914410425113,2.368092204043447,0.9274992369990644
maran,3.295547626912578,1.9335681794183386,1.3619794474942395
micky,3.2954938455799234,2.1057362460570186,1.1897575995229048
cleek,3.2954812358288934,1.7962946838229006,1.4991865520059928
hongi,3.295328368681429,2.334233726347349,0.9610946423340797
mocus,3.2950330062604545,2.3281255444239286,0.9669074618365258
omlah,3.2949930623948003,2.3700338673589973,0.9249591950358029
edify,3.2949901942548583,2.2102841512797298,1.0847060429751285
cided,3.294927177198315,1.9119119720542441,1.383015205144071
helly,3.2947887684310166,1.9035965152760106,1.391192253155006
coxes,3.294725035077782,2.0972462685718134,1.197478766505969
bleed,3.2945968975956377,1.8129419478531974,1.4816549497424403
hundo,3.2943808503625034,2.323082645443518,0.9712982049189853
diana,3.294253277539741,1.9590113218808687,1.3352419556588722
guimp,3.2941730481116744,2.1486927047027202,1.145480343408954
pacay,3.294093310894201,1.8433815583455413,1.4507117525486597
laxed,3.2940502283133943,2.078481811249345,1.2155684170640495
ernes,3.2940499350343773,2.0484743985274814,1.2455755365068957
tanas,3.2940038962729226,2.048074245180533,1.2459296510923896
raxes,3.2939654389568296,2.1807827619453417,1.1131826770114879
khors,3.2938524880806437,2.291882403238382,1.001970084842262
gauje,3.2937954069902062,1.9651208130816684,1.3286745939085378
aloos,3.2937231700995877,2.0705312998034704,1.2231918702961173
ameer,3.293546027130625,1.957493502324071,1.3360525248065542
helms,3.293446619335488,2.3475156782908915,0.9459309410445965
pungs,3.29337162015489,2.255218302301975,1.038153317852915
ochry,3.2931810083152957,2.380200293981007,0.9129807143342885
serre,3.293156083002622,1.5558481486982947,1.7373079343043272
otium,3.2929129547805025,2.3922180558183324,0.9006948989621701
munga,3.2928643316436768,2.2470190707542037,1.045845260889473
sorgo,3.292697090149148,1.9394710781733566,1.3532260119757917
helps,3.292578114107035,2.3766375285226418,0.9159405855843935
vista,3.2925563738661614,2.3241877432854605,0.9683686305807011
stush,3.2923128491261626,1.9153877052862434,1.3769251438399193
yagis,3.292221188332417,2.3796819158026,0.9125392725298166
invar,3.2920221911062844,2.321585192410655,0.9704369986956292
nodus,3.291996903814979,2.4043028128297883,0.8876940909851906
blows,3.2919833330518093,2.20011330273109,1.0918700303207196
rypin,3.291979926930595,2.3925865123843195,0.8993934145462752
abius,3.2919750511442007,2.3736906184376356,0.9182844327065652
unsod,3.2919015920599177,2.4043028128297887,0.8875987792301292
beres,3.291813940389342,1.9152428985491938,1.3765710418401482
sunis,3.2917410391962143,1.9773618875287853,1.3143791516674292
cotta,3.2916963618151955,2.023493084422014,1.2682032773931817
hibas,3.2916346890425734,2.339025567249377,0.9526091217931961
tasso,3.291617996940751,2.0735951384703917,1.2180228584703592
tomme,3.2915444609325926,1.9326716030568112,1.3588728578757814
yauds,3.2914740596565464,2.3685308348987695,0.922943224757777
dirks,3.291423411971752,2.283142656466992,1.00828075550476
redug,3.29117207884107,2.314129703264469,0.9770423755766009
pendu,3.291037464023026,2.3039142154160506,0.9871232486069754
sodas,3.2910240972893146,1.9791542978825931,1.3118697994067217
mossy,3.2909452983300063,1.8529486743940764,1.4379966239359299
grump,3.290861302266266,2.165336138971644,1.1255251632946222
juste,3.2908476742844854,2.079420987567804,1.2114266867166814
caxon,3.2905390730853754,2.09424356435006,1.1962955087353153
jeans,3.290454656254316,2.1222748200179318,1.1681798362363844
whift,3.2904384893080043,2.0698971637832804,1.220541325524724
cooky,3.290438249870676,1.7291451247429739,1.5612931251277025
worms,3.2904147602585256,2.2379139379880764,1.052500822270449
ditty,3.290099864491456,1.8995161775556693,1.3905836869357864
omers,3.2900736613756805,2.4547180267591373,0.8353556346165432
galea,3.290011581513353,1.9423254763071203,1.3476861052062323
fermi,3.2899207781401083,2.2534153541784177,1.0365054239616907
crock,3.2899206711194378,1.8143629043731155,1.4755577667463222
douks,3.2899139008588127,2.2186978023396744,1.0712160985191383
bogus,3.2898722056286873,2.2302893602691856,1.059582845359502
pseud,3.289724583522735,2.3199255777900225,0.9697990057327127
modus,3.2897212768125486,2.292399297942399,0.9973219788701496
jodel,3.2896492526602286,2.0465934954848737,1.2430557571753549
mebos,3.289642690982311,2.2834538128498196,1.0061888781324915
bemud,3.2896009129949784,2.1415608652060127,1.1480400477889656
antar,3.2893948943178897,2.070095596737591,1.2192992975802983
slams,3.2893796925350065,1.9331068916262222,1.3562728009087845
hinny,3.289341377346706,1.8795004082674434,1.4098409690792626
rahui,3.289252988802996,2.4637346649606826,0.8255183238423136
steem,3.2891368238633243,1.9231620721409244,1.3659747517224001
mesel,3.289070836190194,1.920098233474003,1.3689726027161913
mings,3.2889226780054717,2.278029485556371,1.0108931924491003
thana,3.288911429289513,1.9668540777942622,1.322057351495251
funda,3.2888764296005384,2.2185448416449134,1.0703315879556252
twerk,3.2888377384927185,2.171229412059116,1.1176083264336028
pyric,3.28881013184153,2.358495820709914,0.9303143111316162
slaps,3.288511187306554,1.9622287418579725,1.3262824454485815
stept,3.288455878585927,1.9522839223726747,1.3361719562132524
gnarr,3.2882674685722035,1.9348728035674767,1.3533946650047268
bowrs,3.2882542942785125,2.2165859528971787,1.0716683413813337
knawe,3.2882294202085935,2.145506776754174,1.1427226434544195
wecht,3.288198066990228,2.2195022119314958,1.068695855058732
liwas,3.288173115032367,2.366147170139576,0.922025944892791
cozes,3.2880988068723385,2.093302975258164,1.1947958316141745
links,3.288072505267405,2.3364869444568392,0.9515855608105658
gaita,3.288061053889263,1.9428532717304163,1.3452077821588468
sposa,3.288048664422888,1.9661895713828894,1.3218590930399985
bolks,3.287933636179284,2.207387058106304,1.0805465780729804
hocus,3.287788413266267,2.3748202542990198,0.9129681589672473
walds,3.2875792231951566,2.274940952321534,1.0126382708736226
penks,3.287510265667859,2.234681259279884,1.052829006387975
lases,3.287452194645973,2.068935729419344,1.2185164652266296
lazed,3.2874240001079515,2.0745385179356965,1.2128854821722552
razes,3.2873392107513855,2.1768394686316923,1.1104997421196934
korus,3.287322528231066,2.3265474544266405,0.9607750738044255
azide,3.28731032325191,2.074367733832861,1.2129425894190486
ducti,3.28729196591316,2.3746930475855215,0.9125989183276385
kafir,3.2872776970647486,2.192722516727912,1.094555180336837
scars,3.28717852594678,2.0273923650052943,1.2597861609414855
pross,3.286901728020089,1.9672883042559688,1.31961342376412
embar,3.2868801697675583,2.3168882521749703,0.9699919175925882
barby,3.2868551691805665,1.8650551286283292,1.4218000405522373
boron,3.2868398293953165,1.9008271065593485,1.3860127228359682
ideas,3.286772535843725,2.4915742569897597,0.7951982788539651
drubs,3.2864439265716245,2.283583133492673,1.0028607930789515
sposh,3.286435868310523,1.86404678531264,1.422389082997883
locum,3.2864342342968396,2.3336742458148985,0.9527599884819413
chara,3.2864309635119597,1.9461721976190238,1.340258765892936
naiad,3.2860851176356274,1.9590113218808687,1.327073795754759
frorn,3.285922866730143,1.8528989099586406,1.4330239567715022
cella,3.2858274957013576,2.018833675370966,1.2669938203303917
boxty,3.285824482925163,1.935607611720979,1.3502168712041835
beget,3.2858022247581316,1.7752238339378033,1.5105783908203283
deres,3.2857032929551666,1.9786574603715454,1.3070458325836214
carap,3.2855791470060534,1.9285993379756832,1.3569798090303702
tajes,3.285477602073696,2.146898722449795,1.1385788796239011
kaims,3.2853648322834412,2.239957346862459,1.045407485420982
yorps,3.2853501793777595,2.4127294883860437,0.8726206909917159
pened,3.285346777484226,1.841831719410904,1.4435150580733223
lurks,3.285308113333823,2.322586624901723,0.9627214884320997
ileal,3.285230053337954,2.0743136467074783,1.2109164066304758
owari,3.285021608061921,2.3921293512215516,0.8928922568403691
knave,3.2849881334378135,2.100483511233137,1.1845046222046767
finds,3.2849347759623333,2.249555256447081,1.0353795195152524
ganks,3.2848898407957074,2.219872691349491,1.0650171494462166
yogas,3.2848447490858153,2.3838135294303524,0.9010312196554631
volti,3.2847508318982443,2.3183233569083375,0.966427474989907
loots,3.2846368513535174,2.0582212211773823,1.2264156301761349
stens,3.2845535513088513,2.035065587028314,1.2494879642805374
unlap,3.284436292561093,2.408299875489147,0.8761364170719461
nubia,3.284351579872025,2.3576792560636637,0.9266723238083616
quies,3.2842959611303577,2.0804429983427597,1.2038529627875982
nemic,3.2842910566275902,2.362451645151977,0.9218394114756135
secco,3.2842690016644047,2.001871886211904,1.2823971154525011
waked,3.284095286870732,2.0756898385982376,1.2084054482724942
hives,3.2839723202566526,2.2213463776890796,1.0626259425675733
diebs,3.2839040674725424,2.3214087759535214,0.9624952915190209
theed,3.2838718756439294,1.884028481486108,1.3998433941578217
ocker,3.283731748703992,2.330914477108035,0.9528172715959573
tocks,3.2837031778436985,2.309591705077107,0.9741114727665913
unrig,3.283663355346751,2.381410598176779,0.9022527571699718
glums,3.2834341639229727,2.2476565158351662,1.0357776480878065
cavus,3.2834048769137274,2.213540115693045,1.0698647612206822
dying,3.2833294550281154,2.2569196342147415,1.0264098208133738
talas,3.283311499099692,2.0696343089454747,1.2136771901542174
pervs,3.2832818124418823,2.2204169523146633,1.0628648601272188
amene,3.283243572912805,1.9194607883930406,1.3637827845197643
bunny,3.2832218367404873,1.7595446798153078,1.5236771569251795
grass,3.283039361265428,1.9508841659414489,1.3321551953239792
vices,3.2829991060382255,2.252464491026972,1.030534615011253
dozen,3.2829614180238167,2.0415653664026623,1.2413960516211542
honor,3.2829266354740785,1.9688498015253375,1.3140768339487412
sords,3.2828841413505634,1.9802530307556723,1.302631110594891
onium,3.2828784451245117,2.3675941533864693,0.9152842917380424
grees,3.282842139639139,1.9378755077892298,1.344966631849909
pubis,3.2825832413808076,2.2539749727240452,1.0286082686567626
nerks,3.282572558587289,2.3554956378665537,0.9270769207207351
dawts,3.2825382525241142,2.2780047909884553,1.0045334615356587
omens,3.2825248575404125,2.4166853128281067,0.8658395447123057
palki,3.282504643188535,2.2746278984851793,1.0078767447033559
lweis,3.282470181196654,2.353138511987357,0.9293316692092971
lenes,3.28235238625082,2.0320017483613926,1.2503506378894274
bowls,3.2823204114375173,2.20011330273109,1.0822071087064273
leave,3.2822938584265193,1.815022335659006,1.4672715227675135
talls,3.282279184712741,2.0696343089454747,1.2126448757672663
snush,3.282278339470172,1.8907638028543803,1.3915145366157915
mulga,3.282171934470446,2.268579134519145,1.0135927999513006
vints,3.281792945401331,2.2872537622275093,0.9945391831738215
hings,3.281678085011284,2.3247241954314624,0.9569538895798216
lurex,3.2816367619749904,2.11885372845432,1.1627830335206701
poufs,3.281528704298566,2.2101783897510896,1.0713503145474763
comme,3.2815151913197713,1.8739570089505424,1.407558182369229
briss,3.2814945354206,1.9127068553055682,1.368787680115032
ginge,3.2813821732930135,1.9052207111463342,1.3761614621466793
motor,3.281275626172515,1.9467789940821094,1.3344966320904057
netty,3.281249011106992,1.9718691589552304,1.3093798521517617
worry,3.281218142028961,1.7939947749731957,1.487223367055765
abuts,3.281071174010881,2.3769252412073922,0.9041459328034888
ceric,3.280938800609047,2.01976162414121,1.2611771764678368
aglee,3.280890901366332,1.9423254763071203,1.3385654250592118
admin,3.2807149422534563,2.3397340568226657,0.9409808854307908
terfe,3.2807082147608773,1.8759272420063768,1.4047809727545002
pekid,3.2803975087705,2.170242238412083,1.1101552703584174
chivs,3.280393637866836,2.163330363108942,1.1170632747578941
kirby,3.280310222945287,2.1565316665715573,1.1237785563737301
merks,3.280296931584859,2.243592122979164,1.0367048086056945
divna,3.280177860477127,2.2137355403236896,1.0664423201534377
ogles,3.28017218599394,2.439550000742187,0.8406221852517531
tenth,3.2800795941769216,1.9538454196420434,1.3262341745348785
ruvid,3.279909219985929,2.1842905193727287,1.0956187006132005
scans,3.2796297221115123,1.9893596510742642,1.2902700710372481
temps,3.2794474370734776,2.333006657314472,0.9464407797590059
gonys,3.2794330632660627,2.3468795483724016,0.9325535148936612
fohns,3.27942385720521,2.2582950032184703,1.0211288539867396
kinos,3.279375602323295,2.340447773981756,0.9389278283415392
kidge,3.2793007557965668,2.142425012329471,1.1368757434670957
roers,3.2792767053453,2.07399529181734,1.2052814135279597
ephor,3.279166156925937,2.4026197096046173,0.8765464473213198
chana,3.2788821596766917,1.9081394836879935,1.3707426759886985
dashi,3.2786583843052033,2.4024401290717288,0.8762182552334746
lungi,3.2786552999901,2.3649379480106902,0.9137173519794095
gurge,3.278617781359431,1.891320391591218,1.3872973897682133
reive,3.2784481904775085,1.81595028442925,1.4624979060482586
conto,3.2784228459227487,1.9865591033640628,1.2918637425586859
misgo,3.2784139791400997,2.30355037884623,0.9748636002938696
sewen,3.278282882868271,1.8175629187311224,1.4607199641371482
icier,3.2782674693244775,2.0197616241412097,1.258505845183268
seven,3.278251828711129,1.7725396532100852,1.5057121755010436
mikan,3.278152159728151,2.2239459844884872,1.0542061752396639
mered,3.2781334434012255,1.850742583110184,1.4273908602910417
sippy,3.2780989631394224,1.8779389109980746,1.4001600521413478
womas,3.278056813677737,2.236815205114997,1.04124160856274
shris,3.2779692298096754,1.980729550271557,1.2972396795381185
bhoot,3.2779037778320994,1.8222094900478827,1.4556942877842165
yowed,3.277887734884559,2.2026966956211487,1.0751910392634105
zoned,3.2778281653470662,2.0415653664026623,1.2362627989444042
asset,3.2777129209527684,2.071999568086265,1.2057133528665034
knead,3.2777066661429415,2.2685686044635665,1.009138061679375
gleys,3.2775674156928183,2.366844041753217,0.9107233739396015
gulph,3.2775310778393516,2.1955581986806463,1.081972879158705
knife,3.2774270269820396,2.141681144644662,1.1357458823373774
gilly,3.2774128746374926,1.8556703863064323,1.4217424883310603
waxer,3.2772534221094958,1.971892633706041,1.3053607884034546
dunny,3.277111189306312,1.8229592416376594,1.4541519476686526
maars,3.277098020386677,1.9495795417923105,1.3275184785943663
freed,3.2769981161734485,1.7814864014185783,1.4955117147548702
emong,3.2767608287031895,2.2900750597158837,0.986685768987306
churr,3.2767336151006266,1.8786944627370328,1.3980391523635938
meths,3.2767290135235014,2.3505795169578128,0.9261494965656887
gismo,3.2762544238498226,2.30355037884623,0.9727040450035928
ought,3.276247928296733,2.3069245952930655,0.9693233330036675
dowls,3.276209764003342,2.2635278645534416,1.0126818994499005
boogy,3.276172690780499,1.7050104361909553,1.5711622545895436
aioli,3.2761340570701876,2.075909217091605,1.2002248399785826
ducky,3.276019064545343,2.0958897893023263,1.1801292752430166
howdy,3.2759901509106286,2.113562567703118,1.1624275832075108
clack,3.2759845762099378,1.8093033419751192,1.4666812342348186
joins,3.275981059235189,2.108325689006214,1.167655370228975
ustad,3.275902442682028,2.440339803029744,0.835562639652284
kilts,3.2758055620215645,2.3611108468887023,0.914694715132862
latah,3.275656283662353,1.988414141559204,1.287242142103149
basal,3.275577344771232,1.9117789065353241,1.3637984382359083
bungs,3.275558544405065,2.204768466979327,1.0707900774257386
spars,3.275556612250756,1.978701392024061,1.2968552202266945
cache,3.275531667016545,1.9320648065937256,1.3434668604228193
natal,3.2754997282516927,2.053622946571503,1.2218767816801899
meows,3.2754736789634347,2.2238065469627784,1.0516671320006563
culex,3.2754603549631787,2.046730322848884,1.228730032114295
truss,3.275406959012681,2.018629224229572,1.256777734783109
caddy,3.275393813885958,1.8563462848452448,1.4190475290407134
raree,3.2752446711357357,1.5767707673822735,1.6984739037534622
forks,3.2752046339329848,2.175931511671685,1.0992731222613
campi,3.2751049421545635,2.2926786386485567,0.9824263035060069
berme,3.2750983062713486,1.7873280212878324,1.4877702849835162
terts,3.2749863447174996,2.0730983009593444,1.2018880437581552
aleem,3.2749844287345358,1.9410208521579824,1.3339635765765536
umber,3.2749635126347596,2.2494105172929793,1.0255529953417803
udons,3.2749338208107854,2.4043028128297887,0.8706310079809966
rappe,3.2749115782811624,1.986615352555821,1.2882962257253414
tofus,3.2748763388248117,2.317583956838592,0.95729238198622
wacky,3.274809548899623,2.040305696474924,1.234503852424699
gurry,3.274802112552048,1.8202100029863744,1.4545921095656733
hemic,3.2747708366309727,2.2972428401396785,0.9775279964912943
conns,3.274766032991847,1.9779465633061717,1.2968194696856754
vinos,3.274670588529831,2.288150753085505,0.9865198354443262
downs,3.2745948430090692,2.2419678007884998,1.0326270422205694
lochs,3.2744856023038516,2.4269240718880014,0.8475615304158501
frows,3.2743845516296206,2.168657756296471,1.1057267953331495
sunts,3.274286856790425,1.980596510298542,1.293690346491883
inner,3.2740729083594005,2.0538523158156154,1.2202205925437848
rabat,3.274036431938428,1.9368640967593038,1.3371723351791243
ranns,3.274006436870894,2.0614830566797,1.212523380191194
pygal,3.2738525162699945,2.2810596728758243,0.9927928433941701
sados,3.273823997258627,1.9791542978825931,1.2946696993760338
vegan,3.2736153156236707,2.1754896309849996,1.098125684638671
fight,3.2734286285895804,2.1521770389103576,1.1212515896792226
manks,3.2734253965552087,2.2185680672003527,1.0548573293548558
slomo,3.2734175567728636,1.9216938038581297,1.3517237529147341
peyse,3.273394761560784,1.8804749542417003,1.3929198073190836
dryer,3.2733767817983925,1.9154610322984622,1.3579157494999303
arnas,3.2733685080616204,2.0614830566797,1.2118854513819204
hyens,3.273295085493104,2.3906740637142274,0.8826210217788766
torii,3.27324050253498,2.0800717886316056,1.1931687139033742
laura,3.273090848171976,2.03648800424663,1.2366028439253463
quash,3.2730564748062365,2.0068535718205736,1.2662029029856632
racks,3.2729143121099247,2.3344136043443666,0.9385007077655579
tithe,3.272665705889424,1.97523469930415,1.2974310065852743
pooch,3.272608141468046,1.813944731264262,1.4586634102037839
knits,3.272403736464793,2.3395507831237605,0.9328529533410325
imply,3.272386442507698,2.2642103473308417,1.0081760951768566
gulab,3.272281149312833,2.2472511494282474,1.0250299998845858
calls,3.27224991509992,2.0109197148392055,1.2613302002607143
umbre,3.272209862252207,2.2494105172929793,1.0227993449592279
smash,3.272209777139773,1.8463380228489819,1.425871754290791
goyim,3.271855836388532,2.2403539507731467,1.0315018856153857
aarti,3.2718459043079293,2.0914848763996976,1.1803610279082317
humid,3.2718283260219287,2.207047516928376,1.064780809093553
mungo,3.271592204313474,2.2356059829861112,1.035986221327363
forex,3.2715332825741523,1.972198615224282,1.2993346673498702
visto,3.2712842465359593,2.312774655517368,0.958509591018591
chows,3.2712290414872798,2.2124852422577312,1.0587437992295485
afros,3.2711986051099067,2.39847050321975,0.8727281018901567
whelp,3.2711323583529275,2.167747400283341,1.1033849580695867
crewe,3.2709647117795786,1.8054935786137747,1.4654711331658037
puhas,3.270901318652524,2.3375423690858788,0.9333589495666456
label,3.270832800575929,1.9196928670670843,1.3511399335088448
fiked,3.270758442464678,2.0718642064887263,1.1988942359759516
hapus,3.2705893033193485,2.3375423690858788,0.9330469342334697
waves,3.27053261657054,2.1092211182318943,1.1613114983386459
yente,3.2705205995010225,1.9718691589552306,1.298651440545792
pully,3.2703973725464124,1.8315545789028977,1.4388427936435144
jeats,3.2702766437173882,2.146898722449795,1.1233779212675934
dictu,3.2702031305024155,2.3746930475855215,0.8955100829168943
pubco,3.2700881884994666,2.20800453230342,1.0620836561960467
tacan,3.2700250297369373,1.997972191132155,1.2720528386047822
haars,3.2698534273924897,1.9962742516674017,1.273579175725088
pools,3.269782614256961,1.95081565408988,1.3189669601670813
pukes,3.2695869638392883,2.204137505455844,1.0654494583834442
esrog,3.269571144016877,2.4560226509082757,0.8135484931086014
romps,3.2694659927222123,2.348011039197766,0.9214549535244464
dungs,3.26944789697089,2.2681830288016784,1.0012648681692118
thanx,3.2694259400398042,2.0622284601541714,1.207197479885633
moola,3.269275325745748,1.942616422542109,1.3266589032036393
melba,3.2688374353781677,2.3004156020088815,0.9684218333692862
kilos,3.2686832051500647,2.362007837746698,0.9066753674033667
jones,3.268445971495581,2.1108617322498393,1.1575842392457418
otter,3.2683487622331118,2.0826078318752312,1.1857409303578808
koban,3.268281911417975,2.2067496130253414,1.0615322983926334
wangs,3.2682383813251707,2.2125989359742766,1.0556394453508942
poons,3.268167693262688,1.9292555903249382,1.3389121029377502
avers,3.2681077172647557,2.3401325980282532,0.9279751192365022
felly,3.2680122203388495,1.7876456237093137,1.4803665966295358
spans,3.2680078084154878,1.9406686780930307,1.327339130322457
axion,3.2677793964578217,2.1497235356865723,1.1180558607712494
forbs,3.267731489327737,2.2283050221835117,1.0394264671442255
osone,3.267728437875177,2.03596257788631,1.231765859988867
scull,3.2676437909746583,1.943441979957215,1.3242018110174434
fundo,3.2676043022703363,2.207131753876821,1.0604725483935151
crook,3.267583318516914,1.8143629043731155,1.4532204141437983
mixte,3.2674572520350478,2.023914371788968,1.2435428802460797
haiku,3.2674556829243606,2.240096940539538,1.0273587423848227
sensu,3.2673188076757267,1.979897930772411,1.2874208769033157
solus,3.2671834205870467,2.0030535649214793,1.2641298556655673
ecrus,3.2670018566130357,2.476466202858222,0.7905356537548135
didst,3.2668630606372995,1.9627126056287527,1.3041504550085468
eathe,3.2667979566708922,1.9907794006999946,1.2760185559708974
sanga,3.2667557512471275,1.9128514520104185,1.3539042992367092
brood,3.2666989802836586,1.8310101684034128,1.435688811880246
venti,3.266514385636995,2.2951677227592695,0.9713466628777254
mihas,3.2664523765031057,2.3603535523402748,0.9060988241628308
umble,3.266275979411212,2.2329378671268905,1.0333381122843215
sabra,3.2662400064394523,1.928251556701413,1.3379884497380392
hanks,3.2661808035610207,2.2652627770754434,1.0009180264855773
icker,3.265970899758657,2.3267828634802825,0.9391880362783749
milly,3.2659484303969935,1.854365762157294,1.4115826682396997
loxed,3.2659288062614227,2.0670687234812535,1.1988600827801692
obits,3.265838179117393,2.4174451869254465,0.8483929921919463
fugio,3.2657499458866788,2.1877390809566117,1.0780108649300668
rigmo,3.2656604533060536,2.3255717304032886,0.940088722902765
herbs,3.2655791939854235,2.342660343366082,0.9229188506193414
tauts,3.265513324628322,2.017530491356493,1.2479828332718288
merde,3.2654334859960614,1.850742583110184,1.4146909028858774
braai,3.2654106855484617,1.9336294739895474,1.3317812115589143
nains,3.2653563841581827,2.0448396224107763,1.2205167617474064
debag,3.2652161922116196,2.2103432242371426,1.0548729679744773
weest,3.265212318240562,1.8421868211629855,1.4230254970775766
mikes,3.2651380216898698,2.22694868871024,1.0381893329796295
eruvs,3.2651032462775644,2.2726548631462626,0.992448383131302
traga,3.265072441974105,1.9594967059993398,1.305575735974765
yirds,3.2648621487175133,2.421562601257995,0.8432995474595183
plaas,3.2648428335773887,1.9622287418579725,1.3026140917194162
gyros,3.2647499532133257,2.384912262303432,0.8798376909098939
baccy,3.2647091534323316,1.792931723022893,1.4717774304094389
codex,3.264690827424139,2.0114179680419055,1.2532728593822333
magus,3.2646715688313805,2.2630304331281756,1.001641135703205
noyau,3.2646545604933337,2.4478573039705918,0.8167972565227422
cello,3.2645553683711555,2.0074205876028737,1.2571347807682816
pahus,3.2644125364631886,2.3375423690858788,0.9268701673773098
goody,3.264348315214935,1.768424998013307,1.495923317201628
jural,3.2641758202861273,2.11138715861016,1.1527886616759675
quoin,3.264159233212932,2.0660272063529144,1.1981320268600173
yogis,3.2640997662804443,2.368268828034508,0.8958309382459363
chaco,3.264060103308678,1.9336603769778522,1.3303997263308258
yangs,3.2640423056728576,2.3582926361404937,0.905749669532364
fixer,3.2639165777034416,1.9680670015965296,1.295849576106912
gnapi,3.263839344417801,2.3280739544721003,0.9357653899457007
totem,3.263773030963287,1.9326716030568112,1.331101427906476
plomb,3.263729583774145,2.1822955266794177,1.0814340570947274
waifs,3.263710381632314,2.1634274097956387,1.1002829718366753
mapou,3.2636840267315845,2.300357190126675,0.9633268366049099
devas,3.26365609809168,2.232282945941287,1.0313731521503928
incas,3.263545284330279,2.503375180565557,0.760170103764722
zesty,3.263390827330847,2.0793116103754627,1.1840792169553844
omdeh,3.2633807255458587,2.265648207285901,0.9977325182599576
murry,3.2633376683115483,1.818905378837236,1.4444322894743125
azury,3.2630781369947464,2.0591739638288367,1.20390417316591
mawrs,3.2630536574812057,2.249327025756169,1.0137266317250366
dross,3.262978004836089,1.980253030755672,1.2827249740804167
dhaks,3.2629376475732457,2.195445838919508,1.0674918086537377
rotta,3.2628153436422704,2.0956164900274503,1.1671988536148201
barro,3.262783027166745,1.9377610876172997,1.3250219395494451
unbed,3.262644406276684,2.253464380093402,1.0091800261832817
finny,3.2625648292545386,1.7635495167007462,1.4990153125537924
boomy,3.262548691249723,1.7037058120418171,1.5588428792079059
wyted,3.2624688545123073,2.201799704763153,1.0606691497491543
poupt,3.262376118617645,1.9073243765587895,1.3550517420588557
avels,3.26217383442376,2.3236599478621645,0.9385138865615958
leccy,3.2621191343234597,1.9347146286139032,1.3274045057095565
flobs,3.2620759554822287,2.2118323720174233,1.0502435834648056
messy,3.2620164548955257,1.8513531040099498,1.4106633508855757
casco,3.2618948460826855,2.014880544364123,1.2470143017185624
zeals,3.261810209238911,2.160366818465604,1.1014433907733072
twite,3.2617931143523133,1.84756473845112,1.4142283759011933
decaf,3.2617799143462367,2.2389232267002797,1.022856687645957
ratoo,3.2616452906345454,2.09561649002745,1.1660288006070954
rooky,3.261557231697751,1.8012685303484102,1.4602887013493409
reech,3.2613468973062067,1.933163539466805,1.328183357839402
etage,3.2612840830460055,1.9453893149740418,1.315894768071964
focus,3.2610118651741002,2.2588693627323226,1.0021425024417774
flaxy,3.261009074159704,1.8960286642214417,1.3649804099382625
gauzy,3.2607880155832225,1.9105423591595552,1.3502456564236673
wyled,3.2606720596348273,2.1987358660962313,1.061936193538596
avens,3.2605589134294872,2.3020998840972227,0.9584590293322648
shets,3.260468847509923,1.9698567820160156,1.2906120654939077
flaws,3.2604484567201197,2.163598193898474,1.0968502628216459
choon,3.2604300039852783,1.896726395919901,1.3637036080653775
piais,3.2603700259005555,1.9620579577551371,1.2983120681454183
bunya,3.260218557050357,2.2891049107024455,0.9711136463479114
soaks,3.2601124622962407,1.8633662255484142,1.3967462367478265
knots,3.2599978533144567,2.343682396751513,0.916315456562944
recue,3.259914077960492,1.9678285906550634,1.2920854873054286
sklim,3.259906156984384,2.2245834295694498,1.0353227274149344
arhat,3.2598844259792172,2.0048867917252924,1.2549976342539249
grews,3.259738222712634,2.237622991753088,1.022115230959546
nmoli,3.259699477917925,2.419697970975451,0.840001506942474
yamun,3.2595432845644687,2.3104328957933435,0.9491103887711252
lifts,3.2595065100143006,2.3655561607998212,0.8939503492144794
uncia,3.2594786710102532,2.4568200643675455,0.8026586066427075
wolds,3.2594578011431836,2.2635278645534416,0.9959299365897422
scats,3.2594517095745843,2.0139835535061272,1.245468156068457
loess,3.2594138140859465,2.0575226416512513,1.201891172434695
scowp,3.25936455115586,2.1949123826143904,1.0644521685414698
dervs,3.2593580892578826,2.2333816788143666,1.0259764104435158
loses,3.2593307725940006,2.0575226416512513,1.201808130942749
rozes,3.2592177886994134,2.1654263808636003,1.093791407835813
musse,3.259213933839486,1.8679944158850215,1.3912195179544646
weeny,3.258801685890548,1.7543664906580387,1.504435195232509
hilly,3.258703837402806,1.901060472032385,1.357643365370421
molal,3.258679801612819,1.942616422542109,1.3160633790707101
beted,3.2586380994386506,1.816005786520119,1.442632312918532
heder,3.2586101504842127,1.897437292985275,1.3611728574989377
reels,3.2585213700951225,2.070034462292423,1.1884869078026994
figos,3.2585038803013866,2.234294197154624,1.0242096831467626
aredd,3.2584129416793077,1.9995800790555245,1.2588328626237832
seize,3.2583354801452917,1.6306358034756312,1.6276996766696605
edile,3.2581992770937287,1.9675627274935916,1.290636549600137
laldy,3.2580485157389756,1.9119970402845923,1.346051475454383
lamps,3.2580306422695875,2.3429514767997697,0.9150791654698177
kunas,3.258010931956271,2.2999278282637023,0.9580831036925685
boors,3.2579034213481317,1.9168384689333204,1.3410649524148113
hikes,3.257893428695682,2.2736433985853313,0.9842500301103508
joles,3.2577535743223507,2.132421796014781,1.1253317783075694
oasal,3.2577396369924365,2.0705312998034704,1.1872083371889661
jarul,3.2576870380967913,2.11138715861016,1.1462998794866317
tasto,3.2576061108224774,2.0735951384703917,1.184010972352086
porno,3.2574376976705004,1.9512769418819969,1.3061607557885035
toddy,3.2573016614468067,1.9036477911834213,1.3536538702633854
ickle,3.25728336653511,2.3103102133141937,0.9469731532209161
molys,3.257276221852333,2.367134987988205,0.8901412338641279
fives,3.2571957721644864,2.105395486122383,1.1518002860421033
medle,3.2571672102548526,1.8342699329440952,1.4228972773107573
reens,3.2569064491008497,2.0484743985274814,1.2084320505733683
gonks,3.256768418743735,2.2084596035813986,1.0483088151623363
alarm,3.25658650198866,1.9551282431832804,1.3014582588053794
doomy,3.256438043815548,1.7671203738641688,1.489317669951379
ceroc,3.2563622613317578,2.0238932377689625,1.2324690235627953
tophi,3.256268639802758,2.386674854861824,0.8695937849409339
globi,3.256198050016536,2.287771095146302,0.9684269548702339
hurry,3.256093075317361,1.8656000887123272,1.390492986605034
ormer,3.2560085761825937,1.9460804145559787,1.3099281616266152
namus,3.25596318477342,2.373629323866427,0.8823338609069926
erhus,3.255706990388049,2.4453480895203294,0.8103589008677194
boysy,3.255652315428427,1.8316206893031786,1.4240316261252484
mawns,3.2555048536459372,2.2112943118251382,1.0442105418207992
galvo,3.255402908638085,2.198645265134068,1.0567576435040167
korma,3.255379658819147,2.26611031204727,0.9892693467718767
swill,3.255373545210787,1.8365869392524385,1.4187866059583483
punka,3.2553669882778538,2.201134801234091,1.0542321870437628
aking,3.2552593947406665,2.2252506086376256,1.0300087861030407
nazir,3.2551201736935997,2.1582920630140947,1.0968281106795053
ranas,3.255093608487176,2.0614830566797,1.1936105518074762
blees,3.2549553357344747,1.898770248383105,1.3561850873513694
unsee,3.2549095472869505,1.979897930772411,1.2750116165145395
degus,3.2548327147600316,2.2921083517074106,0.962724363052621
lycra,3.254772870838428,2.478382250526339,0.7763906203120889
poohy,3.254602773315894,1.8008503572395564,1.4537524160763375
dowts,3.2544168304721413,2.266591703220363,0.9878251272517783
laxes,3.254408666452232,2.164310111779253,1.0900985546729787
gouks,3.254166933684207,2.1779158497573587,1.0762510839268484
tolls,3.2541577626607685,2.0582212211773823,1.1959365414833862
armor,3.2540777744667895,1.9590890727081973,1.2949887017585922
sasse,3.254027972126916,1.5547494158252153,1.6992785563017008
druid,3.2538937036470594,1.929566300929908,1.3243274027171514
verse,3.253669860409086,1.8105723671411154,1.4430974932679708
lagar,3.2536503684038784,1.9564328673324185,1.2972175010714602
estoc,3.2535261224657894,2.519122038472954,0.7344040839928352
lyams,3.2534024875826737,2.378548075756297,0.8748544118263765
tirrs,3.2532194185623178,2.070562257715719,1.1826571608465988
kerne,3.2531535406790972,1.846858025663395,1.4062955150157022
noeme,3.2529345179650173,1.908047700624948,1.3448868173400692
humas,3.252931746966137,2.3084205188541285,0.9445112281120089
moody,3.252883870974436,1.7671203738641688,1.4857634971102671
eigne,3.2528440684571063,1.9052207111463342,1.347623357310772
capex,3.2528034469251264,2.0098663293102943,1.2429371176148318
mavis,3.2527499693576574,2.1876603259662075,1.0650896433914498
gleed,3.2527392829868575,1.8355745570932338,1.4171647258936237
lytic,3.252639899657432,2.4494287376313273,0.8032111620261048
terza,3.2526199953208756,2.1854520086895834,1.067167986631292
repen,3.2526097602205413,1.9496813714978702,1.302928388722671
bully,3.2525842967965874,1.7811047435802496,1.4714795532163378
defis,3.252474729636545,2.273480579352813,0.9789941502837317
smell,3.252464548185608,1.920098233474003,1.3323663147116047
munds,3.252269724599002,2.26687840465254,0.985391319946462
thump,3.252249476409893,2.197317413198429,1.0549320632114638
ledum,3.252193661414453,2.296352428949242,0.955841232465211
boyly,3.252045902899246,1.8371693906941484,1.4148765122050975
bools,3.2519695385071365,1.9003658187672317,1.351603719739905
dogma,3.251818688782593,2.233266779712167,1.0185519090704263
doors,3.251792773913957,1.980253030755672,1.2715397431582847
yoked,3.2517777891664466,2.209970450996363,1.0418073381700836
bukes,3.2517738880894633,2.1536876701331957,1.0980862179562678
wooed,3.2517329376064916,1.7572555114910735,1.4944774261154183
voips,3.251669891209551,2.205369088429866,1.0463008027796856
naats,3.2516468310169118,2.048074245180533,1.2035725858363788
rorts,3.2515960888670667,2.074693871343471,1.1769022175235957
pinks,3.2514253346396482,2.2321452160362583,1.01928011860339
estop,3.251395893303328,2.4704310654917205,0.7809648278116073
kanae,3.2512945001714613,1.8457592927903157,1.4055352073811456
whelk,3.251077501562393,2.064924054448866,1.1861534471135273
tamal,3.2510520363440376,1.9417194316841133,1.3093326046599243
rebel,3.250974048453283,1.9207915999401637,1.3301824485131193
pases,3.2508050240182165,1.9645940009987628,1.2862110230194537
abeng,3.2507668399610212,2.280160162393078,0.9706066775679429
grubs,3.250696959397019,2.2428011809103574,1.0078957784866618
voema,3.25062844513172,2.1997059001257204,1.0509225450059991
ecigs,3.2505467381442146,2.379767631675087,0.8707791064691275
boons,3.250354617512864,1.8788057550022903,1.3715488625105738
nerfs,3.250263638843043,2.3599409517776726,0.8903226870653703
glows,3.250125718443029,2.2227459119711264,1.027379806471903
mbari,3.2501195940801666,2.3143522089313446,0.935767385148822
geres,3.2499563257805617,1.9378755077892302,1.3120808179913315
dryly,3.24993842578313,1.9130957731576714,1.3368426526254584
rearm,3.2499070225681272,1.9574935023240712,1.2924135202440563
goold,3.24975348575952,1.8371701274773604,1.4125833582821592
mopus,3.2497124742615635,2.2794345714426956,0.9702779028188678
plews,3.249664494557795,2.2489675676696117,1.000696926888183
mauzy,3.2493235713427233,1.9092377350104168,1.3400858363323065
kutas,3.24911532966052,2.3245517306955654,0.9245635989649543
bedel,3.249095421037886,1.8129419478531976,1.4361534731846883
ocote,3.249010354736976,2.010484426269795,1.238525928467181
sense,3.2489281637317626,1.5178154347672643,1.7311127289644985
abrim,3.2486675648018264,2.3143522089313446,0.9343153558704818
elude,3.2486456359174034,1.915629694007445,1.3330159419099583
alang,3.248459343075411,1.9184001534013881,1.3300591896740228
tutes,3.2484541412413854,2.004521833204274,1.2439323080371116
cinch,3.2482833984089186,1.892594782292149,1.3556886161167696
halsh,3.2481755574832953,1.979801601501313,1.2683739559819824
maumy,3.248163462704156,1.8178066459641566,1.4303568167399994
bachs,3.248146777978243,2.2835455959128645,0.9646011820653784
soldo,3.2481161315030302,1.9637803805895835,1.284335750913447
fanal,3.2480985624586585,1.8478393475606438,1.4002592148980146
borax,3.24801932490731,2.033135469977209,1.2148838549301015
femic,3.2479942885388056,2.1812919485729814,1.066702339965824
poots,3.24798968072576,1.9538794927568013,1.294110187968959
oculi,3.2479555305311893,2.466967040364395,0.7809884901667944
odism,3.2478902858419803,2.3443323314285456,0.9035579544134349
chufa,3.2478479348767175,2.189062283114145,1.0587856517625724
spats,3.24782979587856,1.9652925805248938,1.2825372153536658
lazes,3.247782438246788,2.160366818465604,1.0874156197811844
novas,3.2476491571134862,2.3036954544813493,0.943953702632137
efits,3.247628170699681,2.3679214199406116,0.8797067507590692
skirr,3.2474532536496863,1.8603333447937414,1.3871199088559447
ogive,3.2474036148892624,2.185465822879014,1.0619377920102484
putty,3.2473373952257694,1.8346184175698192,1.4127189776559503
kulas,3.24731853478304,2.3214878920286437,0.9258306427543961
cuvee,3.2472216541085985,1.6918938453376673,1.5553278087709312
slogs,3.247195368461838,1.9229984280072678,1.3241969404545701
cueca,3.2470856026937396,1.9667298577819845,1.2803557449117549
sands,3.247083762886432,1.9536334045927342,1.2934503582936983
bilal,3.246988085999407,1.9171568238234586,1.3298312621759485
yaups,3.2469483158541013,2.3555661083990658,0.8913822074550354
pegma,3.246813568532112,2.218706482828337,1.028107085703775
etape,3.246791578286777,1.973206541056654,1.2735850372301232
unfit,3.2466878985121963,2.2974409808368677,0.9492469176753286
vertu,3.2466611582926683,2.2812674032041533,0.9653937550885152
bahus,3.246599460713364,2.2870925337632304,0.9595069269501335
using,3.2465892961902427,2.359389246619721,0.887200049570522
rajes,3.246567314287949,2.160307533948962,1.0862597803389875
raddy,3.246512795713033,1.9284696904506808,1.318043105262352
dully,3.2464736493624127,1.8445193054026012,1.4019543439598112
nacho,3.246456064889083,2.426286626807039,0.8201694380820437
whamo,3.246270940155016,2.1555950377287267,1.0906759024262895
humpy,3.2462361628003107,2.125508445067455,1.120727717732856
ratas,3.246198006191425,2.086106959111563,1.1600910470798618
hyson,3.2461259934802325,2.392269634098354,0.8538563593818785
slims,3.2459772520813983,1.9175621902303774,1.3284150618510209
conic,3.245945843527424,1.9833244805943062,1.262621362933118
doyly,3.245935255465071,1.9005839525165,1.345351302948571
mooth,3.2458695961021817,1.8435374751387805,1.4023321209634014
dools,3.245858891072962,1.9637803805895837,1.2820785104833783
rossa,3.2458584144332345,2.087003949969559,1.1588544644636751
taiga,3.2457882532544104,1.942853271730416,1.3029349815239941
penes,3.245705215623063,1.9276600199408116,1.3180451956822514
bydes,3.245702555366491,2.252834430592303,0.9928681247741881
dukes,3.245663240655288,2.2171022319555473,1.028561008699741
hoody,3.2456392779802483,1.8138150837392597,1.4318241942409886
cilia,3.245574597650571,2.0162976321273405,1.2292769655232305
stoop,3.245558285058225,1.9538794927568013,1.2916787923014237
yitie,3.245530291826476,1.993258438617337,1.2522718532091388
curch,3.2455190064753365,1.8786944627370328,1.3668245437383038
rawer,3.245509831972978,1.8765182513461318,1.368991580626846
raver,3.245478777815836,1.8314949858250946,1.4139837919907414
rodeo,3.2454362589388124,1.9881669912874327,1.2572692676513795
mowas,3.2454045842681976,2.236815205114997,1.0085893791532006
frump,3.245375716939412,2.0947753331308996,1.1506003838085126
monks,3.2453039745032357,2.2071549794322602,1.0381489950709755
wally,3.245264133716693,1.7889352125751994,1.4563289211414936
nitty,3.245164080078781,1.9693331157116047,1.2758309643671764
slips,3.245108746852946,1.9466840404621277,1.2984247063908179
oxter,3.2449764562998906,2.177982214235141,1.06699424206475
mafts,3.244859401302104,2.2476372835433347,0.9972221177587693
yupon,3.2448568832136906,2.3281416582570014,0.9167152249566892
hymen,3.244852058070249,2.262759186452866,0.982092871617383
rocks,3.244792890057952,2.3230005165762746,0.9217923734816776
pulka,3.244674591104623,2.2226948649990326,1.0219797261055903
chawk,3.2446652281305384,2.022281957161737,1.2223832709688014
impot,3.244660450931558,2.339980144986733,0.904680305944825
ulmos,3.244587562117259,2.3837762998632765,0.8608112622539825
mutha,3.244585736133496,2.3170330589120196,0.9275526772214765
pelfs,3.244508948750382,2.2606866369559446,0.9838223117944376
acyls,3.2444924969055937,2.456360898969281,0.7881315979363127
wakes,3.244453725009569,2.1615181391281455,1.0829355858814234
nigua,3.2444398454070376,2.3803118653036996,0.8641279801033379
thees,3.2442303137827664,1.9698567820160156,1.2743735317667508
mirks,3.2442120005566477,2.2410560797355386,1.0031559208211092
macho,3.2441804378866523,2.3143831119196494,0.9297973259670028
algum,3.244160050433363,2.2685791345191455,0.9755809159142177
colls,3.2441284930479473,1.9995066270711135,1.2446218659768338
kadis,3.2439254464906004,2.2820439235939127,0.9618815228966878
rehab,3.2438921148298343,2.363582962050061,0.8803091527797735
ajies,3.24383678411318,2.1436640996800382,1.1001726844331419
pawky,3.243825583547749,1.9916147234936907,1.2522108600540585
chefs,3.243697174470495,2.2226087411599376,1.0210884333105572
ikans,3.243612540548064,2.3518608617498487,0.8917516787982149
hilum,3.2435513266166116,2.2984245188492536,0.945126807767358
timps,3.243362506045267,2.330470614070846,0.9128918919744208
cheth,3.2432938992498643,1.9197547279676375,1.3235391712822269
abhor,3.2432696676529136,2.3651785324341876,0.878091135218726
aixes,3.2432233937505233,2.164139327676418,1.079084066074105
circs,3.2431901489494965,2.01184766360945,1.2313424853400465
cajon,3.243140948416496,2.0737683363536807,1.169372612062815
taggy,3.2430006670047375,1.8742789263691981,1.3687217406355394
swoll,3.2429676620604506,1.8407185528801908,1.4022491091802598
devis,3.2429111152863084,2.2167382445454424,1.026172870740866
paras,3.242811465870925,1.9787013920240608,1.2641100738468642
fnarr,3.2427818832453505,1.8643119977267328,1.3784698855186175
zincy,3.242773724692456,2.002049610651596,1.24072411404086
meake,3.2426618069417392,1.7338557779029262,1.508806029038813
buhrs,3.2426158940637344,2.28819126663631,0.9544246274274247
kipes,3.2423835878327982,2.2560705389419904,0.986313048890808
chump,3.242220206797072,2.1386028190921604,1.1036173877049116
fowth,3.242199327946208,2.0740287774110326,1.1681705505351752
yogee,3.2421727440913513,1.8621672590749752,1.380005485016376
haats,3.2421266110202938,1.9828654401682342,1.2592611708520594
aguti,3.2420911624707918,2.4049357677355627,0.8371553947352289
pungi,3.2420081293623433,2.2605962195901097,0.9814119097722337
itchy,3.2419937213652426,2.362659868854087,0.8793338525111554
chica,3.2419297901852726,1.9295287633501,1.3124010268351725
octli,3.241661413294966,2.5221346966202978,0.719526716674668
knive,3.241585692984205,2.084938809837292,1.156646883146913
salpa,3.2415708493146687,1.9622287418579725,1.279342107456696
argal,3.2414006591931264,1.9564328673324183,1.284967791860708
gunny,3.2413642221317067,1.782177289055344,1.459186933076363
mirrl,3.2413352258344075,1.9395835417874356,1.301751684046972
ulzie,3.241331758025303,2.0982670008717474,1.1430647571535557
wends,3.241221354881934,2.240372230404373,1.0008491244775606
umiac,3.2411864310532508,2.344916549480156,0.8962698815730948
grosz,3.2411069702287802,2.0309021672196166,1.2102048030091637
cobot,3.2408875937448123,1.8533276033857755,1.387559990359037
marah,3.2406913812473466,1.86835937440604,1.3723320068413065
mirex,3.240540649197815,2.0373231832881356,1.2032174659096795
gowls,3.2404627968287363,2.222745911971126,1.0177168848576106
nuked,3.2403690181037774,2.2010908695815754,1.039278148522202
retax,3.240290097543154,2.189395302003233,1.0508947955399213
gucky,3.240272097370737,2.05510783672001,1.1851642606507267
cahow,3.240244527743114,2.23340786094171,1.0068366668014037
malmy,3.240072550590453,1.8699104635531383,1.3701620870373148
going,3.2400632378140735,1.9068162815304608,1.3332469562836124
glede,3.2400393255816935,1.8355745570932338,1.4044647684884595
fanks,3.239404255468854,2.1493118855087467,1.0900923699601073
fatal,3.239202960162907,1.872463249992507,1.3667397101704002
yrivd,3.239196282109416,2.167649207497657,1.0715470746117588
kiaat,3.2391958385314257,1.867847151978553,1.3713486865528726
vapid,3.238853192007314,2.13095387566805,1.1078993163392639
gowns,3.2388478758344643,2.2011858482061846,1.0376620276282795
relax,3.238493302665675,2.1863314633363116,1.052161839329363
meres,3.238491881540063,1.936570883640092,1.3019209978999708
gayly,3.2383097103424383,1.8712150877022768,1.3670946226401615
yowes,3.238246173023396,2.288524996151056,0.9497211768723397
zones,3.238186603485903,2.1273936669325697,1.1107929365533333
wanze,3.2380741656291434,1.9299166264613614,1.3081575391677818
honks,3.238059381509048,2.2538496893073514,0.9842096922016969
vatus,3.2379215336777194,2.2722547097993138,0.9656668238784055
gyver,3.2376335769816222,2.1294032981589677,1.1082302788226548
hafts,3.2376148083079164,2.2943319934184254,0.9432828148894908
fungo,3.2375710632271195,2.1663498012945053,1.0712212619326142
chimb,3.237568099610127,2.1400860172556584,1.0974820823544684
pashm,3.237564521091274,2.256182608022529,0.9813819130687449
frass,3.237553775938574,1.8803233601007046,1.3572304158378696
wharf,3.2374779281633304,2.098850676678292,1.1386272514850384
olona,3.237403507626574,2.0545199374294985,1.1828835701970755
touts,3.2373919025763493,2.0061174035884006,1.2312744989879485
frees,3.237356554312285,1.867314701948486,1.3700418523637994
skelf,3.237348152047115,2.1578632911214695,1.0794848609256453
mocha,3.237331143164882,2.3143831119196494,0.9229480312452324
alcea,3.2372589310618003,2.0188336753709657,1.2184252556908346
whaup,3.2371686567269866,2.1286522408465784,1.1085164158804082
unwit,3.237155338319101,2.2857219115505343,0.9514334267685671
ngati,3.2370518839628586,2.4354795215596026,0.8015723624032558
boded,3.237042914605902,1.8169027773781146,1.4201401372277873
asdic,3.2370207611961197,2.433558242409622,0.803462518786498
hoord,3.236978331365828,1.8990328633694016,1.3379454679964262
buhls,3.2366820112227392,2.271718616470221,0.9649633947525184
dynos,3.2365751198718273,2.387661500954717,0.8489136189171107
statu,3.2365647179088404,2.017530491356493,1.219034226552347
phish,3.2361460813991423,1.8599151716848876,1.3762309097142549
lymes,3.23600766065054,2.365539417604078,0.8704682430464619
agast,3.2359541985087175,1.9374753544422818,1.2984788440664359
mohua,3.2357838259000027,2.3179300497700153,0.9178537761299875
rello,3.23567435019823,2.07954399320831,1.1561303569899197
kutch,3.2355346251916437,2.172306890576938,1.063227734614706
snoop,3.235523775402234,1.9292555903249382,1.306268185077296
limpa,3.235523291842814,2.348329394087904,0.8871938977549099
merge,3.235400246952845,1.8099606305278684,1.4254396164249767
colic,3.2352534463541938,2.004884544359248,1.2303689019949455
regar,3.2350581425489437,1.958798126473209,1.2762600160757347
wilga,3.2350386337251664,2.2395369170273525,0.995501716697814
peles,3.2350128184498326,1.9492200837057534,1.285792734744079
murgi,3.2347947952793428,2.2695070832893895,0.965287711989953
mynas,3.234685230539384,2.3569880119913553,0.8776972185480284
jeons,3.2346463326503723,2.1108617322498398,1.1237846004005325
klaps,3.2340360972612388,2.269249981197045,0.9647861160641941
rises,3.233873770635907,2.069863678189588,1.164010092446319
nashi,3.2337225998925296,2.4722570672276647,0.7614655326648649
binks,3.233612258889824,2.1816953807136104,1.0519168781762136
licit,3.2335943024243274,2.0039875535012523,1.229606748923075
moron,3.233517770546037,1.9221550916502463,1.3113626788957908
adoze,3.2334920741834843,2.0784993474606135,1.1549927267228708
pikul,3.233471000322108,2.2071501636031883,1.0263208367189196
lacks,3.233357539605327,2.317940954178278,0.915416585427049
tilth,3.2333022659754804,1.9728694401633595,1.260432825812121
jarls,3.2332258047812212,2.1579422748081716,1.0752835299730494
honan,3.233193792408266,1.9677510686522584,1.2654427237560075
tizes,3.233114302022468,2.1478859557366805,1.0852283462857875
bases,3.232991948268392,1.9141441656761145,1.3188477825922773
slops,3.2327028637026096,1.95081565408988,1.2818872096127294
almug,3.232597684294991,2.2685791345191455,0.9640185497758454
click,3.2325821357563296,1.793758640579275,1.4388234951770547
soyas,3.2325101014669606,2.0017861703394173,1.2307239311275433
knowe,3.232421096604649,2.1340936889860815,1.0983274076185674
krays,3.232305187091313,2.321319230319661,0.9109859567716518
samfu,3.2322911869660444,2.1924696272874318,1.039821559678613
fleys,3.2320818303659644,2.2962832359124725,0.9357985944534919
paspy,3.232045309279525,1.8934836123939192,1.3385616968856058
aldea,3.2319472016138944,1.983107428889436,1.2488397727244582
khula,3.2319374514020316,2.2402677246423734,0.991669726759658
filly,3.2319272893106388,1.785109580465688,1.4468177088449508
bruvs,3.2318774648689663,2.115498040262243,1.1163794246067233
asked,3.231714705056671,2.284579966837539,0.9471347382191324
untag,3.231590935340268,2.3835464880734567,0.8480444472668113
evils,3.231527243035998,2.30811524646632,0.9234119965696775
posol,3.2313605641545156,1.95081565408988,1.2805449100646358
nowls,3.231273979590668,2.333344802709377,0.8979291768812907
haufs,3.231270398757247,2.2391643371625225,0.9921060615947244
heres,3.231247288545875,1.9832655935151826,1.2479816950306923
parrs,3.2312403841588804,1.9787013920240608,1.2525389921348196
fikes,3.2311168806035147,2.157692507018634,1.0734243735848807
lethe,3.2309821561534218,1.9754054834069852,1.2555766727464366
burks,3.2308478669562417,2.167795061158494,1.0630528057977475
thoro,3.2307928699587265,1.9934737039572006,1.237319166001526
preke,3.2307887174455994,1.7640763610077559,1.4667123564378435
preop,3.2307238577038273,1.975202264787729,1.255521592916098
ahull,3.2307031342713586,1.9332464853033011,1.2974566489680575
unagi,3.2306414304591335,2.3803118653036996,0.850329565155434
films,3.2305851402151102,2.2290287434805687,1.0015563967345413
welds,3.230528957708703,2.261932294169315,0.968596663539388
pussy,3.2303804660167335,1.826005877511928,1.4043745885048053
persp,3.2303597467771317,1.9656927338718422,1.2646670129052893
kefir,3.230227431578295,2.1797138585756928,1.0505135730026025
boots,3.230176604975936,1.9034296574341534,1.3267469475417828
supes,3.230172485428428,1.8971162661167718,1.3330562193116564
howbe,3.2298198917190946,2.12125839448561,1.1085614972334845
nones,3.2296998743666023,2.0359625778863095,1.1937372964802926
druxy,3.2295687216451556,1.9563663379285994,1.2732023837165563
butty,3.229524319475945,1.784168582247171,1.445355737228774
furry,3.229316527225194,1.74964919714563,1.4796673300795637
local,3.229304341836168,2.0204292457550923,1.208875096081076
tolts,3.2293009904626464,2.0582212211773823,1.171079769285264
poxed,3.2292816356336655,1.9627269950606723,1.2665546405729933
roofy,3.229248311953505,1.805713844259529,1.423534467693976
sects,3.229207818091579,2.000974895353908,1.2282329227376707
saddo,3.2291058905493806,1.9791542978825931,1.2499515926667872
selle,3.229080652638381,1.539375498532206,1.689705154106175
kaugh,3.2289889987138984,2.1081087701391805,1.1208802285747181
safes,3.2289083734388213,1.8662159690754065,1.3626924043634148
umras,3.2288818845607272,2.4116620377974574,0.8172198467632701
hying,3.2288734506188232,2.2615277673583787,0.9673456832604446
mucky,3.228807653130238,2.0538032125708723,1.1750044405593658
songo,3.228775289633045,1.9014383642423263,1.3273369253907186
remen,3.2284634216779944,1.92055952126612,1.3079039004118747
rakus,3.228444967179831,2.3379605421947325,0.8904844249850984
teddy,3.2283728180123257,1.9020522207992947,1.3263205972130312
kutis,3.228370346855148,2.3090070292997207,0.9193633175554276
verte,3.2282705143487043,1.8191849071990065,1.4090856071496978
tsked,3.22823184153406,2.2722698882114507,0.9559619533226091
neper,3.228121567929845,1.94968137149787,1.2784401964319754
tempi,3.228083946280931,2.3383845746026064,0.8896993716783247
robug,3.227962530808769,2.252310711826244,0.9756518189825248
cerci,3.2279115891851604,2.01976162414121,1.2081499650439502
benes,3.227892139873239,1.8772101846181637,1.3506819552550753
quila,3.227660417935813,2.0990003578859486,1.1286600600498642
rasta,3.2276578717408455,2.086106959111563,1.1415509126292824
divas,3.227571167063469,2.2297469026976615,0.9978242643658076
theme,3.227514679664773,1.8419419047546541,1.385572774910119
dinks,3.227501611455649,2.245109942535962,0.9823916689196869
holks,3.2273669843358177,2.275409753072293,0.9519572312635244
gross,3.2272310376614834,1.9394710781733564,1.287759959488127
mhorr,3.2271225191217514,1.856946286637948,1.3701762324838032
jiaos,3.2270693558176777,2.145259670064165,1.0818096857535129
broos,3.2270574184224956,1.9168384689333204,1.3102189494891752
uveal,3.226987035375803,2.2771048316641527,0.9498822037116501
nidus,3.2269831293522873,2.400171199202036,0.8268119301502513
tosas,3.2269406752818686,2.0735951384703917,1.1533455368114771
retro,3.2269323777506154,2.0826078318752312,1.1443245458753843
somas,3.2268689561957826,1.9370677211511391,1.2898012350446435
press,3.226769813776249,1.9656927338718422,1.2610770799044069
kcals,3.2267695530604694,2.317940954178278,0.9088285988821918
makis,3.2266710777966865,2.239957346862459,0.9867137309342272
wifed,3.2266025962672753,2.0645904511135127,1.1620121451537628
agene,3.226580588884995,1.920765412542179,1.305815176342816
kerma,3.2264508153846663,2.2645147416631435,0.9619360737215226
spesh,3.226303954066683,1.8624512149285133,1.3638527391381698
loxes,3.2262872444002593,2.152897024011161,1.0733902203890984
preem,3.2261317528072686,1.8377778566104808,1.3883538961967876
arbor,3.22609452409354,1.9377610876172997,1.2883334364762402
quina,3.2260454969415404,2.077440294121007,1.1486052028205334
palsa,3.2260252951187027,1.9622287418579725,1.2637965532607303
sidas,3.2260103228266233,1.9750226842548408,1.2509876385717824
missy,3.225931523867315,1.8488170607663241,1.3771144631009906
dedal,3.2258698770629026,1.983107428889436,1.2427624481734667
mugos,3.2258388289380555,2.251617345360083,0.9742214835779722
dwalm,3.2257971991676175,2.1470260750601726,1.0787711241074451
puzel,3.2256790514439775,1.9940960565540018,1.2315829948899755
nikah,3.2255715410653503,2.2706406943635784,0.9549308467017716
stook,3.2255034282676904,1.8510561469223261,1.3744472813453643
yerba,3.225436064220224,2.381606701363248,0.843829362856976
pikas,3.225415998686498,2.2690791970942095,0.9563368015922882
methi,3.2253655227309546,2.3559574342459473,0.8694080884850075
tells,3.2252289192262875,2.0566256507932557,1.1686032684330319
vibed,3.2251905469847006,2.067495382193183,1.1576951647915175
yokan,3.225150365343565,2.2927960473045177,0.9323543180390472
basan,3.225083467622694,1.8902188427703823,1.3348646248523117
leers,3.2248984804315195,2.070034462292423,1.1548640181390963
quran,3.2248185016684263,2.0940837283899305,1.1307347732784958
quean,3.224772301774464,2.0799763373646325,1.1447959644098311
spins,3.224605367961879,1.9251239766971862,1.2994813912646932
vulns,3.224592368315342,2.2322568900744413,0.9923354782409011
nasal,3.2245309129243833,2.0450104065136117,1.1795205064107717
abeer,3.2244995638503573,1.9361655172331729,1.2883340466171844
codec,3.224386092310623,1.9160435856819964,1.308342506628627
poori,3.2243530063054098,1.9726662215441033,1.2516867847613065
blonx,3.2243426383875686,1.979728838753169,1.2446137996343996
tinto,3.224335331930874,2.042039074700575,1.1822962572302989
ovals,3.2238661943022118,2.325255518246291,0.8986106760559205
suids,3.223675771938399,1.9075449493728496,1.3161308225655495
dwang,3.2236039230953644,2.126770635444369,1.096833287650995
warks,3.2235277038763472,2.175625530153444,1.0479021737229033
ikats,3.2234345280111354,2.3764847641817117,0.8469497638294238
amuck,3.223348911097222,2.137922259327935,1.0854266517692874
lotta,3.2232585711376727,2.0791438398613615,1.1441147312763111
iliad,3.2232150239068327,1.9805713856458105,1.2426436382610224
halfs,3.223179486643544,2.291268154751504,0.9319113318920398
knosp,3.2230799192046873,2.2362768296640105,0.9868030895406767
bilks,3.222919861716593,2.2032554444785517,1.0196644172380411
wytes,3.222827292651144,2.2876280052930604,0.9351992873580833
poses,3.222683601966244,1.9531809132306708,1.2695026887355731
eskar,3.2224781508901827,2.3924296189245045,0.8300485319656783
pubic,3.222396190373118,2.2038729186756676,1.0185232716974502
rewet,3.2223635099754153,1.864208172720044,1.3581553372553712
revet,3.2223324558182735,1.8191849071990067,1.4031475486192668
mungs,3.2222364855557855,2.2260964520702244,0.9961400334855611
tasca,3.222171570293352,2.0139835535061272,1.2081880167872248
looky,3.2220004591931533,1.7847958801823214,1.4372045790108317
furze,3.2219729292895067,1.9121906747967339,1.309782254492773
ichor,3.2219637324892325,2.4487746393422247,0.773189093147008
testa,3.221827972666227,2.071999568086265,1.1498284045799616
nsima,3.221818442047155,2.4255623573525735,0.7962560846945816
leech,3.2217901248016085,1.9166908893007162,1.3050992355008926
denes,3.2217814924390638,1.9406247464405153,1.2811567459985485
howls,3.22175375959405,2.2681359976970787,0.9536177618969712
deave,3.221722964614763,1.7236453337381286,1.4980776308766344
deshi,3.22160811881875,2.38943147091951,0.8321766478992402
shook,3.2215967370056906,1.7612234394781647,1.4603732975275259
maria,3.2215591945543407,1.954957459080445,1.2666017354738954
fawns,3.221483712559583,2.1420381301335323,1.0794455824260505
lunks,3.2213863128177196,2.284553910970693,0.9368324018470265
gadge,3.221355478183029,1.850948474386243,1.3704070037967861
thews,3.2211263968562616,2.269604265979874,0.9515221308763879
cotts,3.2210685157273047,2.0025704657380348,1.21849804998927
abyes,3.2210530944370435,2.35958534980619,0.8614677446308534
wyles,3.2210304977736643,2.284564166626139,0.9364663311475251
nimby,3.220829457435668,2.1922004482432516,1.0286290091924168
goomy,3.2206910766409425,1.7263384212818533,1.4943526553590891
chico,3.2206576628550696,1.9181156755820075,1.3025419872730624
sagos,3.220652867225486,1.9383723453002775,1.2822805219252085
delfs,3.220585225566383,2.2736513634556483,0.9469338621107346
owers,3.2204448610066834,2.3737427757811984,0.8467020852254852
tweer,3.2204343632390167,1.864208172720044,1.356226190518973
ylems,3.2204312365168644,2.3655394176040785,0.8548918189127861
ugali,3.220343216014232,2.4018719290686414,0.8184712869455905
clock,3.2201762526059934,1.7978902542070272,1.4222859983989662
naevi,3.2200628796451523,2.3074778013853576,0.9125850782597947
emote,3.2200130858377776,1.9326716030568112,1.2873414827809664
patia,3.2198769263415903,1.9706704978130283,1.2492064285285618
goopy,3.2198225714124895,1.7554602715136036,1.464362299898886
tammy,3.2196972805627087,1.87297430222006,1.3467229783426486
raker,3.219399886254865,1.8837920067213458,1.3356078795335191
saves,3.2193447590885853,1.8094736342680364,1.4098711248205489
yarks,3.219331628224034,2.321319230319661,0.8980123979043729
jaspe,3.2191188365780476,2.0394931553622926,1.179625681215755
umiak,3.219001345100255,2.1934022306644474,1.0255991144358076
betes,3.218996537577488,1.9018340870500268,1.317162450527461
apage,3.2189738329345774,1.8379837478865397,1.3809900850480377
milko,3.218953521625002,2.2340929604853366,0.9848605611396655
foody,3.218862729888081,1.6978641921725628,1.5209985377155184
wenny,3.218851408174139,1.7543664906580387,1.4644849175161003
geyer,3.2188051918965455,1.8746790797161466,1.3441261121803987
ticks,3.2186894033810067,2.305460091449355,0.913229311931652
hissy,3.2186869308731274,1.8955117706414153,1.323175160231712
ixtle,3.218528074131008,2.1573779504412993,1.0611501236897087
alack,3.2184720366130133,1.8093033419751192,1.409168694637894
habus,3.2184597144035516,2.2870925337632304,0.9313671806403213
rerun,3.218427535130819,2.0019192823294696,1.2165082528013493
kraal,3.2183348495587896,1.8814267475805555,1.336908101978234
devos,3.218334576009019,2.2208698581731947,0.9974647178358244
spitz,3.218303287992248,2.041178968175309,1.1771243198169388
funds,3.2182485835126475,2.197622222960934,1.0206263605517134
praam,3.2182061749003577,1.8507865147626994,1.367419660137658
viewy,3.2181231868918068,2.0304799887629663,1.1876431981288404
stuns,3.218076465627183,1.980596510298542,1.237479955328641
imbar,3.2180558316348296,2.3143522089313446,0.9037036227034849
dizen,3.217947643561125,2.03743375277491,1.180513890786215
wheft,3.2179006919138287,2.072433207026906,1.1454674848869226
cloop,3.2178937567940036,1.9007136000415024,1.3171801567525014
paxes,3.2177614958244747,2.059968383358672,1.1577931124658027
omuls,3.217662692853017,2.3837762998632765,0.8338863929897403
virus,3.21760373997491,2.2701188199026365,0.9474849200722731
rower,3.2173884099210053,1.8651051635780398,1.3522832463429655
rover,3.2173573557638635,1.8200818980570026,1.3972754577068611
poove,3.217171637245172,1.6992675194703328,1.5179041177748394
wolly,3.21714271166472,1.777522124807107,1.439620586857613
sleds,3.217096693261215,1.9621848102054569,1.254911883055758
whelm,3.2170685613326038,2.1386255500515907,1.0784430112810128
smarm,3.217055997546947,1.9495795417923107,1.2674764557546363
sangs,3.217050523843216,1.9128514520104185,1.3041990718327974
wived,3.217038981917039,2.0078481163061417,1.209190865610897
slays,3.2170358586231833,1.9978253408145001,1.2192105178086834
booai,3.21701227939455,1.9211176533483756,1.2958946260461746
optic,3.2168771882583864,2.417792968199717,0.7990842200586695
zeins,3.21679284779103,2.1232620533048174,1.0935307944862127
filum,3.216774778524445,2.182473627282557,1.0343011512418878
tanti,3.216751318895303,2.0534521624686675,1.1632991564266355
hylas,3.216748240371966,2.4252427856313883,0.7915054547405774
karat,3.216436997092268,1.8844905862474768,1.3319464108447916
items,3.2164246701316572,2.4371776016322175,0.7792470684994397
fugis,3.21639422712899,2.178229550040725,1.038164677088265
donna,3.216385194590459,1.9631429355086212,1.2532422590818377
papes,3.216291774495254,1.9645940009987628,1.2516977734964914
bunko,3.2162817851978267,2.1392718781433504,1.0770099070544763
warbs,3.2160545592710994,2.2279990406652708,0.9880555186058287
neuks,3.2160492730116577,2.2869191701114833,0.9291301029001743
goors,3.2160458067393516,1.9394710781733568,1.2765747285659947
quake,3.2159742890318213,1.8943713268745177,1.3216029621573036
debus,3.2158654533263906,2.2694757424673746,0.946389710859016
recks,3.2158640466234716,2.321404946192148,0.8944591004313235
abele,3.21581203062681,1.9196928670670843,1.2961191635597256
shuls,3.2157846953594555,1.9123238666193219,1.3034608287401337
oinks,3.215774551111028,2.3404477739817566,0.8753267771292713
lanas,3.2155368359825784,2.0450104065136117,1.170526429468967
snook,3.2154689186116996,1.826432244490463,1.3890366741212365
kedgy,3.2154170844029206,2.073850666968253,1.1415664174346678
rolls,3.215247474875022,2.0716300326765498,1.1436174421984724
cells,3.2151996496134667,1.9979110566869869,1.2172885929264798
oases,3.215154240489596,2.0728965589442607,1.1422576815453351
await,3.215043218512938,1.8605733966033386,1.3544698219095994
cholo,3.2148297175049105,1.9182864596848428,1.2965432578200675
fondu,3.214810031772048,2.207131753876821,1.0076782778952273
dholl,3.214791316572155,1.882560213203313,1.332231103368842
gunge,3.214695980843328,1.8532876776601879,1.3614083031831403
looby,3.214527314587906,1.8371693906941484,1.3773579238937574
spues,3.2144687951627438,1.8971162661167718,1.3173525290459722
mikra,3.214436361336319,2.2619786984195174,0.9524576629168019
quern,3.2142999529354985,2.081075070237712,1.1332248826977867
mened,3.214211642885122,1.8127098691791537,1.4015017737059685
shuns,3.2141697743651827,1.8907638028543803,1.3234059715108026
niefs,3.214132507920869,2.3432975175087485,0.8708349904121206
miasm,3.214091772315064,1.9329361075233868,1.281155664791677
adown,3.213986140584041,2.262890419472479,0.9510957211115622
swies,3.2138204630948968,1.8389521983932289,1.3748682647016681
golfs,3.2137671018262584,2.2344649812574593,0.9793021205687988
arsis,3.2136817263171675,2.0828723363418065,1.1308093899753613
veney,3.2134364342243815,1.7093432251370015,1.5040932090873798
glass,3.2132949427519835,1.93441151577536,1.2788834269766232
lasso,3.2131509366504067,2.0705312998034704,1.1426196368469363
urvas,3.213150725951718,2.285663521298481,0.9274872046532372
glees,3.2130977211256946,1.9214028576231414,1.291694863502553
cabal,3.213039516357967,1.8616768524869465,1.3513626638710203
barca,3.21303048176459,1.8781495026530348,1.3348809791115552
kelim,3.2129635982650893,2.23249739010121,0.9804662081638793
skimp,3.2129398453461313,2.120241701148869,1.0926981441972623
sinus,3.2128620432975863,1.9773618875287853,1.2355001557688008
sesey,3.2127521204401006,1.4706303690681528,1.742121751371948
neafe,3.212628514199924,1.8502046067014346,1.3624239074984892
obang,3.2124591998394725,2.2817557327772047,0.9307034670622678
kwirl,3.212381039397436,2.165629530148569,1.046751509248867
gundi,3.2123706780469545,2.273560946089813,0.9388097319571417
ramal,3.2121417485582913,1.9551282431832804,1.2570135053750109
yokes,3.212136227305283,2.2957987515262706,0.9163374757790127
hokas,3.212050045555898,2.2907836703653026,0.9212663751905952
robot,3.2120065755718876,1.9254510089912118,1.2865555665806756
bliss,3.2117501169071554,1.8962342051394794,1.315515911767676
piani,3.211730365239147,1.9460465953811652,1.265683769857982
yucas,3.2116276416544856,2.4042570813802993,0.8073705602741862
avale,3.211576251522385,1.8150223356590058,1.396553915863379
jerid,3.21147835003052,2.05893453202321,1.15254381800731
boxed,3.2114685598838406,1.912277159738024,1.299191400145817
penna,3.211380074339977,1.9485826386247909,1.2627974357151863
aedes,3.2111404184391272,1.9775587274984665,1.2335816909406607
smalm,3.211122114705952,1.9331068916262222,1.27801522307973
chews,3.2110971272434403,2.2108896718736046,1.0002074553698357
deles,3.211089095265833,1.962184810205457,1.248904285060376
tents,3.2110645442013963,2.035065587028314,1.1759989571730822
bania,3.2109594528875167,1.8955967600585168,1.3153626928289999
gaged,3.210917544598269,1.8509484743862432,1.359969070212026
eyrie,3.210880725911053,2.006667250116504,1.2042134757945488
yolps,3.2107359816884258,2.3962568382199554,0.8144791434684703
gully,3.210726682187807,1.8037373528202856,1.4069893293675215
hyleg,3.210645965705985,2.285623874366946,0.9250220913390389
virtu,3.2105762272644576,2.2787313599605277,0.9318448673039301
moufs,3.2103935696994617,2.1810565395193393,1.0293370301801226
dowak,3.2102438587226167,2.0772854089823647,1.1329584497402518
firks,3.210190859470293,2.1717998980439326,1.0383909614263607
flurr,3.210144706729522,1.8183943266096831,1.391750380119839
gools,3.2101119238983564,1.922998428007268,1.2871134958910884
negus,3.209896930347357,2.361925289863346,0.8479716404840112
tadah,3.2098570546238,1.8970371396383268,1.3128199149854731
raads,3.2096857988775978,1.9916661185237645,1.2180196803538332
nowts,3.209481046059467,2.336408641376299,0.8730724046831685
agaty,3.209365553621775,1.8742789263691981,1.335086627252577
segas,3.208924123821693,1.9367767749161509,1.2721473489055424
pechs,3.2089095882416143,2.3209867730832943,0.8879228151583201
roric,3.208863220265166,2.021357194525337,1.1875060257398296
gulps,3.2085160278638254,2.2767783660669165,0.9317376617969088
goons,3.2084970029040836,1.9014383642423263,1.3070586386617573
mecha,3.2084022997304014,2.312787541535523,0.8956147581948785
breem,3.2083186770574437,1.7873280212878324,1.4209906557696113
solds,3.2082699436612288,1.9637803805895835,1.2444895630716453
balsa,3.2082122193688782,1.9117789065353241,1.2964333128335541
laddy,3.206956023208435,1.9119970402845923,1.294958982923843
casts,3.206833662509859,2.0139835535061272,1.192850109003732
meism,3.2067742628896663,1.9199274493711678,1.2868468135184985
tombs,3.206763162697013,2.2841523923759506,0.9226107703210623
dumky,3.206552194003905,2.0180769660893425,1.188475227914562
wimpy,3.206347455049219,2.049771517700571,1.156575937348648
sylva,3.2062113221505557,2.252549559257321,0.9536617628932346
pivos,3.206173368164808,2.205369088429866,1.0008042797349423
khets,3.2059937574646082,2.276878021355088,0.9291157361095203
ampul,3.205802595021814,2.2963963606017574,0.9094062344200563
plotz,3.2056338960135586,2.0508592831940313,1.1547746128195273
noshi,3.2056011778405566,2.4608439794595722,0.7447571983809844
meted,3.205316040589371,1.8373337716110167,1.3679822689783543
locks,3.2052361175533544,2.306527866410186,0.8987082511431684
album,3.2051927889997223,2.2459465252791095,0.9592462637206127
winds,3.2051364238537228,2.2378361871607475,0.9673002366929754
fisho,3.2050098448393154,2.279684282880577,0.9253255619587387
umbel,3.2048821313449656,2.2329378671268905,0.9719442642180749
quino,3.2047733696113374,2.0660272063529144,1.1387461632584233
makee,3.2047440556075935,1.7338557779029262,1.4708882777046672
flows,3.2046401331161753,2.152185106130382,1.0524550269857935
haded,3.2045976848144075,1.8963385601121958,1.3082591247022117
moors,3.2045813624988524,1.9381664540242185,1.266414908474634
apple,3.204553601445369,1.9701427023897327,1.2344108990556362
kawed,3.2045422850615743,2.0756898385982376,1.128852446463337
feres,3.204470740453708,1.867314701948486,1.3371560385052221
spits,3.2044273554249516,1.9497478791290492,1.2546794762959022
titas,3.2042831760885955,2.0694635248426394,1.134819651245956
gompa,3.204219205319144,2.2203020532124635,0.9839171521066803
raggy,3.204090379218991,1.8876877378683652,1.316402641350626
situs,3.2039664410018345,2.0019857899606484,1.2019806510411863
yogic,3.2039127152727547,2.3181667739861305,0.8857459412866241
scots,3.20364338597064,2.0025704657380348,1.201072920232605
warez,3.2035125469306083,1.967949340392392,1.2355632065382163
pyrus,3.2034319945009058,2.356664841272145,0.8467671532287607
houfs,3.2031489767052745,2.2277512493944305,0.9753977273108441
jagir,3.203078785561007,2.031161237593113,1.1719175479678938
dress,3.2028460905922493,1.9786574603715454,1.224188630220704
stedd,3.202820918294652,1.9652486488723782,1.2375722694222737
allod,3.202625649446457,1.9847029992735628,1.2179226501728941
morra,3.202611673595695,1.9590890727081973,1.2435226008874973
swash,3.2025809767707756,1.7653627718710425,1.437218204899733
jiber,3.2025784680205494,1.9955199702008584,1.2070584978196908
venae,3.202547879043762,1.793462271894064,1.4090856071496978
genin,3.2022290034031,1.9052207111463342,1.297008292256766
krabs,3.2021673979637377,2.2352727960404852,0.9668946019232524
redub,3.202147240676586,2.291497094024433,0.910650146652153
mafic,3.2021265327002038,2.1943006067252004,1.0078259259750033
aphid,3.2021220927672385,2.3036471020421176,0.8984749907251207
makos,3.2020945385193973,2.2440889604902114,0.9580055780291857
squad,3.2020939082429276,2.002245438676937,1.199848469565991
chubs,3.202055863927825,2.216067861030874,0.9859880028969511
auras,3.2015871713472874,2.03093930285566,1.1706478684916273
nully,3.201537864949738,1.914336243558537,1.2872016213912012
dikas,3.201492275502498,2.282043923593913,0.9194483519085852
mooch,3.201473006868942,1.7848228810325115,1.4166501258364301
taxis,3.201273586334729,2.164837907202549,1.0364356791321798
pinon,3.2012382234562047,1.9346335076130727,1.2666047158431322
talak,3.2009393621390063,1.8680179360813884,1.3329214260576179
gynos,3.200828152697222,2.346879548372401,0.8539486043248209
nukes,3.2007274562426145,2.2869191701114833,0.9138082861311311
quoad,3.200674482238709,2.0117549695928236,1.1889195126458856
jures,3.2006678050993074,2.092829799066971,1.1078380060323365
folks,3.20059043624365,2.159458861505596,1.0411315747380543
kipah,3.2005414802058483,2.1878590297079388,1.0126824504979095
greek,3.2004700026784527,1.7362591349251435,1.4642108677533092
blitz,3.2002267034140703,1.9962778342436307,1.2039488691704396
mewls,3.2000695091537565,2.219845717437861,0.9802237917158957
prodd,3.199947761482435,1.8814600037260611,1.3184877577563743
fifer,3.1997393873436204,1.8726926192366202,1.3270467681070004
pogge,3.1997336164565207,1.8265706601184473,1.3731629563380734
derro,3.1996221142461163,1.9881669912874322,1.2114551229586838
lapje,3.1995440588604627,2.0450418567532624,1.1545022021072002
virga,3.1992848700937664,2.210986301672404,0.9882985684213621
aroma,3.1991229823619958,1.9590890727081973,1.2400339096537984
madar,3.199039193210159,1.8637512412624029,1.3352879519477558
twigs,3.198963134563826,2.2216781370102954,0.9772849975535307
sobas,3.198885705822533,1.9157397360602415,1.2831459697622916
eaver,3.198794931367553,1.8314949858250946,1.3672999455424588
doses,3.198759878782244,1.966145639730374,1.2326142390518702
ballo,3.198707596802504,1.921288437451211,1.2774191593512934
mools,3.1986474796578572,1.9216938038581297,1.2769536757997275
zaris,3.198627685646132,2.1743034253880666,1.0243242602580653
mokis,3.1985496557447135,2.2285442590943667,0.9700053966503469
yapok,3.1984348395765974,2.210014382648878,0.9884204569277191
orlon,3.1983910942452463,2.055618670302578,1.1427724239426684
aftos,3.1983812022980525,2.385061691720583,0.8133195105774693
jeton,3.19831414172097,2.1194742723077304,1.0788398694132395
cleve,3.1979790064953537,1.7439976629266492,1.4539813435687048
nevis,3.1979753308736343,2.2865551827013784,0.911420148172256
semas,3.1979401127613016,1.9354721507670125,1.2624679619942891
ester,3.1977868345027867,2.0730983009593444,1.124688533543442
kutai,3.197751838867973,2.3299296479837,0.8678221908842731
cedes,3.197628285303695,1.9065340547661096,1.2910942305375852
damps,3.1974597484578307,2.251574474878892,0.9458852735789386
hoors,3.1973367695046644,1.9848611638993092,1.2124756056053554
mirin,3.1972121489883873,1.918023478022494,1.279188670965893
leets,3.1971716640593235,2.0566256507932557,1.1405460132660679
whids,3.1971700195177117,2.172627382148449,1.0245426373692625
ditzy,3.197105669006941,1.9909472666019294,1.2061584024050114
moons,3.1970325586635844,1.900133740093188,1.2968988185703965
aspic,3.197011958645134,2.420593515909918,0.7764184427352162
blood,3.196954561770214,1.814537518237324,1.38241704353289
whams,3.1969152213973278,2.14608550681284,1.0508297145844876
colza,3.1969053714532016,2.111860334801353,1.0850450366518485
babes,3.196798945152281,1.9141441656761145,1.2826547794761667
combs,3.196733893084192,2.225437798269682,0.9712960948145101
packs,3.19671036897757,2.2135992257576973,0.983111143219873
umpty,3.196644032373951,2.2153411525116162,0.9813028798623348
utter,3.196638436685231,2.0265431847613327,1.1700952519238987
retem,3.1966324792691907,1.945183423697983,1.251449055571208
noois,3.1965843555348763,2.033426534642684,1.1631578208921924
mimsy,3.196393786033556,1.8488170607663241,1.3475767252672317
rhomb,3.1962811982868655,2.216341036488847,0.9799401617980186
heled,3.1962746527177037,1.8809646428191864,1.3153100098985175
quais,3.196096261176119,2.0934516564949783,1.1026446046811402
rebar,3.196090881115303,1.936165517233173,1.2599253638821297
whaps,3.196046716168875,2.1752073570445902,1.0208393591242846
purpy,3.196010138454339,1.8480272290689863,1.3479829093853524
ficus,3.1959980907114085,2.2547377491045704,0.941260341606838
neons,3.1959002355213926,2.0359625778863095,1.1599376576350833
funny,3.195878636804853,1.7116164832145997,1.4842621535902534
axoid,3.1957203188051806,2.079906597530637,1.1158137212745438
boygs,3.1955826238704397,2.213648048394114,0.9819345754763257
biali,3.195532210483595,1.9171568238234586,1.2783753866601364
shama,3.1954325913192845,1.8463380228489819,1.3490945684703026
works,3.1954062818243743,2.1642124423853515,1.0311938394390228
urger,3.1952822616951044,1.891320391591218,1.3039618701038862
rekey,3.1950642654307417,1.7996729599642836,1.3953913054664584
fowls,3.194977211501883,2.1521851061303816,1.0427921053715012
retox,3.194968575460493,2.1779822142351404,1.0169863612253527
aldol,3.1948797659231714,1.9847029992735625,1.210176766649609
exult,3.194867225904664,2.105444916955153,1.0894223089495112
machs,3.1948247191289636,2.3048735810037626,0.889951138125201
wilds,3.1944440266804923,2.2593962509256893,0.9350477757548029
venom,3.1943744423675664,2.162771919067769,1.0316025232997972
lises,3.194316998131309,2.053391028023499,1.1409259701078098
sewed,3.1940531490886768,1.7477459805751867,1.4463071685134898
shuts,3.1939917618282547,1.9153877052862434,1.2786040565420114
vobla,3.1939272163916836,2.176012655894032,1.0179145604976518
yclad,3.193775982833395,2.3705325984393735,0.8232433843940216
pilin,3.193733085898157,1.9306726780881558,1.2630604078100014
mysid,3.1937173919721156,2.2716263724395755,0.9220910195325402
wight,3.1936302764809694,2.1404579696240242,1.0531723068569454
musha,3.193616920806187,2.3084205188541285,0.8851964019520584
cymas,3.193588293725587,2.3228973203169496,0.8706909734086375
reorg,3.193520343886202,1.9473850387051168,1.2461353051810853
bortz,3.193476354109243,2.0168820980374718,1.176594256071771
quota,3.193461601254276,2.106195810180622,1.0872657910736536
savvy,3.1934151841328413,1.7383632456631926,1.4550519384696485
kerel,3.1933746136071237,1.8684180894283369,1.3249565241787866
sakes,3.1932658675276144,1.8617706551642876,1.3314952123633266
ubacs,3.1931337047898802,2.3182106471011235,0.8749230576887566
mamil,3.192895183966802,1.9384848089143567,1.2544103750524453
imago,3.1928242307520636,2.324472997530209,0.8683512332218546
codon,3.1926541743096695,1.892118262776264,1.3005359115334054
bleep,3.192638055564323,1.799977221353494,1.392660834210829
axled,3.1926225471738165,2.078481811249345,1.1141407359244717
ology,3.1925937348063176,1.8598019999341844,1.3327917348721332
tiddy,3.192287886984115,1.899516177555669,1.292771709428446
potro,3.1921690986939133,1.9759008443138597,1.2162682543800536
fryer,3.1921442292969333,1.8041182738754022,1.388025955421531
zibet,3.192115652474464,1.9986430933844215,1.1934725590900424
lolas,3.1920969340503844,2.0705312998034704,1.121565634246914
spots,3.192021472274615,1.9538794927568015,1.2381419795178135
hully,3.19201764495312,1.8491274385462384,1.342890206406882
ralli,3.192005406134448,2.0884210377327763,1.1035843684016715
opahs,3.1918807824999744,2.393607016199778,0.7982737663001968
salps,3.1918656219107566,1.9622287418579725,1.2296368800527842
quoth,3.1918488051419103,2.0040530241103722,1.187795781031538
guana,3.1918201179154497,1.8662963358124065,1.325523782103043
ginks,3.191754644281043,2.2043279899536463,0.987426654327397
apian,3.1916771651064675,1.9460465953811652,1.2456305697253025
tommy,3.1915758585107357,1.8615612144519675,1.3300146440587683
hokis,3.1913050627505264,2.275238968969458,0.9160660937810684
roker,3.1912784642028926,1.8723789189532538,1.3188995452496386
yorks,3.191210206172061,2.3099061425515686,0.8813040636204926
zoeas,3.191205046505568,2.164327647990521,1.026877398515047
gases,3.191134333659612,1.9367767749161509,1.2543575587434608
gazed,3.19110613912159,1.9423795634325034,1.2487265756890864
timbo,3.19110510699201,2.289530309664085,0.9015747973279249
doped,3.1909234646207416,1.867352612700763,1.323570851919979
argan,3.190906782044588,1.9348728035674767,1.2560339784771115
titch,3.190702471619719,1.9172186847240118,1.2734837868957076
fidus,3.190686361263502,2.2190115026230406,0.9716748586404618
caman,3.190528889582678,1.8614447738129025,1.3290841157697757
ancho,3.1902698496654858,2.426286626807039,0.7639832228584468
kibes,3.190253998917002,2.2056207036193425,0.9846332952976595
faena,3.190215683705162,1.8502046067014346,1.3400110770037272
sends,3.190033497399979,1.9406247464405153,1.2494087509594638
ouzel,3.190028267915357,2.1023986144994997,1.0876296534158572
hoons,3.189787965669397,1.946828449968279,1.242959515701118
skeen,3.189777095283917,1.8248366741063367,1.3649404211775804
venus,3.189766870487017,2.2346221492152316,0.9551447212717852
baghs,3.189663918497196,2.207037396849019,0.982626521648177
poxes,3.1896400737725026,2.04855529559058,1.1410847781819224
revie,3.1895096190057224,1.8159502844292503,1.373559334576472
reddy,3.1894625302265798,1.9154610322984622,1.2740014979281176
vodun,3.189405117937607,2.150389419069451,1.039015698868156
piccy,3.1893870326674927,1.8278368569496968,1.3615501757177957
shads,3.189384602489365,1.8884245995804356,1.3009600029089294
brers,3.18926285678118,1.9152428985491938,1.2740199582319862
miais,3.189234891301451,1.9329361075233868,1.2562987837780646
fanon,3.1892171442854105,1.8518001770855612,1.3374169671998495
poulp,3.1891588921068,1.9042605378918682,1.2848983542149315
tills,3.1891439881980768,2.05408960754963,1.1350543806484468
vampy,3.1891146902431484,2.020292953575378,1.1688217366677702
hanch,3.1890720193629036,1.9081394836879932,1.2809325356749106
gurks,3.188990252347461,2.19042767039853,0.9985625819489309
enoki,3.1889744436255367,2.3483617345135164,0.8406127091120205
songs,3.188929101791243,1.9014383642423263,1.2874907375489169
chowk,3.1888569045265935,2.0108688693936445,1.177988035132949
wongi,3.1887534684806513,2.2065637654943187,0.9821897029863326
rheme,3.1886043918790263,1.8553507162538212,1.3332536756252051
twist,3.1884131568173992,1.8396507779193598,1.3487623788980394
peers,3.188251309803763,1.9656927338718422,1.2225585759319206
fungs,3.1882153444694312,2.1568402703786185,1.0313750740908125
welly,3.188213868230239,1.7759265544229803,1.412287313807259
dodge,3.1881990707233467,1.839535386618151,1.3486636841051958
popes,3.188170352443282,1.9531809132306708,1.234989439212611
vlogs,3.1880152646230586,2.1777226464500887,1.0102926181729697
skill,3.1879106396849854,1.8438606946276526,1.3440499450573329
inbye,3.1878928529882504,2.328029286036373,0.8598635669518775
ikons,3.1878042169441194,2.3404477739817566,0.8473564429623627
gutty,3.1876667048671647,1.806801191487207,1.3808655133799574
allis,3.187560626862583,2.066399686175718,1.121160940686865
major,3.1874961109504443,2.0339882270717276,1.1535078838787167
dazes,3.1872115444350317,2.0689898165447262,1.1182217278903053
rumpo,3.1871217445675235,2.3014559229997538,0.8856658215677697
wifes,3.186961034406112,2.15041875164342,1.036542282762692
slabs,3.186898069495608,1.9117789065353243,1.2751191629602838
yiked,3.1867640147037553,2.205838837368611,0.9809251773351444
pipal,3.18666459316741,1.967606659146107,1.2190579340213028
turrs,3.1865332261126316,2.018629224229572,1.1679040018830595
adred,3.186516870442743,1.9995800790555247,1.1869367913872182
imine,3.1863086866359387,1.9039160869971958,1.2823925996387429
maxed,3.186267923086534,1.945018232597014,1.2412496904895198
gigot,3.186205213079987,1.9314401839623239,1.2547650291176633
genes,3.186034525264458,1.8998427938581997,1.2861917314062585
noded,3.185996482759053,1.950134277356402,1.235862205402651
cusec,3.185983599399834,1.9458072390980052,1.240176360301829
where,3.1858543587671333,1.774375465275882,1.4114788934912514
toppy,3.1857318415930798,1.8906830646837178,1.295048776909362
egads,3.1856631051425106,2.359586086589402,0.8260770185531087
vibes,3.1855489851235372,2.153323682723091,1.0322253024004466
yowsa,3.185217042358032,2.301533654303275,0.8836833880547568
aleak,3.185127553209631,1.8673193565552575,1.3178081966543735
elegy,3.185120880133999,1.8582064295500578,1.326914450583941
kendo,3.1849141261123526,2.2571555166954744,0.927758609416878
tropo,3.184912574048822,1.97590084431386,1.209011729734962
civie,3.1848417493940624,1.743826878823814,1.4410148705702484
twilt,3.184806744288218,1.8451994793103297,1.3396072649778885
hyped,3.1847686628332017,2.222064098528681,0.9627045643045211
punks,3.184739142189963,2.180212182550112,1.004526959639851
praps,3.1845535059224748,1.9787013920240608,1.205852113898414
kyars,3.1845462794481088,2.321319230319661,0.8632270491284476
noxal,3.1842885813626483,2.1498943197894076,1.0343942615732404
rotos,3.184168149824884,2.074693871343471,1.1094742784814131
gawky,3.1841548931891444,1.9637974974110788,1.2203573957780656
agoge,3.184000982324331,1.9462863058320377,1.2377146764922933
septs,3.1838872860926877,1.952283922372675,1.2316033637200128
areae,3.1837149460868206,1.5767707673822735,1.606944178704547
oopsy,3.18361384193203,1.882070524625827,1.301543317306203
jorts,3.183311449198048,2.149593025707001,1.033718423491047
temed,3.1831439756841466,1.8373337716110167,1.34581020407313
swell,3.182835747816611,1.8391229824960642,1.343712765320547
yelms,3.1826756434823977,2.3655394176040785,0.8171362258783192
nivas,3.182635382650795,2.299563840853597,0.8830715417971977
fritz,3.182627921991881,1.9648222878090116,1.2178056341828696
typos,3.1824423797982946,2.3993206768868767,0.783121702911418
fenks,3.1823539899824,2.1363032273565277,1.0460507626258726
peels,3.1823174269627676,1.9492200837057534,1.2330973432570143
lahar,3.1822562014365827,2.0018229530583715,1.1804332483782114
divos,3.1822496449808084,2.218333814929569,0.9639158300512393
damar,3.182095463531731,1.8637512412624029,1.3183442222693282
wowse,3.182060198096574,1.8430838120209811,1.338976386075593
yelps,3.1818071382539452,2.3946612678358288,0.7871458704181162
yesty,3.181797968060949,1.9878805213292026,1.1939174467317468
sabos,3.181685605791845,1.9157397360602415,1.2659458697316035
wicky,3.1816743523849587,2.0247609950790793,1.1569133573058792
commy,3.181546588897915,1.8028466203456988,1.378699968552216
squid,3.181348925437556,1.9867007372810919,1.1946481881564643
acral,3.181301358450818,2.032941066396264,1.1483602920545537
romeo,3.18128111784528,1.9460804145559787,1.2352007032893013
rammy,3.1807869927769623,1.886383113719227,1.294403879057735
peens,3.180702505968495,1.9276600199408116,1.2530424860276832
gonna,3.1806382274158533,1.9223609829263055,1.2582772444895476
damme,3.1806279288824646,1.8496438502371046,1.33098407864536
vinew,3.1806076491185884,2.0776650544620776,1.1029425946565108
hefts,3.1805645428214633,2.281323335266207,0.8992412075552564
newts,3.1805522026249866,2.334813070992172,0.8457391316328143
synes,3.1805350374649404,1.9632566188973395,1.2172784185676009
wythe,3.1803526648494973,2.20640783790679,0.9739448269427069
minks,3.180290200040544,2.203023365804508,0.9772668342360361
hatch,3.1801764170671527,1.9327633861198563,1.2474130309472964
skank,3.1801259236493955,1.8378453322585555,1.34228059139084
polio,3.1800996698500277,1.9561935713780145,1.2239060984720131
murva,3.1800034004527724,2.1577486440371194,1.0222547564156528
banns,3.179989417988715,1.8902188427703823,1.2897705752183328
ricks,3.179779115595261,2.3188689029485223,0.8609102126467384
unmad,3.179770499047458,2.2878010233365194,0.8919694757109389
kamis,3.1797703053970685,2.239957346862459,0.9398129585346094
mases,3.179669889419112,1.9354721507670125,1.2441977386521
mazed,3.1796416948810906,1.941074939283365,1.2385667555977256
dorrs,3.179195238922908,1.980253030755672,1.1989422081672363
fetwa,3.179177266803239,2.1745759930971555,1.0046012737060837
cills,3.179114718585256,1.9953750134433612,1.1837397051418947
wunga,3.1790448384487116,2.1660438197762644,1.0130010186724472
bezil,3.1790349587642015,1.9955792547174998,1.1834557040467018
cocas,3.1790277151637434,2.014880544364123,1.1641471707996205
tzars,3.178958789285466,2.1775380481578233,1.001420741127643
backs,3.1788972932277457,2.163149390435049,1.0157479027926968
costs,3.1787122404578865,2.0025704657380348,1.1761417747198517
quats,3.178642078770329,2.096686279264735,1.081955799505594
choss,3.178589942192289,1.912737758293873,1.2658521838984165
tetri,3.178532267485294,2.078476218247479,1.100056049237815
nutty,3.1784778876290956,1.9174000822254584,1.2610778054036373
bunje,3.178433117694165,1.9055542227836813,1.272878894910484
sibia,3.1783768773542267,1.9116081224324892,1.2667687549217372
virgo,3.1780127427635643,2.199573213904312,0.978439528859252
anoas,3.177851457400531,2.0489712360385286,1.1288802213620028
faded,3.1778211367222404,1.7803876685454987,1.3974334681767417
libel,3.1776976040612652,1.90414816567124,1.273549438390025
atria,3.1776831159891654,2.091484876399698,1.0861982395894674
feued,3.1775890167392395,1.7129099336635079,1.464679083075732
galah,3.1775416277985116,1.8531913483890896,1.324350279409422
murks,3.177525808106962,2.189123046249392,0.98840276185757
wives,3.1773974200558754,2.0936764168360495,1.0837210032198261
mixen,3.177362460351464,1.9992904693571052,1.1780719909943587
farad,3.1772967520466295,1.794495059570797,1.3828016924758326
semis,3.1771951299559307,1.9199274493711682,1.2572676805847625
moots,3.1768545461266564,1.924757642525051,1.2520969036016052
vakil,3.1768487960702827,2.1195075317544525,1.0573412643158302
tumps,3.1766763135955816,2.2785375805847,0.8981387330108818
sorbo,3.176591467578974,1.9168384689333207,1.2597529986456533
currs,3.1765039564998108,1.9599146301233032,1.2165893263765075
pomme,3.1764302300144913,1.825266035969309,1.3511641940451824
pauas,3.176288180295294,1.9101249242689908,1.266163256026303
scroo,3.176281502591065,2.0159792772372023,1.160302225353863
imped,3.1762375859351755,2.243943734014808,0.9322938519203678
mirvs,3.176061746814567,2.188759058839287,0.9873026879752799
furor,3.175860100344466,1.8223551561346003,1.353504944209866
kreen,3.1757665503171624,1.846858025663395,1.3289085246537673
coppy,3.175702571980259,1.831968470577449,1.3437341014028097
flump,3.1756312984259676,2.078302682964811,1.0973286154611566
nodum,3.1756158266245036,2.276387935568427,0.8992278910560765
farro,3.17543982723111,1.8898328910165914,1.285606936214519
enows,3.1754289674467833,2.335710061850168,0.8397189055966152
pinna,3.175295143311766,1.9460465953811652,1.2292485479306012
aargh,3.175166723164443,1.8696639985551782,1.3055027246092648
wings,3.1751031848105065,2.197054234578432,0.9780489502320745
tints,3.1749796131731856,2.032529543784688,1.1424500693884971
faqir,3.1747061100925142,1.9648570652970816,1.2098490447954324
menes,3.174570081023959,1.8985381697090613,1.2760319113148977
adder,3.1742381705199176,1.9995800790555247,1.174658091464393
reeky,3.174092044403557,1.7996729599642836,1.3744190844392739
pulks,3.174046745016732,2.2017722463150537,0.9722744987016784
naras,3.1739519582742517,2.0614830566797004,1.1124689015945513
krill,3.1739000947182308,1.8658820461847112,1.3080180485335196
murex,3.1738544567481295,1.985390149801989,1.1884643069461405
sokol,3.1738214076639135,1.8479923082554048,1.3258290994085087
pulut,3.173786549488229,1.9033635470338723,1.2704230024543566
aroha,3.173363988678342,2.005783782583288,1.1675802060950538
ponto,3.1733378846174687,1.9378681303828293,1.2354697542346393
iched,3.1733374199564435,2.3393294168711325,0.834008003085311
feyer,3.1733196065696916,1.8041182738754022,1.3692013326942891
targa,3.1732966557541973,1.95949670599934,1.213799949754857
zines,3.1731728290232115,2.1232620533048174,1.049910775718394
tuxes,3.173054337778226,2.099896215564183,1.0731581222140427
sweed,3.1730102670301243,1.7477459805751867,1.4252642864549376
axils,3.1728233912197648,2.1617740685356273,1.0110493226841375
dacks,3.1727866457935705,2.2265639522574006,0.9462226935361698
oxide,3.1727805069888677,2.066897939378418,1.1058825676104496
pshut,3.172723338957029,2.325232290459791,0.8474910484972378
soums,3.1727036172009395,1.869589986269148,1.3031136309317912
cutch,3.172701603663482,1.8652856512378655,1.3074159524256161
mawky,3.172690448948645,1.9624928732619404,1.2101975756867047
hazed,3.1723971018869026,1.9877696491584558,1.184627452728447
sarks,3.1723398463943924,1.8758780461895859,1.2964618002048065
arere,3.172143864374776,1.5767707673822735,1.5953730969925024
diazo,3.1721190208141836,2.075963304216988,1.0961557165971958
bided,3.17202914014321,1.8127711637503623,1.359257976392848
humic,3.171999713153076,2.242773763409906,0.92922594974317
inked,3.171995464929863,2.2530239030677217,0.9189715618621412
cheep,3.1718837639997934,1.8123491608801352,1.3595346031196582
soups,3.1718351119724866,1.8987118365008984,1.2731232754715882
boxes,3.1718269980226776,1.9981054602679316,1.173721537754746
vowed,3.1717158492161373,2.011979729933894,1.1597361192822433
maras,3.171676331271821,1.9495795417923105,1.2220967894795103
biccy,3.171573956917668,1.7773870216270484,1.3941869352906195
knoud,3.1715284092330958,2.202686439965702,0.9688419692673935
menge,3.1714784464367414,1.771927916596838,1.3995505298399036
tewel,3.1713958640077746,1.847735522553955,1.3236603414538197
weamb,3.171395684344925,2.085976772378611,1.0854189119663142
ligge,3.171367012621586,1.926780774911276,1.24458623771031
chics,3.1713019440973813,1.9086061446661207,1.2626957994312606
feted,3.1712948995030166,1.7680775899194108,1.4032173095836056
gages,3.171275982737106,1.9367767749161509,1.2344992078209551
diced,3.1712302221569417,1.9119119720542441,1.2593182501026976
culch,3.170904808786002,1.862221812570944,1.308682996215058
mungi,3.170872994763239,2.231474369358359,0.93939862540488
tratt,3.170805350705493,1.5774693469084045,1.5933360037970887
rioja,3.170749279841923,2.1672810216212235,1.0034682582206993
mizen,3.1707362321460204,1.995347176043456,1.1753890561025642
gussy,3.1707097756581284,1.7981886514293162,1.3725211242288125
redid,3.170528949645753,1.9840353776596804,1.1864935719860727
zoris,3.1705062635941594,2.1628903376199746,1.0076159259741848
beers,3.1704382340539383,1.9152428985491938,1.2551953355047445
imbue,3.1703215165400325,2.232767083024055,0.9375544335159774
paddy,3.1703088525806784,1.8076553118640113,1.3626535407166669
aahed,3.170258290634088,1.8963385601121958,1.273919730521892
kinda,3.170101322414344,2.266032561219941,0.9040687611944029
patas,3.1699940630590704,1.9652925805248938,1.2047014825341766
rieve,3.1698254620551225,1.81595028442925,1.3538751776258724
womby,3.169748111700965,2.0034532960056755,1.1662948156952895
jakey,3.1697225002228784,1.873473381454734,1.2962491187681442
icily,3.1696113336790743,1.9321785853702778,1.2374327483087963
hoots,3.169609953132469,1.9714523524001422,1.1981576007323267
milks,3.1695978028673135,2.2245834295694498,0.9450143732978636
datto,3.1695369720476863,1.9877668379404838,1.1817701341072024
kente,3.1690537276260655,1.8334492141642276,1.335604513461838
hithe,3.1690044548221934,1.97523469930415,1.1937697555180433
ratti,3.1689454288138053,2.0914848763996976,1.0774605524141077
czars,3.1689295196726452,2.1188234540515545,1.0501060656210908
coypu,3.168849637513339,2.2940509665825957,0.8747986709307434
auxin,3.1688063565337474,2.0936588885726737,1.0751474679610735
cisco,3.1687596495680213,1.9993358429682782,1.1694238065997429
redes,3.1687472671307697,1.9786574603715459,1.1900898067592236
beaux,3.1686743482729653,1.962963431838012,1.2057109164349535
pocks,3.1685889469255972,2.202186137989605,0.9664028089359925
kalif,3.1685491098934913,2.176249866561823,0.992299243331668
owing,3.168474422297135,2.206563765494319,0.9619106568028158
palas,3.168197268181591,1.9622287418579725,1.2059685263236184
netes,3.1679501057306383,2.035065587028314,1.1328845187023244
azoth,3.1679215628074635,2.0838060601303816,1.0841155026770817
needy,3.1676943106826725,1.8774283183674316,1.2902659923152409
flees,3.1676121357988407,1.8508420517823971,1.3167700840164434
booky,3.167540212815572,1.6300043164390923,1.5375358963764796
beech,3.167329878424028,1.761899325557487,1.4054305528665407
octet,3.167281247651581,2.010484426269795,1.156796821381786
heave,3.1672669602054713,1.7282534668817657,1.4390134933237053
ethos,3.1672055835879953,2.488003925135061,0.6792016584529345
ruses,3.1671875781862213,2.0179306447034415,1.1492569334827798
palls,3.1671649537946402,1.9622287418579725,1.2049362119366678
bigha,3.167156568070423,2.2124153141371536,0.9547412539332693
whigs,3.167136780474495,2.1318454295661335,1.0352913509083617
laarf,3.1670344945650104,1.8858720614916744,1.281162433073336
bunks,3.166926066440138,2.1297623472274636,1.0371637192126746
fundi,3.1668850927201007,2.2030001402490687,0.9638849524710321
domed,3.1667771260781947,1.8382307624690126,1.3285463636091823
mochs,3.1667032970769906,2.29346049323567,0.8732428038413205
kagos,3.1661777771801707,2.24539358463935,0.9207841925408209
baloo,3.165831476874887,1.921288437451211,1.2445430394236758
ender,3.1658100319617484,1.9626460979975735,1.203163933964175
doxes,3.165716350588503,2.061520022090283,1.1041963284982195
metes,3.165674478728208,1.9231620721409244,1.2425124065872835
nason,3.1656494947511353,2.0489712360385286,1.116678258712607
allee,3.16563360467349,1.5602981172161852,1.605335487457305
addle,3.16555063729637,1.983107428889436,1.182443208406934
loyal,3.165478616565908,2.0073348717303867,1.1581437448355212
paips,3.16526931720278,1.9620579577551371,1.2032113594476428
fully,3.165241096860953,1.7331765469795413,1.4320645498814117
sokes,3.165144445475642,1.8503575673961956,1.314786878079446
theta,3.1651032575308893,1.9907794006999948,1.1743238568308947
decko,3.1650920990648057,2.2230648250210687,0.9420272740437372
texas,3.1649683036536462,2.167373950446174,0.997594353207472
gamay,3.1649557499941583,1.7377515090499456,1.4272042409442125
limps,3.1648954457549228,2.327406775403925,0.8374886703509979
nines,3.1646860999039106,2.0318309642585572,1.1328551356453533
fools,3.1646263385715026,1.8524376221665237,1.3121887164049788
laggy,3.1645336067143934,1.8712150877022766,1.2933185190121168
orixa,3.1644305827481483,2.187756249617603,0.9766743331305453
deers,3.164327586619763,1.9786574603715454,1.1856701262482177
tsuba,3.164295674446687,2.3769252412073922,0.7873704332392946
urari,3.1642915705097403,2.0363172201437947,1.1279743503659456
tilts,3.1642872159999547,2.05408960754963,1.1101976084503247
uncos,3.1642742856450727,2.4400290593113185,0.7242452263337541
henge,3.1642338534425543,1.8186226264719292,1.345611226970625
usnic,3.1642244493035547,2.4358974456835663,0.7283270036199884
lanai,3.164173345190032,2.050388323801746,1.1137850213882858
limit,3.164127431882889,1.9261747302882686,1.2379527015946206
gigue,3.1639958676042585,1.8746769573222943,1.2893189102819642
chaap,3.1639581860928825,1.8253578190323543,1.3386003670605284
alamo,3.1639147601222932,1.942616422542109,1.2212983375801845
meles,3.1638776838507283,1.920098233474003,1.2437794503767252
celli,3.16383615882092,2.0032889739751214,1.1605471848457984
gypes,3.163836138206725,2.2625023133326354,0.9013338248740895
obeli,3.1637298244618712,2.4222953087902854,0.7414345156715859
fyces,3.1636710848787626,2.2406324804731246,0.9230386044056381
grebe,3.163644882481747,1.7886326454369705,1.3750122370447762
segos,3.1636026017390324,1.9253636871480584,1.238238914590974
okras,3.1635005042138102,2.3940251893086315,0.7694753149051786
hizen,3.163491639151833,2.042041885918547,1.1214497532332857
ahead,3.1634889234118457,1.8963385601121958,1.26715036329965
bodhi,3.163350135685818,2.2417841789513773,0.9215659567344406
cruck,3.16331167119393,1.758298257259217,1.405013413934713
stags,3.163258054708149,1.9374753544422816,1.2257827002658672
gifts,3.163188649027939,2.2333972062966283,0.9297914427313105
boson,3.163053611256153,1.8788057550022903,1.2842478562538628
lever,3.1629791308500828,1.8161210685320852,1.3468580623179978
amyls,3.1628361684348745,2.378548075756297,0.7842880926785775
piped,3.1627981398417533,1.8632209990730106,1.2995771407687426
preve,3.1626384637035185,1.7117793401115045,1.4508591235920143
kangs,3.162575433797901,2.219872691349491,0.9427027424484098
prook,3.1624983572116343,1.7656719313918825,1.3968264258197518
aphis,3.162480530906075,2.389475402572025,0.7730051283340498
yerks,3.1622813627375805,2.308310572167442,0.8539707905701385
smirs,3.1621197570224524,1.934034840396466,1.2280849166259866
rifer,3.161907195651408,1.8726926192366204,1.2892145764147878
theek,3.1618581768220806,1.7682404091519293,1.3936177676701513
simas,3.161855181733091,1.9329361075233868,1.228919074209704
gamps,3.1617127812832257,2.2107925222965767,0.9509202589866489
undee,3.1616120732853625,1.894069630242503,1.2675424430428595
dooky,3.161429565381397,1.693418878261444,1.4680106871199528
orris,3.1611987149299408,2.0714592485737144,1.0897394663562263
knurs,3.161115669761145,2.3010265611367817,0.8600891086243632
sexer,3.1611013386093276,1.651222531058204,1.5098788075511234
nuevo,3.160960700231038,2.244131680131119,0.9168290200999191
leben,3.160923398800147,1.8827588860091333,1.2781645127910135
kayos,3.160834911390957,2.308807409678489,0.8520275017124678
dunks,3.1608154190059627,2.193176909049815,0.9676385099561476
havoc,3.160741786078491,2.1883845954206733,0.9723571906578174
moton,3.160700367734183,1.908746280151079,1.2519540875831037
opium,3.1604269740393542,2.28481248873083,0.8756144853085244
swede,3.1603103096249603,1.7477459805751867,1.4125643290497734
cleck,3.160044338362154,1.7962946838229006,1.3637496545392533
spics,3.160030766191711,1.8910332850227802,1.2689974811689306
quich,3.159858099059006,1.9412068163763512,1.218651282682655
pique,3.1597378569738828,1.9816499713131486,1.1780878856607342
wanks,3.1596059033602435,2.1375928162224134,1.0220130871378301
podex,3.1596058661188593,1.9627269950606723,1.1968788710581868
swoon,3.159597664984295,1.819158489115249,1.3404391758690457
suhur,3.1594503324999166,1.9287965167854106,1.230653815714506
maula,3.1593746601041204,1.88655177542821,1.2728228846759102
shags,3.1593513634461488,1.84764264699812,1.3117087164480286
jabot,3.159331537313669,1.999251430481662,1.1600801068320072
deads,3.159258786288677,1.9775587274984665,1.1817000587902107
mussy,3.1592453314176296,1.7968840272801778,1.3623613041374516
swish,3.1591785363171674,1.7498180704751982,1.4093604658419694
dozes,3.159090122383059,2.0575767287766342,1.101513393606425
yaars,3.1590824515393994,2.0142979909805887,1.1447844605588107
matra,3.159014425708892,1.9581920818502017,1.2008223438586902
undos,3.1589625561971664,2.4043028128297883,0.7546597433673778
chocs,3.158896060947045,1.912737758293873,1.2461583026531722
demob,3.1588530823377248,2.1976255123199118,0.9612275700178128
axons,3.1588025870751557,2.1443456183984377,1.014456968676718
pukas,3.1587298062368125,2.217146163608063,0.9415836426287492
basso,3.1586906902728256,1.915739736060241,1.2429509542125843
droop,3.1586294908181687,1.881460003726061,1.277169487092108
hetes,3.1584298857340203,1.9698567820160156,1.188573103718005
galia,3.1584094411055053,1.9397894330634946,1.2186200080420106
glitz,3.15836908880529,2.018910443483667,1.139458645321623
hansa,3.158337964698642,1.958241537736371,1.2000964269622707
oldly,3.1582358132833654,1.9005839525165,1.2576518607668656
unsew,3.1581970907875117,2.279645414736269,0.8785516760512428
heedy,3.158174090686055,1.812219513355133,1.3459545773309216
unpeg,3.1581730010628615,2.2631322628337354,0.895040738229126
nanto,3.1581206923626266,2.0575837760964197,1.1005369162662069
kaifs,3.158047434105044,2.170701165170853,0.9873462689341909
vangs,3.157870420004436,2.1675756704532394,0.9902947495511968
bantz,3.157675975645112,1.9902624718745336,1.1674135037705784
pises,3.157669827503552,1.9490492996029185,1.208620527900634
pized,3.15764163296553,1.9546520881192706,1.2029895448462595
mania,3.157637394038237,1.916924745149415,1.2407126488888223
cepes,3.1576194827527093,1.893569328266406,1.2640501544863034
neume,3.1575285888488684,1.8519830535110495,1.305545535337819
ottar,3.1574916046306365,2.0956164900274503,1.061875114603186
gloss,3.157486619148039,1.922998428007268,1.234488191140771
adlib,3.157484011724708,2.3399661354967094,0.8175178762279988
woosh,3.1574494489675997,1.7539496841029505,1.403499764864649
aglus,3.157252735207111,2.396494011780507,0.7607587234266042
rejon,3.157209664757117,2.132883083806898,1.0243265809502191
qursh,3.1571624368524156,2.007952304693653,1.1492101321587627
wauks,3.1570044183007155,2.1070490623983735,1.0499553559023422
spasm,3.156848064748466,1.8287651632056412,1.3280829015428246
kyats,3.1568194630759123,2.3079104188204935,0.848909044255419
della,3.1568188112120783,1.983107428889436,1.1737113823226422
rynds,3.1568006601913394,2.4001733215958887,0.7566273385954505
deens,3.1567787827844955,1.9406247464405153,1.2161540363439802
waxen,3.156678163671163,1.9338599197750106,1.2228182438961526
heles,3.156633090856541,1.9667929433490943,1.1898401475074467
sawah,3.156611086934798,1.7653627718710427,1.391248315063755
lambs,3.156417524458641,2.2925016414771213,0.86391588298152
cuzes,3.1563988399599614,2.0372383281442654,1.1191605118156962
tways,3.156397741574835,2.3006366634452795,0.8557610781295554
squeg,3.1563500717157837,1.9484548279424019,1.2078952437733819
typey,3.1562336830694777,1.8890874942995914,1.2671461887698865
bulks,3.1562336692669075,2.1513224109924054,1.0049112582745021
gnaws,3.1561538950333485,2.2125989359742766,0.9435549590590722
jatis,3.156069650843955,2.144362679206169,1.0117069716377862
veery,3.1559825284050813,1.747375939068032,1.4086065893370492
seifs,3.1554722586639063,1.8506712676795622,1.304800990984344
quins,3.155417650853649,2.0565176754370276,1.0988999754166215
yanks,3.1554098277079303,2.2832865163886304,0.8721233113193
nexal,3.1553597379281673,2.148298749405281,1.0070609885228863
signs,3.1548180401192494,1.897306750614574,1.2575112895046754
thots,3.154607325686838,1.9714523524001422,1.1831549732866957
sassy,3.1540593697050596,1.4836390272203717,1.6704203424846877
sinds,3.1539485663717683,1.9380887031968896,1.2158598631748787
aweel,3.153835845471834,1.860045601180043,1.2937902442917908
noses,3.15382409436957,2.0359625778863095,1.1178615164832604
unfed,3.153688494238524,2.2055361834926943,0.94815231074583
rigor,3.153651689438073,1.9448489954614914,1.2088026939765812
plebe,3.153571154326907,1.7999772213534941,1.3535939329734132
egret,3.153541406678432,1.9464880478471212,1.2070533588313106
whims,3.153512780943719,2.130540805416995,1.022971975526724
quena,3.1535076995473643,2.0799763373646325,1.0735313621827318
stucs,3.1535018638570147,1.946505818624136,1.2069960452328785
varve,3.1533076805086893,1.8314949858250946,1.3218126946835946
snags,3.1532235450521577,1.9128514520104185,1.2403720930417395
yugas,3.1531447821734386,2.327748882316454,0.8253958998569847
vinyl,3.1531325628364684,2.2209934954875044,0.932139067348964
neeld,3.1530994812272573,1.946173447831485,1.206926033395772
poofy,3.15304436882115,1.6848994656728593,1.468144903148291
kynde,3.153001551875624,2.184449557706504,0.9685519941691201
axles,3.1529809853126536,2.164310111779253,0.9886708735334008
adage,3.1529267927342968,1.850948474386243,1.3019783183480538
quasi,3.152677934038164,2.0934516564949783,1.0592262775431855
bolix,3.1526601444126046,2.0011181184152753,1.151542025997329
whips,3.152644275715266,2.1596626556487455,0.9929816200665209
omdah,3.1525235679433816,2.278656865438119,0.8738667025052627
kanat,3.1525151965761653,1.8464578723164466,1.3060573242597184
baddy,3.152495776830854,1.7572054765413632,1.3952903002894907
river,3.152343581301172,1.8159502844292503,1.3363932968719219
faxed,3.152246782000179,1.875762050905408,1.2764847310947713
willy,3.1521289372020282,1.7733905111793546,1.3787384260226738
eking,3.1520750059587277,2.2122419504854065,0.939833055473321
hotch,3.15205499501518,1.9213502983517643,1.2307046966634159
tucks,3.1520032109313214,2.2535270579632085,0.898476152968113
hussy,3.1520007384234416,1.8435787371552688,1.308422001268173
lycee,3.1519453685950376,1.9347146286139032,1.2172307399811346
olios,3.1518811752805913,2.0549865984076257,1.0968945768729657
cowps,3.1518752882906336,2.194912382614391,0.9569629056762426
bossa,3.151841395551055,1.9157397360602415,1.2361016594908139
cheek,3.151828907209259,1.70952581504566,1.4423030921635989
awdls,3.1517213638882313,2.2749409523215336,0.8767804115666978
holon,3.151658979862516,1.9523771513592487,1.199281828503267
moses,3.1515484673671397,1.92405906299892,1.2274894043682194
sajou,3.151541299744617,2.0933266365780185,1.0582146631665985
mozed,3.1515202728291176,1.9296618515152726,1.221858421313845
gazes,3.151464577260427,2.028207863962411,1.1232567132980156
oches,3.1514567070406145,2.429289331028792,0.7221673760118225
pasta,3.1514539286084915,1.9652925805248938,1.1861613480835975
dinna,3.1513714201277674,1.959011321880869,1.1923600982468983
gybed,3.1513481111520925,2.12622417748008,1.0251239336720122
surds,3.1511841744381863,1.9241883836417735,1.2269957907964126
cycle,3.1511357845702626,1.9347146286139032,1.2164211559563594
jaker,3.151115246585846,1.9586911610848758,1.1924240855009702
amoks,3.1510364373401707,2.2440889604902114,0.9069474768499594
hoxed,3.1509019080403737,1.9802998547040127,1.170602053336361
fleme,3.150896501680847,1.7229271745210357,1.4279693271598113
debel,3.150846382136929,1.8129419478531976,1.3379044342837312
bocks,3.1507758711757727,2.1517363026669565,0.9990395685088164
kevil,3.150582435938265,2.106498873602234,1.0440835623360312
peghs,3.1504267287605674,2.244478574019449,0.9059481547411187
balas,3.1503841924317664,1.9117789065353241,1.2386052858964423
tweel,3.150352981949223,1.8477355225539553,1.3026174593952675
rills,3.1502337004123304,2.0674984190487975,1.082735281363533
quyte,3.15017276299138,2.0204811930394326,1.1296915699519472
pilei,3.1501004398727006,1.954598000993888,1.1955024388788127
rosts,3.1498312222849614,2.074693871343471,1.0751373509414903
blini,3.14978737530302,1.8802228427655074,1.2695645325375127
vegas,3.149744019982913,2.1915009933589715,0.9582430266239417
balls,3.1493518780448158,1.9117789065353241,1.2375729715094916
woful,3.1491726529019375,2.10562998993237,1.0435426629695677
miraa,3.1491689808450474,1.954957459080445,1.1942115217646025
walks,3.1489135061870126,2.159152879987355,0.9897606261996575
staps,3.14876554994892,1.9652925805248938,1.1834729694240265
jotas,3.148693211597354,2.1484942928339215,1.0001989187634326
vacuo,3.1483226925544163,2.2230496466089313,0.925273045945485
noove,3.148312129648499,1.782049184125972,1.3662629455225266
dhobi,3.148292688571507,2.2417841789513773,0.9065085096201299
nagar,3.1481436901794484,1.934872803567477,1.2132708866119715
sauba,3.1480486436174253,1.8596750889463427,1.2883735546710828
nyams,3.147895809358243,2.3569880119913553,0.7909077973668878
ruers,3.1475767384329227,2.0179306447034415,1.1296460937294812
semee,3.1473541472350774,1.4059119198798748,1.7414422273552024
mooli,3.1472839888653104,1.9270717211462642,1.2202122677190461
uncap,3.1472785275575816,2.3526491200497994,0.7946294075077822
burfi,3.147175456419449,2.1776182923577476,0.9695571640617014
yikes,3.147122452842592,2.2916671378985183,0.8554553149440735
kepis,3.146866378453162,2.2560705389419904,0.8907958395111714
typic,3.146831868067894,2.3450870092107468,0.8017448588571473
doppe,3.146662489912836,1.867352612700763,1.2793098772120732
maxes,3.146626361225371,2.0308465331269216,1.115779828098449
kerry,3.1466263510672103,1.7996729599642836,1.3469533911029266
wisha,3.1464836200609074,2.279378301362336,0.8671053186985718
vygie,3.1464421816985024,2.1127598638900436,1.0336823178084589
panni,3.146439002945993,1.9460465953811652,1.200392407564828
ylkes,3.1463949791098975,2.291837922001353,0.8545570571085445
skies,3.146357557569096,1.8462259537684433,1.3001316038006527
finks,3.1462690589541893,2.133767184112902,1.0125018748412875
towze,3.146232846966656,1.9431274411251325,1.2031054058415234
akene,3.1461518670180064,1.8457592927903157,1.3003925742276907
moove,3.1460365026460684,1.6701456692385825,1.4758908334074858
oxies,3.1458389025328684,2.1527262399083256,0.9931126626245429
shams,3.1457273639153724,1.8463380228489819,1.2993893410663908
mooni,3.1456690678710375,1.9055116573813224,1.240157410489715
fazed,3.1456205537947355,1.8718187575917589,1.2738017962029768
ungod,3.1454329880251892,2.2776925597175657,0.8677404283076235
combi,3.145370402291645,2.2308157155578163,0.9145546867338289
rosco,3.145280820893523,2.0159792772372023,1.1293015436563207
hypes,3.1451271009720383,2.3078923990585882,0.8372347019134502
adyts,3.1450306094780878,2.4236984911546724,0.7213321183234152
winze,3.144938969114479,1.9143719250655171,1.230567044048962
gamme,3.1448809617078597,1.8088618976547894,1.3360190640530702
shaps,3.14485885868692,1.8754598730807321,1.2693989856061878
breve,3.144825387953694,1.661329504788856,1.4834958831648377
brook,3.14468528146181,1.7152220960692341,1.4294631853925757
docks,3.144665223741598,2.2151508644893085,0.9295143592522895
lotos,3.1446113773202864,2.0582212211773823,1.086390156142904
begum,3.1445622850037314,2.1007789126236975,1.0437833723800338
jours,3.1445149799946126,2.094425369451098,1.0500896105435145
flews,3.144508218872336,2.1505895357462554,0.9939186831260804
teaze,3.1443570245898655,1.6547930449293666,1.489563979660499
hoses,3.144303874372952,1.9707537728740112,1.173550101498941
amain,3.1443002079800104,1.916924745149415,1.2273754628305955
toyon,3.1441694481001363,1.973464729339357,1.1707047187607793
unwed,3.1441559340454295,2.193817114206361,0.9503388198390685
gibus,3.144033555123574,2.2261577466414333,0.917875808482141
ytost,3.1438915351874197,1.9894760917133292,1.1544154434740903
ixnay,3.143861305684863,2.0770175766976022,1.0668437289872608
kurre,3.1438238300111703,1.8163142718393548,1.3275095581718155
gyrus,3.1437613041423007,2.3288476151895328,0.8149136889527678
uptak,3.1437267595628815,2.2257587036659543,0.9179680558969271
temes,3.1435024138229837,1.9231620721409244,1.220340341682059
machi,3.1434612283364167,2.310251498291897,0.8332097300445198
ulvas,3.1434063074382737,2.2691908711323925,0.8742154363058812
jades,3.1434055019229055,2.052457881861996,1.0909476200609096
silds,3.143256169198537,1.9596487669618312,1.183607402236706
gadje,3.143235000425086,1.9258476287497728,1.2173873716753132
appel,3.1431597533791225,1.9701427023897327,1.1730170509893896
gemel,3.143082665335573,1.79348798036178,1.3495946849737932
japed,3.143038261233084,1.953664854832385,1.1893734064006987
tsubo,3.143023547116485,2.3655121534393,0.7775113936771845
khyal,3.1430066073959217,2.223626412767302,0.9193801946286195
kenaf,3.1429362243856396,2.157225846040507,0.9857103783451329
foots,3.1428334050403017,1.855501460833445,1.2873319442068567
beets,3.142711417681743,1.9018340870500268,1.2408773306317158
skool,3.1426286366070313,1.8479923082554048,1.2946363283516267
ryked,3.1426243266936837,2.222482271637534,0.9201420550561498
octyl,3.142571587991449,2.4535603512590796,0.6890112367323695
rarer,3.1425614240515487,1.5767707673822735,1.5657906566692752
glyph,3.1425063062825713,2.178916886805575,0.9635894194769965
tayra,3.1424835060748455,2.02291053103848,1.1195729750363659
aecia,3.142469195414858,2.018662891268131,1.123806304146727
teene,3.142287574289655,1.5264279748251552,1.6158595994644998
nazes,3.1422757600223576,2.138806754700662,1.0034690053216957
dhows,3.1422203569980005,2.1767589957762015,0.965461361221799
herye,3.1421878205160585,1.9200691654420992,1.2221186550739591
poddy,3.142187430528706,1.7962422240959193,1.3459452064327866
lefte,3.1420622784455707,1.8594545918402883,1.2826076866052827
refel,3.142018136415123,1.8728634033394558,1.2691547330756674
verry,3.141921337273746,1.747375939068032,1.3945453982057137
tykes,3.1418930526182676,2.294901760668275,0.8469912919499926
legal,3.1418926389206403,1.9423254763071203,1.1995671626135203
reefy,3.1417831246593115,1.8041182738754025,1.3376648507839088
ville,3.1417295783031505,1.799477634263161,1.3422519440399894
bello,3.1416573313160505,1.9082797792989918,1.233377552017059
jokey,3.141601078170906,1.8620602936866417,1.279540784484264
grrls,3.1415175592253672,1.9355102486484395,1.2060073105769278
linns,3.1413144678516325,2.029465705117767,1.1118487627338656
lammy,3.1412302202723645,1.8699104635531385,1.271319756719226
soths,3.1406505062810623,1.9714523524001422,1.1691981538809202
vichy,3.1405558758147216,2.100133935035858,1.0404219407788635
quois,3.1402879375721744,2.0820385687268863,1.058249368845288
whops,3.14023839256493,2.1637942692764978,0.9764441232884323
licks,3.1402223430906626,2.3023962527824335,0.8378260903082292
manta,3.140183211632447,1.9201593679191713,1.220023843713276
mazes,3.140000133019927,2.0269032398132727,1.1130968932066547
betta,3.1398694813256105,1.9227567057340056,1.217112775591605
wamus,3.1398680645760244,2.1807505580010984,0.9591175065749261
bises,3.1398567517537277,1.8985994642802702,1.2412572874734578
ciggy,3.1398362008772525,1.8000196308670846,1.3398165700101679
xenia,3.1397967366121655,2.148127965302446,0.9916687713097194
pecks,3.1396601034911167,2.200590567605478,0.9390695358856384
cogon,3.1394830442765285,1.8513363101939484,1.28814673408258
bless,3.1392123195129793,1.898770248383105,1.2404420711298745
amaut,3.139106830533621,1.8896156140951312,1.2494912164384897
yawls,3.139104205792932,2.297572824778358,0.8415313810145745
woody,3.139064377779471,1.6861451228862296,1.4529192548932415
polls,3.1390435317426673,1.95081565408988,1.1882278776527873
wazir,3.139025053496205,1.9654132971487661,1.1736117563474386
hoove,3.1387919096518804,1.7168403791136733,1.421951530538207
snaps,3.1387310402929294,1.9406686780930307,1.1980623621998987
cutto,3.1387242675726164,1.956015349540023,1.1827089180325931
drook,3.1385746340276346,1.7786366578915858,1.3599379761360488
molla,3.1385362432314547,1.942616422542109,1.1959198206893455
degum,3.138451637569556,2.164193474446049,0.974258163123507
oulks,3.1383959614881114,2.3100748042605517,0.8283211572275598
lasts,3.138395871832336,2.0696343089454747,1.0687615628868616
hallo,3.138140944959037,1.9893111324171997,1.1488298125418372
arepa,3.138122562889704,1.986615352555821,1.1515072103338826
pirrs,3.1381051876442165,1.9631566906282165,1.174948497016
jakie,3.1380889622368873,1.942047726815952,1.1960412354209355
kempt,3.1379587373767204,2.1313902844503856,1.0065684529263348
styes,3.1378803735164174,1.9878805213292026,1.1499998521872148
mechs,3.13777445364251,2.2918649228515435,0.8459095307909665
rumps,3.1377660258098348,2.291946392083867,0.8458196337259679
yawns,3.1374892847986597,2.2760127610134164,0.8614765237852434
queso,3.1374569057406156,2.084574611970512,1.0528822937701037
milfs,3.1372888831230674,2.2290287434805687,0.9082601396424987
roods,3.137169140989773,1.9802530307556725,1.1569161102341006
plumb,3.1371205838486373,2.126230879565519,1.0108897042831182
ohmic,3.137035047315105,2.298838410523805,0.8381966367913001
pinax,3.13689682567834,2.0414209777410743,1.0954758479372655
fungi,3.1368518536768843,2.162218187666753,0.9746336660101312
kempy,3.13676943855016,2.059581316319411,1.077188122230749
sorbs,3.1367452797371724,1.9168384689333207,1.2199068108038515
skink,3.1367234831957873,1.822300630862711,1.3144228523330765
luaus,3.136698849216459,2.0144666526895714,1.1222321965268875
deets,3.1366007702475676,1.9652486488723784,1.171352121375189
ootid,3.1365315243023613,1.9722221365446393,1.164309387757722
loggy,3.136412184662421,1.8598019999341844,1.2766101847282365
petto,3.1364104297452324,1.9617934532885615,1.174616976456671
navew,3.136386117671556,2.0932097558579223,1.0431763618136336
nomen,3.1362541372891792,1.908047700624948,1.228206436664231
elchi,3.1361463983469364,2.4307064187920093,0.7054399795549271
hylic,3.1358162065589044,2.359596030187166,0.7762201763717383
terre,3.1357751869935875,1.5644606887561856,1.571314498237402
feyly,3.135773859529131,1.7876456237093135,1.3481282358198174
filks,3.135576661780959,2.155327247877844,0.9802494139031149
cimex,3.135521911867915,1.9651997776826995,1.1703221341852157
flubs,3.1354669555567205,2.1557677249035243,0.9796992306531961
lappy,3.135386203354708,1.8990323137848888,1.2363538895698194
quits,3.1352396383167207,2.0811415778688906,1.0540980604478303
boofy,3.135231293071326,1.6344496303502112,1.5007816627211148
khads,3.13490951244405,2.195445838919508,0.939463673524542
dukas,3.1348060830528124,2.2301108901077664,0.9046951929450461
poboy,3.134613333612972,1.7328276622735674,1.4017856713394046
zoism,3.134561947558489,2.0129541088015546,1.1216078387569344
hydra,3.1344342431694736,2.355887135267569,0.7785471079019046
smits,3.134392940650257,1.9206260288972987,1.2137669117529581
ceaze,3.1343277549770447,1.5960784508230978,1.538249304153947
rompu,3.134327474069236,2.301455922999754,0.832871551069482
luxed,3.1342288393490447,2.011004076367354,1.1232247629816907
werfs,3.1341685186456476,2.167062185912344,0.9671063327333037
celeb,3.134113509322172,1.8486681943347276,1.2854453149874443
limba,3.1339101740318682,2.297879558765256,0.8360306152666122
tecta,3.1338422281125444,2.021897514037887,1.1119447140746574
razee,3.1338100481544453,1.6682018564285337,1.4656081917259116
iches,3.13369585809528,2.42515771740104,0.70853814069424
basta,3.1336408528586666,1.9148427452022454,1.2187981076564212
kibla,3.1336184557224565,2.224178063162531,0.9094403925599257
boong,3.1333951852444075,1.7521955018900668,1.3811996833543405
knuts,3.133388853388949,2.287617749637614,0.8457711037513346
neive,3.1333847397484806,1.7779175704982195,1.3554671692502611
lagan,3.1330751099655467,1.9184001534013881,1.2146749565641584
manoa,3.1330608547609478,1.9210563587771672,1.2120044959837808
usure,3.1330225633509547,2.0179306447034415,1.1150919186475132
henna,3.133000346746686,1.9661554982681317,1.1668448484785543
ricin,3.1327792640270005,1.9958363012354778,1.1369429627915224
hazes,3.1327555400257396,2.0735979496883634,1.0591575903373762
upsee,3.1324580762017935,1.8971162661167718,1.2353418100850218
revel,3.1324545220648865,1.8161210685320852,1.3163334535328015
tooms,3.1324221902015266,1.924757642525051,1.2076645476764756
chack,3.1323322475903037,1.7225344731978791,1.4097977743924246
radix,3.1323290908953387,2.092418418171808,1.0399106727235305
bewig,3.1320933846091688,2.071736695131905,1.060356689477264
hench,3.132021753876451,1.8951308255357746,1.2368909283406762
spets,3.1318895580307755,1.952283922372675,1.1796056356581006
fetes,3.131653337641853,1.8539058904493184,1.2777474471925347
ethic,3.131595071857595,2.433770257458931,0.6978248143986637
kipas,3.1315264302303225,2.2690791970942095,0.8624472331361132
jatos,3.131493111566666,2.1484942928339215,0.9829988187327446
wonks,3.131484481308271,2.1261797284543213,1.0053047528539498
abcee,3.131349657110363,1.8640421116277368,1.2673075454826264
holla,3.1312916502372667,1.9893111324171997,1.1419805178200668
bufos,3.131237714315534,2.1597285544284412,0.9715091598870927
inspo,3.131137355759701,2.4432711198162314,0.6878662359434699
tatus,3.131108201449574,2.017530491356493,1.113577710093081
slobs,3.1310897458916633,1.9003658187672319,1.2307239271244317
unbid,3.1310422658688366,2.2509283368497766,0.88011392901906
wafts,3.131039908107139,2.1666620325653954,0.9643778755417437
elmen,3.130859779443509,1.9040868711000312,1.2267729083434777
vends,3.130853393561199,2.195348964883336,0.9355044286778631
gerbe,3.1307590686231697,1.7886326454369708,1.342126423186199
gleek,3.1307255841650083,1.7197864847590552,1.4109390994059532
chili,3.1306480047327634,1.9141548460570905,1.2164931586756729
sunup,3.1304136868757606,1.8731909432110396,1.2572227436647212
lieve,3.1302686895505243,1.7994776342631613,1.3307910552873632
dwarf,3.1302663281505607,2.094242543534655,1.0360237846159057
apaid,3.1301048889751106,1.8762296572252295,1.2538752317498811
goxes,3.1299693834138975,2.020738069507968,1.1092313139059296
nappe,3.1298481275521346,1.9485826386247909,1.1812654889273437
perve,3.1297526498449413,1.7117793401115045,1.417973309733437
mumsy,3.1297075935838707,1.7968840272801778,1.3328235663036927
sujee,3.1295079465214397,1.562170835306754,1.5673371112146857
slaws,3.1294622471295552,1.852131640648283,1.277330606481272
heuch,3.129420268816923,1.8645870717117345,1.2648331971051883
gecko,3.1293451318902004,2.182282872438753,0.9470622594514473
schmo,3.129220291998087,2.2934604932356706,0.8357597987624164
ledes,3.1291904946261715,1.962184810205457,1.1670056844207146
oxime,3.129123268414875,2.024811362646964,1.104311905767911
witty,3.129068959881386,1.7764543498462761,1.35261461003511
tewit,3.128973077827183,1.84756473845112,1.2814083393760634
madal,3.1289578119203645,1.8472785910963143,1.2816792208240504
props,3.1287451823185304,1.9672883042559688,1.1614568780625616
neoza,3.128731971155978,2.148316285616549,0.9804156855394289
woxen,3.1285567416191906,1.9224468320069183,1.2061099096122723
bewet,3.128346491093236,1.692943958810726,1.4354025322825101
swans,3.128344593271796,1.830571576883341,1.2977730163884549
tsars,3.128337700539019,2.0861069591115635,1.0422307414274556
jutes,3.127850402287453,2.079420987567804,1.0484294147196493
snyes,3.1278458638604265,1.9632566188973395,1.164589244963087
imshy,3.127459070403082,2.2762345055832123,0.8512245648198697
snods,3.12744846049143,1.9422203168246417,1.1852281436667882
yonks,3.127288405655958,2.2718734286205384,0.8554149770354195
psych,3.127261000277239,2.2498763844784504,0.8773846157987885
recur,3.1272308308763055,1.9678285906550634,1.1594022402212418
popia,3.1271960581233254,1.971567488671024,1.1556285694523012
ritts,3.127173723091688,2.070562257715719,1.056611465375969
mazut,3.1270759108064476,1.9810467031413914,1.1460292076650564
aulas,3.1269729736579532,2.0144666526895714,1.1125063209683819
gotta,3.126940710151311,1.9469848853581686,1.1799558247931423
pepon,3.1269341249644214,1.9371695508566986,1.189764574107723
withs,3.126824589300326,2.2670682227362478,0.859756366564078
cauda,3.126777339608961,1.8729875967203162,1.2537897428886449
biris,3.1266629121969096,1.9127068553055682,1.2139560568913415
pekau,3.126362411061732,2.2250601241398233,0.9013022869219088
batts,3.1262919007241727,1.9148427452022454,1.2114491555219276
nkosi,3.1262141845523077,2.340447773981756,0.7857664105705514
yirks,3.12619643170937,2.3057745289238163,0.8204219027855534
hiois,3.1261819747033193,1.9682177296303855,1.1579642450729337
bomor,3.1261762545993657,1.788923591671959,1.3372526629274064
ledge,3.126098860038954,1.8355745570932336,1.2905243029457205
odahs,3.125833742299694,2.406571742699481,0.7192619996002129
zatis,3.1258102828342773,2.1608946138888996,0.9649156689453778
whirr,3.1257089090771224,1.7718394220322564,1.353869487044866
gooky,3.125682598206791,1.6526369256791285,1.4730456725276628
macks,3.125575234378466,2.1844773755259466,0.9410978588525193
ictus,3.1253601156684523,2.4605213481154293,0.6648387675530231
fussy,3.1252241903312745,1.7276278455885719,1.397596344742703
gunks,3.125068451831358,2.1523949564675,0.9726734953638579
thebe,3.125033056625375,1.8206139196637563,1.3044191369616183
wrawl,3.1250122119503922,1.8741529922053415,1.2508592197450508
speos,3.124767201159276,1.9531809132306708,1.1715862879286054
gauss,3.1247402894698886,1.8823076981863784,1.2424325912835101
oobit,3.1247283881882018,1.908807574722288,1.2159208134659136
scoop,3.1246942180131017,1.8951648986505325,1.2295293193625694
youks,3.1246869205964303,2.2413296747964986,0.8833572457999316
pixes,3.124626299309811,2.0444236819628276,1.0802026173469832
natto,3.1246011876350126,2.0575837760964197,1.0670174115385926
skyey,3.124518507894982,1.7776516084072251,1.3468668994877568
woold,3.1244695483240554,1.7548902523502827,1.3695792959737727
burra,3.124233765532597,1.8816964405034007,1.2425373250291964
foxed,3.1241253599482066,1.8643489631373158,1.2597763968108908
maims,3.124124538063879,1.9329361075233868,1.191188430540492
imbed,3.1241079970193795,2.19349389869216,0.9306140983272195
quark,3.123996758181839,1.908478717899816,1.215518040282023
sings,3.1239153273285516,1.897306750614574,1.2266085767139776
azurn,3.123895624919382,2.1063590295279484,1.017536595391434
grigs,3.1237901059521023,1.9353394645456041,1.1884506414064981
fauna,3.1237385980234933,1.7957355299716622,1.3280030680518309
aevum,3.123485667372231,2.1436412530118214,0.9798444143604093
niton,3.12348311356378,2.042039074700575,1.0814440388632052
iliac,3.1233864110379796,2.0162976321273405,1.1070887789106392
rerig,3.123161995569919,1.9432534250773645,1.1799085704925545
pipes,3.1231565779805903,1.9490492996029185,1.1741072783776718
shaya,3.1230887574074613,1.9110564720372598,1.2120322853702015
joker,3.1229938245338733,1.9472780733167836,1.17571575121709
cooms,3.1223929205887058,1.8660430484187822,1.2563498721699236
nenta,3.1223425542063756,2.055988205712293,1.0663543484940825
umped,3.12228810933263,2.1920107005286615,0.9302774088039684
cajun,3.122152299345471,2.0177036892397817,1.104448610105689
momes,3.1220107295333808,1.92405906299892,1.1979516665344607
furzy,3.1220043268676507,1.8410802861918902,1.2809240406757603
becks,3.121847027741292,2.15014073228283,0.9717062954584622
cusso,3.12176733836358,1.9474028094821318,1.1743645288814482
nrtta,3.1217550632313014,2.070095596737591,1.05165946649371
hadal,3.1217132189261774,1.8939733009714055,1.2277399179547719
igapo,3.121668741965025,2.3535948477619595,0.7680738942030656
pitta,3.1215976260472242,1.9706704978130283,1.150927128234196
assot,3.121534241267632,2.0735951384703917,1.0479391027972402
coops,3.121524415360253,1.8951648986505325,1.2263595167097205
pulpy,3.1213959407650047,1.8315545789028977,1.289841361862107
gadgy,3.1213868757611722,1.7798380857813993,1.3415487899797731
bolls,3.1212304559928428,1.9003658187672317,1.2208646372256111
emure,3.1211309022844658,1.8900157674420799,1.2311151348423857
nided,3.1209827082963617,1.9460026637286498,1.1749800445677117
rests,3.120902378850481,2.0730983009593444,1.0478040778911362
noxes,3.1207805661758283,2.131336960246219,0.9894436059296093
tippy,3.1207180671303885,1.8865514510559656,1.2341666160744227
smeek,3.1206253685772722,1.712933159218947,1.4076922093583253
slugs,3.1205863685363298,1.8669337808933693,1.2536525876429607
abeat,3.120430300559255,1.9227567057340056,1.1976735948252495
birrs,3.120292111894392,1.9127068553055682,1.2075852565888239
tacts,3.1202646475111075,2.0139835535061272,1.10628109400498
garri,3.120206203007729,1.9562620832295834,1.1639441197781455
velds,3.1201609963879684,2.2169090286482778,0.9032519677396906
obole,3.12010049651719,1.9082797792989918,1.211820717218198
yuked,3.120077822254069,2.1539058038824637,0.9661720183716054
otaku,3.1199787598376485,2.334061261611452,0.7859174982261965
pupal,3.119978400717724,1.9156736256599602,1.2043047750577638
sodom,3.1198119671002917,1.8303168019372524,1.289495165163039
squee,3.1197803413872998,1.5664274688514666,1.5533528725358332
abray,3.1192872016266575,1.8650551286283292,1.254232072998328
verba,3.1192641785518025,2.1908897356759938,0.9283744428758087
gazon,3.119157193216047,2.0137920719725657,1.1053651212434816
bilby,3.1191057749765676,1.833037777066396,1.286067997910172
azons,3.1190845253688653,2.140402325084789,0.9786822002840765
indew,3.11884909338847,2.2457501476925077,0.8730989456959621
nonas,3.118842716764126,2.0489712360385286,1.0698714807255978
wheel,3.118526627859892,1.7579028151097935,1.3606238127500985
chess,3.11845802794845,1.9111421879097463,1.2073158400387036
iring,3.1183372956164246,1.9193281021716324,1.1990091934447922
hacks,3.1183306413842784,2.2311720854010377,0.8871585559832408
gooby,3.118209453601544,1.7050104361909555,1.4131990174105886
durra,3.1181231180984224,1.9451110023257527,1.1730121157726698
unked,3.1180459883273173,2.2010908695815754,0.9169551187457416
pizes,3.118000071104367,2.0404803886491782,1.0775196824551887
naeve,3.117897207840758,1.7934622718940643,1.324434935946694
dayal,3.117655227513115,1.9119970402845925,1.2056581872285226
washi,3.117627479695134,2.279378301362336,0.8382491783327983
cacti,3.117586481212008,2.0193614707942618,1.0982250104177465
infra,3.1172947486263567,2.3783275272180258,0.7389672214083312
poovy,3.1172030348233157,1.628157130865489,1.4890459039578265
kytes,3.1171643451238737,2.294901760668275,0.822262584455599
easts,3.117161406863353,2.071999568086265,1.045161838777088
meers,3.117116175204659,1.936570883640092,1.1805452915645671
befog,3.1170494055249742,2.0875873780459906,1.0294620274789839
zeros,3.1170008808823892,2.1654263808636003,0.9515745000187891
tatou,3.1169583318676226,2.02704002227238,1.0899183095952425
yolks,3.1165960084827273,2.29343349238548,0.823162516097247
nooky,3.1164937809687228,1.7632358164173796,1.353257964551343
quank,3.116447954346571,1.8704460039687856,1.2460019503777855
avast,3.1164033604562698,1.810172213794167,1.3062311466621028
quaky,3.116005686609965,1.823260938269674,1.2927447483402907
potts,3.1159835544220247,1.9538794927568013,1.1621040616652234
minxy,3.115941850508828,1.9281800807522615,1.1877617697565666
omega,3.1159169691798168,2.3270090407738344,0.7889079284059821
deids,3.115856345835069,1.9620140261026218,1.153842319732447
decks,3.1157363803071174,2.213555294105182,0.9021810862019354
reges,3.1155761370976287,1.9378755077892302,1.1777006293083985
cuddy,3.1155724249216084,1.7888685499632537,1.3267038749583548
syens,3.115532327810372,1.9632566188973395,1.1522757089130327
agrum,3.1154858557059697,2.2850517846852343,0.8304340710207356
skell,3.1153728422908094,1.8463967378712782,1.2689761044195311
kyles,3.115367550246394,2.291837922001353,0.8235296282450407
mochi,3.115339806284444,2.2988384105238047,0.8165013957606393
serks,3.1152895809079393,1.862869388037367,1.252420192870572
emule,3.1151970194434706,1.8735431172759913,1.2416539021674793
boxla,3.1151914548281323,2.01666281981112,1.0985286350170123
dolls,3.115119808558668,1.9637803805895837,1.1513394279690843
molvi,3.115097832795378,2.1817959395890854,0.9333018932062924
oncus,3.1149959621219283,2.440029059311318,0.67496690281061
baozi,3.1148373316088427,2.0125487423946358,1.102288589214207
plaps,3.1148090874090304,1.9622287418579725,1.152580345551058
gungy,3.1147273784214713,1.782177289055344,1.3325500893661273
caffe,3.114636234473543,1.816113915027029,1.2985223194465143
etats,3.1146208152934554,2.071999568086265,1.04262124720719
digit,3.114540549131524,1.8361023525165294,1.2784381966149947
meech,3.1140078195747485,1.783227310648385,1.3307805089263633
overs,3.113859839295423,2.328719510260161,0.7851403290352618
pirai,3.113857479959559,1.9840793093121958,1.1297781706473633
cists,3.1136984659951947,1.9984388521102825,1.1152596138849125
alaps,3.1136905361361524,1.9622287418579725,1.1514617942781797
vigas,3.1136590889547024,2.188964950115346,0.9246941388393566
nertz,3.1135010788279125,2.1485180276316322,0.9649830511962805
kydst,3.1134841855844035,2.201159499606607,0.9123246859777969
paaho,3.113421342245285,1.8849694039966187,1.2284519382486665
hydro,3.1131621158392715,2.3444740474994767,0.7686880683397945
rucks,3.1130929231455746,2.2669358694623756,0.8461570536831992
mirid,3.1129824152087933,1.8482065398665584,1.2647758753422347
toxic,3.1129651132750658,2.103322765386079,1.009642347888987
apnea,3.112877475139761,1.9485826386247909,1.1642948365149701
bumph,3.112764056903182,2.039462010788279,1.073302046114903
smaak,3.1126997906703613,1.725941817371166,1.3867579732991953
limbo,3.112638046701666,2.286466470997164,0.8261715757045021
faxes,3.112605220139016,1.9615903514353157,1.1510148687037005
rayah,3.1124327710156994,1.933077823594318,1.1793549474213811
lassi,3.1124317271001716,2.066399686175718,1.0460320409244535
culls,3.1124285261355698,1.9434419799572145,1.1689865461783553
drama,3.1124104883412285,1.863751241262403,1.2486592470788256
pheme,3.112400448746672,1.7345363376671519,1.37786411107952
wryer,3.1123458771883232,1.7923992045890693,1.3199466725992541
ahigh,3.112286107867914,1.8530205642862545,1.2592655435816593
ticca,3.112075301957362,2.0193614707942613,1.0927138311631008
floss,3.112001033821185,1.8524376221665237,1.2595634116546615
kohas,3.111983710243563,2.2907836703653026,0.8212000398782602
defer,3.111971851388563,1.781486401418578,1.3304854499699847
mozes,3.1118787109679547,2.0154901520451802,1.0963885589227742
recep,3.111741716408524,1.9155906798234643,1.1961510365850596
seths,3.111721662846582,1.9698567820160156,1.1418648808305663
gybes,3.1117065492909286,2.2120524780099875,0.8996540712809412
yandy,3.1116881683021207,1.8904369765196505,1.2212511917824702
boabs,3.111573977366293,1.915739736060241,1.195834241306052
hided,3.1114624882997433,1.880793858716351,1.2306686295833922
anura,3.111397954723949,2.014927940481688,1.0964700142422608
onsen,3.1113940812433425,2.0359625778863095,1.0754315033570327
grogs,3.1113842228017656,1.9394710781733564,1.1719131446284095
sakia,3.1113689545236785,1.859234611920662,1.2521343426030167
hoxes,3.1112603461792103,2.0661281552339203,1.0451321909452902
hashy,3.111202233587692,1.9110564720372598,1.200145761550432
avant,3.1111820269328163,1.794160851420195,1.317021175512621
yowls,3.1109827837409596,2.2861597370102658,0.824823046730694
defog,3.110938758090799,2.151001939868342,0.9599368182224569
whoot,3.110762225787855,1.7625622241608414,1.3482000016270135
broom,3.11067634123202,1.788923591671959,1.321752749560061
tabby,3.1105603922409584,1.8516463171291622,1.2589140751117962
schif,3.1101546460399954,2.2200726979163123,0.890081948123683
pells,3.1101146883081867,1.9492200837057534,1.1608946046024333
baggy,3.1100733603368123,1.7164235239590475,1.3936498363777647
snigs,3.1098211045985495,1.8973067506145738,1.2125143539839758
kitab,3.1098172516772644,2.2272419018294523,0.8825753498478122
flood,3.10961136183458,1.766609321636616,1.3430020401979639
gambo,3.109455382229968,2.169852217889815,0.939603164340153
njirl,3.1094158484236485,2.126386211038355,0.9830296373852936
tanga,3.1093748552380935,1.9214639920683096,1.1879108631697841
yokul,3.109334071338418,2.2468783761874684,0.8624556951509493
mikos,3.1089593420047326,2.2285442590943667,0.8804150829103661
etude,3.1088999985597696,1.9186935326743664,1.1902064658854032
chiti,3.1088550712015626,1.9172186847240118,1.1916363864775508
thigh,3.1088032443453026,1.8407104856601666,1.268092758685136
nants,3.108764973604938,2.048074245180533,1.0606907284244051
marri,3.1087417587672297,1.954957459080445,1.1537842996867846
jolts,3.1086972515087132,2.133120375540912,0.9755768759678013
kusti,3.108583858329503,2.3090070292997207,0.799576829029782
thumb,3.1085824861471036,2.146867577875781,0.9617149082713229
galas,3.108526577822986,1.93441151577536,1.1741150620476257
bever,3.1085188844725016,1.661329504788856,1.4471893796836457
resee,3.108515578535417,1.5558481486982947,1.5526674298371224
swats,3.108166580734868,1.8551954793152041,1.2529711014196638
phono,3.108129835205358,1.848035422938668,1.26009441226669
subby,3.1081198992856427,1.77555604218928,1.3325638570963625
qaids,3.1080365444127285,2.054178472163083,1.0538580722496456
ovels,3.107925956454428,2.3122468600940724,0.7956790963603554
nucha,3.1079068032549353,2.3702219796931403,0.7376848235617951
tiyin,3.107863826542486,1.9693331157116047,1.1385307108308815
tenet,3.1078124008227963,1.5264279748251552,1.5813844259976413
manas,3.1077545307557175,1.9115468278612804,1.1962077028944373
kylin,3.1076367054793037,2.2732905163837556,0.8343461890955484
pucka,3.1075168261011115,2.167044109559685,0.9404727165414262
topaz,3.1075103312965924,2.0662332004870407,1.0412771308095516
galls,3.1074942634360347,1.93441151577536,1.1730827476606747
leggy,3.10748334122794,1.8582064295500578,1.2492769116778821
stogs,3.1074497311042037,1.9260622666741891,1.1813874644300149
neski,3.107422849655578,2.3388522035976296,0.7685706460579486
loppy,3.1072647813027356,1.8876192260167965,1.219645555285939
javel,3.107112756857023,1.8899214900225356,1.2171912668344873
zooey,3.10710078294896,1.5715709890302996,1.53552979391866
hooky,3.1069735609721048,1.6980270114050813,1.4089465495670235
slums,3.1069623690055543,1.8656291567442311,1.241333212261323
rumba,3.1067807540867802,2.262419175445198,0.8443615786415821
hunks,3.106359414596671,2.1977850421934524,0.9085743724032186
mimeo,3.1063526738283778,1.9294369802870546,1.1769156935413232
cacky,3.1063135798441905,1.7405582125110661,1.3657553673331246
ovens,3.106311035460155,2.2906867963291306,0.8156242391310243
jotun,3.106254336084426,2.0650051955779585,1.0412491405064674
stims,3.1062316147237645,1.9206260288972987,1.1856055858264658
polos,3.1061674118150497,1.95081565408988,1.1553517577251697
fazes,3.105978991933573,1.9576470581216667,1.148331933811906
nebel,3.1059105977242547,1.882758886009133,1.2231517117151214
cooze,3.1058527044234543,1.5846653630550054,1.521187341368449
zowie,3.1058181178933495,1.9398928183553759,1.1659252995379736
sigri,3.1056254358738355,1.9353394645456043,1.1702859713282314
skeed,3.105547361504323,1.755019735950401,1.350527625553922
buded,3.105342947693525,1.760838130264216,1.344504817429309
jigot,3.105163602232646,2.0063393383258536,1.0988242639067927
joram,3.1051295372187333,2.0339882270717276,1.071141310147006
antra,3.1051038374877256,2.070095596737591,1.0350082407501344
elver,3.1049322611201955,1.8161210685320852,1.28881119258811
capiz,3.1048575009303727,2.0033869927530197,1.1014705081773528
scurs,3.1047612024173272,1.9599146301233035,1.144846572294024
lemed,3.1046769153938025,1.8342699329440955,1.270406982449707
apply,3.104584999023512,1.8990323137848888,1.2055526852386231
mompe,3.1044265901869346,1.825266035969309,1.2791605542176256
vegos,3.104422497900252,2.180087905590879,0.9243345923093733
dimps,3.104324551943167,2.2360297734830477,0.868294778460119
droog,3.1039873387198638,1.8536427776434488,1.250344561076415
hertz,3.103980858831295,2.083309222619334,1.020671636211961
daggy,3.1039627129026375,1.7798380857813993,1.324124627121238
heels,3.1039376993694763,1.9667929433490943,1.137144756020382
dbags,3.1039099580040634,2.2024292637053824,0.9014806942986809
tolyl,3.103704446564705,1.9950247931042988,1.1086796534604062
bibes,3.1036637486376173,1.8985994642802702,1.2050642843573471
aloha,3.1036195701648976,1.9893111324172,1.1143084377476977
picks,3.103575172462906,2.1980545243618526,0.9055206481010533
shogs,3.103543039842204,1.8362295592300277,1.2673134806121762
preux,3.1034791999275457,2.0145120000337395,1.0889671998938064
japes,3.1033966993719204,2.0394931553622926,1.0639035440096278
hakim,3.103045407612023,2.1587371794761885,0.9443082281358346
epode,3.1030230177441296,1.867352612700763,1.2356704050433667
rykes,3.102982764832521,2.308310572167442,0.7946721926650788
greve,3.1029677733449135,1.683962114028892,1.4190056593160214
burro,3.102961638202395,1.8702833527353087,1.2326782854670864
tabla,3.102925227589423,1.9203914465932153,1.1825337809962078
alway,3.1028891419416125,1.7889352125751994,1.3139539293664133
piing,3.1027319833096287,1.7985137235849626,1.304218259724666
jivey,3.102666195269185,1.805631659162638,1.297034536106547
pepla,3.1026059658142557,1.9701427023897327,1.1324632634245229
hella,3.1023628068027858,1.987715562033073,1.1146472447697127
tenne,3.1023372965732467,1.5264279748251552,1.5759093217480915
shims,3.1023249234617643,1.8307933214531373,1.2715316020086271
acais,3.102085240809972,2.0107489307363706,1.0913363100736015
pasts,3.1017487012045795,1.9652925805248938,1.1364561206796857
nanos,3.1016426167334386,2.0489712360385286,1.0526713806949097
bawds,3.1016244170899467,2.1201493885783047,0.9814750285116419
ships,3.1014564182333118,1.8599151716848876,1.2415412465484241
tondo,3.101427632667227,1.9508328568825328,1.1505947757846946
basis,3.1013898078605444,1.9116081224324888,1.1897816854280556
incog,3.1012643299791622,2.3653518396852418,0.7359124902939204
agger,3.1011986344668685,1.9587981264732093,1.1424005079936594
sleys,3.101095620775399,1.984816682662281,1.1162789381131182
oking,3.1010115167713335,2.213837520869533,0.8871739959018003
salal,3.100871254303893,1.552384156684425,1.5484870976194682
tapas,3.100833202097289,1.9652925805248938,1.135540621572395
shoji,3.1006693244039374,2.0431168839939153,1.057552440410022
abear,3.100633748095662,1.9361655172331729,1.1644682308624894
grego,3.100608027315615,1.9473850387051166,1.1532229886104983
cabby,3.100531122628137,1.7929317230228932,1.307599399605244
ensue,3.100516033266064,1.979897930772411,1.120618102493653
seppo,3.1004858052092,1.9531809132306708,1.1473048919785294
bubal,3.100485571374751,1.8652237903373123,1.2352617810374389
shaka,3.1004241128851335,1.772636527246257,1.3277875856388763
gnows,3.1003455714294046,2.2011858482061846,0.89915972322322
ambos,3.1002964823877464,2.2964624710020383,0.8038340113857081
axels,3.100285593825589,2.164310111779253,0.935975482046336
bizes,3.1001869953545427,1.9900305533265303,1.1101564420280126
sikes,3.10013067101295,1.8462259537684433,1.2539047172445068
tween,3.0998591048006845,1.8261754587890136,1.273683646011671
poggy,3.0997650140346638,1.7554602715136036,1.3443047425210604
nocks,3.099729439328924,2.284967802645244,0.8147616366836797
kinds,3.099473476326453,2.245109942535962,0.854363533790491
nalas,3.099337760584917,2.0450104065136117,1.0543273540713056
pupil,3.0992334179123526,1.900128924264116,1.199104493648237
maddy,3.099173717981574,1.778533461632261,1.3206402563493134
debug,3.0989060210579344,2.1428654893551515,0.9560405317027827
annul,3.0988329252281126,1.9984552903155999,1.1003776349125127
sculs,3.0988273195763325,1.943441979957215,1.1553853396191176
knags,3.098748455006843,2.219872691349491,0.8788757636573518
enurn,3.098390996552828,2.001919282329469,1.0964717142233587
nouns,3.098220079030366,1.9814935011565376,1.116726577873828
lumps,3.0982092533052374,2.2754737419177786,0.8227355113874589
botts,3.0981704786722,1.9034296574341534,1.194740821238047
nonis,3.0980977339587548,2.033426534642684,1.064671199316071
homme,3.0980505024212,1.8428388956126498,1.2552116068085502
waded,3.0980227846136303,1.7686685992591658,1.3293541853544646
twill,3.097992649201753,1.8451994793103297,1.2527931698914232
peeky,3.0978881012712023,1.6788585813776138,1.4190295198935887
karez,3.0978495994033377,1.975223095767606,1.122626503635732
mocks,3.0974538123264934,2.1730642877578545,0.9243895245686388
snogs,3.0974152214482134,1.901438364242326,1.195976857205887
bedad,3.0972569135689456,1.828315865146207,1.2689410484227386
incus,3.0972351131765934,2.435897445683566,0.6613376674930276
vespa,3.0970910782235848,2.219318219441584,0.8777728587820011
bdays,3.0970866098503205,2.2658430887445222,0.8312435211057984
arbah,3.0970832749457156,1.8470313893151422,1.2500518856305736
malas,3.0970621335824866,1.9331068916262217,1.1639552419562649
phubs,3.0969709026225454,2.1673768880496405,0.9295940145729048
aroba,3.0966413593225974,1.9377610876172995,1.1588802717052977
klett,3.096639040365875,1.8550092779291694,1.2416297624367052
mimed,3.0966385169318524,1.8340991488412601,1.2625393680905923
unlaw,3.096511953634865,2.2982027742794573,0.7983091793554078
vrouw,3.096464780009158,2.065360305291088,1.03110447471807
decad,3.096457995582676,1.9274566734500884,1.1690013221325877
pagan,3.0964279393377896,1.8140584249808074,1.2823695143569822
joyed,3.096411645909742,1.9778483660208204,1.1185632798889216
karzy,3.0963644161961197,1.9041127071627624,1.1922517090333575
malls,3.0960298191955355,1.9331068916262217,1.1629229275693138
heigh,3.0957740192144487,1.8400119061340356,1.255762113080413
yeuks,3.0957580771619493,2.239734104412372,0.8560239727495774
hulks,3.09566701742344,2.219345105958394,0.8763219114650461
bukos,3.095595208404327,2.1552832405173223,0.9403119678870044
kohls,3.0955774785636025,2.275409753072293,0.8201677254913093
nixed,3.0954083535743004,2.0413770460885594,1.054031307485741
snips,3.0953285998393207,1.925123976697186,1.170204623142135
refry,3.0952698738752096,1.8041182738754025,1.2911515999998073
yokeg,3.095176795036827,2.1691884984140475,0.9259882966227794
bloop,3.0949957197388995,1.8015727917376205,1.2934229280012788
tutee,3.0949249786444453,1.4958842210011154,1.5990407576433299
detox,3.094840909144139,2.0701325621481743,1.0247083469959648
larga,3.094829595463853,1.9564328673324185,1.1383967281314344
luxes,3.0945872774878818,2.096832376897262,0.9977549005906198
woopy,3.0945386339770256,1.6731803963865262,1.4213582375904996
odium,3.0943799338390745,2.297777215230534,0.7966027186085405
ngram,3.0943394248222695,2.315595538509274,0.7787438863129954
colog,3.094292940851873,1.8728963739588902,1.221396566892983
koala,3.094188120859366,1.868914926939384,1.2252731939199817
babul,3.0939967891854154,1.8652237903373123,1.228772998848103
glebe,3.0939004639683025,1.7721599952708822,1.3217404686974201
cluck,3.093567252680485,1.7418256070931282,1.351741645587357
rooms,3.0935119024157807,1.9381664540242185,1.155345448391562
goofy,3.0933736784625454,1.6570822395902474,1.436291438872298
spurs,3.0931392887213027,1.91122365714207,1.181915631579233
mixed,3.09313272657187,1.9294735312011695,1.1636591953707003
qilas,3.09301920078802,2.1455554740839604,0.9474637267040598
spook,3.0930174475265426,1.743650579834824,1.3493668676917188
stops,3.0929572263449754,1.9538794927568013,1.139077733588174
parps,3.0927777197025668,1.9787013920240608,1.114076327678506
plook,3.0927539386981895,1.7491992812257937,1.3435546574723958
nioza,3.0926470401277673,2.1457802423729233,0.9468667977548437
roops,3.0926433971873277,1.9672883042559688,1.125355092931359
pedes,3.092543323998415,1.8578430817848761,1.2347002422135387
bells,3.0923016125583622,1.898770248383105,1.1935313641752572
leche,3.0920275962724304,1.9166908893007162,1.1753367069717142
hajes,3.091983643562304,2.0570660150056335,1.0349176285566704
welks,3.091863240700559,2.146144221835136,0.9457190188654231
jerky,3.0917462136032032,1.8745721143278133,1.2171740992753897
gadid,3.0917045816412467,1.8484124311426173,1.2432921504986294
lazos,3.091603758561652,2.1619623888497306,0.929641369711921
molto,3.091510352845134,1.9303063439160209,1.1612040089291131
condo,3.0913983630544064,1.892118262776264,1.1992801002781424
smeke,3.0912733929858134,1.712933159218947,1.3783402337668664
waacs,3.0911551215862763,1.7964808852089353,1.294674236377341
abbey,3.0910877566578376,1.850947737603031,1.2401400190548069
puses,3.090983635053867,1.8971162661167718,1.1938673689370949
ogams,3.0909423773811238,2.3190950802420747,0.7718472971390493
capas,3.090803932484468,1.906577986418625,1.184225946065843
oktas,3.0906831014019556,2.380616377809464,0.7100667235924913
pikau,3.0902774800335213,2.2225240808961977,0.8677533991373237
hocks,3.090209219332306,2.2197589976329457,0.8704502216993603
botos,3.090151130942705,1.9034296574341534,1.1867214735085518
sofas,3.0899297937843726,1.8678115394595332,1.2221182543248394
smush,3.08979245361032,1.7788602879669908,1.3109321656433295
dwams,3.0897036213845577,2.1414773736692028,0.9482262477153549
kheda,3.089597120684157,2.203359799451268,0.8862373212328887
zetas,3.0895050001531956,2.1634306571325252,0.9260743430206702
meets,3.089389358832463,1.9231620721409244,1.1662272866915384
penni,3.0893887374595392,1.9330379372289461,1.1563508002305931
araks,3.0892949814438984,1.8758780461895856,1.2134169352543125
elbow,3.089136507382905,2.20802726326285,0.8811092441200546
shops,3.0890505350829756,1.86404678531264,1.2250037497703354
myops,3.088943353523416,2.262793259567624,0.8261500939557916
chick,3.0889298071366955,1.7069897718020344,1.3819400353346611
wryly,3.088907521173061,1.7900339454482785,1.2988735757247825
niess,3.0888933613988243,2.0318309642585572,1.057062397140267
lilts,3.088883994376532,2.05408960754963,1.0347943868269018
netta,3.088823049478761,2.055988205712293,1.0328348437664683
halls,3.0887852262013484,1.979801601501313,1.1089836247000355
wolfs,3.088483164390794,2.1521851061303816,0.9362980582604123
visie,3.0883895908307455,1.7939289328721917,1.2944606579585538
bolos,3.0883543360652252,1.9003658187672317,1.1879885172979936
oonts,3.08833138233116,2.0366611574124405,1.051670224918719
dodgy,3.08823046830149,1.768424998013307,1.3198054702881827
aggie,3.08817235011791,1.9421546922042854,1.1460176579136245
recco,3.087977817869625,2.0238932377689625,1.0640845801006624
kight,3.0879673289536997,2.1477317249992387,0.9402356039544613
photo,3.0879518226684297,1.872659325370531,1.2152924972978987
undam,3.0879030010893516,2.2878010233365194,0.8001019777528322
dosas,3.0879027211797685,1.9791542978825931,1.1087484232971754
dadis,3.0878099869546896,1.9750226842548408,1.1127873026998485
yelks,3.0876671650482463,2.2918379220013536,0.7958292430468928
takhi,3.087662054989567,2.2952645967954415,0.7923974581941255
emery,3.087639385544277,1.8733744555670082,1.214264929977269
again,3.0876372239522007,1.9182293692985533,1.1694078546536473
owche,3.0875739768475947,2.2203992027894914,0.8671747740581031
specs,3.087492968797535,1.893569328266406,1.1939236405311293
hitch,3.0870412205524884,1.917218684724012,1.1698225358284766
onned,3.0870287650868087,1.9501342773564019,1.1368944877304068
rojis,3.0868437518281295,2.1463584029372442,0.9404853488908854
berob,3.0868078131552843,1.9247524294650806,1.1620553836902037
bammy,3.086769973894783,1.7151188998099094,1.3716510740848737
ruddy,3.0866914067486833,1.86099195556869,1.2256994511799932
metta,3.0865474224763307,1.9440846908249036,1.1424627316514273
mises,3.086534692904448,1.9199274493711678,1.1666072435332802
indie,3.086495452723687,1.9460026637286498,1.1404927889950374
ferox,3.086425759454535,1.972198615224282,1.114227144230253
ninta,3.086257623178165,2.0534521624686675,1.0328054607094972
dells,3.0861909651241874,1.962184810205457,1.1240061549187303
yarta,3.0860894433012733,2.02291053103848,1.0631789122627933
hemps,3.0859534785620855,2.2431739498703105,0.8427795286917751
cawks,3.0858567371369072,2.1035021245480077,0.9823546125888997
palak,3.085825131220905,1.760612368993886,1.325212762227019
mudif,3.0857406671999583,2.091096625361679,0.9946440418382791
lowly,3.0856481519370917,1.7775221248071071,1.3081260271299846
fonio,3.0856357913377996,1.8362554756897165,1.2493803156480832
rumbo,3.085508626756578,2.251006087677106,0.834502539079472
hilch,3.085244425675009,1.9141548460570905,1.1710895796179184
fleek,3.0852399988381545,1.6492256789183108,1.4360143199198436
talma,3.0850584585340872,1.9417194316841133,1.143339026849974
awarn,3.0849440415774194,1.8525929284403995,1.23235111313702
janky,3.084874678573553,1.8495480585490018,1.235326620024551
wools,3.0848279864628925,1.8407185528801904,1.2441094335827019
rists,3.08481744782227,2.070562257715719,1.014255190106551
bonza,3.0846997315713276,1.9911594627325293,1.093540268838798
ninth,3.0846448270657993,1.9513093763984177,1.1333354506673816
sinhs,3.0845323341141224,1.9426968363405268,1.1418354977735954
foxes,3.0844837980870436,1.9501772636672237,1.13430653441982
stymy,3.084392565049651,1.8520516835360807,1.23234088151357
mucho,3.0843590489223023,2.2469053770376584,0.837453671884644
knaps,3.084255950247614,2.247689917432103,0.836566032815511
alvar,3.084250834147439,1.829129726684304,1.2551211074631348
vrows,3.0842182382002754,2.1119154214891003,0.9723028167111751
talpa,3.0841899533056347,1.9708412819158636,1.113348671389771
tocos,3.084123877729639,2.0025704657380348,1.0815534119916044
thawt,3.084059588985678,1.7739753119289337,1.3100842770567442
jiver,3.084058941632153,1.89084943879278,1.193209502839373
qualm,3.0840539351110543,1.9657075633364522,1.1183463717746018
yawey,3.0839802186614156,1.79130047171599,1.2926797469454254
basts,3.083935625454755,1.9148427452022454,1.1690928802525093
accoy,3.083921181334494,1.9516841162910394,1.132237065043455
arval,3.0839138713710894,1.8291297266843038,1.2547841446867856
ooped,3.0838585728303265,1.867352612700763,1.2165059601295634
oasis,3.0835521000817483,2.070360515700635,1.0131915843811135
khadi,3.0835460216515034,2.2008237562076425,0.8827222654438608
omdas,3.0835085179678563,2.35987703282439,0.7236314851434663
lowps,3.0834374976131103,2.2505631380537383,0.8328743595593721
rizas,3.083346856634246,2.174303425388067,0.9090434312461788
woons,3.0832130654686196,1.819158489115249,1.2640545763533708
feers,3.0830950341183043,1.867314701948486,1.2157803321698184
serfs,3.082980661163693,1.867314701948486,1.2156659592152073
kheer,3.082945061622416,1.7816492206510965,1.3012958409713196
basij,3.082877569929737,1.9865072767960186,1.0963702931337185
kelly,3.0825509207029693,1.7832003097981948,1.2993506109047748
dolos,3.0822436886310505,1.9637803805895837,1.1184633080414668
gulfs,3.082067134913881,2.1784003341435603,0.9036668007703206
kbars,3.0820006441504786,2.2352727960404852,0.8467278481099932
wedel,3.0819538689936414,1.7532946819661563,1.328659187027485
boggy,3.0819519382848393,1.7050104361909553,1.3769415020938842
gayal,3.0819082603385097,1.8712150877022768,1.2106931726362329
lilos,3.081761637505032,2.0549865984076257,1.0267750390974064
zayde,3.0815737425468726,2.005793388471643,1.0757803540752295
lumme,3.0813774337298714,1.8735431172759913,1.20783431645388
lests,3.0813456063458826,2.0566256507932557,1.024719955552627
hello,3.0810906794725836,1.976302474264981,1.1047882052076028
azlon,3.080955539561984,2.145951026475758,0.9350045130862255
gilia,3.080818945986686,1.939789433063495,1.141029512923191
succi,3.080778668636273,1.9432711958543796,1.1375074727818935
buroo,3.080624285599871,1.8702833527353087,1.2103409328645625
quirk,3.080594317728231,1.8929340165039716,1.1876603012242593
yukes,3.080436260392906,2.2397341044123715,0.8407021559805344
kelps,3.080340266378988,2.2562413230448257,0.824098943334162
etyma,3.080325366283134,2.3895258749549786,0.6907994913281551
madid,3.0802401374007475,1.847107806993479,1.2331323304072686
plaga,3.0802137925425592,1.835618488745749,1.2445953037968105
arpas,3.0801978138859867,1.9787013920240608,1.1014964218619259
piezo,3.080102506150399,2.0499899195650655,1.0301125865853336
soyuz,3.080075862880572,2.0257395245036864,1.0543363383768853
moong,3.0800731263951278,1.7735234869809646,1.3065496394141631
amaro,3.0800572650633478,1.9590890727081973,1.1209681923551504
ephas,3.080041124929508,2.392011445815651,0.6880296791138569
gecks,3.0799894131325116,2.1727733415228663,0.9072160716096455
union,3.0797828916497023,1.986871418444672,1.09291147320503
equal,3.0797350979026987,2.1015364011295743,0.9781986967731247
primp,3.079702290527168,1.835241813366855,1.244460477160313
redye,3.079687799100953,1.9154610322984622,1.1642267668024906
dicks,3.0796514492789067,2.2110192508615563,0.8686321984173503
funks,3.079582866504504,2.0818341506267557,0.9977487158777484
oleos,3.079343377886415,2.0575226416512513,1.0218207362351641
adoon,3.079315807441283,1.963142935508621,1.1161728719326618
skosh,3.0793097476410303,1.7612234394781647,1.3180863081628655
james,3.0792503608293735,2.0103713051305423,1.0688790556988312
tyees,3.079115781546287,1.9878805213292026,1.0912352602170843
rasam,3.07884811367364,1.9495795417923105,1.1292685718813296
todos,3.078812148281733,1.966844219256505,1.1119679290252282
whomp,3.0787896176232312,2.0358793920151363,1.042910225608095
casus,3.078722656567335,1.9588158972502243,1.1199067593171108
banak,3.0787044526443115,1.688602469906296,1.3901019827380154
valve,3.078693482819355,1.8150223356590058,1.2636711471603492
rejas,3.0786598911990204,2.1603075339489624,0.918352357250058
bunjy,3.0784645152723087,1.8344438341788376,1.2440206810934709
girrs,3.0784344972856115,1.9353394645456046,1.1430950327400071
eyrir,3.0781974788268665,2.006667250116504,1.071530228710362
cocky,3.078192157792218,1.7291451247429739,1.3490470330492443
kroon,3.078124214491739,1.8484535960475217,1.229670618444217
ladoo,3.0778222288010504,1.9847029992735625,1.0931192295274876
agape,3.0777839293728446,1.8379837478865397,1.2398001814863049
souks,3.077695138766788,1.7958884906664232,1.281806648100365
litai,3.077687247775461,2.0750122262336093,1.0026750215418518
scapa,3.077606710307709,1.906577986418625,1.1710287238890837
bombe,3.0774635163161665,1.774816200646661,1.3026473156695055
afoot,3.0773802828834205,1.8764240795174243,1.2009562033659964
steds,3.077351055903581,1.9652486488723782,1.1121024070312029
stays,3.0772902212655495,2.0008891794814216,1.076401041784128
feels,3.077161151277309,1.8508420517823971,1.226319099494912
scuts,3.0770343860451317,1.9465058186241362,1.1305285674209955
augur,3.07694646698079,1.9043290497434369,1.1726174172373531
tamas,3.076686863554742,1.9361707302931435,1.1405161332615985
grama,3.0766635211666236,1.8229692886800875,1.2536942324865359
mvula,3.076592365790167,2.141275993871031,0.9353163719191356
wekas,3.076546301920639,2.1615181391281455,0.9150281627924939
chock,3.0765239239863593,1.7111213854297866,1.3654025385565727
pommy,3.076461627592635,1.7541556473644653,1.3223059802281696
ditto,3.0764017755330224,1.9722221365446395,1.104179638988383
leges,3.076019364593031,1.9214028576231414,1.1546165069698893
marua,3.0759940062060265,1.9030244255942987,1.1729695806117277
rumor,3.0759814859279953,1.8916113378262063,1.184370148101789
dwaum,3.075893259693893,2.094922257471191,0.9809710022227016
aloof,3.0758773390510603,1.873360240850503,1.2025170982005573
doggy,3.0758412908506645,1.768424998013307,1.3074162928373574
fella,3.0755862587106186,1.8717646704663764,1.2038215882442425
feens,3.0755462302830363,1.8292819880174553,1.246264242265581
folio,3.0749433941645687,1.8578155394546583,1.2171278547099107
blook,3.074940862948365,1.6987494459031454,1.3761914170452196
dappy,3.074815309542952,1.8076553118640113,1.2671599976789405
bedes,3.0747302482485903,1.8073932464622278,1.2673370017863625
vinho,3.074707949033031,2.2069305856992343,0.8677773633337966
kythe,3.0746897173222267,2.213681593282004,0.8610081240402225
fulwa,3.074609348447863,2.117043077700462,0.9575662707474014
sumis,3.0744240064780337,1.8654583726413958,1.2089656338366381
ephod,3.0743611647080105,2.294770057517651,0.7795911071903595
lesos,3.0742232494743833,2.0575226416512513,1.0167006078231318
calpa,3.074160683692813,1.9121266878095944,1.1620339958832187
pills,3.074029757279976,1.9466840404621277,1.1273457168178482
wefts,3.0739896426206856,2.1536533744131767,0.9203362682075091
hakus,3.0738612964541847,2.2347190232514036,0.8391422732027811
slows,3.0736539235256104,1.8407185528801906,1.2329353706454198
posts,3.073627279152607,1.9538794927568015,1.1197477863958052
lucks,3.073536150640977,2.250463219296287,0.8230729313446902
seres,3.0734845308631433,1.5558481486982947,1.5176363821648484
sheds,3.073444364641581,1.8754159414282168,1.1980284232133642
shays,3.0733835300035492,1.9110564720372598,1.1623270579662897
noddy,3.073327922932032,1.8790238887515582,1.1943040341804738
buses,3.073170559304042,1.8466664307941234,1.2265041285099185
favus,3.0731636399229885,2.0664711107884552,1.0066925291345334
hasta,3.0730742010151997,1.9828654401682344,1.0902087608469653
quink,3.0730455138929633,1.8549013025729413,1.218144211320022
matts,3.0729698418748934,1.9361707302931435,1.13679911158175
xeric,3.072903640032688,2.1151360065011193,0.9577676335315685
ojime,3.0728732720258547,2.004336134650585,1.0685371373752697
ryugi,3.0728024452960483,2.3342255324776677,0.7385769128183806
ngoma,3.072553175797017,2.3030837178681027,0.7694694579289145
melam,3.0724682868508983,1.9410208521579824,1.1314474346929162
waxed,3.072448429891569,1.864042981619075,1.2084054482724942
scads,3.072427226706242,1.9195427129183285,1.1528845137879136
cobby,3.0724097005761646,1.781518635254801,1.2908910653213637
vinny,3.072398515825194,1.7068071818933759,1.365591333931818
renew,3.0716675396590385,1.8395842702881808,1.2320832693708577
benni,3.071575661709715,1.8825881019062982,1.188987559803417
purrs,3.0714189951945308,1.9112236571420698,1.160195338052461
plips,3.071406646955422,1.9466840404621277,1.1247226064932943
varan,3.071360172396879,1.8075696629193623,1.2637905094775166
baaps,3.0711430361929732,1.8074371781147431,1.2637058580782303
sweep,3.0710514249988097,1.7347812540754832,1.3362701709233265
logon,3.0710452535990056,1.906987065633296,1.1640581879657095
slebs,3.070957831647824,1.8987702483831053,1.1721875832647186
murra,3.070911706683318,1.9030244255942987,1.167887281089019
peggy,3.0708361706001837,1.753864701129477,1.3169714694707064
necks,3.070800595894443,2.2833722322611174,0.7874283636333256
promo,3.0706668483591737,1.8393734269946074,1.2312934213645663
ranga,3.070464567452347,1.9348728035674767,1.1355917638848705
axmen,3.070227645408461,2.0148351707529497,1.0553924746555114
nolls,3.070184024145994,2.033597318745519,1.0365867054004745
zingy,3.0701125920141377,1.9255414115877505,1.1445711804263872
scoog,3.0700520659147967,1.8673476725679203,1.2027043933468764
pilis,3.0698617902574,1.9466840404621277,1.1231777497952722
modem,3.0697847934364377,1.8382307624690126,1.2315540309674249
extol,3.069779884512354,2.161509564069052,0.908270320443302
noone,3.0697043459748063,1.527324965683151,1.5423793802916554
array,3.0696851525336286,1.5056603787774299,1.5640247737561987
rhumb,3.0696721983613577,2.1602763893749484,0.9093958089864093
ghees,3.06944539250606,1.834633988845901,1.2348114036601592
aliya,3.069440613087064,2.0032032581026344,1.0662373549844295
kings,3.0694402372832363,2.2043279899536463,0.8651122473295901
milia,3.069354501746187,1.9384848089143567,1.1308696928318303
fifty,3.069290318167016,1.7881734191326093,1.2811168990344064
inned,3.0692679161414738,1.9460026637286496,1.1232652524128244
juris,3.06906566469146,2.090293755823345,0.9787719088681147
leese,3.0690418475227648,1.539375498532206,1.5296663489905589
comix,3.0689335459227594,1.966795348066826,1.1021381978559333
groom,3.068818726623239,1.811556200911995,1.2572625257112444
regur,3.0687479713952586,1.891320391591218,1.1774275798040403
voxel,3.0686826574469945,1.898983630250823,1.1696990271961714
preps,3.068613268074691,1.9656927338718422,1.1029205342028487
gimps,3.068577584768561,2.195247820900732,0.8733297638678291
mecks,3.068524968892013,2.171468717373728,0.8970562515182848
bucko,3.0684316230210844,2.1051811864689447,0.9632504365521397
revow,3.0682206232289944,2.1198293820208605,0.9483912412081338
jhils,3.0682024034144426,2.0391560544689984,1.029046348945444
quork,3.0681884345778947,1.897065630131724,1.1711228044461708
wheen,3.0680327507113536,1.7363427513448517,1.331689999366502
oicks,3.0679243889342853,2.3063570823073505,0.761567306626935
molls,3.0679083971435634,1.9216938038581297,1.1462145932854337
kofta,3.0678833846157874,2.1834453188564966,0.884438065759291
ovism,3.0676890891873088,2.1762472381981155,0.8914418509891935
jalop,3.067379036519035,2.046637427137389,1.0207416093816462
sneds,3.06731654624759,1.940624746440515,1.1266917998070751
ettin,3.067234852574326,2.0404435043164484,1.0267913482578777
subas,3.0671857389101556,1.8596750889463425,1.207510649963813
dayan,3.067161350364577,1.8904369765196507,1.1767243738449262
illth,3.067112767517652,1.9728694401633595,1.0942433273542922
mirrs,3.0669700530451127,1.9340348403964662,1.1329352126486463
lilac,3.066896108580003,2.0162976321273405,1.0505984764526626
garam,3.066759698321844,1.8229692886800875,1.243790409641757
sixmo,3.066739100738663,2.016897402115204,1.0498416986234587
camas,3.066657593941921,1.8774561361868747,1.1892014577550465
winks,3.0664707068455797,2.122048114826569,0.9444225920190105
epopt,3.06642495790776,1.9617934532885617,1.1046315046191981
iambs,3.0663587213569294,2.2923308573742864,0.7740278639826431
oasts,3.066097917675959,2.0735951384703917,0.9925027792055672
leaze,3.0658899642995214,1.6517292062624453,1.414160758037076
wases,3.0658503962241475,1.8544968997890732,1.2113534964350743
yeesh,3.0657881860210927,1.898047813885041,1.1677403721360518
lexis,3.065756260557931,2.1487654103834086,0.9169908501745224
avize,3.065696760679149,1.9062826406024307,1.1594141200767183
hodad,3.065619105159959,1.8979341304963224,1.1676849746636364
dryad,3.0655642840649557,1.9284696904506808,1.137094593614275
dawgs,3.0654805306125548,2.1427819978183407,0.9226985327942142
obese,3.0651705651866585,1.9027310779080224,1.162439487278636
faddy,3.06515257689522,1.709277279940655,1.3558752969545647
julia,3.0650793130900174,2.094743724341236,0.9703355887487812
lemes,3.0650353535326396,1.920098233474003,1.1449371200586362
ixora,3.064970510083647,2.187756249617603,0.8772142604660444
swits,3.0647641402812598,1.8396507779193598,1.2251133623619002
tarka,3.06466417778927,1.884490586247477,1.180173591541793
impro,3.06462223639026,2.3533889564859005,0.7112332799043595
poeps,3.0646100977566317,1.9531809132306708,1.111429184525961
fossa,3.064498195615421,1.8678115394595332,1.1966866561558878
idiot,3.0642163882066287,1.9722221365446395,1.0919942516619894
taboo,3.0641508976246126,1.9243522761181326,1.1397986215064801
sowls,3.063991001911318,1.8407185528801908,1.2232724490311273
julep,3.0637363272398224,1.9775641218712714,1.0861722053685507
belee,3.0636705801030675,1.3901326361799464,1.673537943923121
hurra,3.0636671136891307,1.94971913546939,1.1139479782197406
pacta,3.063468184054809,1.9151905264765159,1.1482776575782934
renne,3.0634270087875004,1.5398367863243227,1.5235902224631777
dunno,3.063413100347879,1.8956652006266297,1.1677478997212491
limbs,3.0632823279439774,2.276956940081277,0.7863253878627002
dados,3.0632334476774,1.9791542978825931,1.0840791497948068
helix,3.0631646491346567,2.067545242997138,0.9956194061375189
eughs,3.0630683109414445,2.2967164848510477,0.7663518260903968
stott,3.062887867239504,1.5440349075832538,1.5188529596562503
iodin,3.062865733435476,1.9475982341127764,1.1152674993226994
jobed,3.0627872502653144,1.8918019317416446,1.1709853185236698
velum,3.0626933961233105,2.128267335718812,0.9344260604044987
pekoe,3.0626502450351074,1.751564540366584,1.3110857046685231
kanal,3.0626372628227783,1.8433940336495254,1.2192432291732531
rondo,3.0625173448814813,1.9642416683817003,1.098275676499781
essay,3.062482075741794,2.0001905999552907,1.0622914757865032
falls,3.0620086781091813,1.8638507099346158,1.1981579681745655
aiyah,3.0616907258093926,1.9164343893253943,1.1452563364839983
sakis,3.061663727119767,1.859234611920662,1.202429115199105
aheap,3.061530081380531,1.8833738336124923,1.1781562477680387
daman,3.061520205093399,1.8257185273313725,1.2358016777620262
skrik,3.0615080555644356,1.8603333447937414,1.2011747107706943
zinke,3.061448716471067,1.9216456804407311,1.1398030360303357
congo,3.06136512401119,1.8513363101939484,1.2100288138172415
hecks,3.0612803758978253,2.218163427248819,0.8431169486490063
forza,3.0612783321517965,1.9812639800628515,1.0800143520889451
atuas,3.0612769671310143,2.017530491356493,1.0437464757745212
wacko,3.06111145994119,2.1130116554638945,0.9480998044772955
origo,3.0610459475116656,1.9448489954614911,1.1161969520501742
phyma,3.06100596936236,2.192986179949446,0.8680197894129141
acari,3.0609943839838314,2.032770282293429,1.0282241016904026
poods,3.0609651978574184,1.8594386521690027,1.2015265456884157
sissy,3.0609241731903953,1.4680943258245271,1.592829847365868
nerve,3.0608931422482675,1.7945610047671434,1.266332137481124
thoft,3.060851312608788,1.7742812934471748,1.2865700191616136
sugos,3.060831478261136,1.8708946104182864,1.1899368678428497
spads,3.060805313010217,1.870851739937095,1.1899535730731223
kranz,3.060747075346537,1.951297772861874,1.1094493024846632
womyn,3.0607033887531756,2.1366847959839625,0.9240185927692129
weave,3.060692060004693,1.6005835060287354,1.460108553975958
quonk,3.060639630742627,1.8590329162006936,1.2016067145419334
lakhs,3.0605584854917693,2.2868228408403852,0.773735644651384
bulla,3.0601583351683566,1.8652237903373123,1.1949345448310444
gambs,3.0600996634722795,2.1603426869739284,0.8997569764983512
kyang,3.060038043344384,2.1566762632764074,0.9033617800679768
krump,3.059914417303532,2.0903300192197807,0.9695843980837513
weber,3.0598968588166535,1.7063527703098933,1.3535440885067602
tummy,3.0598758915983586,1.8054965673380687,1.25437932426029
gesso,3.0597828101775915,1.9253636871480584,1.134419123029533
gawds,3.0597668024811666,2.142781997818341,0.9169848046628253
dudes,3.059590738398187,1.9100809926164755,1.1495097457817114
kudos,3.059527518248961,2.218697802339674,0.8408297159092875
nimps,3.0593887675304923,2.305846711638983,0.7535420558915092
biddy,3.0593605803161896,1.7416607751455186,1.3176998051706712
duped,3.0592234977083645,1.811287965586864,1.2479355321215004
fixed,3.059111585485515,1.8602173495095635,1.1988942359759516
naggy,3.0590269284899634,1.849655023937335,1.209371904552628
spoom,3.059008507296753,1.817352075437549,1.241656431859204
plops,3.0590007638050856,1.95081565408988,1.1081851097152056
robur,3.058709553396098,1.8702833527353087,1.1884262006607895
laika,3.058688714999139,1.8647833133116318,1.1939054016875073
kapus,3.0583514555913016,2.217146163608063,0.8412052919832383
junta,3.0583175278574584,2.076418283346051,0.9818992445114074
myall,3.0582736965245156,1.8699104635531385,1.1883632329713771
bassi,3.05797148072259,1.9116081224324888,1.1463633582901012
bobas,3.0578203654978324,1.915739736060241,1.1420806294375914
cowks,3.057735315084935,2.0920890367799156,0.9656462783050194
wenge,3.0576589532417766,1.690952665618899,1.3667062876228777
hamal,3.057558077832645,1.8518867242399515,1.2056713535926935
newer,3.057503506782794,1.8395842702881806,1.2179192364946136
never,3.0574724526256523,1.7945610047671434,1.262911447858509
nanti,3.0574014828123914,2.0534521624686675,1.003949320343724
ardri,3.057272043932381,1.997044035811899,1.060228008120482
reeaf,3.057081770726555,1.8882373206324652,1.16884445009409
mimes,3.056996955070689,1.9199274493711678,1.1370695056995215
rawks,3.056975718963982,2.175625530153444,0.8813501888105383
wizen,3.056916738951055,1.914371925065517,1.1425448138855385
viver,3.05675179437141,1.81595028442925,1.24080150994216
duads,3.05648766281078,1.923089650768694,1.1333980120420863
empts,3.056364039393104,2.333006657314472,0.7233573820786322
rusas,3.056330420583745,2.03093930285566,1.025391117728085
bills,3.056216681530151,1.8962342051394794,1.1599824763906716
evite,3.0562051469078564,1.8025414729300828,1.2536636739777736
azoic,3.056173644230037,2.1116895506985176,0.9444840935315194
nixes,3.055766791713137,2.127205346618467,0.9285614450946702
taxus,3.055708397986414,2.1129048737164022,0.942803524270012
exons,3.0556181982932173,2.131336960246219,0.9242812380469982
almah,3.055322106805521,1.8518867242399515,1.2034353825655695
choux,3.0552993283435868,1.9615570244557705,1.093742303887816
boyfs,3.0546412261612668,2.14308724255337,0.9115539836078967
fique,3.0545815812884243,1.8832719393897923,1.171309641898632
axing,3.0542490379570353,2.0136037516584624,1.0406452862985731
chook,3.0541865713838354,1.7111213854297866,1.3430651859540488
thymi,3.054128863400023,2.2848470456411034,0.7692818177589197
erven,3.0541014211953077,1.7945610047671436,1.259540416428164
ollas,3.054057731698622,2.0705312998034704,0.9835264318951513
nefie,3.05400978262693,1.8346599053055899,1.2193498773213403
vivre,3.0539981439888573,1.8159502844292499,1.2380478595596076
looms,3.0539551299111825,1.9216938038581297,1.1322613260530527
katal,3.0537416605270273,1.8680179360813884,1.185723724445639
burrs,3.0536059194447063,1.8607738218194219,1.1928320976252846
epoxy,3.0535381138012108,1.9853588675174965,1.068179246283714
mixes,3.0534911647107066,2.0153018317310774,1.0381893329796295
kerbs,3.0533413462573766,2.2222641378882666,0.8310772083691099
atlas,3.0531860550173113,2.0696343089454747,0.9835517460718366
gloop,3.0531381051301194,1.824205400977657,1.2289327041524623
assed,3.053111376271249,1.9775587274984663,1.0755526487727831
loops,3.05308662468273,1.95081565408988,1.1022709705928497
jumar,3.053018368341637,1.9779235799578283,1.075094788383809
educe,3.0529948712534427,1.8599789385680974,1.1930159326853456
mokus,3.0529844673963997,2.1766112256082204,0.8763732417881792
bromo,3.0528537726093488,1.788923591671959,1.26393018093739
boppy,3.0528045349251545,1.7328276622735674,1.319976872651587
nitta,3.0527381184505504,2.0534521624686675,0.9992859559818831
uveas,3.052621862586507,2.271556130273183,0.7810657323133242
fetta,3.0525262813899765,1.8748285091332977,1.1776977722566786
nevus,3.05241014252532,2.2346221492152316,0.8177879933100884
swots,3.0523582571309236,1.843782391547112,1.2085758655838117
adsum,3.05234999616903,2.3038123857104913,0.7485376104585386
dimbo,3.0520671528899093,2.195089469076286,0.8569776838136232
okole,3.0520552539026595,1.855906268787165,1.1961489851154945
pakay,3.052044772030146,1.6918672395298329,1.3601775325003131
quack,3.0518733525764024,1.8363553122943796,1.215518040282023
vatje,3.0518493909977846,1.892985328689457,1.1588640623083277
gimme,3.051745765193195,1.7933171962589447,1.2584285689342503
softs,3.0517306285732118,1.8555014608334452,1.1962291677397665
marms,3.0516329405636657,1.9495795417923105,1.1020533987713552
zilas,3.051623274247505,2.1578307752219783,0.8937924990255267
weedy,3.0515991904852773,1.684549552502103,1.3670496379831742
ether,3.0512792446173025,1.9918781335730738,1.059401111044229
whish,3.0511914536050737,1.749818070475198,1.3013733831298755
aidas,3.0511896716562212,1.9750226842548408,1.0761669874013806
arear,3.0510316990026336,1.5767707673822735,1.4742609316203603
bacco,3.051011064473899,1.8656376820118634,1.1853733824620354
redox,3.050702286131596,2.083541373647342,0.9671609124842543
volve,3.050572060767382,1.8036092478909134,1.2469628128764687
mitta,3.05046249144812,1.941548647581278,1.1089138438668422
nasis,3.0503433760136955,2.0448396224107763,1.0055037536029192
dills,3.0501060340959762,1.9596487669618314,1.090457267134145
izard,3.0500744877545736,2.0884751248581592,0.9615993628964143
sumos,3.0498474672007445,1.869589986269148,1.1802574809315964
reeds,3.0497039536955795,1.9786574603715459,1.0710464933240336
enjoy,3.0490083875843714,2.047665304176756,1.0013430834076154
skull,3.048895756609141,1.7919276611415063,1.2569680954676348
ragas,3.048760586829387,1.9508841659414489,1.0978764208879381
rakhi,3.0487517672038207,2.3086734082946085,0.7400783589092119
meteg,3.048715046459751,1.796551819028701,1.2521632274310501
darzi,3.048640969824791,2.0884751248581592,0.9601658449666317
verbs,3.0486363324639116,2.169967116992015,0.8786692154718968
byked,3.048607307811505,2.0512180577282164,0.9973892500832886
dawed,3.048426825525663,1.7686685992591658,1.2797582262664975
lamia,3.0481026665469177,1.9384848089143567,1.109617857632561
koker,3.048094670170344,1.8723789189532538,1.17571575121709
haram,3.0480506610871583,1.8683593744060403,1.1796912866811178
rubor,3.047998235554746,1.8702833527353087,1.1777148828194373
hewer,3.0479832867861765,1.774375465275882,1.2736078215102942
lipin,3.047901959523511,1.9306726780881558,1.1172292814353553
exits,3.0478460689066256,2.15182924905033,0.8960168198562956
beefy,3.047766105777132,1.6328540599660846,1.4149120458110476
vacui,3.047603483004181,2.218918032981179,0.828685450023002
matai,3.0474954376674197,1.941548647581278,1.1059467900861417
durrs,3.0474952720105315,1.9241883836417735,1.123306888368758
unsaw,3.047339933185036,2.292654072888488,0.754685860296548
hohed,3.047302832618361,1.8849254723441036,1.1623773602742573
stabs,3.0471524321379744,1.9148427452022456,1.1323096869357288
jamon,3.0469429767849943,1.995955513140697,1.0509874636442973
zayin,3.046901293323783,2.073074283383953,0.9738270099398303
mizes,3.046864936505263,2.011358538417428,1.035506398087835
pyxie,3.046552234451134,1.981227253889744,1.0653249805613902
kiosk,3.0465114438213994,1.84782152415257,1.1986899196688294
echos,3.046341516542872,2.429289331028792,0.6170521855140799
kuyas,3.046335044509268,2.2527427625645906,0.7935922819446773
towzy,3.046264244544799,1.8720170525202886,1.1742471920245103
heben,3.0458965005790986,1.795990017231893,1.2499064833472056
blabs,3.045832729170908,1.9117789065353241,1.1340538226355839
monos,3.0457246743891764,1.900133740093188,1.1455909342959885
malai,3.0456986427899397,1.9384848089143563,1.1072138338755835
ethyl,3.0456675578946326,2.4208466675370603,0.6248208903575723
nighs,3.0454822901356824,2.324724195431462,0.7207580947042207
wussy,3.0454258382226644,1.7159087763022385,1.3295170619204257
radii,3.0453679446604545,1.997044035811899,1.0483239088485554
lists,3.045260675317672,2.05408960754963,0.9911710677680419
kagus,3.0451891281091457,2.1893289375254508,0.8558601905836948
hillo,3.045005748444373,1.9737664310213554,1.0712393174230177
teems,3.044957002907333,1.9231620721409244,1.1217949307664086
antas,3.0449483402388,2.048074245180533,0.9968740950582671
gammy,3.044912359286003,1.7377515090499456,1.3071608502360572
motts,3.0448484198229204,1.924757642525051,1.1200907772978697
pests,3.044698435718126,1.952283922372675,1.092414513345451
parma,3.04455842530532,1.8507865147626994,1.1937719105426208
abeys,3.044522704338392,2.35958534980619,0.6849373545322017
newie,3.044477222433836,1.822940836019257,1.221536386414579
neddy,3.044399079497551,1.8774283183674316,1.1669707611301197
lokum,3.0443856954327853,2.1821599269991903,0.8622257684335948
mtepe,3.0443035001811154,1.8243690451113133,1.2199344550698021
ruggy,3.0442689902546416,1.8202100029863744,1.224058987268267
kilps,3.044255335350777,2.2537052798012,0.7905500555495769
bocca,3.0441617697521286,1.8656376820118634,1.1785240877402654
cuppy,3.0440026050678815,1.7759038234635502,1.2680987816043312
revue,3.043944430657408,1.7640172509431036,1.2799271797143046
bumps,3.043749006927656,2.1206821781745493,0.9230668287531066
jilts,3.043683477046022,2.1289887619131598,0.914694715132862
papri,3.0435987772612663,1.9840793093121953,1.059519467949071
rayas,3.0434177210401736,2.0142979909805887,1.029119730059585
shash,3.0434060365767266,1.4656152879071846,1.5777907486695422
yodhs,3.043375998781807,2.3224526959424185,0.7209233028393885
anlas,3.0431515453613205,2.0450104065136117,0.9981411388477088
torot,3.042888794704117,1.5660562591403122,1.4768325355638052
repro,3.0426572858707335,1.975202264787729,1.0674550210830043
nitid,3.042440639399369,1.9467012432547806,1.0957393961445883
scags,3.0423939876630257,1.8787607603360128,1.1636332273270127
mosto,3.042338332395304,1.924757642525051,1.1175806898702534
lippy,3.0422510068400443,1.8834876123890443,1.1587633944509999
alays,3.0422152074527813,1.9978253408145,1.0443898666382814
intil,3.0421045047039015,2.038078245175658,1.0040262595282434
yarrs,3.0420896807124986,2.0142979909805887,1.0277916897319102
gasts,3.042078010845975,1.9374753544422818,1.1046026564036928
allus,3.0419954385142685,2.0144666526895714,1.0275287858246973
alkyd,3.0417024606903604,2.219018279623665,0.8226841810666956
verde,3.0412460314803624,1.7247440666112077,1.3165019648691545
yatra,3.0409988568616138,2.0229105310384794,1.0180883258231346
ethne,3.0409767903994824,1.9538454196420434,1.0871313707574393
belli,3.0409381217658153,1.9041481656712396,1.1367899560945758
bloom,3.040931922718575,1.7724509415058702,1.268480981212705
skats,3.040703675209067,1.8624692346904186,1.1782344405186485
arrow,3.0406284345256047,1.8781138217302582,1.1625146127953463
vagus,3.0404841143156807,2.137031916629199,0.9034521976864818
jowly,3.040447634606582,1.8524212791706367,1.1880263554359451
ackee,3.0400039099972944,1.81166860111591,1.2283353088813844
eerie,3.0399084187931527,1.5612260659864292,1.4786823528067234
senex,3.039782468501243,1.6131898171271737,1.4265926513740692
adapt,3.039654984379772,1.8794642799949859,1.160190704384786
fyrds,3.0393622418896293,2.2190136250168933,0.8203486168727362
aceta,3.0393186666442897,2.0218975140378874,1.017421152606402
gappy,3.0390683423683464,1.7668733592816959,1.2721949830866506
mells,3.0389795537090825,1.920098233474003,1.1188813202350794
topos,3.0388033457307477,1.9538794927568013,1.0849238529739464
cabas,3.038674343568671,1.8561281510959766,1.1825461924726945
breer,3.038487344566792,1.4066052863460352,1.6318820582207567
bevel,3.038437503182708,1.6448568546227675,1.3935806485599402
jowar,3.03824661264951,1.953012976093788,1.085233636555722
sylis,3.0382404998838624,1.9822806394186556,1.0559598604652067
desis,3.038228894939916,1.9620140261026218,1.0762148688372943
manzo,3.0382269674438183,2.0124874478234274,1.0257395196203911
geeky,3.0382174109125977,1.6510413552950018,1.3871760556175958
hanap,3.0381926575913782,1.85944851070676,1.1787441468846185
zilch,3.0380425697786295,2.0055859351033507,1.0324566346752786
nonic,3.0379106829510647,1.983324480594306,1.0545862023567585
wifts,3.037904711592475,2.151117331169551,0.886787380422924
ooids,3.037720297479134,1.9636095964867484,1.0741107009923856
zoeae,3.0376758839086273,1.6556900357873623,1.3819858481212652
dumps,3.037638359493481,2.184096739996901,0.85354161949658
pesos,3.0375760788466266,1.9531809132306708,1.0843951656159558
sybow,3.0374520677951526,2.1313681732670364,0.906083894528116
belve,3.0373253764057826,1.6448568546227673,1.3924685217830153
poaka,3.037322562773018,1.7645731985188031,1.2727493642542147
nolos,3.037307904218376,2.033597318745519,1.003710585472857
snabs,3.0371179224819835,1.8902188427703825,1.146899079711601
junto,3.037045400527256,2.0650051955779585,0.9720402049492973
pucks,3.0368889800132206,2.1461214908757063,0.8907674891375142
apeek,3.036761750865544,1.7629776281346765,1.2737841227308673
vulgo,3.0367123526245443,2.131167530252077,0.9055448223724674
tewed,3.0366722530796424,1.7563585206330776,1.2803137324465648
updos,3.036511085112009,2.321521148174149,0.7149899369378598
felix,3.0363881010424896,1.951594351430441,1.0847937496120488
venue,3.036237707890076,1.725984537012073,1.3102531708780034
eleet,3.0358726509508362,1.547988038590097,1.4878846123607392
bikie,3.035864820777987,1.6969830914161839,1.3388817293618032
sabzi,3.035837736328392,2.0030392114787494,1.0327985248496425
brere,3.0357336941842394,1.4066052863460352,1.6291284078382042
perps,3.0357274542161132,1.9656927338718422,1.0700347203442713
petti,3.0356912201949973,1.9576618396608092,1.078029380534188
gighe,3.0356661584207947,1.8400119061340359,1.1956542522867588
qubit,3.0352232461574458,1.9318987155166312,1.1033245306408148
molos,3.035032277215946,1.9216938038581297,1.1133384733578162
abohm,3.034858381619925,2.2152423036157676,0.8196160780041573
piggy,3.034751239571973,1.7513286578858513,1.2834225816861213
nicks,3.034715664866232,2.2808361890174917,0.7538794758487405
awkin,3.0345170989874286,2.142970733510548,0.8915463654768807
fecks,3.034503827805658,2.102212535682122,0.9322912921235361
qorma,3.034394132374441,2.0382448606164396,0.9961492717580014
darga,3.0342587016520968,1.8650558654115412,1.1692028362405553
duxes,3.034016383676126,2.0054553749763846,1.028561008699741
dauds,3.0338917282456777,1.923089650768694,1.1108020774769836
stems,3.0336938173295884,1.9231620721409244,1.1105317451886643
mufti,3.0336745215452074,2.185537465949478,0.8481370555957295
sools,3.0336401289809376,1.5409710689163325,1.492669060064605
putto,3.0336393062673364,1.9073243765587895,1.1263149297085469
obiit,3.033519938574572,1.908807574722288,1.1247123638522838
missa,3.033505562239084,1.9329361075233868,1.1005694547156972
bitts,3.033156704209509,1.899298043806401,1.1338586604031078
usury,3.033053960929098,1.9468202560985977,1.0862337048305002
gyved,3.0328285847636955,2.021553646072001,1.0112749386916944
steps,3.032825312101136,1.9522839223726747,1.0805413897284613
waxes,3.032806868030406,1.9498712821489828,1.0829355858814234
kunds,3.0327872838767678,2.1931769090498157,0.839610374826952
syces,3.032684875288198,1.9291659272229338,1.1035189480652643
kiack,3.032523832131721,1.809132557872284,1.2233912742594373
micks,3.0324400378638017,2.1689326741301023,0.8635073637336995
dreer,3.0323766971326167,1.4700198481683868,1.56235684896423
devel,3.032326855748533,1.7082714164451192,1.3240554393034134
nisei,3.032068911826197,2.0318309642585572,1.0002379475676397
pallu,3.0320264351416633,1.9156736256599602,1.1163528094817032
ionic,3.031969278411677,1.9833244805943062,1.0486447978173705
hells,3.0317349607148953,1.9667929433490943,1.0649420173658009
gowds,3.0316453804291936,2.1313689100502486,0.9002764703789449
endow,3.031494751836062,2.24988176132026,0.781612990515802
nitto,3.031465991120348,2.042039074700575,0.989426916419773
guess,3.0313959861872077,1.8692990400341598,1.162096946153048
afear,3.0313602504905566,1.888237320632465,1.1431229298580918
delve,3.031214728971608,1.7082714164451192,1.3229433125264884
vocab,3.0311714524655002,2.120361900454684,0.9108095520108161
yohay,3.0310632057045663,1.9205660029531466,1.1104972027514197
pacas,3.0310395031780795,1.906577986418625,1.1244615167594545
noggy,3.03090550643799,1.8382419361692426,1.1926635702687476
spags,3.0307720739670008,1.8300697873547793,1.2007022866122214
masts,3.030613566605475,1.9361707302931435,1.094442836312332
nabks,3.030400740466209,2.197240082109455,0.8331606583567538
labra,3.030392050140074,1.9338002580923825,1.0965917920476913
mirza,3.03028569877546,2.0463885481267052,0.9838971506487545
kwela,3.030172032460861,2.167066840519116,0.8631051919417454
oskin,3.0300944204590854,2.3404477739817566,0.6896466464773288
nappy,3.029879525130278,1.8774722500199472,1.1524072751103307
egest,3.0298382300312143,1.9244666962900627,1.1053715337411514
drere,3.029623046750064,1.4700198481683868,1.5596031985816774
inurn,3.0295666584200993,1.9993832390858437,1.0301834193342556
matzo,3.0293313651480673,2.0371113502552904,0.9922200148927767
hunch,3.029250630398554,1.8406617488060022,1.1885888815925518
peaze,3.0292427936717647,1.5473874778418644,1.4818553158299004
zinco,3.029075635734023,2.0747555696405664,0.9543200660934565
scams,3.0287699881322494,1.8774561361868747,1.151313851945375
lassu,3.028656699239742,2.014466652689572,1.01419004655017
moggy,3.02862987943556,1.726338421281853,1.3022914581537068
comic,3.0286288108092436,1.8714209657069167,1.1572078451023269
garda,3.0285449735207077,1.8650558654115412,1.1634891081091665
cumec,3.028530984304714,1.8178923618366438,1.2106386224680703
kerfs,3.0285055711183775,2.1743359412875582,0.8541696298308195
knops,3.0284476266436693,2.2362768296640105,0.7921707969796589
abash,3.0283426626891035,1.8250100377580838,1.2033326249310197
cheeb,3.0282167737370047,1.761899325557487,1.2663174481795174
irids,3.028094232479611,1.9761214171279202,1.051972815351691
arbas,3.0280682249701902,1.928251556701413,1.0998166682687773
aglow,3.0279997651817565,2.2436685306551047,0.7843312345266518
holos,3.0277876842217584,1.9683885137332209,1.0593991704885375
awash,3.027760325600374,1.7653627718710425,1.2623975537293313
mappy,3.0276038981278472,1.7655687351325575,1.2620351629952897
axiom,3.0275270236265888,2.037820020799183,0.989707002827406
cooks,3.0273844421545544,1.7923415528160573,1.2350428893384973
adnex,3.027344945689771,2.0569217474844033,0.970423198205368
ankus,3.027195301227206,2.2999278282637023,0.7272674729635037
bylaw,3.0270732731190537,2.1483299624260987,0.8787433106929549
ditts,3.027046056775334,1.9627126056287527,1.0643334511465812
hefte,3.0270353802245227,1.772685723063048,1.2543496571614745
proof,3.027024663123793,1.7701172453030014,1.2569074178207915
bests,3.0268853599683014,1.9018340870500268,1.125051272918275
muxed,3.0264465341221842,1.877540497715023,1.1489060364071613
tempt,3.02644039135511,1.8243690451113133,1.202071346243797
wanta,3.0263637184374828,1.8391841169412322,1.1871796014962503
haoma,3.0262644120619058,1.8558475537648687,1.170416858297037
hammy,3.026203322051316,1.7831415947758982,1.2430617272754179
mugho,3.025876189441256,2.170397177973813,0.8554790114674427
takky,3.0258086294086652,1.7992728066173351,1.2265358227913303
padas,3.025727773730173,1.8708517399370947,1.1548760337930783
acini,3.0255878410908004,1.9947375683623987,1.0308502727284015
rojak,3.0252165976728156,1.9602867314690027,1.0649298662038127
hicks,3.0251954448696146,2.2156273840051934,0.809568060864421
ouphs,3.025167149236206,2.3261292813177867,0.6990378679184196
summa,3.024830825979162,1.8810030740372405,1.1438277519419215
outro,3.024818348252916,2.0281387551454593,0.9966795931074569
nieve,3.024762011326094,1.7779175704982195,1.2468444408278745
taffy,3.024696901664508,1.803718120528454,1.2209787811360537
banjo,3.024587815278225,1.974627528049799,1.0499602872284262
boutu,3.02449373351135,1.8568745412361412,1.1676191922752088
panda,3.0242938633632095,1.854840377563123,1.1694534858000865
barbs,3.023801361464445,1.928251556701413,1.095549804763032
wirra,3.023778405938039,1.8739822081025062,1.1497961978355324
kitty,3.023406012354116,1.7837281052214904,1.2396779071326256
froom,3.023333141296386,1.7409953950712511,1.2823377462251349
jobes,3.023145688404151,1.9776302322715522,1.045515456132599
smurs,3.0231048739466084,1.8821018069103197,1.141003067036289
qadis,3.022939920045895,2.0541784721630827,0.9687614478828125
disas,3.022888946717077,1.9750226842548408,1.0478662624622361
dowps,3.022866603801354,2.1591861361328606,0.8636804676684932
faggy,3.022730160401178,1.6684953273583394,1.3542348330428386
mieve,3.0224863843236633,1.66601405561083,1.3564723287128335
motza,3.022482070426297,2.0371113502552904,0.9853707201710065
nowds,3.022456563191125,2.2419678007884998,0.780488762402625
lapas,3.0223661418069447,1.9622287418579725,1.0601373999489725
ratha,3.022185971942166,2.0048867917252924,1.0172991802168738
nuses,3.022124127457193,1.979897930772411,1.0422261966847821
odeum,3.0218421364448984,2.3003132584741595,0.721528877970739
gelee,3.021812965494287,1.4127652454199828,1.609047720074304
enemy,3.0217167335895985,1.8353417416359779,1.1863749919536204
cesse,3.021653580486847,1.4837247430928584,1.5379288373939888
khoum,3.021633588575448,2.09539105822195,0.9262425303534978
ancon,3.0214775349738567,1.998869181990151,1.0226083529837058
nikau,3.021417972436848,2.305305745551837,0.7161122268850109
fewer,3.0212067386940094,1.6584245737091852,1.362782164984824
fever,3.0211756845368676,1.613401308188148,1.4077743763487196
kiths,3.021161641773056,2.274341978111462,0.7468196636615936
tibia,3.020995981345192,1.92022066249038,1.1007753188548122
rummy,3.0209656038126123,1.818905378837236,1.2020602249753762
naams,3.0209651095745773,1.9115468278612804,1.1094182817132967
expat,3.0207042484685185,2.068580923416563,0.9521233250519554
happy,3.0203593051336597,1.8122634450076485,1.2080958601260114
hutch,3.020355028102803,1.8652856512378653,1.1550693768649376
pipul,3.020354422013724,1.900128924264116,1.1202254977496082
dowed,3.0203054034736905,1.7572555114910733,1.2630498919826172
toyos,3.020298152459379,1.9894760917133292,1.0308220607460499
doved,3.0202743493165487,1.712232245970036,1.3080421033465126
choom,3.020177631154046,1.7848228810325115,1.235354750121534
bunns,3.0201680290243655,1.8227411078883913,1.1974269211359743
labia,3.0201194161736677,1.9171568238234586,1.102962592350209
odder,3.019990292550585,1.9881669912874325,1.0318233012631526
mayan,3.0199499389494724,1.8483503997881967,1.1715995391612755
kumis,3.019948916432719,2.172479611980468,0.8474693044522507
muses,3.0198485004547626,1.8679944158850215,1.1518540845697411
yechs,3.019758884795232,2.3565833720398217,0.6631755127554106
ainga,3.019722522246041,1.918229369298553,1.1014931529474876
envoi,3.0197149622847164,2.296064713617265,0.7236502486674514
etens,3.01955716950873,2.035065587028314,0.9844915824804161
fixes,3.0194700236243524,1.9460456500394714,1.0734243735848807
outta,3.0192606500689183,2.02704002227238,0.9922206277965384
bruja,3.0191402058149865,1.956595594866931,1.0625446109480556
bucks,3.0190759042633957,2.095671655553058,0.9234042487103379
natak,3.0187624185017112,1.8464578723164466,1.1723045461852644
osmic,3.018617742133255,2.380058577910076,0.6385591642231793
avail,3.0185802630482907,1.8124862924153802,1.2060939706329108
blurb,3.018321296062444,1.8663225232103915,1.1519987728520524
fillo,3.0182292003522058,1.8578155394546583,1.1604136608975473
netts,3.0181952033908703,2.035065587028314,0.9831296163625564
palps,3.018163522013233,1.9622287418579725,1.0559347801552603
rusts,3.0181312553725843,2.0186292242295725,0.9995020311430118
timid,3.017992947491714,1.834797728367391,1.1831952191243231
giddy,3.0175029657074095,1.7642933843855548,1.2532095813218544
skins,3.0174792472923873,1.822300630862711,1.195178616429676
lawks,3.0174189464593844,2.159152879987355,0.8582660664720291
spams,3.017148074436225,1.8287651632056412,1.1883829112305837
tufty,3.017091033310031,1.7362403856464628,1.2808506476635684
scyes,3.017016306471294,1.9291659272229338,1.0878503792483603
zinos,3.0169941493380747,2.124857623688944,0.8921365256491308
biggy,3.016938163822148,1.700878822563203,1.316059341258945
ewest,3.016872413690027,1.8421868211629855,1.1746855925270414
kerky,3.016847059239673,1.7996729599642836,1.2171740992753897
rebec,3.0164218246562973,1.8651408445008162,1.151280980155481
check,3.01639200974252,1.70952581504566,1.3068661946968598
tahas,3.0162767076478376,1.9828654401682346,1.033411267479603
tweed,3.0156293710210904,1.7563585206330778,1.2592708503880126
ablow,3.015616285929299,2.221035921415069,0.7945803645142303
vughy,3.015386823883989,1.9716927024858661,1.043694121398123
purau,3.01532929313559,1.932146275826049,1.083183017309541
sinks,3.015282849363625,1.822300630862711,1.1929822185009136
gawps,3.015241058678721,2.1298172713186374,0.8854237873600836
mucko,3.0151095641718046,2.1265091715598423,0.8886003926119623
maxis,3.0150242208175233,2.028310489883296,0.9867137309342272
droob,3.01496250055538,1.8310101684034128,1.183952332151967
bodoh,3.0148998915893337,1.727768649460084,1.2871312421292496
tomos,3.014657007188201,1.924757642525051,1.0898993646631498
besee,3.014498559653238,1.384583934788977,1.629914624864261
gills,3.014359066921371,1.9188668143795158,1.0954922525418551
dumka,3.0141262323756735,2.102196012846405,0.9119302195292687
tepee,3.01411958976859,1.443646310169516,1.570473279599074
ohelo,3.013962058427171,1.976302474264981,1.0376595841621898
haugh,3.013809401625058,1.801087530800108,1.2127218708249496
egmas,3.0137538820339085,2.317499509857948,0.6962543721759605
whups,3.013629392639422,2.107729622162599,0.905899770476823
slews,3.013522009281771,1.839122982496064,1.1743990267857067
ryper,3.0134983620165574,1.9024963057987585,1.111002056217799
ducks,3.012965256829221,2.1590862173754095,0.8538790394538113
cocus,3.0127175440100578,1.9474028094821318,1.0653147345279261
odyls,3.0125756650399556,2.4092215647196586,0.603354100320297
tatar,3.0123046957952115,1.5774693469084047,1.4348353488868069
pipas,3.012299420378114,1.9620579577551371,1.0502414626229768
orlop,3.0122025184343375,1.9728370056469386,1.0393655127873989
vying,3.011930589097312,2.0888345409843114,0.9230960481130002
soots,3.011847195449737,1.544034907583254,1.4678122878664828
infos,3.0118177292947705,2.344893087892875,0.6669246414018953
resew,3.011803122035978,1.8555956326621528,1.1562074893738254
repeg,3.0117790323113276,1.8390824807596189,1.1726965515517085
mesas,3.011762466330183,1.9354721507670125,1.0762903155631705
wacks,3.011755741183501,2.1035021245480077,0.9082536166354936
adhoc,3.0116699004208156,2.3564696886511034,0.6552002117697121
gangs,3.011494959669699,1.9128514520104187,1.0986435076592806
upbye,3.0114919053005478,2.1933145878945877,0.8181773174059599
verge,3.0112127924371457,1.683962114028892,1.3272506784082534
remix,3.0111236843153533,2.0373231832881356,0.9738005010272176
hexad,3.0111159070034175,1.9917129424721052,1.019402964531312
hedge,3.0110719618179056,1.7488056883159933,1.2622662735019123
studs,3.0108739702219127,1.9107795721426062,1.1000943980793065
deere,3.0107984240228225,1.4700198481683868,1.5407785758544357
nurtz,3.0107299553500164,2.0940489509018603,0.9166810044481561
nazis,3.0106736196145105,2.1362707114570365,0.8744029081574739
puddy,3.010487463616329,1.7401775769820202,1.2703098866343083
izars,3.0104329258934106,2.174303425388067,0.8361295005053434
volks,3.0104241228143054,2.1027165266982255,0.9077075961160798
triff,3.010348604311852,1.8733911987627514,1.1369574055491007
melee,3.0103485212537877,1.4114606212708445,1.5988878999829432
sakai,3.010122600448612,1.859234611920662,1.1508879885279502
ariki,3.0100737515935876,1.8812559634777202,1.1288177881158674
noxas,3.009923408573352,2.1443456183984377,0.8655777901749145
ziram,3.0098563947463637,2.0463885481267052,0.9634678466196582
senes,3.0095627303470396,1.5178154347672643,1.4917472955797753
minis,3.0094190528315266,1.8960021264654356,1.113416926366091
nulla,3.0091119033215072,1.9984552903155994,1.0106566130059078
xenic,3.0089818395165846,2.077103292570089,0.9318785469464953
pattu,3.008966457821021,1.918737464326882,1.0902289934941392
bykes,3.008965745950342,2.1370463582581243,0.8719193876922177
wheys,3.0086311496377203,2.197795297848899,0.8108358517888212
quick,3.0084709121227946,1.8208106108985354,1.1876603012242593
selfs,3.008366463474359,1.8508420517823971,1.1575244116919616
aiyoo,3.0081229602769874,2.007164087627552,1.0009588726494356
kitke,3.007913327821464,1.854838493826334,1.15307483399513
zerda,3.0077266009734376,2.091011168101785,0.9167154328716528
gypos,3.0076574585215883,2.264097883716762,0.7435595748048264
moxas,3.007647781570922,2.0324421035110483,0.9752056780598737
gobbe,3.0076226513341364,1.7761208247957994,1.231501826538337
yacks,3.007559665531188,2.2491958247142247,0.7583638408169634
pulls,3.0073435648302906,1.8947510069759814,1.1125925578543092
refed,3.0072945254869907,1.7814864014185783,1.2258081240684124
linux,3.007233825152411,2.0782849712796643,0.9289488538727467
endue,3.0072185592644756,1.894069630242503,1.1131489290219727
weepy,3.007073446682832,1.6715848260023995,1.3354886206804326
adats,3.0069621045078767,1.978257307024597,1.02870479748328
mulla,3.006836276319077,1.88655177542821,1.120284500890867
kneel,3.0067358619386315,1.8303853754973063,1.176350486441325
skols,3.006688285136323,1.8479923082554048,1.1586959768809184
nahal,3.006668141922358,1.963790239127341,1.0428779027950172
banda,3.006480787613385,1.8043905422404747,1.20209024537291
kissy,3.00644908314508,1.7751155651635995,1.2313335179814806
aboon,3.006281969586601,1.8997283736862691,1.106553595900332
reems,3.006046715121587,1.936570883640092,1.069475831481495
middy,3.00603852146691,1.7629887602364165,1.2430497612304936
amiss,3.0058942542242164,1.9329361075233868,1.0729581467008293
vicus,3.0058317772820637,2.1979954142972002,0.8078363629848636
locos,3.005656817439295,1.9995066270711135,1.0061501903681815
genii,3.0056049373076896,1.9052207111463342,1.1003842261613554
ngapi,3.005501657292071,2.3280739544721003,0.6774277028199707
nills,3.005170249683302,2.029465705117767,0.9757045445655351
tatty,3.0050228628471705,1.4922515672782628,1.5127712955689077
spods,3.0049969894062727,1.8594386521690027,1.1455583372372702
fells,3.004958412622728,1.8508420517823971,1.1541163608403306
ouija,3.0046142438815986,2.098704553866153,0.9059096900154453
silks,3.004590452190394,1.8438606946276526,1.160729757562741
numen,3.004554170376802,1.8519830535110495,1.1525711168657526
slubs,3.0044807459661556,1.8443011716533333,1.1601795743128223
demes,3.004464459720883,1.8287212315531258,1.1757432281677573
mahal,3.0043925149199278,1.8518867242399515,1.1525057906799763
juvie,3.0043464648335085,1.8222729710377092,1.1820734937957993
caboc,3.0041904432106774,1.8656376820118634,1.1385527611988138
yomps,3.004111346143476,2.262793259567624,0.7413180865758519
lobby,3.0039719098986417,1.8371693906941484,1.166802519204493
mawps,3.003776614438222,2.128512647169499,0.8752639672687228
dwaal,3.0033894499402116,1.7663033401183754,1.237086109821836
apses,3.0033078301127887,1.9645940009987628,1.0387138291140259
busby,3.003247562077053,1.7755560421892798,1.2276915198877731
pepos,3.0030628293236643,1.9531809132306708,1.0498819160929935
mills,3.0028946226808717,1.9175621902303774,1.0853324324504943
dykes,3.0028550985161666,2.200460920080476,0.8023941784356908
taths,3.0027784922661103,1.9828654401682346,1.0199130520978756
nurrs,3.002559487597857,1.994005321797709,1.008554165800148
tipis,3.002497724173098,1.949747879129049,1.052749845044049
mosts,3.0024921445535027,1.924757642525051,1.0777345020284514
borgo,3.002388887472189,1.7902282158210971,1.2121606716510918
pyrex,3.002181449208112,1.9978706881586679,1.0043107610494442
pasag,3.002065815463305,1.8300697873547793,1.1719960281085255
gumps,3.0018913923188757,2.1433147874145857,0.8585766049042901
staff,3.0016418849034157,1.8669145486015375,1.1347273363018784
pisos,3.001491147818416,1.9506448699870451,1.0508462778313707
schav,3.0014206738392186,2.178875064504786,0.8225456093344327
goods,3.0012945074988133,1.8316214260863908,1.1696730814124228
razer,3.0011268010702583,1.6682018564285337,1.3329249446417246
daraf,3.0010419116383984,1.7944950595707971,1.206546852067601
extra,3.0008917310546446,2.189395302003233,0.811496429051412
ympes,3.000856953101586,2.2611976891834975,0.7396592639180882
unmew,3.0007444756923913,2.1517305374749074,0.8490139382174842
tanka,3.0007423772731667,1.8464578723164466,1.15428450495672
theft,3.000719398364949,1.7726857230630482,1.2280336753019008
award,3.000714307797825,1.7827759902844638,1.2179383175133613
sansa,3.0005752070159097,1.5308240929194832,1.4697511140964266
miltz,3.0005263231079375,2.0176058193345288,0.9829205037734088
mitis,3.000523450535775,1.9206260288972987,1.0798974216384767
cinqs,3.000459521812473,2.0529707375866617,0.9474887842258114
murrs,3.0002838605954265,1.8821018069103195,1.1181820536851073
oakum,3.0002091633283805,2.1975338442921997,0.8026753190361808
varna,3.00009557016978,1.8075696629193623,1.1925259072504173
shish,3.0000035961231184,1.4500705865113401,1.5499330096117785
booms,2.9994948835336013,1.7669022401149008,1.2325926434187007
moppy,2.9994824760758747,1.7541556473644653,1.2453268287114094
fytte,2.999341579823046,1.7907094623762352,1.2086321174468106
skulk,2.9993235211142157,1.7919276611415063,1.2073958599727095
oohed,2.999302078380875,1.8849254723441036,1.1143766060367712
tavah,2.999199136768622,1.7289520464078967,1.2702470903607253
asura,2.99910846793609,2.0309393028556606,0.9681691650804293
gloom,2.999074308109795,1.7950835507459066,1.2039907573638884
seles,2.9988703331738087,1.539375498532206,1.4594948346416028
vacay,2.9987707217793975,1.6882611916148145,1.310509530164583
rooks,2.9985034239816293,1.8644649584214936,1.1340384655601357
aggry,2.998476381662459,1.8876877378683654,1.110788643794094
lamas,2.998219803264398,1.9331068916262222,1.065112911638176
fieri,2.9981826555411724,1.8726926192366202,1.125490036304552
vasal,2.9980678314062534,1.8071083751272456,1.1909594562790078
mukti,2.9980320156340006,2.1810921520383593,0.8169398635956412
aigas,2.9980185416230807,1.9342407316725252,1.0637778099505553
brujo,2.997868078484784,1.9451825070988384,1.0526855713859455
jibed,2.9977734758026227,1.8876703181138923,1.1101031576887304
amias,2.997771454691016,1.9329361075233868,1.0648353471676293
rewed,2.997761965293896,1.7697673321322451,1.227994633161651
skunk,2.997708600119943,1.7703675973765645,1.2273410027433784
teste,2.997670963981395,1.5424393371991272,1.4552316267822678
bobac,2.997633314490142,1.8656376820118632,1.131995632478279
himbo,2.997611148480617,2.1996976022199233,0.7979135462606939
hawms,2.9974005266724872,2.14608550681284,0.8513150198596473
varia,2.9973717400386413,1.828958942581469,1.1684127974571723
weels,2.9973627991686986,1.8391229824960638,1.1582398166726349
skits,2.997301234755459,1.846924533294574,1.1503767014608848
algas,2.9972910678903864,1.93441151577536,1.0628795521150263
loofa,2.9972655778206763,1.873360240850503,1.1239053369701735
unhip,2.996656518303867,2.305986305316062,0.6906702129878053
mamee,2.996602988988413,1.426834538563854,1.5697684504245593
fasts,2.996592425519121,1.8669145486015375,1.1296778769175833
toffy,2.996575479612535,1.7923050327603616,1.2042704468521734
dinic,2.996443413238941,1.8879866491485118,1.1084567640904293
civil,2.9961845120453794,1.7414616196830233,1.2547228923623561
weens,2.9957478781744262,1.8175629187311224,1.1781849594433038
vendu,2.9957148749082227,2.148793848685324,0.8469210262228987
hills,2.9956500296866846,1.9642569001054686,1.0313931295812158
smuts,2.9953780575744124,1.8686929954111524,1.1266850621632603
agila,2.995330085071137,1.939789433063495,1.055540652007642
heyed,2.995291162443932,1.812219513355133,1.183071649088799
hosts,2.995247551559315,1.9714523524001422,1.023795199159173
gutta,2.9952407432389334,1.8909202382442696,1.104320504994664
unbag,2.995186254544589,2.225691085663306,0.7694951688812827
coofs,2.9950755224103087,1.7967868667271762,1.1982886556831325
fifed,2.994934395125694,1.7648429671496542,1.23009142797604
idyls,2.994814816094621,2.4050899510919064,0.5897248650027146
foggy,2.9946087383492053,1.6570822395902471,1.3375264987589581
othyl,2.994604068707239,2.422442237921187,0.5721618307860517
panga,2.9942606243199927,1.8140584249808074,1.1802021993391854
playa,2.99424595909996,1.8990323137848888,1.0952136453150714
eaved,2.993989939149627,1.7236453337381286,1.2703446054114984
jugal,2.9939209981122348,1.962755553940878,1.0311654441713565
aband,2.993747841051287,1.8043905422404747,1.1893572988108123
snibs,2.9937154820283753,1.8746741413745378,1.1190413406538373
dooms,2.993384236099426,1.8303168019372524,1.1630674341621738
gyves,2.9931870229025326,2.107381946601909,0.8858050763006234
weeis,2.9930240480432877,1.8389521983932289,1.1540718496500588
pooka,2.9929273269371652,1.7645731985188031,1.2283541284183623
advts,2.9928866874452638,2.232981525467418,0.7599051619778455
resus,2.992791372907956,2.0179306447034415,0.9748607282045146
numps,2.992702575080807,2.253913678152837,0.7387888969279702
feces,2.9926987777608622,1.7951912963430496,1.1975074814178126
buddy,2.9926743878665043,1.6897277416593721,1.302946646207132
junco,2.9926488112940155,2.0062906014716897,0.9863582098223259
kiefs,2.9923744401962042,2.1576925070186346,0.8346819331775698
hoppy,2.992237883081687,1.8008503572395564,1.191387525842131
hymns,2.992102452152783,2.254845225921106,0.7372572262316769
passu,2.9920095286119848,1.9101249242689908,1.0818846043429942
anima,2.992004299985263,1.916924745149415,1.075079554835848
tagua,2.9919885495493386,1.8909202382442696,1.101068311305069
quads,2.9916175959019866,2.0022454386769364,0.9893721572250503
poohs,2.9915489655997725,1.86404678531264,1.1275021802871323
stobs,2.9913441085340295,1.9034296574341532,1.0879144510998766
oligo,2.9913015289982203,1.9283763452954024,1.0629251837028182
battu,2.9911533820711966,1.8682876290042336,1.122865753066963
firni,2.990680051599867,1.848767296330888,1.141912755268979
navar,2.9906569023574114,1.8075696629193625,1.1830872394380487
schwa,2.9905749739228376,2.2238983300258237,0.7666766438970137
gordo,2.990564511906625,1.853642777643449,1.136921734263176
winna,2.9903405155176976,1.8359494941714756,1.1543910213462218
damna,2.9902556028662994,1.8257185273313725,1.1645370755349267
yoghs,2.990204868748666,2.281670743360103,0.7085341253885633
skios,2.9901788778839595,1.84782152415257,1.1423573537313896
rigid,2.9900666707663595,1.8495111640156967,1.1405555067506625
blobs,2.990024405566963,1.9003658187672317,1.0896585867997317
salsa,2.989882809842679,1.552384156684425,1.437498653158254
moods,2.9898300632583146,1.8303168019372524,1.159513261321062
staws,2.9897166097719214,1.8551954793152043,1.1345211304567169
tafia,2.989630564425852,1.872292465889672,1.1173380985361798
visit,2.9896102872354495,1.7946275123983226,1.1949827748371267
kreep,2.9895779745062536,1.7640763610077559,1.2255016134984977
bulls,2.9895304890804657,1.844301171653333,1.1452293174271326
rymer,2.9893520234740105,1.8733744555670082,1.1159775679070023
sikas,2.989273513410474,1.859234611920662,1.130038901489812
comma,2.989120627269684,1.8869656671027615,1.1021549601669227
ginga,2.988987609242926,1.9182293692985533,1.070758239944373
hypos,2.988948421286902,2.309487969442715,0.679460451844187
fuzil,2.988920635350671,1.8931819813870194,1.0957386539636513
agora,2.988858084761796,1.9603936968573359,1.02846438790446
tabac,2.9885165621738023,1.8647406911538678,1.1237758710199344
klick,2.9883939179454195,1.7937586405792747,1.1946352773661446
gemmy,2.9878620937995493,1.7247428508977267,1.2631192429018225
keyer,2.9878583069338114,1.7996729599642836,1.1881853469695278
nullo,2.987839775991305,1.9870422025475074,1.000797573443798
bippy,2.9877907604624627,1.7286960486458152,1.2590947118166476
vaded,2.987654823292896,1.7236453337381286,1.2640094895547673
xerus,2.9875255026920637,2.1133050270633507,0.874220475628713
topoi,2.9874398549382013,1.9592574100449358,1.0281824448932653
newel,2.987422125493,1.8231116201220918,1.1643105053709082
nevel,2.9873910713358582,1.7780883546010546,1.2093027167348036
kehua,2.9873725417432877,2.2426329837831642,0.7447395579601236
sypes,2.9873643432893067,1.8804749542417003,1.1068893890476064
upper,2.987282931151703,1.9191376176738302,1.0681453134778727
penne,2.9872230656551455,1.419022407737653,1.5682006579174925
sekts,2.987159279227524,1.8494605765381997,1.1376987026893242
syncs,2.9870821254180626,1.9052406043172014,1.0818415211008614
marga,2.9870472902369922,1.8229692886800872,1.1640780015569048
muxes,2.9868049722610213,1.9633687982449306,1.0234361740160904
sifts,2.9867168541105205,1.851369847205693,1.1353470069048273
scogs,2.986585664059081,1.8673476725679203,1.1192379914911605
neche,2.986520918048,1.8951308255357744,1.0913900925122255
primi,2.986485135587027,1.835241813366855,1.151243322220172
unkid,2.9864438479194697,2.1985548263379497,0.78788902158152
aurum,2.9863736578851174,1.9030244255942987,1.0833492322908187
attic,2.9863608947078175,2.0193614707942618,0.9669994239135559
maban,2.9863255433050444,1.762303965509021,1.2240215777960237
almas,2.9863070568299954,1.9331068916262222,1.0532001652037732
pecke,2.986130940894176,1.6919529554023196,1.2941779854918565
godso,2.9859046486945973,1.8316214260863908,1.1542832226082067
peize,2.9858403532181566,1.5318427764460198,1.4539975767721365
fuses,2.985827359368408,1.7987382341934155,1.1870891251749924
shaws,2.985809918509921,1.7653627718710427,1.2204471466388782
fuzed,2.985799164830386,1.8043410227097678,1.181458142120618
raffy,2.985786613878761,1.817126932027621,1.16865968185114
hough,2.9856879795730853,1.7896744430320157,1.1960135365410693
bedye,2.985670780218774,1.7441968183891443,1.2414739618296293
dumbo,2.985380960440224,2.14315643559014,0.8422245248500841
waddy,2.9853542247866094,1.6975582106543219,1.2877960141322875
iglus,2.985244008292444,2.3809493103846626,0.6042946979077815
samps,2.985240986365807,1.8287651632056412,1.1564758231601655
maums,2.985109654988034,1.88100307403724,1.1041065809507942
gests,2.985027745359521,1.9244666962900627,1.0605610490694581
askoi,2.9845309727178244,2.3773817550397074,0.607149217678117
elven,2.984357002681863,1.7780883546010549,1.206268648080808
putts,2.9842835875096476,1.8978148456429027,1.0864687418667451
hejra,2.9842317177223,2.0790873665626917,0.9051443511596083
pepsi,2.984221041462999,1.9490492996029185,1.0351717418600805
ooyah,2.983869710070844,1.9205660029531466,1.0633037071176972
krunk,2.983698055153188,1.7923889489336227,1.1913091062195653
moloi,2.983668786423399,1.9270717211462642,1.0565970652771348
wocks,2.983634319131528,2.092089036779915,0.8915452823516131
dulls,2.9834198416462905,1.9077157334756847,1.0757041081706058
gongs,2.9833735376177266,1.9014383642423263,1.0819351733754003
calyx,2.983199865759734,2.0430976691260314,0.9401021966337024
humps,2.983182355084189,2.188704873140538,0.7944774819436508
booze,2.9829546673683494,1.4855245547511238,1.4974301126172258
awato,2.9827016483221547,1.864705010231091,1.1179966380910638
hoods,2.9825854702641266,1.8770115118123432,1.1055739584517834
wowed,2.982336326573014,1.7572555114910735,1.2250808150819408
walls,2.9822103260005712,1.8521316406482828,1.1300786853522884
sabha,2.982072474941268,1.825010037758084,1.157062437183184
dildo,2.9820213383749996,1.9691582978777182,1.0128630404972812
fetts,2.981898435302085,1.8539058904493184,1.1279925448527668
dippy,2.981680113028288,1.792110610468167,1.189569502560121
saxes,2.9816190105484512,1.650123798185125,1.3314952123633266
lummy,2.9814088313080145,1.8024327286711475,1.1789761026368673
which,2.981395518311451,1.6997160164268201,1.281679501884631
snobs,2.981309598878039,1.87880575500229,1.1025038438757488
abysm,2.981015040493313,2.2237565120130682,0.7572585284802444
pawks,2.9807717758316272,2.054811151566774,0.9259606242648531
judge,2.9804924783713385,1.8583698938677817,1.1221225845035567
psias,2.980293378006275,1.9620579577551371,1.0182354202511377
surfs,2.9802095376857967,1.8128456252187137,1.1673639124670827
sekos,2.9800369223560246,1.8503575673961956,1.129679354959829
jarps,2.9798826445792326,2.0536005463875906,0.9262820981916421
bajri,2.979857298171783,2.008528628353077,0.9713286698187057
zigan,2.9798539454037036,2.009660458344813,0.9701934870588906
waltz,2.9798420264276366,1.9521752697524342,1.0276667566752027
mitts,2.979834645360229,1.9206260288972987,1.0592086164629304
umbra,2.9798152982021193,2.262419175445198,0.7173961227569216
zincs,2.979719916976334,2.0652460387246796,0.9144738782516547
snaws,2.97968210011593,1.8305715768833413,1.149110523232589
pacai,2.9796760123855326,1.9119559037067595,1.067720108678773
layby,2.9796712933158656,1.8485824784622407,1.1310888148536251
eyass,2.9796114779132488,2.0001905999552907,0.979420877957958
eyres,2.979460456180922,2.0012893328283696,0.9781711233525524
yocks,2.979438243479216,2.2377827369461327,0.7416555065330831
allel,2.9793416264655974,1.5602981172161852,1.4190435092494125
amari,2.9793380555131126,1.954957459080445,1.0243805964326673
gulag,2.979278628386382,1.8878563995773483,1.0914222288090336
wahay,2.979261656651789,1.702166343797959,1.27709531285383
ahuru,2.979237143259063,1.9497191354693897,1.0295180077896735
imide,2.9791061912306684,1.8340991488412604,1.145007042389408
oshac,2.978952569031722,2.4422979891810113,0.5366545798507104
stumm,2.978750531718806,1.8686929954111524,1.1100575363076537
agamy,2.97868383217944,1.7377515090499456,1.2409323231294949
lusts,2.9785744828679865,2.0021565740634837,0.9764179088045027
ribby,2.9785149079405477,1.849510427232485,1.1290044807080628
jirre,2.9783879374853135,1.636125220349959,1.3422627171353545
hullo,2.9783195559946876,1.9218333975352087,1.0564861584594787
varix,2.9778862507889325,1.9243333249413783,1.0535529258475544
hevel,2.9778708513392407,1.7128795495887563,1.2649913017504844
osars,2.977572686092298,2.087003949969559,0.8905687361227386
gucks,2.977218289654615,2.118304264793094,0.8589140248615214
aduki,2.9770513211965297,2.235488807395901,0.7415625138006287
malms,2.977018742874331,1.9331068916262217,1.0439118512481096
totty,2.9769014407951975,1.4808384795101703,1.4960629612850274
pinup,2.9768426632299105,1.8785688604991742,1.0982738027307366
helve,2.9767587245623153,1.7128795495887563,1.2638791749735592
debes,2.976481209347633,1.8073932464622278,1.1690879628854054
tight,2.97644898293209,1.8407104856601664,1.1357384972719236
nests,2.975838928121452,2.035065587028314,0.9407733410931383
facia,2.97576609077514,1.8135778717834028,1.1621882189917372
titup,2.975655724764758,1.9031927629310372,1.0724629618337211
weets,2.975569865637498,1.8421868211629855,1.1333830444745125
vegie,2.975469874580601,1.6673186797599682,1.308151194820633
bobak,2.9754482285371466,1.7141233631961548,1.2613248653409919
finis,2.975397911745172,1.8267459447738297,1.1486519669713422
ozena,2.975332579243584,2.148316285616549,0.8270162936270352
awful,2.9750882936988603,2.1170430777004623,0.8580452159983981
sazes,2.9749927823430076,1.6461805048714755,1.328812277471532
agars,2.9740385622778494,1.9508841659414489,1.0231543963364003
ataps,2.9739448987785186,1.9652925805248938,1.0086523182536247
spims,2.9737456339826167,1.8132204618097967,1.16052517217282
boohs,2.9737358898499475,1.8135969499899915,1.160138939859956
azido,2.97364363187162,2.075963304216988,0.8976803276546322
agita,2.9735371515399365,1.9428532717304163,1.03068387980952
swoop,2.973409089173386,1.7363768244596098,1.2370322647137761
mahem,2.973340918487973,1.8542519833807418,1.1190889351072313
acock,2.9730786813386687,1.8132641715000366,1.159814509838632
puzta,2.9728854019289352,2.0101685533731417,0.9627168485557936
fulla,2.9728151352327226,1.817295593736604,1.1555195414961184
sechs,2.9727671029655904,1.9111421879097465,1.0616249150558439
zonda,2.972733643891815,2.054574024554881,0.9181596193369338
geese,2.972723986536403,1.407216544029013,1.56550744250739
wises,2.9727151997094836,1.8389521983932289,1.1337630013162545
djins,2.9724376562117594,2.0129878575604194,0.9594497986513401
jawed,2.9724202000860322,1.8435677536226953,1.128852446463337
socko,2.9722926494913757,1.7923415528160573,1.1799510966753182
scops,2.9720931592998525,1.8951648986505325,1.0769282606493198
jirga,2.9718677989116884,2.031161237593113,0.9407065613185752
fugue,2.9717689529135076,1.672127981081192,1.2996409718323156
reked,2.9716520195757834,1.7770410875074594,1.194610932068324
vezir,2.9716068266890168,1.90738137347551,1.0642254532135067
yarak,2.9712886254638575,1.8126816181165024,1.1586070073473551
wawes,2.970816186763823,1.8544968997890732,1.1163192869747502
snugs,2.9708062215227056,1.8453737171284275,1.1254325043942779
oflag,2.9706986192654443,2.2553875999414386,0.7153110193240058
awake,2.9706781398259587,1.6528805269249869,1.3177976129009719
dykon,2.9705477144717873,2.1860451280906306,0.784502586381157
atman,2.970432715113119,1.9201593679191715,1.0502733471939476
aswim,2.9701998713152977,2.232683591487245,0.7375162798280526
didos,2.9700982511627356,1.9636095964867484,1.0064886546759872
aidoi,2.9700493601768585,1.9845322151707276,0.985517145006131
apgar,2.9695060038706944,1.8520911389118377,1.1174148649588567
benne,2.969409989905321,1.3685725724150049,1.6008374174903164
odums,2.969175412453895,2.2923992979423993,0.6767761145114959
sabji,2.968876525313519,1.986507276796019,0.9823692485175002
fills,2.968873481594517,1.8483060085387715,1.1205674730557456
pujah,2.968699874564295,1.90380391124625,1.0648959633180453
whata,2.968664558040415,1.7739753119289339,1.1946892461114815
feyed,2.968514614351765,1.6962686217884362,1.2722459925633287
krubi,2.9683865836417382,2.1731729784466287,0.7952136051951096
becke,2.9683178651443516,1.6415031200796713,1.3268147450646803
agals,2.9681046794368537,1.93441151577536,1.0336931636614939
woofy,2.9680897410270815,1.57480236446317,1.3932873765639116
puggy,2.968065047122287,1.6993956243997048,1.2686694227225823
psoas,2.9678874948559386,1.9661895713828894,1.0016979234730492
sahab,2.9676733332239307,1.825010037758084,1.1426632954658467
karoo,2.967641174992706,1.8853875771054724,1.0822535978872339
hecht,2.967355522374117,1.9197547279676377,1.0476007944064794
groof,2.9673539727651876,1.742300019220389,1.2250539535447986
pobby,2.9673247392708846,1.7328276622735674,1.2344970769973171
gigas,2.967283628619966,1.9342407316725252,1.0330428969474406
stums,2.9672167316479205,1.8686929954111524,1.098523736236768
zineb,2.967188558590271,1.9740191909525582,0.9931693676377128
yufts,2.9670224434904764,2.2448779978496214,0.7221444456408549
palpi,2.966800031220686,1.967606659146107,0.999193372074579
venin,2.966577104646902,1.7779175704982197,1.188659534148682
butts,2.966470511759823,1.8473650103202544,1.1191055014395688
hests,2.9663187081248346,1.9698567820160156,0.9964619261088189
furrs,2.9662627195090723,1.8128456252187135,1.1534170942903585
roofs,2.966194504237383,1.8689102723326125,1.0972842319047709
yojan,2.9661053836955222,2.060673962328975,0.9054314213665471
mucks,2.965753845414116,2.1169996406439555,0.8487542047701605
vivat,2.9656911892325266,1.8155501310823015,1.1501410581502252
leeps,2.965621437388536,1.9492200837057534,1.0164013536827827
sybbe,2.965280359568377,1.830025118919052,1.1352552406493253
novum,2.964957908769325,2.108302842337997,0.8566550664313284
tuffe,2.9648441151220144,1.8073507742513066,1.157493340870708
nonda,2.964246914772514,1.9631429355086207,1.001103979263893
urbex,2.9641095358936353,1.9640621647110914,1.000047371182544
nouja,2.964090603650078,2.0773152742040466,0.8867753294460313
khafs,2.96393487569166,2.084103080496448,0.8798317951952122
podos,2.9636979173636324,1.8594386521690027,1.1042592651946297
lipid,2.9636722257439168,1.86085573993222,1.102816485811697
neese,2.9635351692983343,1.517815434767264,1.4457197345310702
mieux,2.963327120547691,1.9687467155330654,0.9945804050146255
pauxi,2.9631933980543996,2.0108772239170345,0.9523161741373654
tythe,2.963171371300617,1.9066603539429319,1.056511017357685
bawks,2.962958700081803,2.0043613162441263,0.958597383837677
indow,2.962670413703333,2.2473457180766343,0.7153246956266989
peece,2.962598741601386,1.3849317160632473,1.5776670255381386
oxeas,2.962443947536217,2.1682709413041703,0.7941730062320466
slyly,2.9624265437866915,1.4682651099273623,1.4941614338593292
oidia,2.962369358365253,1.9845322151707276,0.9778371431945252
makar,2.9623023837940097,1.7479631689282242,1.2143392148657854
cobza,2.9622974855350015,1.9570687710581236,1.005228714476878
putza,2.961917238113024,2.010168553373142,0.951748684739882
mecca,2.961910867468368,1.8853700967186344,1.0765407707497336
oleyl,2.96176618171797,1.9943262135781679,0.9674399681398019
quags,2.9615843568587703,1.9614634860946207,1.0001208707641496
zinky,2.9614801140492104,1.8505352918358875,1.110944822213323
xrays,2.961437004986791,2.109672373340498,0.8517646316462933
steys,2.9613499834177652,1.9878805213292023,0.9734694620885629
fyked,2.961264107875871,2.0032898611275085,0.9579742467483624
upjet,2.961151080275636,1.9806279605381927,0.9805231197374435
kivas,2.9608773149261296,2.1139588303634826,0.8469184845626468
sacks,2.9605678837015463,1.8037546405841496,1.1568132431173968
hajis,2.9603815031544563,2.054529971762008,0.9058515313924486
jambe,2.9600531036719815,1.8611284427782828,1.0989246608936987
neele,2.9599287567691537,1.523364136158234,1.4365646206109195
macas,2.959904368578975,1.8774561361868742,1.0824482323921008
qipao,2.959896622543306,2.0507232765792662,0.9091733459640396
nujol,2.959868967698731,2.061941356911037,0.8979276107876937
misls,2.959271303622012,1.9175621902303774,1.0417091133916345
ulama,2.959228683935282,1.88655177542821,1.0726769085070722
watts,2.9591503486799287,1.8551954793152041,1.1039548693647243
zoaea,2.9590700571565813,1.6556900357873623,1.3033800213692188
untin,2.9590504306149237,1.9859744275866764,0.9730760030282471
sluff,2.9589701987315973,1.7963729750526252,1.162597223678972
looks,2.9589466514770315,1.8479923082554048,1.1109543432216265
hucks,2.958509252419929,2.1636943505190467,0.794814901900882
albas,2.9583238064567454,1.9117789065353241,1.0465448999214213
facta,2.9583119083693505,1.8168124945531594,1.141499413816191
okapi,2.958281659493136,2.2785887280100963,0.6796929314830399
stiff,2.9582394444498075,1.8513698472056928,1.1068695972441147
jibes,2.9581319139414592,1.9734986186438,0.9846332952976595
zooty,2.958044460135323,1.5722695685564305,1.385774891578892
boldo,2.957807928826071,1.814537518237324,1.143270410588747
nimbs,2.957775649719547,2.2553968763163352,0.7023787734032115
epena,2.957699034855473,1.9485826386247909,1.0091163962306822
anyon,2.9576518097035964,1.9857748079654454,0.9718770017381512
lavvy,2.9575672278334633,1.7439119470541622,1.2136552807793008
spoof,2.957543753438701,1.748095893745943,1.2094478596927583
cabob,2.9575340320893084,1.8656376820118634,1.091896350077445
skroo,2.957533468225548,1.8644649584214936,1.0930685098040542
coxib,2.957138624236994,1.9454673629759285,1.0116712612610659
nadas,2.9568682661335,1.9536334045927344,1.0032348615407656
dawks,2.956848052647628,2.067775878066478,0.8890721745811502
goops,2.9567687636963678,1.818656699586687,1.138112064109681
heugh,2.9567591361386043,1.7880788726478891,1.1686802634907152
risus,2.9567064418797453,2.015394601459816,0.9413118404199295
paddo,2.956610763622245,1.8803612708529815,1.0762494927692636
ginzo,2.956556215169653,1.998247370576721,0.9583088445929322
kievs,2.9565331061983695,2.100950172211264,0.8555829339871054
squab,2.956468075948824,1.938830876854585,1.017637199094239
sophs,2.95637541440118,1.86404678531264,1.0923286290885401
sexed,2.956296346391401,1.543372878971238,1.412923467420163
pongo,2.9562801627059097,1.802645337212715,1.153634825493195
limax,2.956226963587916,2.033859191274266,0.9223677723136501
veena,2.9560077629415824,1.793462271894064,1.1625454910475181
pulli,2.9559800740377438,1.900128924264116,1.0558511497736278
foods,2.9558089221719595,1.7610606202456465,1.1947483019263132
chaya,2.955678591785606,1.860954417988882,1.094724173796724
vases,2.955482434903413,1.809473634268036,1.1460088006353768
brava,2.955362403599172,1.6743381629410752,1.2810242406580967
fifes,2.955292833264531,1.8506712676795618,1.1046215655849692
dived,2.955260574853857,1.7081006323422838,1.2471599425115734
yawny,2.955101908384706,1.7673751488102576,1.1877267595744487
views,2.9550693791756855,2.09367641683605,0.8613929623396352
usual,2.954837674841237,2.014466652689572,0.9403710221516652
jedis,2.954753096028605,2.0369131804661516,0.9178399155624531
appuy,2.9546810595497868,1.8469284961959072,1.1077525633538796
mvuli,2.954601028909729,2.1257312924751863,0.8288697364345425
gajos,2.9545140011118534,2.0132714996638073,0.9412425014480463
jeune,2.954508170127923,1.546159472932782,1.408348697195141
eaves,2.954348377288464,1.8094736342680364,1.1448747430204276
tohos,2.9542468512812965,1.9714523524001422,0.9827944988811542
cutup,2.9541079189581545,1.8477127915945248,1.1063951273636297
magna,2.9540282025115863,1.7849365747490569,1.1690916277625292
rarks,2.9540273110425534,1.8758780461895856,1.0781492648529676
cubeb,2.953891322810095,1.7965643767457458,1.1573269460643494
aging,2.953660757516719,1.9182293692985533,1.0354313882181658
soxes,2.9534975884964787,1.6387107104170324,1.314786878079446
vixen,2.9531750058357646,1.8732919528581289,1.0798830529776355
quipo,2.953045130403622,1.9832455416972752,0.9697995887063469
khuds,2.952492188914597,2.127968104037517,0.8245240848770804
skers,2.9524902537334787,1.862869388037367,1.0896208656961117
merer,2.952279471858935,1.427933271436933,1.524346200422002
karas,2.952193890549586,1.8758780461895856,1.0763158443600003
whump,2.9521806176977234,1.9798147449012378,0.9723658727964859
seers,2.952108824527739,1.5558481486982947,1.3962606758294442
vutty,2.9520148061109657,1.6794980508390924,1.2725167552718735
nonyl,2.951983168988103,1.9704008906724355,0.9815822783156671
oxers,2.9519715986972517,2.1693696741772497,0.7826019245200021
ficin,2.951419045209187,1.7766438907254518,1.174775154483735
hushy,2.9513808446233423,1.8435787371552688,1.1078021074680733
freer,2.951144144631158,1.3586770897453273,1.5924670548858306
exing,2.9510646491750974,2.0005950935062438,0.9504695556688534
gojis,2.95096911833717,1.9977267982679625,0.9532423200692074
bomoh,2.9507447504958018,1.6856820727286301,1.2650626777671714
tubby,2.9507390032766083,1.784168582247171,1.1665704210294374
nikab,2.950572220656883,2.202617999397589,0.7479542212592941
buggy,2.950251971372462,1.6489457890770565,1.3013061822954057
hemes,2.9500084553115915,1.833329364696763,1.1166790906148283
bevue,2.949927411775229,1.592753037033786,1.3571743747414433
chuck,2.949914924060851,1.655056738315888,1.294858185744963
gaffe,2.9498805828096586,1.7396057159631835,1.2102748668464751
gumbo,2.9496339932656186,2.102374483007824,0.8472595102577942
parka,2.9495499468711692,1.7770850191599745,1.1724649277111945
verra,2.9494953756455145,1.8314949858250946,1.11800038982042
bayas,2.9494007021579947,1.843033777071271,1.1063669250867236
zolle,2.9490669135740863,1.6403161184943529,1.3087507950797335
yirrs,2.9489544841978343,1.998753289584744,0.9502011946130904
gists,2.94894281433131,1.921930653046437,1.027012161284873
nyuze,2.948938269663539,2.0081325917455874,0.9408056779179517
murri,2.94892036980288,1.887479724198454,1.061440645604426
sunks,2.948596656913939,1.7703675973765645,1.1782290595373746
hykes,2.9483990941068745,2.205069053224113,0.7433300408827616
frere,2.9483904942486054,1.3586770897453273,1.5897134045032781
udder,2.948279967002704,1.9321023441735337,1.0161776228291706
quids,2.948215155448379,1.986700737281092,0.9615144181672867
sniff,2.9482049347938166,1.8267459447738297,1.121458990019987
hijra,2.948146786694089,2.076551323319066,0.8715954633750231
slubb,2.9477393378854746,1.8443011716533333,1.103438166232141
gulls,2.947672874471685,1.866933780893369,1.080739093578316
noops,2.9475799464582995,1.9292555903249382,1.018324356133361
varas,2.947488876756122,1.8235810252933344,1.1239078514627874
venge,2.947290991921042,1.6459294000978617,1.3013615918231805
logos,2.947173957958248,1.922998428007268,1.0241755299509803
ptype,2.9465941342724475,1.8890874942995914,1.057506639972856
rasps,2.946402417666146,1.9787013920240608,0.9677010256420855
aflow,2.946342788324193,2.1731077248143604,0.7732350635098325
ketes,2.946192038005973,1.8494605765381995,1.0967314614677734
seels,2.9461749416867438,1.539375498532206,1.4067994431545379
fuzes,2.946157602969223,1.8901693232396757,1.0559882797295472
gippy,2.945933145853682,1.7513286578858513,1.194604487967831
fitts,2.9458135042738745,1.8513698472056928,1.0944436570681817
teths,2.9457282267796567,1.9698567820160156,0.9758714447636412
pupas,2.945613227928429,1.9101249242689908,1.0354883036594378
avian,2.945428928251516,1.7909262286504384,1.1545026996010774
burqa,2.9454249389116773,1.960852228411643,0.9845727105000345
moops,2.945304319455869,1.8173520754375487,1.12795224401832
zedas,2.945238710824298,2.0689898165447262,0.8762488942795716
lumbi,2.9452326447017447,2.230401823883265,0.71483082081848
docos,2.9450859236275386,1.9081296251502362,1.0369562984773026
fordo,2.945078926579771,1.7830819718027047,1.1619969547770665
jinne,2.9449500470649723,1.5980925064189284,1.346857540646044
skens,2.944941449898211,1.8248366741063367,1.1201047757918743
mbuga,2.9449090691473967,2.113787570775916,0.8311214983714805
towno,2.944841372749813,1.82777102917314,1.1170703435766731
spays,2.9448042405244017,1.8934836123939192,1.0513206281304823
omasa,2.944754044112404,1.9370677211511391,1.0076863229612647
jowed,2.9442987780340597,1.8321546658546033,1.1121441121794564
cohos,2.9442175816684752,1.9127377582938734,1.031479823374602
bamas,2.9437595568868167,1.7783153278829928,1.1654442290038238
haika,2.9436618167780906,1.7780144445343915,1.165647372243699
jupes,2.9435753104075704,1.9720154204803015,0.9715598899272689
vitex,2.9435357918702616,1.8979158552899922,1.0456199365802692
rikwa,2.9434494558477957,2.1810034474415785,0.7624460084062172
ridic,2.9434091879306465,1.9260193630795421,1.0173898248511044
dobby,2.9434010160868853,1.745792388773271,1.1976086273136142
wimps,2.9432936473330975,2.1129679457736548,0.8303257015594426
majos,2.9430495568713546,2.011966875514669,0.9310826813566855
nexts,2.9427953999277108,2.1304399693882234,0.8123554305394874
nucin,2.9424189005103933,1.9272598334804076,1.0151590670299855
femmy,2.9423765084726954,1.6541820450569824,1.2881944634157132
twats,2.942173144667943,1.8551954793152041,1.0869776653527388
opzit,2.9420311618791057,2.050688499091196,0.8913426627879097
knoll,2.941969646040825,1.831980945881433,1.1099887001593922
askew,2.941831524099128,2.1615181391281455,0.7803133849709829
allay,2.9417991864969384,1.4891877286113413,1.4526114578855969
abaht,2.94173065806989,1.833622577815975,1.108108080253915
nuddy,2.941627956019655,1.8229592416376594,1.1186687143819953
nyala,2.941438079532532,1.981813978440528,0.959624101092004
raggs,2.9410365715028695,1.9508841659414489,0.9901524055614206
rejig,2.9409554761251924,2.0181525794408945,0.9228028966842979
thete,2.940946248846058,1.461219169812857,1.4797270790332009
cubby,2.9407097336637875,1.7254539881409021,1.2152557455228852
rukhs,2.9402938690320175,2.235817756124483,0.7044761129075343
discs,2.9402931922726756,1.9039980115224837,1.0362951807501917
inrun,2.94025212168101,1.9993832390858435,0.9408688825951664
idled,2.939893945838741,1.9675627274935916,0.9723312183451498
guqin,2.939795048016686,1.9299074223248045,1.0098876256918812
veles,2.939690229335029,1.7940997169750266,1.145590512360002
queer,2.939653145080353,1.588448820408525,1.351204324671828
fests,2.9395421600326674,1.8539058904493184,1.0856362695833488
keeno,2.939440649404845,1.8343462050222232,1.1050944443826214
muddy,2.9393523290172245,1.71105572675027,1.2282966022669546
shivs,2.9391661912855325,1.704794804954161,1.2343713863313714
pavan,2.9389411515157526,1.6867552843326927,1.2521858671830597
undue,2.938913821258973,1.894069630242503,1.04484419101647
jorum,2.938819366065048,1.9665104921897365,0.9723088738753114
belle,2.9387724499614216,1.3901326361799464,1.5486398137814752
thuja,2.938670765349833,2.011209478333752,0.9274612870160808
vodka,2.938582474450779,2.0322621434613275,0.9063203309894514
nulls,2.938484057233617,1.9775326716316206,0.960951385601996
bongo,2.938467086956085,1.7521955018900668,1.1862715850660186
welke,2.938334078103619,1.6375066096319775,1.3008274684716414
okays,2.9381698216023127,2.3088074096784896,0.6293624119238228
janny,2.93811664115778,1.5425268192099295,1.3955898219478506
hoops,2.9380597264616815,1.86404678531264,1.0740129411490416
serrs,2.938047633396404,1.5558481486982947,1.3821994846981092
sulks,2.9379042597407086,1.7919276611415063,1.145976598599202
mists,2.937478370090811,1.9206260288972987,1.0168523411935122
fromm,2.9371981849027993,1.7409953950712511,1.196202789831548
jacky,2.9370245163968107,1.815457366874596,1.1215671495222146
ofays,2.936941566611737,2.3132527235896085,0.6236888430221288
memos,2.9369032064137635,1.92405906299892,1.0128441434148434
nippy,2.936744328615614,1.8619275486241025,1.0748167799915112
adeem,2.9367057704354735,1.8496438502371049,1.0870619201983687
phlox,2.93650310407012,1.9649698690635187,0.9715332350066016
mulls,2.936208430231186,1.8656291567442307,1.0705792734869553
abbot,2.936098375799262,1.9243522761181322,1.0117460996811296
dumbs,2.936025241682535,2.133646904674253,0.8023783370082823
queck,2.935933114728619,1.823346654142161,1.1125864605864577
quods,2.9358092722980427,1.9908323509088444,0.9449769213891982
plexi,2.9358078134887107,2.0499723833537975,0.8858354301349132
gabby,2.935775470964252,1.7164235239590477,1.2193519470052046
squib,2.9357230931434524,1.9232861754587403,1.0124369176847123
dreed,2.9354213570016565,1.4700198481683868,1.4654015088332697
reiki,2.9347485865326903,1.8682473053255015,1.0665012812071888
agood,2.9344357150594647,1.8525440447703698,1.081891670289095
yolky,2.9342086320687737,1.7847958801823214,1.1494127518864523
runup,2.9341225030809803,1.8952122947680978,1.0389102083128825
actas,2.9341187828496675,2.0139835535061272,0.9201352293435403
stows,2.933908286167976,1.8437823915471119,1.0901258946208645
tymps,2.93386817145646,2.2618962687096285,0.6719719027468316
koori,2.9337354309840706,1.8698428757096281,1.0638925552744425
reggo,2.933342024774105,1.947385038705117,0.9859569860689879
samba,2.9333330959587727,1.778315327882993,1.1550177680757796
wizes,2.9330454433102986,1.930383287439489,1.0026621558708093
purps,2.932956330738217,1.9112236571420698,1.0217326735961472
putti,2.932920096717101,1.9031927629310372,1.029727333786064
kypes,2.9328892532439914,2.1874961935807726,0.7453930596632188
civvy,2.932869821996322,1.6727164902189702,1.2601533317773517
alibi,2.9328561884748963,1.9171568238234589,1.0156993646514372
fichu,2.9325298628749685,2.1735175817183,0.7590122811566683
socks,2.932446461649574,1.7923415528160573,1.1401049088335165
plups,2.932391763879578,1.8947510069759814,1.0376407569035964
namad,2.9323546869011308,1.8257185273313727,1.106636159569758
napoo,2.932306748025635,1.9501782090089175,0.9821285390167172
raddi,2.9320954972043647,1.997044035811899,0.9350514613924655
koses,2.9320660266449052,1.8503575673961956,1.0817084592487096
salas,2.9320547829055674,1.552384156684425,1.3796706262211424
ordos,2.9320503041530714,1.9802530307556725,0.9517972733973988
rekes,2.93201045771462,1.862869388037367,1.0691410696772532
niopo,2.931921890753296,1.9346335076130727,0.9972883831402235
dobro,2.931840694714235,1.8310101684034128,1.100830526310822
fucks,2.9317327043277612,2.0477434589523495,0.8839892453754118
qanat,2.93152967013146,1.6185924208856164,1.3129372492458433
flexo,2.9313707473534873,1.9557259650581935,0.9756447822952937
jirds,2.9312731918670143,2.05102057149145,0.8802526203755642
myths,2.931149747906483,2.279469128352969,0.6516806195535143
exuls,2.930624119361982,2.096832376897262,0.83379174246472
cliff,2.930574916185586,1.7982039544903938,1.1323709616951925
misos,2.9303560132193116,1.9215230197552944,1.008832993464017
hists,2.930233777096624,1.9673207387723899,0.9629130383242337
tawas,2.9302151409502377,1.8551954793152046,1.0750196616350334
tavas,2.9301840867930964,1.8101722137941674,1.120011872998929
kaphs,2.9300217464078377,2.1824811124198047,0.747540633988033
unsex,2.9300208358349353,2.07527231313232,0.8547485227026154
shows,2.9300015949059763,1.7539496841029505,1.1760519108030258
blebs,2.9298924913231237,1.898770248383105,1.0311222429400186
redux,2.929713637060571,2.027476726533443,0.9022369105271282
figgy,2.9295949638865135,1.6529506259624949,1.2766443379240189
tehee,2.9295630953191383,1.4612191698128567,1.4683439255062813
hokum,2.9293587972117368,2.09539105822195,0.8339677389897866
diked,2.9291816832928865,1.7603976532385355,1.168784030054351
kapow,2.9290984855659468,2.064320682482661,0.8647778030832859
hulls,2.9289638372369984,1.9123238666193219,1.0166399706176767
whoso,2.9283965409347426,1.7539496841029503,1.1744468568317923
imbos,2.9282877554730793,2.280917769606194,0.6473699858668853
meums,2.9280593895015814,1.8679944158850215,1.0600649736165597
rehem,2.9278008929398567,1.8553507162538214,1.0724501766860355
issue,2.927316168877236,2.0012872104345174,0.9260289584427184
feese,2.9272384012095496,1.3366557381882687,1.590582663021281
hippy,2.927224108618996,1.7967187436118042,1.1305053650071917
knobs,2.926834508832724,2.1858269943413626,0.7410075144913612
loofs,2.9266377317327854,1.8524376221665237,1.0742001095662617
nabby,2.9265866537261838,1.827022414697299,1.0995642390288847
jaxie,2.926442105257724,1.7304008698367888,1.1960412354209355
pekea,2.9264343606701564,1.7629776281346765,1.16345673253548
redds,2.926408722510458,1.9786574603715459,0.9477512621389121
zupan,2.9263300804361734,1.9855446509412786,0.940785429494895
scabs,2.926288365092851,1.8561281510959768,1.0701602139968742
bubas,2.9261203985854554,1.8596750889463425,1.066445309639113
afald,2.9260892644404537,1.7780224094047081,1.1480668550357456
vamps,2.9260608825270267,2.083489381648462,0.8425715008785649
fjord,2.925989586256395,1.8579811261662347,1.0680084600901605
jamun,2.925954327713969,1.939890866026798,0.9860634616871711
ruffe,2.925933827336268,1.8207595857504737,1.1051742415857944
wells,2.9251600605141173,1.8391229824960638,1.0860370780180537
junky,2.9250532896092034,1.7820703236670108,1.1429829659421924
exier,2.9247973730644334,1.6566004483463386,1.2681969247180949
skets,2.9247634373612827,1.8494605765381997,1.0753028608230832
odour,2.9246545388392575,1.9336979145576603,0.9909566242815973
lolly,2.9245581964924177,1.477774640843249,1.4467835556491686
gurus,2.924486950276276,1.8834064310594578,1.041080519216818
annus,2.924467752438817,1.99290658892463,0.9315611635141868
lymph,2.9244161611416413,2.177612262656436,0.7468038984852051
equid,2.9242665041691946,1.994614697812852,0.9296518063563428
yukos,2.9242575807077693,2.241329674796498,0.6829279059112713
edger,2.92414039064317,1.8520472072593224,1.0720931833838478
busts,2.924114236490405,1.8473650103202544,1.0767492261701506
feaze,2.924086517986306,1.449009445918508,1.4750770720677977
snows,2.9238737765119858,1.8191584891152488,1.1047152873967367
ommel,2.9238529723242985,1.92960776438989,0.9942452079344088
flamm,2.9232620899932984,1.7359358326732544,1.1873262573200443
femes,2.923231907219424,1.7173784731300659,1.205853434089358
cudda,2.923146463293378,1.8729875967203164,1.0501588665730612
manga,2.9231254897208885,1.7849365747490569,1.1381889149718316
thymy,2.9231049777786167,1.7708315161498103,1.1522734616288062
teggs,2.9228965938021627,1.9244666962900627,0.9984298975120998
bosom,2.9228012384249205,1.7669022401149008,1.1558989983100194
watap,2.92272215509485,1.756402452285593,1.166319702809257
jeely,2.9226315743820077,1.5510782248226522,1.3715533495593557
zendo,2.922532673127132,2.0415653664026623,0.8809673067244697
quoif,2.922442106523647,1.884867509773919,1.037574596749728
vaxes,2.9224389067096714,1.9048480166279456,1.017590890081726
pooks,2.9222994808492744,1.7436505798348239,1.1786489010144505
iroko,2.9222467374510677,1.8698428757096281,1.0524038617414393
bocci,2.922170432871691,1.8500929806160187,1.0720774522556722
addin,2.922060771673738,1.9590113218808687,0.9630494497928692
hebes,2.9220252049383415,1.812001379605865,1.1100238253324763
fykes,2.921622546014708,2.0891181616574164,0.8325043843572915
pewed,2.921558022161541,1.6489529535455754,1.272605068615966
sises,2.9215273422275287,1.539204714429371,1.3823226277981577
bebop,2.92125271981054,1.8039380508784113,1.1173146689321287
snebs,2.9211776846341992,1.8772101846181635,1.0439675000160358
swads,2.9211420978665257,1.7607546387274053,1.1603874591391203
buppy,2.921104568012777,1.6767630151596686,1.2443415528531085
gawks,2.9211010854730226,2.0269939254841622,0.8941071599888603
yells,2.920963984861805,1.9848166826622813,0.9361473021995236
pavvy,2.9209200572057057,1.6395702186335812,1.2813498385721247
dummy,2.920837937496258,1.71105572675027,1.2097822107459884
nawal,2.9206065752247587,1.836120278274311,1.0844862969504478
naval,2.920575521067617,1.7910970127532737,1.1294785083143433
wefte,2.9204604800237455,1.6450157622100179,1.2754447178137274
cavas,2.9201548171802747,1.7514576196878981,1.1686971974923768
winns,2.919712669429807,1.8150268754874967,1.10468579394231
whyda,2.9197085801422835,2.1249756554712103,0.7947329246710734
sotto,2.9196872569878027,1.544034907583254,1.3756523494045487
babus,2.91963161639612,1.8596750889463425,1.0599565274497773
cooch,2.919157544618545,1.4041001460907145,1.5150573985278306
nabla,2.918951489074648,1.8957675441613522,1.0231839449132962
choof,2.918712877295994,1.7155666993409056,1.2031461779550883
wicks,2.918620544668837,2.087957423152163,0.8306631215166739
leves,2.9185325767709935,1.794099716975027,1.1244328597959665
agria,2.9184997364455127,1.9562620832295834,0.9622376532159294
comms,2.918492781181793,1.8660430484187822,1.052449732763011
gings,2.918359763155035,1.897306750614574,1.021053012540461
rosps,2.918280995614174,1.9672883042559688,0.9509926913582051
ferer,2.9182583307725807,1.358677089745327,1.5595812410272534
joked,2.918188832315947,1.8394284212298175,1.0787604110861295
cloff,2.91816903303525,1.802335568118146,1.115833464917104
larva,2.918046863756845,1.829129726684304,1.088917137072541
kopek,2.918003985995732,1.751564540366584,1.1664394456291478
dusts,2.91800358905623,1.9107795721426062,1.007224016913624
skeos,2.9176410804897834,1.8503575673961956,1.0672835130935878
zamis,2.917388852411848,2.024367196569647,0.893021655842201
bumfs,2.9173001139777117,2.022304146251193,0.8949959677265185
bemix,2.9171066654331748,1.866058969378818,1.0510476960543564
rebab,2.9169242705125904,1.936165517233173,0.9807587532794173
napas,2.9168594635825142,1.9406686780930307,0.9761907854894837
kinky,2.9168403276953585,1.7591042027896273,1.1577361249057314
wasts,2.9167940734105104,1.8551954793152041,1.0615985940953063
coomb,2.9164086501557653,1.716800186066523,1.1996084640892422
exile,2.9161098398408862,1.64012779818025,1.275982041660636
oxmen,2.915979767439129,2.0034220829848577,0.9125576844542711
pittu,2.915831261306357,1.9031927629310372,1.0126384983753196
agave,2.9154937024250653,1.682863381155813,1.2326303212692522
coqui,2.9154506918113294,2.0319365146785087,0.8835141771328207
aurar,2.9153747616661603,1.5223016906525015,1.3930730710136585
quayd,2.915258085277334,1.9390490106038527,0.9762090746734814
mondo,2.915178267150022,1.8143054395632803,1.100872827586742
rakia,2.915077770728898,1.8812559634777202,1.033821807251178
forgo,2.915045687536555,1.742300019220389,1.1727456683161657
glugs,2.9150308043628135,1.866933780893369,1.0480970234694442
duppy,2.9149939205786017,1.7401775769820202,1.1748163435965817
tooth,2.914868809358337,1.4628147401969833,1.452054069161354
pumpy,2.9147713052200546,1.6980910002505665,1.2166803049694883
draff,2.91471309066336,1.7944950595707971,1.1202180310925627
zooea,2.914674821320729,1.6556900357873623,1.2589847855333667
hooka,2.914547599343874,1.782146058162144,1.13240154118173
jerry,2.914504266091668,1.567550874988741,1.3469533911029266
exine,2.9144949188466134,1.6185677344153082,1.295927184431305
debby,2.9144721726524043,1.7441968183891443,1.17027535426326
titir,2.9139692178710206,1.56192464551256,1.3520445723584604
kamme,2.9139340767451256,1.7338557779029262,1.1800782988421994
tweep,2.9136705289897757,1.7433937941333744,1.1702767348564014
yeuky,2.913370700747996,1.7310964922092131,1.1822742085387827
jaups,2.9133593590036018,1.9850240786325206,0.9283352803710812
zebra,2.9132558166064424,2.0275966062794333,0.8856592103270089
urupa,2.913165008572813,1.932146275826049,0.9810187327467637
mutts,2.913148452910544,1.8686929954111524,1.0444554574993914
apeak,2.912895935110849,1.7629776281346765,1.1499183069761723
allow,2.912742468488915,1.8616411715641699,1.0511012969247449
qibla,2.9126329292777515,1.996312611731701,0.9163203175460505
evert,2.9126148622905803,1.8191849071990065,1.0934299550915738
evade,2.9125831044931223,1.7236453337381283,1.1889377707549937
squaw,2.9122107272853857,1.8791836109675437,1.0330271163178417
akker,2.912210352968735,1.883792006721346,1.028418346247389
arars,2.912053033932363,1.5688568068505133,1.3431962270818496
akees,2.9120077671567373,1.8617706551642876,1.0502371119924494
jelab,2.9119833028524535,1.9945920214306143,0.917391281421839
titty,2.911887666332506,1.476706865882418,1.4351808004500881
lavra,2.9118725237516774,1.829129726684304,1.0827427970673735
rubby,2.911828715490862,1.7975773937463382,1.1142513217445238
every,2.91142556346402,1.747375939068032,1.1640496243959877
oddly,2.911334156905181,1.9005839525165,1.010750204388681
jupon,2.911267926363191,1.9575996284904562,0.953668297872735
amnia,2.911240919957219,1.916924745149415,0.9943161748078044
iddat,2.911168838466367,1.9836352243127318,0.9275336141536352
beeps,2.9111611910109554,1.7944285199625245,1.1167326710484307
duomo,2.9110399879447377,1.7837616857392404,1.1272783022054973
reeks,2.9110382366874354,1.862869388037367,1.0481688486500687
vizor,2.9109453563835164,1.9089769438596367,1.00196841252388
steez,2.9107562214179383,1.6338704262453874,1.276885795172551
pogos,2.9105267873304914,1.818656699586687,1.0918700877438043
avows,2.9099136482886125,2.110816688616021,0.7990969596725916
achar,2.909733750599423,1.9461721976190238,0.9635615529803994
awari,2.9097092551441155,1.8739822081025062,1.0357270470416093
elfed,2.9096908832525052,1.7650137512524895,1.1446771320000155
mawks,2.9096366412325234,2.025689301335024,0.8839473398974994
bidis,2.9095792200561577,1.804857203218602,1.1047220168375556
pulus,2.909543442945547,1.8947510069759814,1.0147924359695655
agasp,2.909393811795884,1.8300697873547795,1.0793240244411044
padam,2.9093466965396972,1.7429368626757333,1.1664098338639641
atigi,2.9092161736874367,1.942853271730416,0.9663629019570205
quete,2.9091726783256044,1.5750400089093577,1.334132669416247
knowd,2.9090402483278335,2.0403514279244135,0.8686888204034201
jocky,2.9089030943448377,1.8040442791065037,1.104858815238334
unaus,2.9088691412155683,1.99290658892463,0.9159625522909381
siris,2.9083335026707102,1.553312105454669,1.3550213972160414
nihil,2.9083326639981673,1.9482455377314962,0.9600871262666708
syeds,2.9083298324051015,1.8934396807414038,1.014890151663698
lobos,2.9082066965246076,1.900365818767232,1.0078408777573753
vexil,2.9081516736046664,1.8948520166230707,1.0132996569815957
gobby,2.9076540489122795,1.7050104361909555,1.2026436127213243
dowdy,2.90763684364667,1.6861451228862296,1.22149172076044
hapas,2.9073392435858962,1.875459873080732,1.0318793705051643
wombs,2.906694303984843,2.0666497240787587,0.8400445799060842
jakes,2.9066686925067566,1.9366698095278174,0.969998882978939
sushi,2.9066182332488295,1.912153082516487,0.9944651507323427
myopy,2.9065559771094627,1.7541556473644655,1.152400329744997
unpen,2.9063774791428885,1.8811049037427998,1.0252725754000886
ousts,2.9062765287116092,2.0061174035884006,0.9001591251232085
wuses,2.9060290072597974,1.7870191649070821,1.1190098423527155
deems,2.9059190488052327,1.8287212315531258,1.0771978172521068
bilbo,2.9054076860181346,1.9057437360553662,0.9996639499627684
fuddy,2.90533118793087,1.641799545058664,1.2635316428722059
begem,2.905178041024974,1.6386964166185507,1.266481624406423
event,2.9050660584553123,1.7811521932679761,1.1239138651873364
deeps,2.90505054357678,1.8578430817848761,1.0472074617919038
smogs,2.9049293355883616,1.7895348493549366,1.1153944862334253
nasus,2.9047781876653813,1.99290658892463,0.9118715987407514
aimak,2.9046623936020035,1.7313197346593006,1.1733426589427027
needs,2.9046405029665507,1.9406247464405153,0.9640157565260355
sessa,2.904583142590375,1.5547494158252153,1.34983372676516
quims,2.9045579168743862,1.944614160549638,0.959943756324748
wedge,2.9044970616171284,1.6211357274629632,1.283361334154165
books,2.9044864050994503,1.693200744512176,1.2112856605872744
wifie,2.90436577464495,1.6417811394402615,1.2625846352046883
tawts,2.904326054365165,1.8551954793152046,1.0491305750499604
beedi,2.904323444020853,1.8127711637503623,1.091552280270491
takas,2.904105195232125,1.8624692346904186,1.0416359605417065
nagas,2.9036971361003587,1.9128514520104187,0.9908456840899402
quips,2.9036894116459333,1.9737360107813884,0.929953400864545
fists,2.9034572290044567,1.8513698472056928,1.0520873817987637
yedes,2.903392620552033,1.8934396807414036,1.0099529398106293
dered,2.9025355431430793,1.4700198481683868,1.4325156949746922
awave,2.9025278860838784,1.6005835060287357,1.3019443800551425
masus,2.902502560662951,1.8810030740372405,1.0214994866257106
hawks,2.902392048238336,2.072384011210115,0.8300080370282209
meeds,2.9023648759641207,1.8287212315531258,1.073643644410995
jongs,2.9023319267703855,1.976337518605856,0.9259944081645294
fulls,2.9021872891448313,1.7963729750526247,1.1058143140922065
sysop,2.902174659986592,1.882070524625827,1.020104135360765
gamas,2.9019019422780366,1.8009479371230293,1.1009540051550073
kophs,2.9019003243558648,2.1710680246517122,0.7308322997041526
sukis,2.901842338155417,1.791756877038671,1.110085461116746
error,2.901473255158918,1.5653576796141815,1.3361155755447367
magas,2.9014215090979283,1.8009479371230288,1.1004735719748995
memic,2.9012926946833626,1.86982539532279,1.0314672993605727
cylix,2.90105007241621,2.0275529677301867,0.8734971046860233
whiss,2.9009562362432773,1.749818070475198,1.1511381657680793
ilium,2.9008822137015082,1.8710070740323657,1.0298751396691428
karai,2.900830399757039,1.8812559634777202,1.019574436279319
gugas,2.9005974361702798,1.8823076981863784,1.0182897379839015
qapik,2.9005589805342242,1.8395973727992931,1.060961607734931
jougs,2.8997304417108576,1.9457937647818162,0.9539366769290415
pujas,2.8996848245887694,1.9850240786325206,0.9146607459562489
pomos,2.8995427762701,1.8173520754375487,1.082190700832551
nanny,2.8993705440288013,1.4676276648463997,1.4317428791824016
ankhs,2.8988655920437423,2.265262777075444,0.6336028149682984
tipup,2.898786199972378,1.9031927629310372,0.9955934370413408
twits,2.8987707042143347,1.8396507779193598,1.059119926294975
nobby,2.8984652316742108,1.8156093269292066,1.0828559047450041
dooks,2.898375757665275,1.7566153063345276,1.1417604513307476
akoia,2.8981567289284014,1.8687441428365488,1.0294125860918524
rotor,2.8979557401437566,1.5660562591403124,1.3318994810034444
yetts,2.897904007541162,1.9878805213292026,0.9100234862119596
mocos,2.897874512212434,1.8660430484187822,1.0318314637936519
grege,2.897723145960986,1.4292378955860712,1.4684852503749148
adzes,2.897591033513323,2.0689898165447262,0.8286012169685967
lysol,2.897460455255691,1.986412253046408,0.9110482022092833
yucko,2.8970939953245267,2.1912276207481205,0.7058663745764064
muggy,2.8969299125231824,1.6702737741679543,1.2266561383552284
appro,2.8968207929060736,1.9882109229399476,0.9086098699661261
ponzu,2.8967464425802847,1.9741315631731866,0.9226148794070981
skuas,2.8964855168907757,1.8073015784345157,1.0891839384562598
dowfs,2.8964177108514093,2.0608081042095043,0.835609606641905
hwyls,2.8962305460318736,2.1954300387081083,0.7008005073237652
mobby,2.8961896046717808,1.7037058120418171,1.1924837926299634
reede,2.8961747910986384,1.470019848168387,1.4261549429302516
mayas,2.896078643308715,1.8643617621621686,1.031716881146546
logoi,2.8958104671657017,1.9283763452954026,0.967434121870299
wynds,2.895642089264916,2.1692618417995297,0.7263802474653862
azyme,2.8955637992145977,1.963706811740189,0.9318569874744089
heeds,2.895120282969933,1.8754159414282165,1.0197043415417164
pasha,2.895013213482503,1.8754598730807321,1.0195533404017707
omees,2.8948515950822027,1.92405906299892,0.9707925320832825
tyiyn,2.8945533850182685,1.969333115711605,0.9252202693066637
keech,2.8945253788525136,1.7095258150456603,1.1849995638068531
voxes,2.894317484657699,1.893434928859853,1.0008825557978456
exite,2.894316906309685,1.6431916368471713,1.2511252694625137
leggo,2.893785252269507,1.9309123885390282,0.9628728637304788
objet,2.8937805277685555,1.9862427723294434,0.9075377554391122
froyo,2.8931667387618916,1.805713844259529,1.0874528945023627
akita,2.8931084296729477,1.867847151978553,1.0252612776943948
gowks,2.89297966342105,2.01558083771607,0.87739882570498
veers,2.892928720688959,1.8105723671411154,1.0823563535478438
riffy,2.892651417364097,1.8015822306317768,1.0910691867323203
desse,2.892644895997568,1.4479984966113286,1.4446463993862393
afars,2.892381585420286,1.8803233601007046,1.0120582253195811
widdy,2.8922190282719455,1.6820135092584774,1.210205519013468
simps,2.8921057898511426,1.8132204618097967,1.078885328041346
hakea,2.8920962404110995,1.780550487778017,1.1115457526330823
baffy,2.8917695949965823,1.6458627181183034,1.2459068768782788
lemma,2.89175399315768,1.9410208521579824,0.950733140999698
advew,2.8917013911625213,2.0233928177019864,0.8683085734605349
keels,2.8916998516414285,1.8463967378712782,1.0453031137701505
halma,2.891564500022694,1.8518867242399515,1.039677775782743
badam,2.891533620789873,1.6924870273530852,1.199046593436788
jubes,2.8914457214917735,1.9215655851576532,0.9698801363341204
quops,2.891283528495597,1.9778676244091407,0.9134159040864566
ghazi,2.8912730417370147,1.9444516533325147,0.9468213884045
tasks,2.8911727322461944,1.8624692346904186,1.0287034975557758
swags,2.8911088588233094,1.7199726861450897,1.1711361726782195
numbs,2.891089457269861,2.2034638428301885,0.6876256144396725
doobs,2.8909026130600277,1.8089888168463544,1.0819137962136733
kikay,2.8908309917422086,1.7960381838475785,1.0947928078946298
index,2.8906728384358935,2.041377046088559,0.8492957923473347
isles,2.890633107945248,2.053391028023499,0.8372420799217491
jehad,2.890574343694703,1.9712377144757258,0.9193366292189771
banya,2.8904797151275687,1.8270224146972989,1.06345730043027
fabby,2.8902898856373986,1.6458627181183034,1.2444271675190952
obeys,2.890274826369059,2.348172262038098,0.5421025643309615
koros,2.8901640341830452,1.8644649584214936,1.0256990757615516
keens,2.8900849306471557,1.8248366741063364,1.0652482565408194
scuds,2.8900099031767894,1.8520649780363374,1.037944925140452
poofs,2.8899905611050283,1.7480958937459428,1.1418946673590857
huggy,2.8896853195289953,1.7169684840430455,1.17271683548595
abacs,2.8895316774199555,1.8561281510959766,1.033403526323979
tagma,2.8894178340495285,1.8095604771809202,1.0798573568686083
karri,2.889259318044995,1.8812559634777202,1.0080033545672746
fanga,2.8891043486345342,1.715680393057451,1.1734239555770831
wills,2.8890751294859065,1.836586939252438,1.0524881902334686
hobby,2.8889450116775928,1.750400521916908,1.138544489760685
durzi,2.8888195808604413,2.020997389976168,0.867822190884273
virid,2.888794960693094,1.722208023367582,1.1665869373255118
sixes,2.888483814033787,1.6345790967892802,1.2539047172445068
rurps,2.888345895283902,1.9112236571420698,0.9771222381418321
kanas,2.8882720900334826,1.8378453322585555,1.0504267577749273
bwana,2.8877416179987487,1.6813287145310818,1.206412903467667
debye,2.8874217413178167,1.7441968183891443,1.1432249229286722
kabar,2.887418361021142,1.7266351838373264,1.1607831771838155
boyos,2.8873708457914535,1.8316206893031786,1.0557501564882747
eggar,2.8871570880824544,1.9587981264732093,0.9283589616092449
ondol,2.886890911415297,1.9477690182156113,0.9391218931996858
snees,2.8868457791946507,1.517815434767264,1.3690303444273866
rafiq,2.8867594448500986,1.9648570652970814,0.9219023795530172
jingo,2.8866738710653825,1.9817154358939906,0.904958435171392
dwell,2.8864168977054763,1.7532946819661563,1.13312221573932
alata,2.8863083780076924,1.560996696742316,1.3253116812653767
nunky,2.886307192480224,1.707171169303481,1.1791360231767432
takht,2.886018500063746,1.7812490673041481,1.104769432759598
yawps,2.8857610455909444,2.1932310963577772,0.692529949233167
jarks,2.885742671373534,1.9507772005531154,0.9349654708204188
tofts,2.8857371925062862,1.855501460833445,1.0302357316728414
daffy,2.885658947562407,1.709277279940655,1.176381667621752
animi,2.88555766450067,1.916924745149415,0.968632919351255
rewax,2.8853969445162204,1.9718926337060412,0.9135043108101791
mongo,2.885145028106806,1.7735234869809646,1.1116215411258412
recce,2.8850929365149955,1.5057460946499168,1.3793468418650787
gummy,2.885090970321653,1.6702737741679545,1.2148171961536984
wilis,2.884907162463331,1.836586939252438,1.0483202232108928
yills,2.884879053833594,1.9822806394186556,0.9025984144149384
lyses,2.884822663542502,1.9848166826622813,0.9000059808802207
convo,2.884582392304182,1.724033169545834,1.160549222758348
oboes,2.884341475661648,1.9027310779080224,0.9816103977536256
rhymy,2.88419468999287,1.7842403276489776,1.0999543623438925
haafs,2.884127491399562,1.7770818411573757,1.1070456502421862
disci,2.883551784191994,1.9039980115224837,0.9795537726695104
queyn,2.8835475812091445,1.9958572906075698,0.8876902906015747
laksa,2.883466161878893,1.8594053960234973,1.0240607658553957
kaiks,2.883335114510218,1.859234611920662,1.0241005025895558
konbu,2.883209870522777,2.1392718781433504,0.7439379923794265
khana,2.883179623050073,1.7566251648722848,1.1265544581777884
kufis,2.883009754021309,2.103223430288862,0.7797863237324469
boozy,2.8829860649464933,1.4144141661462801,1.468571898800213
opgaf,2.8825259716608826,2.1510458715208576,0.7314801001400251
garba,2.8824061119073168,1.8016413035891896,1.0807648083181272
gusts,2.882256621881625,1.8699976195602908,1.012259002321334
kelep,2.882077962958342,1.747603710841667,1.1344742521166749
knack,2.8820162113854026,1.7877432782101776,1.0942729331752252
sizes,2.8818575858283437,1.6306358034756312,1.2512217823527125
wheep,2.881844174900445,1.6535610866892125,1.2282830882112323
knell,2.8818377317969857,1.8303853754973063,1.0514523562996794
ogmic,2.8817583590334532,2.2534483247978523,0.6283100342356008
ember,2.8811857546351156,1.7873280212878324,1.093857733347283
casks,2.881143462633373,1.8037546405841498,1.0773888220492236
ekdam,2.8810992240699766,2.1566650895761774,0.7244341344937995
idees,2.881078120711282,1.9620140261026218,0.91906409460866
jenny,2.8810663756713266,1.5295181610577104,1.3515482146136162
scaff,2.8807778178582923,1.8081999544952687,1.0725778633630239
judgy,2.880523875949482,1.787259505262938,1.0932643706865437
joeys,2.880239693949927,2.063676666550728,0.816563027399199
okrug,2.880230900791668,2.1999372013144174,0.6802936994772508
embog,2.880152661337352,2.1568435597375966,0.7233091015997551
mythi,2.8797862571139365,2.2848470456411034,0.5949392114728331
katas,2.8793764877377317,1.8624692346904186,1.016907253047313
jolly,2.8793576791619078,1.5526737952067788,1.3266838839551287
amici,2.8793569108499124,1.882834053475009,0.9965228573749036
jived,2.8792539494142266,1.7829997867058138,1.0962541627084126
guppy,2.879246953403997,1.6993956243997048,1.179851329004292
graff,2.8789661234887545,1.7537131069884815,1.125253016500273
tawai,2.8788516501576913,1.860573396603339,1.0182782535543522
iodic,2.8788073867870283,1.9135075424383705,0.9652998443486579
ydred,2.8787690725556487,1.9154610322984622,0.9633080402571867
spiks,2.8787371555484658,1.7395189662070718,1.1392181893413937
reefs,2.87872931694319,1.867314701948486,1.0114146149947036
jokes,2.878547270454784,1.9252567217597254,0.9532905486950586
peple,2.8784489571294243,1.4405824715025948,1.4378664856268293
marka,2.878414812272065,1.7479631689282242,1.1304516433438407
spuds,2.878387989480765,1.803374005055104,1.0750139844256608
sighs,2.8781993124563328,1.8320979456022755,1.0461013668540573
rymme,2.878126064095347,1.8733744555670082,1.004751608528339
ogeed,2.877830172915556,1.8395353866181507,1.0382947862974052
wembs,2.877765460550362,2.065054153694632,0.81271130685573
elpee,2.877605659748358,1.4405824715025948,1.4370231882457634
kalas,2.877579692860252,1.8594053960234973,1.0181742968367549
caeca,2.8773467607709513,1.5046473617768377,1.3726993989941134
doody,2.877285970716289,1.3863976389223716,1.4908883317939179
basha,2.8772001377326784,1.8250100377580838,1.0521900999745946
abask,2.876955475752892,1.704613832280268,1.172341643472624
doozy,2.876875417512318,1.4778287279686317,1.3990466895436864
patka,2.8767325440593146,1.7636762076608075,1.113056336398507
swaps,2.8766163540640806,1.7477899122277019,1.1288264418363787
tikia,2.876397563395825,1.867847151978553,1.008550411417272
ortho,2.876353953985168,1.9934737039572006,0.8828802500279677
towts,2.8762046323131925,1.843782391547112,1.0324222407660801
embus,2.876123444534783,2.2273891657359206,0.6487342787988624
laxly,2.876012771291789,1.5845621109712507,1.2914506603205382
woods,2.8760105700633494,1.749341550959313,1.1266690191040363
nummy,2.875902153083584,1.7808726649062057,1.0950294881773786
arrah,2.8756463947930326,1.4876366394642428,1.3880097553287898
quays,2.875616523416171,2.0248773111337606,0.8507392122824105
bajus,2.8753829666496094,1.9345742433098723,0.9408087233397369
krewe,2.87526217515296,1.6539792597980665,1.2212829153548934
fifth,2.8752515604264195,1.7701496798194223,1.1051018806069974
knurr,2.8749032600800173,1.7923889489336229,1.0825143111463944
ezine,2.8747768571403225,1.6146244411016588,1.2601524160386637
eiked,2.874775851073992,1.7603976532385355,1.1143781978354563
vatas,2.874671473944267,1.810172213794167,1.0644992601501
umbos,2.8743382788705327,2.228984736120047,0.6453535427504857
howks,2.8742706261863633,2.0609709234420226,0.8132997027443406
refix,2.8741845219039437,1.9680670015965298,0.9061175203074138
hevea,2.874133524637836,1.7282534668817657,1.1458800577560704
sells,2.873972203032163,1.539375498532206,1.334596704499957
stews,2.8737763719241367,1.8421868211629853,1.0315895507611514
kemps,2.873715630834038,2.1227777443924944,0.7509378864415436
briki,2.873663581403051,1.7110904824414819,1.1625730989615692
voici,2.8734445083632583,1.7454224492079404,1.128022059155318
onkus,2.872947423257873,2.28851474049561,0.5844326827622633
hight,2.872787731864859,1.8407104856601666,1.0320772462046925
judas,2.8727269553560797,1.9979888051322239,0.8747381502238558
imino,2.872641995255649,1.9055116573813224,0.9671303378743265
yumps,2.8724113792310986,2.206728612453725,0.6656827667773735
kneed,2.872012251010499,1.7390083735764288,1.13300387743407
telex,2.871709175318978,1.6433624209500064,1.2283467543689717
apsis,2.871705689704941,1.9620579577551371,0.9096477319498041
leeks,2.8714814641828377,1.8463967378712782,1.0250847263115594
cynic,2.871437734475925,1.9106185216053357,0.9608192128705896
ammon,2.8714282934599566,1.9210563587771672,0.9503719346827892
nonny,2.8712491219768284,1.4562145770783073,1.415034544898521
shwas,2.8710036567762587,1.7653627718710427,1.105640884905216
plump,2.8709429889378786,1.7668361297146198,1.104106859223259
musts,2.8707921776411256,1.8686929954111524,1.0020991822299732
untax,2.870132493559769,2.0968935113424303,0.7732389822173386
aimag,2.8700750982942322,1.8063258544111636,1.063749243883069
solos,2.870024926539026,1.5409710689163325,1.3290538576226933
modii,2.869907444877023,1.835694719225387,1.0342127256516362
keets,2.869906918110228,1.8494605765381995,1.0204463415720284
shews,2.869869680662137,1.7523541137188239,1.117515566943313
poopy,2.8696486765975475,1.3734329124226683,1.496215764174879
nebby,2.8695363882397302,1.81401375654508,1.0555226316946502
knows,2.8693986864666705,2.1261797284543213,0.7432189580123492
geeps,2.8693035764021744,1.8170611292025605,1.052242447199614
cubic,2.868945593523617,1.79402833350212,1.0749172600214967
scaws,2.8688525427267977,1.7964808852089356,1.0723716575178621
okehs,2.868814423982698,2.2777750122130835,0.5910394117696144
jimpy,2.8685624225464066,1.8249231881002428,1.0436392344461636
bidri,2.868488363230017,1.8268785547756605,1.0416098084543566
feeds,2.868343734877766,1.7594650498615199,1.1088786850162462
intis,2.8677393319146054,2.032529543784688,0.8352097881299174
abbed,2.8676755108028793,1.8283158651462068,1.0393596456566725
sicks,2.8674326871868825,1.788209939188305,1.0792227479985772
cecum,2.867407623385102,1.8178923618366438,1.0495152615484578
choko,2.8673465840972234,1.7111213854297866,1.1562251986674368
saags,2.8673061314260027,1.4202252021812318,1.447080929244771
erred,2.8669543336514263,1.470019848168387,1.3969344854830394
benji,2.8668183402415366,1.957487256269828,0.9093310839717087
fiefs,2.8663691865818928,1.8506712676795618,1.0156979189023312
bhaji,2.8661694453309225,1.9052871094097483,0.9608823359211743
doofs,2.8660668379210295,1.7610606202456465,1.1050062176753828
trooz,2.8652230454545595,1.6574873481865726,1.207735697267987
oozle,2.864974939774935,1.6403161184943529,1.224658821280582
odeon,2.8649360152281105,1.950134277356402,0.9148017378717085
chava,2.8648636935211975,1.6702374523016277,1.1946262412195696
stubs,2.8647351086085218,1.8473650103202546,1.0173700982882672
burbs,2.863979972500095,1.8607738218194219,1.0032061506806733
musos,2.863669820769626,1.869589986269148,0.9940798345004779
nongs,2.8635858296414067,1.9014383642423263,0.9621474653990802
blubs,2.8634154056414554,1.844301171653333,1.0191142339881223
stats,2.863065624358658,1.5554479953513463,1.3076176290073116
fuggy,2.862908771436828,1.6010175924763483,1.2618911789604796
gooks,2.8626287904906693,1.715833353752212,1.1467954367384576
byded,2.8625348055544038,1.7441968183891445,1.118337987165259
duked,2.8624954908432008,1.7084646197523887,1.1540308710908118
vises,2.862347238388749,1.7939289328721917,1.0684183055165573
johns,2.861840472593787,2.021727604331809,0.8401128682619783
wheek,2.8617893181099103,1.5507377408547374,1.311051577255173
mutti,2.861784962117997,1.874070912699287,0.9877140494187101
shush,2.8609887130472744,1.3981375530251936,1.4628511600220806
neems,2.860983264392558,1.8985381697090613,0.9624450946834969
gowfs,2.8606707436768044,2.020026151627189,0.8406445920496151
oozie,2.8606361886495235,1.6401453343915176,1.220490854258006
exams,2.860566787917899,2.0308465331269216,0.8297202547909771
havan,2.860561423922461,1.7043281439760334,1.1562332799464274
elves,2.860485707041106,1.794099716975027,1.0663859900660788
dawah,2.8601922368236625,1.6795344713411349,1.1806577654825279
neeps,2.8601147591641056,1.9276600199408116,0.9324547392232939
scugs,2.8599766641335727,1.8112830254540218,1.0486936386795511
fjeld,2.8599237891715603,1.8399129056160193,1.0200108835555413
wests,2.8597438079240574,1.8421868211629855,1.0175569867610716
hythe,2.859510120233386,1.9066603539429319,0.952849766290454
abmho,2.8592706299839286,2.215242303615768,0.6440283263681607
bagua,2.8590612428814133,1.733064835834119,1.125996407047294
fiscs,2.859060639771216,1.7926552530994238,1.0664053866717922
pulps,2.858342133048883,1.8947510069759814,0.9635911260729016
eyers,2.858084749845518,2.0012893328283696,0.8567954170171486
kulak,2.8579251584832814,1.812850279825485,1.0450748786577966
meeps,2.8578391321616756,1.8157565050534221,1.0420826271082533
gypsy,2.8577917850395167,1.7459507405977166,1.1118410444418
xylan,2.8575135061801538,2.077188360800437,0.7803251453797169
spaws,2.857230629030773,1.747789912227702,1.109440716803071
elemi,2.8570795820945545,1.9254761507621376,0.9316034313324167
posho,2.85703275186842,1.86404678531264,0.9929859665557803
gesse,2.8568979288229626,1.407216544029013,1.4496813847939496
humfs,2.8567334621342444,2.090326841217182,0.7664066209170626
emend,2.856678335854051,1.8127098691791537,1.0439684666748972
husos,2.8564252277754387,1.9162846961442392,0.9401405316311994
sedes,2.856400838722391,1.4479984966113286,1.4084023421110625
jotty,2.8562977018412647,1.5557376338737001,1.3005600679675648
midis,2.8562571612068783,1.8261851883095002,1.0300719728973782
polyp,2.856249491107738,1.8876192260167965,0.9686302650909415
pekes,2.8558065145822655,1.7420550094506972,1.1137515051315683
limma,2.8556690621294694,1.9384848089143567,0.9171842532151129
yests,2.855547732271744,1.9878805213292026,0.8676672109425415
yohah,2.8550481872771574,1.9205660029531466,0.9344821843240108
suses,2.854841149777843,1.4872716809432243,1.3675694688346185
repps,2.8548389026567307,1.9656927338718422,0.8891461687848887
pyxed,2.8547735265821665,1.8900210360717018,0.9647524905104647
snubs,2.854700598952531,1.8227411078883915,1.0319594910641394
aguna,2.8547002810010196,1.8662963358124065,0.9884039451886132
nemns,2.854575687937232,1.8985381697090613,0.9560375182281706
jihad,2.854489412666492,1.9687016712321002,0.8857877414343919
pompa,2.854045310504201,1.838274694121528,1.0157706163826732
tanna,2.8539843398573943,1.5394366329773743,1.3145477068800198
ejido,2.853927308406951,2.0464227113820384,0.8075045970249126
nooks,2.853439973252601,1.826432244490463,1.0270077287621378
risps,2.8532672211514822,1.9631566906282165,0.8901105305232658
newed,2.852698514564868,1.7317346182012145,1.1209638963636532
navvy,2.8520605496090328,1.7223518832892206,1.129708666319812
lazar,2.851811603836264,1.6658365972877434,1.1859750065485206
lavas,2.851717026502752,1.8071083751272456,1.0446086513755062
dexie,2.851656204149234,1.5487507962593723,1.3029054078898619
vagal,2.8515992273715245,1.6804981220150221,1.1711011053565021
cuppa,2.8515766434396506,1.8600228702206127,0.9915537732190379
likin,2.851173952658347,1.8278493322536806,1.0233246204046667
mooks,2.8511643462501706,1.7145287296030736,1.1366356166470968
blaff,2.85107931958409,1.7146078475823567,1.1364714720017335
oopak,2.850987716406001,1.7645731985188031,1.086414517887198
setts,2.8509122257115207,1.5424393371991274,1.308472888512393
emyds,2.850834363253393,2.2741624156832008,0.5766719475701921
amlas,2.8506656595014688,1.9331068916262217,0.9175587678752468
jelly,2.850428835727427,1.5510782248226522,1.2993506109047748
mewed,2.8504228875624373,1.619831103313825,1.2305917842486123
meved,2.850391833405296,1.5748078377927879,1.275583995612508
abura,2.84986560558383,1.881696440503401,0.9681691650804293
yampy,2.849845391781495,1.7655687351325575,1.0842766566489375
wiggy,2.8497966117779034,1.6412315566761617,1.208565055101742
alfas,2.8493678944185854,1.8638507099346162,0.9855171844839694
villa,2.849335014253063,1.8124862924153802,1.036848721837683
nebek,2.8491732879742733,1.6755938117540772,1.1735794762201959
cusum,2.8490753066105214,1.8099784013048836,1.0390969053056378
lytta,2.8487504620861737,2.006437880872391,0.8423125812137826
spugs,2.848354750437548,1.7625920524727883,1.0857626979647599
oribi,2.848352729019008,1.9222163862214552,0.9261363427975527
skeef,2.848059968594632,1.6436769775273412,1.2043829910672912
riggs,2.8479013749882056,1.9353394645456046,0.9125619104426009
hathi,2.847753750406332,1.9882433574563687,0.8595103929499635
yucks,2.8477382765668384,2.1817180898322337,0.6660201867346046
swigs,2.847706418369701,1.7044279847492454,1.1432784336204558
kheth,2.8475913626232456,1.7682404091519293,1.0793509534713166
addio,2.847545194790669,1.9845322151707276,0.8630129796199417
angas,2.847510920876762,1.9128514520104187,0.9346594688663433
newbs,2.847388858143253,2.1769576685820216,0.6704311895612315
apsos,2.847129150427652,1.9661895713828894,0.8809395790447626
voddy,2.846864841413902,1.6411218573651924,1.20574298404871
atmas,2.8465614194723616,1.9361707302931435,0.9103906891792182
spifs,2.8464282358042197,1.7439642801181907,1.102463955686029
scums,2.8463526646027972,1.8099784013048836,1.0363742632979134
fehme,2.846106117194526,1.6361583057437954,1.2099478114507303
bevvy,2.8460567159694286,1.5761117251587142,1.269944990810714
noobs,2.8459668286473536,1.8788057550022903,0.9671610736450632
toots,2.8458537593828117,1.5440349075832538,1.3018188517995577
scups,2.8454841593743443,1.839100251536634,1.0063839078377104
quabs,2.8454787342885957,1.9388308768545848,0.906647857434011
uncut,2.8454462471115836,1.930494456250164,0.9149517908614193
tutty,2.8452014738828204,1.4247738323962715,1.4204276414865489
razor,2.844948121385122,1.6697974268126603,1.1751506945724615
momus,2.8448434007772194,1.869589986269148,0.9752534145080712
yfere,2.844724617975605,1.8041182738754025,1.040606344100203
synds,2.844454231782961,1.8695143578356717,0.9749398739472893
cycad,2.844161167973408,1.8563462848452448,0.987814883128163
kopje,2.8441578908593943,1.8264636947301138,1.0176941961292802
canna,2.8439550702445726,1.4807220388711053,1.3632330313734673
hooks,2.843919753255983,1.7612234394781647,1.0826963137778183
durum,2.8438528402604057,1.796273506380412,1.0475793338799937
ilial,2.843752321240837,1.5577620739725595,1.2859902472682774
moobs,2.8436912016449236,1.7669022401149008,1.0767889615300226
didie,2.8436816710867103,1.4533764138994631,1.3903052571872472
wawls,2.8435527974813875,1.8521316406482828,0.9914211568331045
ghyll,2.8433609470845664,1.769072301632027,1.0742886454525395
cacks,2.8432597721280692,1.8037546405841498,1.0395051315439194
hewed,2.8431782945682498,1.666525813188916,1.1766524813793338
akela,2.842363565809973,1.8673193565552575,0.9750442092547155
abuna,2.8423168017485625,1.8436637265723705,0.9986530751761918
yecch,2.8422825025087253,1.847945759836663,0.9943367426720623
tokos,2.842075338865584,1.8510561469223261,0.9910191919432578
muntu,2.842073192809221,1.8526816330371803,0.9893915597720411
heths,2.8420669757124255,1.9698567820160156,0.8722101936964102
pixie,2.8420310395486488,1.535786069759669,1.3062449697889797
aquae,2.8420164931461818,1.5873500875354454,1.2546664056107366
howfs,2.841961706442117,2.0654162373531415,0.7765454690889757
makan,2.8417271253556775,1.7099304549971939,1.1317966703584834
stoss,2.841269186872986,1.5440349075832538,1.2972342792897325
medii,2.840978601442542,1.8340991488412604,1.0068794526012819
asway,2.840819508140129,1.7833865111842298,1.0574329969558989
wagyu,2.840799007571806,2.118858754077153,0.7219402534946527
wadas,2.8407731459361045,1.7607546387274056,1.080018507208699
abaft,2.8401722535751466,1.717671686249278,1.1225005673258683
jives,2.839612387553063,1.8688280872357215,0.9707843003173416
mogos,2.839391652731387,1.7895348493549368,1.0498568033764506
gonof,2.839343287581148,1.7042673052893589,1.1350759822917893
bafta,2.8392490753521367,1.717671686249278,1.1215773891028586
kerve,2.8391350745236026,1.6089559942770293,1.2301790802465733
knick,2.8386137709317945,1.772198576814333,1.0664151941174616
tazze,2.838540149069649,1.6547930449293666,1.1837471041402823
ogees,2.8381886110543926,1.9253636871480584,0.9128249239063343
abaci,2.838168186627409,1.8615060683841111,0.9766621182432977
sills,2.837887272003952,1.5368394552885802,1.3010478167153718
ebike,2.8376823058313607,1.6969830914161839,1.1406992144151769
cyclo,2.8374690931899726,1.9363101989980298,0.9011588941919431
yechy,2.837371508381279,1.847945759836663,0.989425748544616
jings,2.837318152307694,1.9722059049781038,0.8651122473295901
fusts,2.836771036554771,1.7994368137195464,1.0373342228352245
kyudo,2.8367333754358066,2.1555013742665907,0.6812320011692158
hoosh,2.8366069043514885,1.4542022001390924,1.3824047042123961
ingan,2.8363074706608025,1.9182293692985528,0.9180781013622499
smoko,2.8361430454652368,1.7145287296030736,1.121614315862163
odors,2.836045807074888,1.980253030755672,0.8557927763192159
yagna,2.836012633664309,1.849655023937335,0.9863576097269735
pubby,2.8356247723585075,1.6767630151596686,1.1588617571988389
griff,2.8355636830351463,1.7381684055926367,1.0973952774425093
peeks,2.8348342935550805,1.7420550094506972,1.0927792841043835
tetes,2.834673691984363,1.5424393371991272,1.292234354785236
swims,2.8340824188389253,1.7031233606001073,1.130959058238818
kreef,2.834049423627878,1.6656983290843996,1.168351094543478
axial,2.834034564801883,1.6531364563324686,1.1808981084694143
yakow,2.83383735057574,2.0999172814391884,0.7339200691365514
affly,2.833523154332844,1.8006542818615323,1.0328688724713118
nibby,2.8334514572115195,1.8114777133014544,1.021973743910065
vroom,2.833166827867041,1.6842530602638806,1.1489137676031607
phutu,2.8329132324461552,1.816594678256632,1.016318554189523
jucos,2.8327171627213255,2.0223019638456616,0.8104151988756637
munja,2.832716494794798,1.939890866026798,0.8928256287680001
debud,2.832697703514303,1.760838130264216,1.0718595732500869
modoc,2.832375731756838,1.7802147478888743,1.0521609838679635
knees,2.832370689149336,1.8248366741063364,1.0075340150429992
hogos,2.8321470597372,1.836229559230028,0.995917500507172
buffe,2.831916808454089,1.649495371841156,1.182421436612933
dekes,2.8318827913982663,1.755019735950401,1.0768630554478653
lyssa,2.8317935328771373,1.9978253408145,0.8339681920626376
woops,2.8314848262609043,1.7363768244596098,1.0951080018012944
bakra,2.8313333858131253,1.7266351838373264,1.104698201975799
libri,2.8308102181408166,1.918255556696538,0.9125546614442787
nomos,2.8306832686734262,1.900133740093188,0.9305495285802383
flexi,2.830651537803252,1.9515943514304412,0.8790571863728107
muruk,2.830650369075091,1.6804854340462332,1.1501649350288576
natya,2.830537680984969,1.9848778171074495,0.8456598638775193
chaff,2.83032502801956,1.726979787108998,1.1033452409105624
goofs,2.8303198707464237,1.7202786676633308,1.1100412030830928
gadjo,2.829568309044796,1.9274431991338994,0.9021251099108968
compo,2.8295555865337807,1.767250021389171,1.0623055651446096
enema,2.8292907719613676,1.9194607883930406,0.909829983568327
liwaa,2.82924073023312,1.8575095579364174,0.9717311722967029
jerks,2.828692405887081,1.9377685424008968,0.8909238634861844
abbes,2.828033948941716,1.9141441656761145,0.9138897832656016
deled,2.827921345453745,1.4535471980022983,1.3743741474514468
padma,2.827474733164568,1.7429368626757333,1.0845378704888349
judos,2.8274054332734195,1.9865757173641319,0.8408297159092875
teeth,2.8274036220641436,1.4612191698128567,1.366184452251287
jetty,2.827368858406784,1.5541420634895735,1.2732267949172107
yoops,2.827288750608591,1.882070524625827,0.9452182259827643
cohog,2.8272581494000186,1.7861275051816499,1.0411306442183688
cwtch,2.8267654891380003,1.7029506391965767,1.1238148499414236
myrrh,2.826490768431831,1.7842403276489776,1.0422504407828532
vitta,2.8262750369324205,1.8155501310823015,1.010724905850119
knock,2.8262078877814583,1.7763301904420852,1.049877697339373
emove,2.826172632219211,1.6701456692385823,1.1560269629806288
ruffy,2.8259652249144116,1.74964919714563,1.0763160277687813
paska,2.8257637287320057,1.7550636676029163,1.070700061129089
spiff,2.8257534637086597,1.7439642801181907,1.081789183590469
wuddy,2.82553283582226,1.6300804757723308,1.195452360049929
annat,2.825460799248047,1.5394366329773743,1.2860241662706726
sumps,2.825419597401457,1.7612874283236502,1.0641321690778067
ennog,2.825312580459446,1.9093523247740862,0.91596025568536
ombus,2.8250599553473887,2.228984736120047,0.5960752192273416
scoff,2.824969494254348,1.7967868667271762,1.0281826275271717
afanc,2.824645730577328,1.7921885921212963,1.0324571384560315
pshaw,2.8245487844716526,2.1752073570445902,0.6493414274270625
bedew,2.824488629152211,1.5985031182229272,1.2259855109292839
masha,2.823878078883399,1.8463380228489819,0.9775400560344171
donko,2.8237239615569836,1.7406039439605556,1.083120017596428
wists,2.8236588768958466,1.8396507779193598,0.9840080989764866
skags,2.8236459532975084,1.7272464415203042,1.096399511777204
rudds,2.8236375990325615,1.9241883836417735,0.8994492153907879
moror,2.8234340652241525,1.4295288418210597,1.3939052234030929
zarfs,2.8231743836196106,1.9717544491469647,0.8514199344726456
imari,2.82287402999429,1.9549574590804453,0.8679165709138446
wulls,2.822388937036221,1.7846539057662918,1.0377350312699296
equip,2.82230766213788,1.9816499713131486,0.8406576908247316
shchi,2.8221590461787756,1.908606144666121,0.9135529015126547
weete,2.8220407030405577,1.3335492089598266,1.4884914940807308
nizam,2.8219023287147422,2.008355834195675,0.8135464945190669
xoana,2.8217050177605714,1.6357080061952791,1.185997011565292
kembo,2.821458231780781,2.0818374399857333,0.7396207917950477
bohos,2.8213195446133708,1.8135969499899915,1.0077225946233792
homos,2.8211630486768087,1.8349249350808896,0.9862381135959188
swops,2.820808030460136,1.7363768244596098,1.0844312060005266
tifts,2.820723418043595,1.8513698472056928,0.9693535708379022
valli,2.82047887388729,1.8124862924153802,1.0079925814719097
dykey,2.8204677221022134,1.6918233078773173,1.1286444142248961
quoys,2.819808199812227,2.0134642233656685,0.8063439764465583
appts,2.8197382577761894,1.9652925805248938,0.8544456772512957
kells,2.8194971129868476,1.8463967378712782,0.9731003751155693
stuff,2.8192245613739635,1.7994368137195464,1.0197877476544168
jauks,2.8192193857979033,1.8822007327980455,0.9370186529998578
queen,2.8190778866420203,1.5504161064774946,1.268661780164526
nymph,2.818909482917211,2.1560521988914947,0.6628572840257164
ripps,2.81875397162852,1.9631566906282165,0.8555972810003036
ebena,2.818618156800511,1.8981328033021425,0.9204853534983686
keaki,2.8183237986848257,1.8671485724524222,0.9511752262324037
dixie,2.818107316364649,1.5487507962593723,1.2693565201052768
kotos,2.8173466313711906,1.8510561469223261,0.9662904844488642
quill,2.817211431043089,1.5694401269988107,1.2477713040442784
esker,2.81678373575774,1.862869388037367,0.9539143477203731
yewen,2.8166370524947535,1.7543664906580387,1.062270561836715
yeven,2.8166059983376117,1.7093432251370015,1.1072627732006104
begob,2.816552990981392,1.776120824795799,1.0404321661855929
peevo,2.816039758570689,1.6992675194703328,1.116772239100356
radar,2.8157193071814004,1.4830285063206057,1.3326908008607947
labda,2.8156407508995356,1.8259506060054165,0.9896901448941193
ivied,2.815592326555575,1.708100632342284,1.107491694213291
kolos,2.8155498364937106,1.8479923082554048,0.967557528238306
cusps,2.815462046874722,1.839100251536634,0.9763617953380882
ataxy,2.815456576041104,1.5876259496381722,1.2278306264029317
cocks,2.8151383500760963,1.7923415528160573,1.0227967972600391
pyxes,2.815131964721003,1.9758493366016094,0.8392826281193938
pawas,2.815100910032137,1.7477899122277019,1.0673109978044348
pavas,2.815069855874995,1.7027666467066647,1.1123032091683305
erevs,2.8150287592243144,1.8105723671411158,1.0044563920831984
vells,2.814792099193383,1.7940997169750266,1.0206923822183565
nexus,2.814684393985186,2.07527231313232,0.739412080852866
ceded,2.814460535491607,1.3978964425629508,1.416564092928656
lisps,2.8137104486468845,1.9466840404621277,0.8670264081847567
dyads,2.8136795206716587,1.9064483388936226,0.9072311817780362
calla,2.813317530300673,1.502282102636047,1.311035427664626
amiga,2.8131424136561876,1.8063258544111636,1.0068165592450238
scows,2.813044219122853,1.785067797440843,1.02797642168201
neves,2.813025898546563,1.7725396532100852,1.0404862453364778
hyrax,2.8129445640123443,2.028452205954227,0.7844923580581169
chich,2.812899549256019,1.399968532462962,1.4129310167930569
vives,2.8123052402923205,1.7939289328721917,1.0183763074201289
nylon,2.812191984097493,1.9704008906724355,0.8417910934250578
wuxia,2.8120111847460993,1.9007801227073449,0.9112310620387547
wicca,2.8120064432451928,1.8018588024970699,1.0101476407481227
mauka,2.8118915266964333,1.6793867011731538,1.1325048255232797
gobos,2.8118888355382454,1.7682068642640392,1.0436819712742065
dubby,2.811701049174508,1.6897277416593721,1.1219733075151357
nisus,2.811642991150717,1.9773618875287853,0.8342811036219316
hoofs,2.811610833511737,1.7656687533892836,1.0459420801224535
sowms,2.8115163469377826,1.7072549742278595,1.1042613727099229
sughs,2.811513120006647,1.780164912116129,1.0313482078905183
mokky,2.8114378418394876,1.65133230152999,1.1601055403094975
fesse,2.8114123434961087,1.3366557381882687,1.47475660530784
vifda,2.8111401134912892,2.032575843744694,0.7785642697465952
karks,2.8108435170100043,1.8758780461895856,0.9349654708204188
meves,2.8107502715441326,1.6606361383226957,1.150114133221437
sowps,2.8106478417093297,1.7363768244596098,1.0742710172497199
spivs,2.810586901806385,1.6872219453108204,1.1233649564955643
gasps,2.810527784175187,1.8300697873547795,0.9804579968204076
jessy,2.8104119291977483,1.5455295234316826,1.2648824057660657
namak,2.8103409880792816,1.709930454997194,1.1004105330820875
skids,2.8102767518871166,1.7524836927067753,1.0577930591803413
hexer,2.8102264840889006,1.5700023636719334,1.2402241204169673
outdo,2.810067049012378,1.920289103058493,0.8897779459538848
bivvy,2.809971784941218,1.5735756819150886,1.236396103026129
oxids,2.8097580968508895,2.058983978846658,0.7507741180042314
ozone,2.8097119144184655,1.618756054729411,1.1909558596890544
apayd,2.8096251512151627,1.8076553118640113,1.0019698393511514
agloo,2.809449959916779,1.9439210466912469,0.8655289132255322
cobbs,2.809355892860043,1.8447150633278846,0.9646408295321584
snuff,2.809190051717972,1.7748129112876834,1.034377140430289
laddu,2.8087636968393372,1.928638352159664,0.8801253446796732
euked,2.808089658624306,1.708464619752389,1.099625038871917
annum,2.808086675248341,1.8649917116632686,0.9430949635850727
omiai,2.8077047873249814,1.9424456384392736,0.8652591488857079
kauru,2.8075374723640043,1.8293229299915739,0.9782145423724304
stots,2.807257300754713,1.5440349075832538,1.2632223931714592
aback,2.8071595404592697,1.65451177823189,1.1526477622273794
zings,2.807058784298016,1.9887378396608342,0.8183209446371817
pacha,2.807027468928821,1.8253578190323543,0.9816696498964667
bindi,2.8068989556141277,1.7888458408446302,1.0180531147694973
arras,2.806631344817507,1.5688568068505133,1.2377745379669935
mudim,2.8064826861162127,1.779630072111488,1.026852614004725
vasts,2.8064261120897758,1.810172213794167,0.9962538982956088
ninny,2.8062353475141366,1.452082963450555,1.3541523840635818
speks,2.8061993581542897,1.7420550094506975,1.0641443487035922
tikis,2.805769717307934,1.8469245332945738,0.9588451840133602
fogos,2.805370511645033,1.7202786676633308,1.0850918439817019
sways,2.80514102538071,1.7833865111842295,1.0217545141964803
oxman,2.8051226098366526,2.0164307411370763,0.7886918686995763
oxlip,2.804813686765322,2.0515679537379237,0.7532457330273985
quoll,2.804805547892753,1.573571740626563,1.23123380726619
hexyl,2.8046147973662303,1.9989708976359197,0.8056438997303106
cycas,2.8045196061122444,1.9421745853751524,0.8623450207370921
cysts,2.8042041314063875,1.9298645067490643,0.8743396246573233
dazed,2.8040437946229435,1.5603522043415676,1.243691590281376
hodja,2.8040099770883393,1.9728332848598522,0.8311766922284871
jawns,2.80390032794816,1.9054707312468708,0.8984295967012892
divvy,2.8038611375070426,1.6369902437374402,1.1668708937696022
mafia,2.803381198908647,1.7357650485704195,1.0676161503382275
rokos,2.8031650510798376,1.8644649584214936,0.9387000926583441
kieve,2.803003943601429,1.5923125600081054,1.2106913835933235
allan,2.8026166744215737,1.5363727943104528,1.2662438801111209
zupas,2.8024587847954163,2.0015560133152506,0.8009027714801656
katti,2.8021239103601117,1.867847151978553,0.9342767583815588
quibs,2.802076293834988,1.9232861754587405,0.8787901183762473
jumpy,2.801876230096721,1.7729901546140963,1.0288860754826246
sunns,2.801838619498166,1.4633463580374921,1.338492261460674
scifi,2.8013087414195628,1.792655253099424,1.0086534883201388
sinsi,2.8009933750166525,1.5152793915236387,1.285713983493014
weize,2.8008857254240875,1.4217456752363304,1.379140050187757
sucks,2.8007464947371963,1.7362769057021585,1.064469589035038
booby,2.800672318359425,1.32298307710002,1.4776892412594052
pleep,2.8006065461406005,1.4405824715025948,1.3600240746380055
mobos,2.8004243912977467,1.7669022401149008,1.0335221511828456
undid,2.800371345662368,1.8915335869988774,0.9088377586634904
knubs,2.8002255089072157,2.129762347227464,0.6704631616797517
unput,2.800125715112692,1.8818034832689308,0.9183222318437612
kulfi,2.7997567591586003,2.108772131679832,0.6909846274787685
bikky,2.7997461262260757,1.62587270281134,1.1738734234147357
kedge,2.7988341140898587,1.6284094828381777,1.1704246312516808
biffy,2.798634398481918,1.630318016722459,1.168316381759459
zerks,2.798433037877403,1.9543004770836272,0.8441325607937759
flava,2.7982747851500926,1.609937316174278,1.1883374689758146
ossia,2.7982476421207974,2.0703605157006355,0.7278871264201621
mawla,2.7981873898409635,1.7242167633869214,1.073970626454042
yonny,2.798142991826232,1.4562145770783075,1.3419284147479245
luvvy,2.7977458388691128,1.6764342121721711,1.1213116266969418
bazar,2.7973513574586826,1.511045033544514,1.2863063239141685
dhaba,2.7965321181687512,1.7391817372281764,1.057350380940575
gaddi,2.7962208637134047,1.8484124311426173,0.9478084325707876
akses,2.796181709443296,1.8617706551642876,0.9344110542790084
arroz,2.796108373986122,1.6697974268126603,1.1263109471734616
askar,2.7961023087849837,1.8758780461895859,0.9202242625953978
ashes,2.7956070434080615,1.9821668606421037,0.8134401827659579
gemma,2.795436132171319,1.8088618976547894,0.9865742345165291
shoos,2.795331261763218,1.4542022001390924,1.3411290616241254
sojas,2.7952423062251226,1.6312441405728717,1.163998165652251
nevvy,2.7950102841225792,1.7093432251370015,1.0856670589855775
udyog,2.794990616820918,2.230507494018454,0.5644831228024642
uprun,2.7943949278173466,1.8952122947680978,0.8991826330492488
ettle,2.7941731454620395,1.547988038590097,1.2461851068719425
india,2.7941008886735994,1.9590113218808685,0.8350895667927309
bezel,2.7940855264371303,1.4815637252262066,1.3125218012109234
maggs,2.7936974937714107,1.8009479371230288,0.9927495566483818
titin,2.793393959432688,1.5238919315815296,1.2695020278511584
hobos,2.7931797983035587,1.8135969499899915,0.979582848313567
livid,2.793023110439724,1.7057353732014935,1.0872877372382306
varda,2.792893074764509,1.7377527247634266,1.0551403500010825
mikva,2.792869091345557,1.9860439531021212,0.8068251382434356
fuzee,2.7926284403722823,1.3815317110365168,1.4110967293357652
gyoza,2.7923415227770283,1.966607006273454,0.8257345165035745
semes,2.792245697628859,1.4059119198798748,1.3863337777489841
hasps,2.7918187469405003,1.8754598730807321,0.9163588738597682
alaap,2.791562416960811,1.4535911296548136,1.3379712873059975
jitty,2.7912839273785734,1.5516060202459478,1.2396779071326256
grrrl,2.791157651095441,1.4268726364452808,1.36428501465016
jouks,2.7910979637459303,1.870787645029953,0.9203103187159775
sykes,2.790636336424143,1.7776516084072251,1.0129847280169177
kamik,2.7903769290973104,1.7313197346593006,1.0590571944380098
mucic,2.7901756185339206,1.8153563185930177,0.974819299940903
occur,2.790077400657105,1.9694241610391903,0.8206532396179147
kynds,2.7899791417376454,2.1765355971747438,0.6134435445629018
kapok,2.789946728362568,1.7645731985188031,1.025373529843765
users,2.789922122696633,2.0179306447034415,0.7719914779931915
deedy,2.789820783422096,1.384802068538245,1.4050187148838507
kliks,2.78947244426286,1.8438606946276526,0.9456117496352071
bulbs,2.7893657748107605,1.844301171653333,0.9450646031574276
bacha,2.7892143931789963,1.774907983709706,1.0143064094692902
wowee,2.7891656021149105,1.3344461998178225,1.454719402297088
kazis,2.788915551889845,1.9506657009669222,0.8382498509229229
weeds,2.7885453827691555,1.7477459805751865,1.040799402193969
klutz,2.7884073207667117,1.8919712902456574,0.8964360305210544
quaws,2.7880429119225427,1.8791836109675435,0.908859300954999
icing,2.7879831727002227,1.8472046965661961,0.9407784761340265
offer,2.7879314120089154,1.8768242328643725,0.9111071791445431
gnawn,2.7873989408449193,1.7039613237711178,1.0834376170738016
evohe,2.7873585486315315,1.7168403791136735,1.0705181695178583
muzak,2.7869494494924156,1.770817790219414,1.0161316592730016
nandu,2.786601972083619,1.9070782883947222,0.8795236836888971
kiddy,2.786556080744676,1.6892872646336918,1.0972688161109838
juked,2.78648886540357,1.7833637741159187,1.0031250912876513
haggs,2.786452900777223,1.84764264699812,0.9388102537791033
alpha,2.7864413611232837,1.8810085744717018,0.9054327866515819
ogham,2.785899159749134,2.237874912855804,0.5480242468933301
reded,2.7855795173186815,1.470019848168387,1.3155596691502944
kimbo,2.7853733007525703,2.0793013967421077,0.7060719040104626
dewax,2.7852692781998662,1.8640429816190751,0.9212262965807911
kahal,2.7849100741976933,1.7781852286372266,1.0067248455604665
aggro,2.784778292704026,1.9603936968573357,0.8243845958466905
beefs,2.7847122980610104,1.6960504880391682,1.0886618100218424
yeeds,2.7843493071168424,1.8934396807414036,0.8909096263754389
whoop,2.7842018390750214,1.6551566570733391,1.129045182001682
asyla,2.7841001827076193,1.9978253408145,0.7862748418931196
nabob,2.7835895631873555,1.8997283736862696,0.8838611895010857
pomps,2.78341746441631,1.8173520754375487,0.9660653889787613
kills,2.783412181958637,1.8438606946276526,0.9395514873309843
tassa,2.7833298933838155,1.5554479953513463,1.2278818980324693
dacha,2.783103745744821,1.8383225455320578,0.9447812002127635
keyed,2.783053314715885,1.6918233078773175,1.0912300068385674
doxed,2.7825486007764146,1.5528824098871246,1.2296661908892903
upped,2.782477938933776,1.8112879655868641,0.9711899733469123
usens,2.782373318861365,1.979897930772411,0.802475388088954
peepy,2.7821834893033537,1.3718373420385417,1.410346147264812
attar,2.7821792517128308,1.5774693469084047,1.204709904804426
kalua,2.7818973677944574,1.812850279825485,0.9690470879689722
punji,2.7818602925134646,1.953468014862704,0.8283922776507607
pequi,2.7814368870715684,1.9816499713131486,0.79978691575842
sooms,2.781165474007402,1.4075074902640015,1.3736579837434006
jheel,2.7807415953570795,1.5330544855094654,1.247687109847614
jubas,2.7805885638892978,1.9345742433098723,0.8460143205794256
soops,2.7802969687789494,1.4366293404957517,1.3436676282831976
outgo,2.7800338099691615,1.8795071504761773,0.9005266594929839
ayahs,2.780033186824838,1.9110564720372598,0.868976714787578
myoma,2.7797169698979625,1.8738712930780559,0.9058456768199066
mapau,2.7794453179271073,1.782210047007629,0.9972352709194783
nomoi,2.77931977788088,1.9055116573813224,0.8738081204995571
naans,2.779198593724653,1.5308240929194832,1.2483745008051699
vills,2.7787071681651723,1.791563673731401,0.9871434944337711
hafta,2.77868242350867,1.7856943812152668,0.9929880422934028
zanze,2.7785986760703927,1.6301691424975036,1.1484295335728891
umiaq,2.7784802654716874,1.9655367792336174,0.81294348623807
smugs,2.778320335662854,1.733470202241038,1.0448501334218159
guava,2.7778016517599546,1.6283943044260407,1.1494073473339141
jowls,2.77739382689046,1.9156177072437202,0.8617761196467398
inwit,2.777089285430354,1.8236394155453877,0.9534498698849667
ooaas,2.776786155125108,1.556344986209342,1.220441168915766
ivies,2.7759507646944117,1.7939289328721917,0.9820218318222201
dozed,2.7759223725709714,1.5489391165734756,1.2269832559974958
sexts,2.7755124222483607,1.6378137195590368,1.1376987026893242
geeks,2.775163603196476,1.7142377833680853,1.0609258198283906
swabs,2.7750032362531347,1.6973400769050537,1.077663159348081
offie,2.774905127659957,1.8601807985954486,0.9147243290645082
wilja,2.774890796876288,1.9324087122999472,0.842482084576341
unpin,2.774775338735041,1.8785688604991742,0.896206478235867
lacka,2.77442515480608,1.8093033419751192,0.9651218128309609
fujis,2.773783566097939,1.8711013453133196,0.9026822207846196
zawns,2.773640959938482,1.9220026659296012,0.8516382940088808
nigga,2.7734657703470678,1.9182293692985528,0.855236401048515
reerd,2.7734378510370634,1.470019848168387,1.3034180028686766
nixie,2.773171531951975,1.6185677344153082,1.1546037975366668
juves,2.7729261951033775,1.8168950537495747,0.9560311413538026
sists,2.7724710194138913,1.5399032939555017,1.2325677254583898
parra,2.772307999359634,1.4700637798209022,1.3022442195387314
kembs,2.7721025130230923,2.0723279090698465,0.6997746039532459
adman,2.7718996941716902,1.8257185273313725,0.9461811668403176
rishi,2.7716353246156,1.9807295502715572,0.7909057743440431
unman,2.7713739829978654,1.8649917116632682,0.9063822713345973
sulls,2.7712010795542668,1.484906421802434,1.2862946577518328
mixie,2.770895904949544,1.5066642195279185,1.2642316854216258
poyou,2.770045402888302,1.8355154084278151,0.9345299944604867
apays,2.7699835893539992,1.893483612393919,0.8764999769600805
octic,2.7699635437996304,2.0079483830261693,0.762015160773461
ennui,2.7699198728643317,1.9852758480605455,0.784644024803786
bivia,2.7695491482888706,1.6576947286721513,1.1118544196167195
puuko,2.769410879882977,1.697095463636812,1.0723154162461648
pocho,2.769047007314738,1.813944731264262,0.955102276050476
mecum,2.769000350693701,1.8178923618366434,0.9511079888570577
kicky,2.768990165518616,1.7250135111152216,1.0439766544033948
voulu,2.768777153677572,1.7491401711611414,1.0196369825164304
eevns,2.7684198015253014,1.7725396532100852,0.9958801483152161
bijou,2.7680979005529935,1.9285390728299148,0.8395588277230789
mohos,2.7679974857640914,1.8349249350808896,0.9330725506832017
egers,2.7679225938003458,1.9378755077892302,0.8300470860111157
ydrad,2.7679119149531726,1.9284696904506808,0.8394422245024918
noggs,2.7678516987218686,1.9014383642423263,0.8664133344795423
skogs,2.7678376296935636,1.715833353752212,1.0520042759413517
buxom,2.7675672742346884,1.815721506276798,0.9518457679578904
maqui,2.7673520179589177,1.965536779233617,0.8018152387253008
pudus,2.767073948494129,1.8033740050551037,0.9636999434390251
hooch,2.7668109690578664,1.4041001460907145,1.3627108229671516
nubby,2.7667652647618337,1.7595446798153078,1.0072205849465259
skims,2.766619513313124,1.7103971159753215,1.0562223973378027
oxims,2.766100858276897,2.016897402115204,0.7492034561616928
gliff,2.765819264521702,1.7216957554265484,1.0441235090951533
skips,2.7657510080846714,1.7395189662070718,1.0262320418775996
kevel,2.7656330036111934,1.5924833441109403,1.1731496595002529
levee,2.7650034141740525,1.2854621047718682,1.4795413094021845
ippon,2.76447846963078,1.934633507613073,0.829844962017707
ensew,2.7644193327878677,1.8175629187311222,0.9468564140567457
halfa,2.764247101844297,1.7826305425483455,0.9816165592959517
najib,2.763917452718134,1.9704959144220469,0.7934215382960869
lupus,2.7637123165709006,1.8947510069759814,0.8689613095949192
zonks,2.76344008079578,1.9178633335367232,0.8455767472590568
phynx,2.762819983204776,1.8707038463096068,0.8921161368951694
munjs,2.762088648706907,1.9189682473428191,0.8431204013640882
mbube,2.7618032607764103,1.718751553532762,1.0430517072436483
exeat,2.7611989705313738,1.6587363382430156,1.1024626322883584
kalam,2.7611986156697763,1.7314905187621357,1.0297080969076406
zitty,2.761024559368895,1.5681379549286782,1.192886604440217
zouks,2.7608385957362525,1.8873195797126834,0.873519016023569
talaq,2.7604182825104386,1.6401524846505584,1.1202657978598802
hafiz,2.7603073110778444,1.8738908474917704,0.8864164635860738
jaded,2.7602377521108177,1.5438202696588372,1.2164174824519804
queys,2.7596762855683874,2.011868652981542,0.7478076325868453
texes,2.7592738885212036,1.6378137195590368,1.121460168962167
risks,2.759127247945784,1.8603333447937414,0.8987939031520426
gymps,2.7590832501797538,2.126673475539514,0.63240977464024
migma,2.758870767963,1.8063258544111633,0.9525449135518363
neebs,2.75850164135316,1.8772101846181637,0.8812914567349962
teets,2.758388572088618,1.5424393371991272,1.2159492348894907
hoggs,2.7583314787252506,1.836229559230028,0.9221019194952229
juror,2.7582767157330434,1.5857877572479389,1.1724889584851046
basks,2.758245425578269,1.704613832280268,1.053631593298001
volva,2.7581774967172947,1.8166179060431324,0.9415595906741624
novio,2.7581127499467586,1.7795131408823464,0.978599609064412
hubby,2.7572450447652157,1.6943358748030093,1.0629091699622066
rabbi,2.7572328059465434,1.9336294739895474,0.8236033319569961
obols,2.7570780863792117,1.9003658187672317,0.8567122676119799
mivvy,2.756649726091938,1.5949036670059864,1.1617460590859514
howso,2.7565687477618743,1.7539496841029503,1.0026190636589238
yomim,2.7560119430877803,1.8583265916822111,0.8976853514055692
amaze,2.755752792325877,1.518265627610114,1.237487164715763
gazar,2.755493742849902,1.5336776427845504,1.2218161000653518
oafos,2.7550742523820424,1.8678115394595332,0.8872627129225094
ewers,2.7549567774591583,1.8555956326621525,0.8993611447970058
barra,2.7544949236098093,1.419613944498254,1.3348809791115552
kests,2.7540808603967872,1.8494605765381997,0.9046202838585874
tufts,2.7540372255939096,1.7994368137195464,0.9546004118743631
karma,2.753940849983981,1.7479631689282242,1.005977681055757
biggs,2.753884356106026,1.7640752506362865,0.9898091054697397
mindi,2.753576896764848,1.810173825935528,0.9434030708293198
webby,2.753441268042335,1.6211349906797514,1.1323062773625836
reses,2.753407128929199,1.5558481486982947,1.1975589802309041
vigil,2.7532637494473335,1.6649534206191778,1.0883103288281557
lysis,2.7532205231346545,1.9822806394186556,0.770939883715999
povos,2.753039999508454,1.6913535589385726,1.0616864405698816
kokra,2.752946455737704,1.885387577105473,0.8675588786322312
jarta,2.7525004864507734,1.6523685012719342,1.1001319851788391
vughs,2.752333016167867,2.0348891305589496,0.7174438856089178
pouff,2.7522163199998477,1.701540777547931,1.0506755424519165
zooid,2.7520863966861535,1.5464030733298497,1.205683323356304
caffs,2.751613824335565,1.8081999544952687,0.9434138698402962
visas,2.751490080786273,1.8069375910244108,0.9445524897618622
rubus,2.7511395001597014,1.8607738218194219,0.8903656783402798
exert,2.750726621692409,1.659835071116095,1.090891550576314
papal,2.750239558794936,1.4535911296548136,1.2966484291401223
nonan,2.750087762575697,1.54033362383537,1.209754138740327
halal,2.749996399783466,1.4711639892981543,1.278832410485312
puffy,2.7497612817820567,1.6288348185589605,1.1209264632230964
kombi,2.7496678656650264,2.0793013967421077,0.6703664689229188
eases,2.7496661569420713,1.5547494158252153,1.194916741116856
vests,2.7493758466033227,1.7971635556419483,0.9522122909613743
imams,2.7491217775218018,1.9329361075233868,0.816185669998415
exfil,2.7489958309558045,1.9515943514304412,0.797401479525363
mythy,2.7487623714925298,1.7708315161498103,0.9779308553427196
sposo,2.74862939397364,1.4366293404957517,1.3120000534778884
aspis,2.7485613974496657,1.9620579577551371,0.7865034396945284
linin,2.7484464038699583,1.5208280929146083,1.2276183109553498
nabam,2.7483487974762424,1.7623039655090211,0.9860448319672213
bifid,2.748126478412379,1.6076861442656347,1.1404403341467444
niffy,2.747587966635069,1.7635495167007462,0.9840384499343227
ammos,2.747556997819199,1.9370677211511391,0.8104892766680599
nudzh,2.7471786450750875,1.8963665913707326,0.850812053704355
stets,2.7471253865108736,1.5424393371991272,1.2046860493117464
innie,2.7470310945191487,1.5231933520553986,1.22383774246375
embow,2.7468704745094286,2.074563684610519,0.6723067898989099
jukes,2.7468473035424066,1.8691920746458264,0.8776552288965803
hygge,2.7468457798117303,1.7714375607728177,0.9754082190389127
amahs,2.746534014807475,1.8463380228489816,0.9001959919584932
nazar,2.7463049256118337,1.6442765335228018,1.102028392089032
tuque,2.7460833994371514,1.5750400089093577,1.171043390527794
nying,2.7457674207862546,1.8341103225414905,0.911657098244764
miffy,2.7453123396326387,1.6516460018133567,1.0936663378192817
weems,2.7448881441951634,1.705659403843733,1.0392287403514304
iddut,2.7448586673126814,1.9161574894307407,0.8287011778819406
eejit,2.7448152047278316,1.6227164088507917,1.1220987958770399
quell,2.7446736336489135,1.5719761702424364,1.1726974634064768
yabas,2.7444386788170094,1.843033777071271,0.9014049017457385
veges,2.7440496048504706,1.6619407624718336,1.0821088423786367
mazar,2.7440292986094033,1.532373018635412,1.211656279973991
weeps,2.7440196389667104,1.7347812540754832,1.0092383848912274
flyby,2.744005176755292,1.630488800825294,1.1135163759299982
unban,2.743390732624616,1.8436637265723705,0.8997270060522453
deevs,2.7427603166290004,1.7027227150541493,1.0400376015748511
tatts,2.7419690551310487,1.5554479953513463,1.1865210597797025
bhava,2.7419656564660935,1.5710966439977463,1.170869012468347
byway,2.741831157652025,1.6341436488319703,1.107687508820055
pipit,2.741782014624132,1.4411102669258904,1.3006717476982412
ommin,2.7417569547679133,1.9055116573813224,0.8362452973865906
spews,2.741290391182989,1.7347812540754832,1.0065091371075057
yucca,2.7411241751431943,1.8956194691771406,0.8455047059660536
alula,2.7410579053024504,1.5058290404864128,1.2352288648160374
ngwee,2.740337941179492,1.690952665618899,1.0493852755605932
tikka,2.7402474712657705,1.867847151978553,0.8724003192872174
adawn,2.740234233300848,1.7447432763534334,0.9954909569474144
amban,2.7399290692240266,1.762303965509021,0.9776251037150058
abram,2.73985231672006,1.8003366794400513,0.9395156372800086
abeam,2.739806116826097,1.786229288414753,0.9535768284113442
nunny,2.7395491550644513,1.4001499299644085,1.3393992251000428
yucch,2.739511379030829,1.793476683106891,0.9460346959239381
vieux,2.739139666031992,1.8427481990340893,0.8963914669979026
braza,2.738958509472174,1.5110450335445145,1.2279134759276595
malwa,2.73889164761143,1.7242167633869212,1.0146748842245086
panna,2.738870108939293,1.432031065889872,1.306839043049421
kikes,2.7386343416285626,1.8462259537684433,0.8924083878601193
tombo,2.7379717383356557,1.7755147801727917,0.9624569581628641
skeds,2.7377389544929405,1.755019735950401,0.9827192185425396
wakfs,2.7373982825752,1.956433119643418,0.7809651629317821
seeds,2.7373575252872007,1.4479984966113286,1.2893590286758723
fixie,2.73687476386319,1.4374080378363125,1.299466726026877
anata,2.736528230994068,1.5394366329773743,1.1970915980166938
sagas,2.7364141584210087,1.4202252021812318,1.3161889562397768
jeera,2.7361394955947724,1.6516699217458037,1.0844695738489687
vacas,2.7357169140632758,1.7514576196878981,0.9842592943753776
malva,2.7356503608406495,1.679193497865884,1.0564568629747657
annal,2.7355828654946603,1.536372794310453,1.1992100711842073
imaum,2.735311415831137,1.886380991325375,0.8489304245057616
hesps,2.734768481454047,1.8624512149285133,0.8723172665255338
yopos,2.734538411366265,1.882070524625827,0.8524678867404382
mahua,2.734345017064838,1.7997829066509698,0.9345621104138679
neefs,2.733665866214161,1.8292819880174553,0.9043838781967057
epene,2.7335420261706416,1.419022407737653,1.3145196184329886
toffs,2.7335216718964133,1.855501460833445,0.8780202110629681
nyong,2.7333615376359184,1.8382419361692428,0.8951196014666755
gippo,2.732235056895249,1.8240346168748216,0.9082004400204275
khaph,2.7319813738002425,1.6738435002166456,1.0581378735835967
buffy,2.731948206032232,1.5783849832363124,1.15356322279592
mihis,2.731691864206441,1.8307933214531373,0.9008985427533039
wahoo,2.731655133378788,1.7748723027869295,0.9567828305918583
halwa,2.7316470546172424,1.7709114732620124,0.9607355813552302
tusks,2.731351343281845,1.7949914998084275,0.9363598434734172
howto,2.731169401701492,1.7625622241608414,0.9686071775406508
sayas,2.7310712926317953,1.4836390272203717,1.2474322654114238
afoam,2.7306645334648314,1.7398966621981717,0.9907678712666594
exurb,2.7305737317700363,1.9640621647110912,0.7665115670589452
fubby,2.7304684966730486,1.5783849832363124,1.1520835134367364
vadas,2.73040518461537,1.7157313732063684,1.0146738114090015
bosks,2.7301240035262966,1.693200744512176,1.0369232590141206
vanda,2.728971274248406,1.6997200108323962,1.0292512634160096
jinks,2.7286856743427665,1.8971997852262406,0.8314858891165261
gibli,2.7285584743134597,1.7696239520272563,0.9589345222862035
halva,2.7284057678464624,1.7258882077409752,1.0025175601054872
pewee,2.7283872977034376,1.2261436418723244,1.5022436558311134
xylem,2.7281182909513975,1.952276187760829,0.7758421031905682
yarfa,2.7280903236805414,1.8171269320276213,0.9109633916529201
gizmo,2.727947055247479,1.8863438556893315,0.8416031995581476
combo,2.727942468722835,1.716800186066523,1.011142282656312
yahoo,2.727459057726475,1.9205660029531466,0.8068930547733282
zoomy,2.727362738692988,1.435742151237178,1.29162058745581
cacao,2.726944625086267,1.5062429321609643,1.2207016929253027
nyssa,2.7262868546527077,1.9762652770495586,0.7500215776031489
kusso,2.7260648017369613,1.7958884906664232,0.9301763110705381
eched,2.725610185354253,1.825313887379839,0.900296297974414
erses,2.725547905208158,1.5558481486982947,1.1696997565098632
mujik,2.725432570223608,1.7387411541408393,0.9866914160827688
samas,2.7254301473606173,1.4189205780320937,1.3065095693285236
verre,2.725338366960683,1.3019347549379567,1.4234036120227265
lemel,2.7252142127278063,1.4114606212708445,1.313753591456962
vinic,2.725044547308137,1.7199015559180815,1.0051429913900554
jutty,2.724597734928888,1.4996729867598015,1.2249247481690866
kybos,2.724580984643058,2.138641928642251,0.5859390560008071
momme,2.7245723604735903,1.4154214507957614,1.3091509096778289
igged,2.7243849153342747,1.8354037729903985,0.8889811423438763
daddy,2.723575817723428,1.397810726690464,1.325765091032964
mingi,2.723543657721631,1.7693918733532124,0.954151784368419
coffs,2.723492402283592,1.7967868667271762,0.9267055355564159
rotto,2.7233960731930225,1.5660562591403124,1.15733981405271
annex,2.723217207146023,1.6341124358111527,1.0891047713348703
majat,2.7230539546095596,1.5024322724535144,1.2206216821560452
kyack,2.723029497542914,1.740558212511066,0.9824712850318481
tweet,2.7229807634415595,1.3335492089598269,1.3894315544817328
raffs,2.7227328061626395,1.8803233601007046,0.8424094460619348
ksars,2.722605894299579,1.8758780461895859,0.8467278481099932
wadds,2.722300417070488,1.7607546387274056,0.9615457783430823
feebs,2.722204873264375,1.6960504880391682,1.0261543852252069
oyama,2.72217214862705,1.8738712930780557,0.8483008555489941
typto,2.7216703031664333,1.890683064683718,0.8309872384827152
ephah,2.721638730088146,1.8833738336124926,0.8382648964756533
cusks,2.7213220736690236,1.7362769057021588,0.9850451679668649
zowee,2.7208686855662783,1.4258772888640827,1.2949913967021955
zygal,2.720853487963435,1.962646176748537,0.7582073112148979
sadza,2.7204072337884737,1.5524382438098077,1.1679689899786658
rexes,2.7203636007354577,1.6512225310582043,1.0691410696772532
nakas,2.7201314567173505,1.8378453322585555,0.882286124458795
kojis,2.7200222333744364,1.9227206785160997,0.7973015548583368
baiza,2.719674320752479,1.4944015992755904,1.2252727214768886
lisks,2.719570475441186,1.8438606946276526,0.8757097808135333
dixit,2.7193280127693527,1.5494493757855032,1.1698786369838496
swobs,2.7191949126491908,1.6859269891369617,1.0332679235122288
konks,2.7188002944419285,1.826432244490463,0.8923680499514653
skeev,2.718581013588485,1.5869346427199709,1.131646370868514
pimps,2.7184036899536186,1.8132204618097965,0.905183228143822
gisms,2.7182610928889757,1.7854032357271845,0.9328578571617909
evoke,2.7181090638810343,1.5964441736358577,1.1216648902451767
hejab,2.718091950040434,1.9078231526533742,0.8102687973870597
aboma,2.7180660676948074,1.7878248587988796,0.9302412088959279
kists,2.7179959293685765,1.846924533294574,0.8710713960740023
kirks,2.7177083204953405,1.8603333447937414,0.8573749757015993
avyze,2.7176074752158303,1.837708295241213,0.8798991799746172
ummed,2.7174190358482857,1.7821661153551138,0.9352529204931719
skegg,2.717356536293491,1.7142377833680853,1.0031187529254055
mambo,2.717268203047672,1.7878248587988796,0.9294433442487922
iddah,2.7159407818992105,1.8938025168685702,0.8221382650306402
woozy,2.715844512902249,1.3547669002592388,1.36107761264301
acmic,2.7157899913465338,1.8828340534750092,0.8329559378715246
zobus,2.7157189916383113,1.9396930902245102,0.776025901413801
casas,2.715472596833883,1.4967334012450775,1.2187391955888052
zoons,2.715168664956129,1.610842094197651,1.1043265707584782
reffo,2.7150382594338747,1.8768242328643727,0.8382140265695021
dsomo,2.714929072860245,1.8303168019372524,0.8846122709229928
bombs,2.7144411061781883,1.7669022401149008,0.9475388660632874
jetes,2.7140699530304304,1.617338491562657,1.0967314614677734
mixup,2.7140065557843935,1.8620397279716938,0.8519668278126997
leses,2.713850356424601,1.539375498532206,1.174474857892395
rezes,2.713737372530014,1.6472792377445549,1.066458134785459
hippo,2.713526019660563,1.8694247026007744,0.8441013170597882
tawaf,2.7123693099017103,1.658024420362237,1.0543448895394736
kibbe,2.711661991908711,1.6969830914161839,1.0146789004925272
adhan,2.711489538264786,1.8724132372064637,0.839076301058322
expos,2.7111396198431756,2.04855529559058,0.6625843242525958
hakas,2.7106112367207325,1.7726365272462568,0.9379747094744756
osmol,2.710446283533906,1.9216938038581297,0.7887524796757759
hadji,2.7101400622598746,1.9687016712321,0.7414383910277744
favas,2.7099135801895367,1.6043886147833084,1.105524965406228
keema,2.7098530427557845,1.7338557779029262,0.9759972648528581
macaw,2.709662749482596,1.6685660079475737,1.0410967415350223
bokos,2.7091480321976587,1.693200744512176,1.015947287685483
ngoni,2.7087953230666555,1.9068162815304608,0.8019790415361947
oomph,2.7084791729177176,1.7361319080512783,0.9723472648664393
bundu,2.7083707687901586,1.7369128073584836,0.971457961431675
palla,2.708232568995393,1.4535911296548136,1.2546414393405796
skegs,2.707705715449724,1.7142377833680853,0.9934679320816387
usurp,2.707682873042825,1.91122365714207,0.7964592159007546
emerg,2.707626145559699,1.8099606305278684,0.8976655150318305
vibex,2.707131111074582,1.7400604528798416,0.9670706581947405
ollav,2.706732945643947,1.8166179060431327,0.8901150396008143
noons,2.706681935836828,1.5194110051513907,1.1872709306854374
fatwa,2.706667301402555,1.6580244203622367,1.0486428810403183
rosso,2.706439143983986,1.5574437190824213,1.148995424901565
happi,2.7059420066249915,1.8808377903688664,0.8251042162561248
zeera,2.705880127585094,1.6682018564285337,1.0376782711565602
oboli,2.705714595586665,1.9057437360553662,0.7999708595312988
quawk,2.7056707749618565,1.677567238103457,1.0281035368583995
woofs,2.7050359333109597,1.6379987925362536,1.0670371407747063
masks,2.7049233667289894,1.725941817371166,0.9789815493578234
teffs,2.7045928284619323,1.8539058904493184,0.850686938012614
mugga,2.704503950894952,1.754392820925017,0.9501111299699351
adays,2.703936549153719,1.9064483388936226,0.7974882102600965
kanga,2.703643048998654,1.7112350791463322,0.9924079698523217
narra,2.7034484917629604,1.5528454444765416,1.1506030472864188
vivas,2.7014480826898444,1.8069375910244103,0.8945104916654338
rikka,2.701337183480024,1.8812559634777206,0.8200812200023035
mucus,2.7012505433429306,1.8099784013048832,0.8912721420380475
marra,2.7011728647605295,1.440941929589152,1.2602309351713779
yoofs,2.7008398576586465,1.7836924927024707,0.9171473649561761
aalii,2.700670359533092,1.5577620739725595,1.1429082855605324
miggs,2.700562297256747,1.7854032357271845,0.9151590615295622
panax,2.7004717913058665,1.5274054482497814,1.173066343056085
jumby,2.700263112285775,1.7225403192914481,0.977722792994327
kakis,2.7001673977353793,1.859234611920662,0.8409327858147173
kumys,2.699469178672771,2.10390526661925,0.5955639120535211
agaze,2.6990898082980674,1.5195702517592524,1.179519556538815
vanga,2.698938035205189,1.6589380582500806,1.0399999769551087
kaval,2.6988174533429516,1.6054920022631594,1.0933254510797923
bimbo,2.6987830504731853,1.7722801574030353,0.92650289307015
scuff,2.6983604943288397,1.7407222196132777,0.9576382747155622
nexum,2.6983033167947106,1.9473574358709587,0.7509458809237519
hasks,2.697678773734802,1.772636527246257,0.9250422464885449
emyde,2.6973052006564524,1.7655248034800421,0.9317803971764104
ebook,2.6968541482032196,1.7011147050439361,0.9957394431592836
gruff,2.696548799959302,1.6862353721064904,1.0103134278528114
kondo,2.6956958264277873,1.7406039439605554,0.9550918824672321
doddy,2.6954543956714554,1.3863976389223716,1.3090567567490836
quass,2.695403812627552,1.5794361270036852,1.115967685623867
kapas,2.695101395857849,1.7550636676029163,0.9400377282549328
desks,2.6950845126576404,1.755019735950401,0.9400647767072395
exode,2.694886540291007,1.5528824098871248,1.142004130403882
oggin,2.694773357651356,1.9068162815304608,0.7879570761208954
smees,2.6943598933347994,1.4059119198798746,1.2884479734549248
upbow,2.6941310745488476,2.0492164581124968,0.6449146164363511
seems,2.6937002867132085,1.4059119198798748,1.2877883668333336
mmkay,2.6936184302555484,1.6627453892980826,1.030873040957466
kurus,2.6935400653135417,1.8084003113075946,0.8851397540059471
pakua,2.69330863924823,1.7085085514049045,0.9848000878433253
skeps,2.6932132106904954,1.7420550094506975,0.951158201239798
seeps,2.692831781484756,1.4350337701116251,1.2577980113731306
divis,2.6928106547668045,1.7001866718105236,0.9926239829562807
kokas,2.692790958488778,1.8633662255484142,0.8294247329403638
yeves,2.6927347026968547,1.7253545875109735,0.9673801151858811
gumma,2.692665008693422,1.754392820925017,0.938272187768405
shahs,2.6925509254148308,1.4656152879071846,1.2269356375076461
rusks,2.692441055496098,1.8084003113075948,0.8840407441885033
mofos,2.691468479259586,1.7189740435141925,0.9724944357453936
bambi,2.691199037437614,1.7836932451711274,0.9075057922664865
legge,2.6909003709148775,1.4127652454199826,1.2781351254948952
pikis,2.690655486389833,1.7395189662070716,0.9511365201827614
zazen,2.690576445906969,1.6301691424975036,1.0604073034094657
choco,2.690104636585688,1.4041001460907143,1.286004490494974
emmas,2.6896941311199214,1.9354721507670125,0.7542219803529088
lalls,2.6896258108282685,1.552384156684425,1.1372416541438435
reeve,2.6893588203484144,1.301934754937957,1.3874240654104575
sweys,2.6892007875329265,1.770377853032011,0.9188229345009153
pappy,2.688894447553404,1.3848460001907603,1.3040484473626437
niqab,2.688181839959976,1.9747525479667594,0.7134292919932165
spaza,2.687290675536907,1.5394735173101042,1.1478171582268026
plaza,2.6870271667085537,1.5450222187010738,1.1420049480074799
zebus,2.6867901482038308,1.9380975198403836,0.748692628363447
rasas,2.6865915786609573,1.5688568068505133,1.1177347718104438
pluff,2.686475071804462,1.6975799480230138,0.9888951237814482
cocoa,2.6861868960499287,1.5062429321609643,1.1799439638889642
sooks,2.686156995573251,1.3338059946612766,1.3523510009119744
wasms,2.6861123519681755,1.7186680619959516,0.9674442899722241
adyta,2.6860982246788407,1.9150608789515138,0.7710373457273271
eches,2.68596862349309,1.9111421879097468,0.7748264355833431
gazal,2.685412361560108,1.5172049926184616,1.1682073689416463
wasps,2.685243846739723,1.7477899122277019,0.9374539345120211
ovoid,2.685213538314974,1.7096962027264107,0.9755173355885634
patta,2.6851725916747506,1.4566549683217351,1.2285176233530155
sijos,2.6849070096797707,1.6156994391770274,1.0692075705027433
dexys,2.6847056289862268,1.9888140631013131,0.6958915658849139
jehus,2.6846226106798543,1.9895882801236424,0.6950343305562117
nenes,2.6842194581972025,1.517815434767264,1.1664040234299387
sowfs,2.684198948759385,1.6379987925362536,1.0462001562231318
aggri,2.684059083153791,1.9562620832295834,0.7277969999242075
unown,2.683900198523079,1.772603372917237,0.9112968256058418
lotto,2.6838393006884247,1.5495836089742236,1.134255691714201
kadai,2.6837467076162875,1.773406311390754,0.9103403962255334
idiom,2.683592204473471,1.835694719225387,0.8478974852480841
pyxis,2.683529824313156,1.9733132933579838,0.7102165309551721
desex,2.6834992007670477,1.543372878971238,1.14012632179581
cucks,2.6834383831637196,1.7362769057021588,0.9471614774615608
shojo,2.683241390835127,1.5291013545026222,1.154140036332505
bappu,2.6827336306080287,1.7608820619167314,0.9218515686912976
jacal,2.6826650156704934,1.5771812569995767,1.1054837586709167
indri,2.682382185759568,1.9601100547539478,0.7222721310056202
hijab,2.682007019012223,1.9052871094097485,0.7767199096024745
widow,2.68188755516568,1.7547194682474476,0.9271680869182323
whows,2.681441968424073,1.7539496841029503,0.9274922843211226
refer,2.6814405539447,1.3586770897453273,1.3227634641993729
qophs,2.6809147979111594,1.9432025732208822,0.7377122246902773
lexes,2.6808068282308595,1.6347498808921155,1.0460569473387442
achoo,2.6807344809634537,1.9336603769778522,0.7470741039856015
exies,2.6803508189853438,1.6345790967892802,1.0457717221960636
texta,2.6801468322693265,1.6587363382430156,1.021410494026311
wojus,2.680119992553392,1.8635138896547385,0.8166061028986533
agidi,2.6800660331870008,1.8484124311426176,0.8316536020443833
edges,2.6796938365640806,1.8300258557022642,0.8496679808618165
adraw,2.6790256126688377,1.782775990284464,0.8962496223843738
nonna,2.678823160348598,1.54033362383537,1.1384895365132277
adobo,2.6787592429479803,1.8299114355303336,0.8488478074176466
mumph,2.678719263112105,1.6800672609373795,0.9986520021747256
muffy,2.678626147182953,1.5997129683272102,1.0789131788557427
queme,2.67849095688327,1.4385125915901051,1.2399783652931649
kalpa,2.6784581470661943,1.760612368993886,0.9178457780723085
admix,2.678425772563744,1.9424821893533883,0.7359435832103555
cirri,2.677811128665656,1.5032100514062912,1.1746010772593651
cacas,2.6775889063285785,1.4967334012450775,1.180855505083501
ownio,2.6775052020567793,1.8245364064033835,0.852968795653396
idlis,2.6774440257516887,1.9596487669618314,0.7177952587898572
poopa,2.677222714969316,1.4575519591797308,1.2196707557895856
umphs,2.6771495095318407,2.188704873140538,0.48844463639130276
skyrs,2.6769387656643353,1.7917589994325234,0.8851797662318122
mosks,2.6768019446770164,1.7145287296030736,0.9622732150739429
onmun,2.676774137392061,1.8535786238951761,0.8231955134968848
fabbo,2.6765917966789656,1.7185686771072737,0.9580231195716917
duded,2.676422988586099,1.4014433804133166,1.2749796081727822
embed,2.676380762417189,1.6794783692008664,0.9969023932163226
xenon,2.675837397058556,1.6226993480430605,1.0531380490154953
rajah,2.6751649757738614,1.5625357938277726,1.112629181946089
janns,2.6750628334416584,1.605723247283013,1.0693395861586454
lezes,2.674180600025416,1.630806587578466,1.0433740124469497
jacks,2.673970708680689,1.8786537949476796,0.7953169137330093
houff,2.673836592406556,1.7191136371912716,0.9547229552152842
emeer,2.6738100656137673,1.427933271436933,1.2458767941768345
hoghs,2.6735583997848686,1.836229559230028,0.8373288405548406
imlis,2.6734566511772746,1.9175621902303774,0.7558944609468973
sulus,2.6734009576695232,1.484906421802434,1.188494535867089
phooh,2.673071352197879,1.3554091731094813,1.317662179088398
vuggy,2.6727424580074834,1.544275257668978,1.1284672003385054
dawds,2.6727044579825208,1.7607546387274056,0.9119498192551151
rakki,2.6724810431142503,1.8812559634777202,0.7912250796365302
knoop,2.6724110731537607,1.727639217460852,0.9447718556929086
huffy,2.6713815541887653,1.6464076782023012,1.0249738759864642
smews,2.6712559764082946,1.7056594038437327,0.9655965725645619
endew,2.6711218587862797,1.7317346182012145,0.9393872405850652
kamas,2.670955057315302,1.725941817371166,0.9450132399441362
ugged,2.6704354387317286,1.7834707395042522,0.8869646992274767
pollo,2.6702521073813106,1.4421780418867214,1.228074065494589
fogou,2.670231992992056,1.6737235514653186,0.9965084415267375
titis,2.6695226637919305,1.5399032939555015,1.1296193698364292
ooses,2.6688856753185783,1.5433363280571233,1.1255493472614548
oozed,2.668857480780556,1.5489391165734754,1.1199183642070805
emeus,2.668747755513435,1.8679944158850215,0.8007533396284138
bobol,2.668716873085422,1.391728206564073,1.276988666521349
bluff,2.6686619960546376,1.6471301127003657,1.021531883354272
tiffs,2.6685078974337215,1.8513698472056928,0.8171380502280289
manna,2.667734974340189,1.4029092156581215,1.2648257586820673
lemme,2.6675969844728487,1.4114606212708445,1.2561363632020042
batta,2.667359515924926,1.4062051329990868,1.2611543829258394
fucus,2.667229402256576,1.7407222196132772,0.9265071826432988
kloof,2.666662669289009,1.6508212493024375,1.0158414199865717
macka,2.666642849579219,1.675839763322788,0.9908030862564312
makai,2.6664923389223736,1.7313197346593006,0.9351726042630729
unzip,2.6662119207035486,1.9699999495454343,0.6962119711581143
kombu,2.6658928378045967,2.027368363255961,0.6385244745486356
jeers,2.6655116495068816,1.6307473030618245,1.0347643464450569
imido,2.665439499850379,1.835694719225387,0.8297447806249918
yucky,2.665350900152885,1.673080477629075,0.9922704225238099
filmi,2.66520611993127,1.72039113127741,0.94481498865386
bisks,2.665110229063605,1.6890691308844237,0.9760410981791813
bwazi,2.6648881517229563,1.7941490832394487,0.8707390684835076
zaxes,2.664762467517915,1.7415548872313846,0.9232075802865306
agami,2.664266533670772,1.8063258544111638,0.8579406792596084
sowff,2.6635241766638256,1.6379987925362536,1.0255253841275718
zurfs,2.6633529946552605,1.9042767142649737,0.7590762803902869
morro,2.663192403146447,1.4295288418210597,1.2336635613253872
kilim,2.6628631377455854,1.7159458173662911,0.9469173203792942
razoo,2.662369106704892,1.6697974268126603,0.9925716798922319
kilig,2.662284782667604,1.7172504415154293,0.945034341152175
alkyl,2.662239758024364,1.7962089679504136,0.8660307900739506
junks,2.661999481893081,1.8452667517400942,0.8167327301529871
zikrs,2.661944621540973,1.9517644338400015,0.7101801877009716
lolls,2.661504388776296,1.5409710689163325,1.1205333198599634
poppy,2.6607730255014315,1.3734329124226683,1.2873401130787632
khazi,2.6603261567742806,1.8694455335806515,0.7908806231936293
jeels,2.659577766665886,1.6142746528957357,1.0453031137701505
khoja,2.6595479590359017,1.8570452125256738,0.8025027465102278
beses,2.6593901100470196,1.384583934788977,1.2748061752580429
disks,2.6589995816294296,1.7524836927067753,0.9065158889226544
algal,2.6574699270855535,1.4257739035722015,1.231696023513352
wigga,2.657370650149673,1.7253506034332244,0.9320200467164484
vivos,2.6561265606071838,1.7955245032563183,0.8606020573508655
vehme,2.655939803765181,1.579415970936425,1.076523832828756
mokos,2.655825973348379,1.7145287296030736,0.9412972437453053
byssi,2.655341949619119,1.8274890756754263,0.8278528739436924
mundu,2.6550487099408793,1.7582407924493815,0.8968079174914976
neemb,2.6549989939596177,1.749295307356802,0.9057036866028157
idyll,2.6549936752897882,1.8964523388887478,0.7585413364010405
alapa,2.654758151336905,1.4535911296548136,1.2011670216820916
mneme,2.65441476081178,1.3899005575059027,1.2645142033058772
kinks,2.6537865199792368,1.8223006308627108,0.8314858891165261
acara,2.6534254899771312,1.5187547528021357,1.1346707371749956
lusks,2.6528842829915007,1.7919276611415063,0.8609566218499943
mammy,2.6527251801037064,1.35572414995901,1.2970010301446964
xylic,2.6527101767263357,2.027552967730187,0.6251572089961485
jhala,2.6526724590688033,1.546063143661684,1.1066093154071195
ungag,2.6521261568872943,1.8662963358124065,0.7858298210748876
jebel,2.652030445024047,1.4650317905434762,1.1869986544805706
pumps,2.6517174975039333,1.7612874283236502,0.890430069180283
exome,2.6512293017170143,1.510795833155671,1.1404334685613433
kanji,2.6510641061564755,1.9181224039102198,0.7329417022462557
vatha,2.6506594396950085,1.7289520464078965,0.9217073932871122
skaws,2.6501045083612804,1.644966566393227,1.0051379419680535
aflap,2.650028418445944,1.7650576829050046,0.8849707355409393
weeks,2.649879665761012,1.631957908241008,1.0179217575200041
bball,2.6496553702252656,1.4031412943321655,1.2465140758931001
vigia,2.6495264227459288,1.6803273379121872,0.9691990848337417
ascus,2.648316741100243,1.9588158972502239,0.6895008438500188
innit,2.6482517909238528,1.5238919315815296,1.124359859342323
pygmy,2.6482190804132495,1.6180358633363552,1.0301832170768943
yaass,2.648117369024427,1.4836390272203717,1.1644783418040552
dadah,2.648009788848449,1.379786987377277,1.2682228014711716
zizel,2.647935126540843,1.6361845048666006,1.0117506216742425
hifis,2.647918264707749,1.7615371397615314,0.8863811249462173
chuff,2.6479077044901076,1.659502052227007,0.9884056522631007
potto,2.6471921300606676,1.4452418805536427,1.2019502495070251
squiz,2.6469456839405314,1.655322514654101,0.9916231692864301
yapps,2.6465345215644476,1.893483612393919,0.7530509091705287
jambo,2.6463864122916916,1.8627240131624094,0.7836623991292822
zymes,2.6463614617162237,1.9427841930562098,0.7035772686600138
jocks,2.645849286628716,1.8672407071795871,0.7786085794491288
tizzy,2.645436350133128,1.5681379549286782,1.07729839520445
azans,2.645332618085672,1.6222551819657434,1.0230774361199289
emoji,2.644973198881734,2.0043361346505844,0.6406370642311496
dowds,2.6445830359305478,1.749341550959313,0.8952414849712348
asana,2.6444167567431363,1.5308240929194832,1.1135926638236533
lichi,2.6440928075573202,1.9141548460570905,0.7299379615002297
umami,2.6438088101267088,1.8863809913253746,0.7574278188013344
kapai,2.6437379050653025,1.7604415848910508,0.8832963201742516
zacks,2.64371134067101,1.8951857296304095,0.7485256110406008
tests,2.642562514375177,1.5424393371991272,1.1001231771760498
inbox,2.6423557672839753,1.9795580546503342,0.6627977126336412
rufus,2.6421835881215414,1.8128456252187135,0.8293379629028279
pooja,2.641411968053214,1.5324511135432606,1.1089608545099534
skugs,2.6412286297680554,1.659768706638313,0.9814599231297424
cuffo,2.6411481541289037,1.7502317505291645,0.8909164035997393
kwink,2.641073686473115,1.6134105026234105,1.0276631838497043
unmix,2.6409660803319683,1.9448213926273332,0.696144687704635
abamp,2.6409292650407097,1.6795223008533817,0.961406964187328
evens,2.6408229519126305,1.7725396532100852,0.8682832987025451
edema,2.6407922606759295,1.8496438502371046,0.791148410438825
butut,2.640520116354834,1.3387273981170957,1.3017927182377385
appui,2.6402637610411186,1.9155028415571254,0.7247609194839931
vacua,2.640034588997481,1.704902503489886,0.9351320855075951
ninon,2.6397524660303446,1.5247889224395252,1.1149635435908194
nalla,2.63937306139872,1.536372794310453,1.1030002670882666
potoo,2.6391727823311726,1.4452418805536427,1.1939309017775297
keeps,2.6383566914394403,1.7420550094506972,0.8963016819887432
fixit,2.6380954602678934,1.4381066173624433,1.1999888429054502
khaki,2.637859065304287,1.7780144445343913,0.8598446207698959
igloo,2.6374412330021118,1.9283763452954026,0.7090648877067094
regex,2.637158263048673,1.5246122779459808,1.1125459851026924
jello,2.6367307467689938,1.6237841838116225,1.0129465629573713
assay,2.6361062336365944,1.4836390272203717,1.1524672064162227
bajan,2.636004202556914,1.4564803849307535,1.1795238176261607
ummah,2.635935366360172,1.7997829066509696,0.8361524597092024
kaiak,2.635292111750041,1.3505969997175034,1.2846951120325376
evhoe,2.6349422033949548,1.7168403791136733,0.9181018242812816
kanzu,2.6342502893109185,1.882721305106804,0.7515289842041147
muggs,2.6338761048070607,1.7334702022410378,0.9004059025660232
veeps,2.633651677645976,1.689757988554446,0.94389368909153
onion,2.6333460740785375,1.5247889224395252,1.108557151639012
dadla,2.6332163532808535,1.4665558561545171,1.1666604971263361
bumbo,2.632096858023499,1.7203471239168886,0.9117497341066108
peppy,2.631844182066951,1.3718373420385417,1.260006840028409
dweeb,2.630965584624886,1.5985031182229272,1.0324624664019586
diddy,2.6304406212087637,1.3822660252946193,1.2481745959141444
aways,2.6303203742103083,1.7833865111842298,0.8469338630260785
dukun,2.6302847115347374,1.6845392968466566,0.9457454146880809
galax,2.6301087037740305,1.5211482859321108,1.1089604178419197
riffs,2.629597609647975,1.8647786587048603,0.7648189509431151
oozes,2.6292159189193924,1.634767417103383,0.9944485018160095
sojus,2.6289321350714374,1.5637664056908807,1.0651657293805565
baffs,2.6287157872804605,1.7090591461913869,0.9196566410890735
whoof,2.6286732881966453,1.5567786251499829,1.0718946630466624
lolos,2.6286282688486784,1.5409710689163325,1.0876571999323457
sukhs,2.6279474406236387,1.705158792364266,0.922788648259373
ignis,2.6274860643226954,1.897306750614574,0.7301793137081215
simis,2.6270946694364268,1.4033758766362492,1.2237187928001774
skofs,2.6268962319843907,1.6452725479114678,0.9816236840729228
enfix,2.626800732655833,1.9300342876654992,0.696766444990334
vulva,2.626477529804918,1.7605532589292339,0.8659242708756841
remex,2.626174251988282,1.5233076537968426,1.1028665981914394
eever,2.625193093146181,1.3019347549379567,1.3232583382082241
zygon,2.6250380887322358,1.9296730252155028,0.695365063516733
kibei,2.624874978633162,1.6969830914161839,0.9278918872169784
humph,2.624779960242827,1.6800672609373795,0.9447126993054471
swees,2.6247310929658028,1.3249366689019357,1.2997944240638668
mommy,2.624603758051734,1.3443110621909178,1.2802926958608158
humus,2.624539079807305,1.7788602879669906,0.8456787918403145
ameba,2.6244989936918373,1.7862292884147533,0.838269705277084
ishes,2.623598316493394,1.966622159246259,0.6569761572471351
psyop,2.623358317319755,1.882070524625827,0.7412877926939281
nunks,2.6232533847641024,1.7703675973765645,0.8528857873875378
araba,2.622889452039404,1.419613944498254,1.2032755075411499
daffs,2.6226051398462853,1.7724737080137385,0.8501314318325467
eject,2.6223532196979518,1.5672364375142793,1.0551167821836727
whews,2.6213100541802334,1.7523541137188237,0.8689559404614098
kutus,2.6207226625016875,1.7949914998084275,0.8257311626932599
ryijy,2.6206456059016072,1.5650148317451151,1.055630774156492
evets,2.620644939375702,1.7971635556419483,0.8234813837337539
dexes,2.620235934419103,1.5433728789712378,1.0768630554478653
bezes,2.6197203536478346,1.476015023835237,1.1437053298125976
inion,2.619716838760955,1.5247889224395252,1.0949279163214296
dyked,2.619687348704079,1.6918233078773173,0.9278640408267618
malax,2.6186442595335313,1.5198436617829725,1.0988005977505588
yeggs,2.6186316594376797,1.8526577281590884,0.7659739312785915
skiff,2.618627343039167,1.6411409342837155,0.9774864087554515
babby,2.6182383357221335,1.3343961648681122,1.2838421708540213
mesem,2.617601851268626,1.4059119198798746,1.2116899313887513
nanas,2.6174039079289613,1.5308240929194832,1.086579815009478
ofuro,2.6164851904472815,1.8223551561346005,0.794130034312681
adaws,2.6163629376600905,1.7607546387274056,0.8556082989326851
jolls,2.616303871445786,1.6158702232798623,1.0004336481659235
hazan,2.6162094471768835,1.5410350145794727,1.0751744325974106
zambo,2.6161270442820137,1.8792559478451398,0.7368710964368739
imids,2.6160837810926902,1.8261851883095002,0.78989859278319
dekko,2.6160223208616786,1.7645292668662877,0.8514930539953907
cocos,2.6155590499620374,1.485320313476985,1.1302387364850524
papad,2.6155159478668035,1.3622141277339361,1.2533018201328674
dibbs,2.615333433908072,1.804857203218602,0.8104762306894696
deffo,2.6149105931175205,1.7689745807774067,0.8459360123401141
peeve,2.6131548772160595,1.1811203763512872,1.4320345008647724
queek,2.6128344540405775,1.3648110959873803,1.2480233580531972
dsobo,2.6124474498208468,1.8089888168463546,0.8034586329744922
capax,2.6123860584355123,1.4933147565753755,1.119071301860137
wynns,2.6102183348409995,1.7464525301262785,0.8637658047147209
mumps,2.6097042131365793,1.7612874283236502,0.8484167848129293
texts,2.6095189861814356,1.6378137195590368,0.971705266622399
fugus,2.6087465427755294,1.6642140205494318,0.9445325222260974
highs,2.608544625322177,1.8320979456022757,0.7764466797199013
zaida,2.6077082330729664,1.5578161610979422,1.0498920719750242
pichi,2.6074456369295635,1.8098131176365098,0.7976325192930538
offal,2.6069928731166456,1.873360240850503,0.7336326322661427
enmew,2.606966717692748,1.6896480414697608,0.9173186762229869
nyung,2.6067525377104097,1.7821772890553438,0.8245752486550662
poops,2.6065948688814258,1.4366293404957517,1.1699655283856738
skoff,2.6062214598888307,1.6452725479114678,0.9609489119773629
rajas,2.6061499257983356,1.643755961214043,0.9623939645842926
meses,2.60606805119774,1.4059119198798746,1.2001561313178655
hexed,2.605421491870974,1.4621527115849673,1.1432687802860069
jaggy,2.6051467757897555,1.4319279284716782,1.1732188473180771
kasha,2.604395638161164,1.772636527246257,0.8317591109149071
wakas,2.6040363365199553,1.6449665663932267,0.9590697701267284
djinn,2.60368270202333,1.5043502453572608,1.0993324566660694
unkut,2.6033977082475284,1.7789801374344556,0.8244175708130725
lezzy,2.6030542208709946,1.5676101595053826,1.0354440613656122
tuffs,2.601821704984036,1.7994368137195464,0.8023848912644898
audad,2.6013357293944477,1.4144520385655355,1.1868836908289124
gamba,2.601167278673033,1.6517050747707698,0.9494622039022631
boffs,2.600594365228488,1.6976460584232949,0.9029483068051931
malam,2.599958321450214,1.4244692794230631,1.1754890420271507
mollo,2.5991169727822063,1.413056191654971,1.1860607811272355
kacks,2.599071554317159,1.8037546405841498,0.7953169137330093
enews,2.5987454804680246,1.8175629187311224,0.7811825617369024
seeks,2.5986918082790575,1.33221042427715,1.2664813840019074
ovoli,2.5985472367866747,1.8010732046472877,0.7974740321393872
busks,2.598424036613919,1.637136097398277,0.961287939215642
rebbe,2.598016868655696,1.4066052863460354,1.191411582309661
dubbo,2.598002960216075,1.7624337006483426,0.8355692595677322
lahal,2.5979885065526602,1.4711639892981543,1.126824517254506
massa,2.5970805278666105,1.4189205780320937,1.1781599498345168
jambs,2.597030693534003,1.8532144822465226,0.7438162112874803
ibrik,2.5966522486256554,1.7110904824414819,0.8855617661841736
lills,2.596490614313604,1.5368394552885802,1.059651159025024
pakki,2.596277099981896,1.7604415848910508,0.8358355150908451
pippy,2.59575925103874,1.369301298794916,1.226457952243824
hewgh,2.5955718658754474,1.6257438606066004,0.9698280052688469
occam,2.595559940541225,1.8869656671027615,0.7085942734384636
razai,2.5955583314692254,1.665665813184908,0.9298925182843173
wauff,2.5953831142577513,1.6028567641063338,0.9925263501514173
pozzy,2.595335893677719,1.4648640014689283,1.1304718922087904
azuki,2.5952438222373964,1.90411058476891,0.6911332374684863
xysti,2.5949075340858596,2.080718860445486,0.5141886736403735
doffs,2.5944837177943127,1.7610606202456465,0.8334230975486664
ebene,2.5944611481156796,1.3685725724150049,1.225888575700675
hakam,2.594230159530257,1.6447216499848953,0.9495085095453615
luffa,2.593982490781583,1.817295593736604,0.776686897044979
vexer,2.5932836225673883,1.3973091372978659,1.1959744852695227
gobbi,2.5932367504036113,1.7735847815521737,0.8196519688514378
marma,2.592700555764419,1.440941929589152,1.151758626175267
basas,2.592574559778778,1.3975925929411956,1.1949819668375825
dusks,2.5923133891797443,1.7005506592206288,0.8917627299591154
unjam,2.5921212100251596,1.9398908660267984,0.6522303439983614
wisps,2.592108650225059,1.7322452108318576,0.8598634393932014
hollo,2.591872379788019,1.459750901530062,1.132121478257957
cuffs,2.5917924353712154,1.7407222196132777,0.8510702157579375
zilla,2.5916585750613077,1.6491931630188197,0.9424654120424878
nexin,2.591494628145071,1.6185677344153082,0.972926893729763
appay,2.5914309998163345,1.3848460001907603,1.2065849996255742
jewie,2.590597069733628,1.4052137405536,1.185383329180028
bobby,2.590116913670161,1.32298307710002,1.2671338365701408
mekka,2.590083036776776,1.7338557779029262,0.85622725887385
googs,2.589233909364661,1.4088121144131396,1.1804217949515217
deeve,2.58923115403206,1.1940851028509907,1.3951460511810694
llama,2.5890506500454116,1.4244692794230633,1.1645813706223485
abyss,2.5887585054806297,1.843033777071271,0.7457247284093586
unbox,2.588406290681429,1.9276250211641874,0.6607812695172416
myxos,2.5878181504367626,1.9483230567539858,0.6394950936827769
kooky,2.5877144739049855,1.2706095665881931,1.3171049073167922
koppa,2.5875740737254094,1.7645731985188031,0.8230008752066061
agmas,2.5873780399287094,1.8009479371230293,0.78643010280568
jells,2.587375028011305,1.6142746528957357,0.9731003751155693
gaffs,2.58685817267168,1.7316917554314233,0.8551664172402569
japan,2.586850606523064,1.5069302202534018,1.0799203862696622
cocci,2.5865329117720144,1.4906982307651195,1.0958346810068949
biffo,2.584936309523485,1.7030239757114294,0.8819123338120557
gubba,2.583528120371672,1.7330648358341194,0.8504632845375526
yarra,2.583157295913252,1.50566037877743,1.077496917135822
jalap,2.583140327714558,1.5284902840183434,1.0546500436962145
offed,2.583126419790989,1.7689745807774064,0.8141518390135827
opihi,2.583099321762526,1.8694247026007744,0.7136746191617519
nisin,2.583075308022467,1.5152793915236384,1.0677959164988287
hamba,2.582458241438346,1.6970951604967224,0.8853630809416237
wudus,2.5821193207000603,1.6932769038454145,0.8888424168546457
jinns,2.581927636926994,1.5901785458871682,0.9917490910398257
syphs,2.5818673053496815,1.7913408263236696,0.7905264790260116
jammy,2.581843389347726,1.4306233043225398,1.1512200850251864
swiss,2.5815258741384834,1.32240062565831,1.2591252484801732
uncus,2.581203140568901,1.921881916192273,0.659321224376628
kobos,2.580941950575512,1.693200744512176,0.8877412060633356
emcee,2.5806601588737728,1.3558098658314968,1.2248502930422762
eppie,2.5804788888031,1.4404116873997597,1.1400672014033404
verve,2.579705842287317,1.3019347549379567,1.2777710873493602
unwon,2.5795807383107006,1.7726033729172368,0.8069773653934638
dadas,2.5789947388729226,1.4610071547635475,1.1179875841093754
queem,2.578825513810788,1.4385125915901051,1.1403129222206825
level,2.5787114359661603,1.2854621047718682,1.2932493311942923
uvula,2.5782838953076226,1.7605532589292339,0.8177306363783889
fisks,2.5777670291279704,1.6411409342837153,0.9366260948442552
akoya,2.5776769911684534,1.8001697974753308,0.7775071936931228
naffs,2.5776693554336116,1.8422906461696744,0.735378709263937
danda,2.5775608285059586,1.4449957923895753,1.1325650361163833
memes,2.5765303133639814,1.4059119198798746,1.1706183934841068
kokam,2.5764098812983027,1.7354513482870528,0.8409585330112497
motto,2.5760569954615637,1.4161200303218924,1.1599369651396714
papas,2.5758743860056406,1.448042428263844,1.1278319577417966
aapas,2.5747558347327626,1.448042428263844,1.1267134064689186
yampa,2.5733003833962016,1.7655687351325575,0.8077316482636441
kiddo,2.5728579917862424,1.761993223622662,0.8108647681635802
pirri,2.5727261673603765,1.454519078425058,1.1182070889353186
bajra,2.5722884041650826,1.4945130988617839,1.0777753053032988
baboo,2.5718288411057877,1.4071021238570824,1.1647267172487052
skeez,2.5711441200072978,1.4236415133234102,1.1475026066838878
gummi,2.5706736718129846,1.7388481195291727,0.8318255522838119
excel,2.57045243158158,1.5846478268437374,0.9858046047378429
mukim,2.569745876700064,1.6638419997773095,0.9059038769227545
dohyo,2.568661417454226,1.8138150837392597,0.7548463337149662
bazoo,2.5683520878227135,1.4985332129033426,1.0698188749193707
exude,2.5682775403654983,1.4968177627732258,1.0714597775922725
wootz,2.5682733732958294,1.4265758683902134,1.1416975049056162
haffs,2.568149135436993,1.7770818411573757,0.7910672942796175
etwee,2.567241961243673,1.3335492089598266,1.2336927522838463
kotow,2.567105012274811,1.6421660186830256,0.9249389935917857
ummas,2.566920316384646,1.88100307403724,0.685917242347406
mezes,2.566398294798555,1.4973430089261348,1.0690552858724203
jaaps,2.5662164516459165,1.5229415826273738,1.0432748690185427
hexes,2.565779930009811,1.547981012114875,1.017798917894936
hubba,2.5648190831369853,1.7784549215600718,0.7863641615769132
duddy,2.5637544287590783,1.330332991808473,1.2334214369506054
fiqhs,2.563229461966982,1.8406929276697737,0.7225365342972084
gombo,2.5631868170589502,1.6402919870026775,0.9228948300562725
ruffs,2.5629114171982894,1.8128456252187135,0.750065791979576
cezve,2.5627440244087136,1.3212424383787809,1.241501586029933
phooo,2.562682322677885,1.3554091731094813,1.2072731495684035
nuque,2.562109660922377,1.5504161064774946,1.0116935544448824
kabob,2.5618314954626893,1.7141233631961548,0.8477081322665347
veggo,2.5618154925269465,1.6714502933877204,0.8903651991392261
annas,2.5612176927053643,1.5308240929194832,1.0303935997858813
aymag,2.560580763705425,1.7377515090499454,0.8228292546554797
jetee,2.56054079043349,1.1087008793594983,1.4518399110739915
nduja,2.56007069715563,1.981977442758252,0.5780932543973781
spazz,2.560030291654032,1.5394735173101042,1.0205567743439274
khaya,2.5599760551589874,1.7094400991731733,0.850535955985814
agbas,2.5593947895554594,1.7796199520321312,0.7797748375233282
mosso,2.559100066252528,1.4075074902640012,1.1515925759885264
goffs,2.5587367506197074,1.7202786676633308,0.8384580829563765
pukka,2.5584470478979844,1.7085085514049045,0.8499384964930796
bubbe,2.5583855491796403,1.3380288185909648,1.2203567305886756
mumbo,2.557446814083322,1.7203471239168886,0.8370996901664334
puffa,2.5573353201538263,1.712953865316023,0.844381454837803
skees,2.557268187440001,1.33221042427715,1.2250577631628512
babas,2.5563815566626675,1.3975925929411956,1.1587889637214719
hooha,2.556379639277483,1.4751248188230714,1.081254820454412
iodid,2.5558266879826306,1.4549719842835898,1.100854703699041
mormo,2.554720094150336,1.4295288418210597,1.1251912523292766
nazzy,2.5545978081330176,1.55905875389266,0.9955390542403579
wanna,2.553915481145224,1.3219339646801824,1.2319815164650416
gynny,2.55311489586251,1.3200947930501972,1.2330201028123127
bazas,2.552904803379593,1.4890236819874558,1.0638811213921373
tekke,2.55217539360915,1.340822964335041,1.211352429274109
jills,2.5512900969830943,1.61173860965211,0.9395514873309843
kebab,2.550102752058897,1.7125277928120282,0.8375749592468686
yowza,2.5495733485520855,1.8843271311463767,0.6652462174057088
apoop,2.549329686657107,1.4575519591797308,1.0917777274773761
jitis,2.5489189248379978,1.6148024483190313,0.9341164765189666
yacka,2.5486272807319414,1.7405582125110661,0.8080690682208753
bezzy,2.5485939744934134,1.4128185957621535,1.1357753787312599
emmet,2.5482428225301605,1.4145244599377658,1.1337183625923948
typps,2.5481699248254595,1.8811735337678313,0.6669963910576282
dzhos,2.54752863484466,1.9684426008586033,0.579086033986057
vivda,2.546852280698232,1.721109290494503,0.8257429902037292
added,2.54662386662874,1.4689211152953077,1.0777027513334325
oojah,2.546601914829006,1.5500239731866012,0.9965779416424052
abjud,2.5462595323002075,1.8487459427799646,0.6975135895202429
adrad,2.546099481953129,1.483028506320606,1.0630709756325232
adead,2.5460532820591664,1.4689211152953077,1.0771321667638587
zappy,2.545740004420392,1.4762770892370205,1.0694629151833714
isbas,2.545168064424573,1.9116081224324892,0.633559941992084
musks,2.5451019777646398,1.658464082489175,0.8866378952754647
xolos,2.5446816543891893,1.6363454512762416,0.9083362031129476
zhush,2.5441321700167383,1.4895686420714536,1.0545635279452847
bacca,2.5427229609169633,1.3474905388928178,1.1952324220241455
glogg,2.5426530129289295,1.4143608158041094,1.12829219712482
dufus,2.5420559218051872,1.7049959731317474,0.8370599486734399
kecks,2.5420212888307057,1.7907459824319307,0.7512753063987748
yummo,2.5419128682754426,1.8063935581960644,0.7355193100793783
nawab,2.5402571320025227,1.681328714531082,0.8589284174714408
buffa,2.5395222444040018,1.662504029993375,0.8770182144106267
masas,2.5392525009294986,1.4189205780320937,1.120331922897405
jumps,2.538822422380599,1.83618658268718,0.7026358396934193
ended,2.538195728070571,1.4319871342373565,1.1062085938332147
husks,2.537857384770452,1.705158792364266,0.8326985924061862
attas,2.537732697633741,1.5554479953513463,0.9822847022823948
boobs,2.537618510643304,1.3861795051731036,1.1514390054702
opepe,2.5374572853369033,1.444543301027512,1.0929139843093916
hikoi,2.536335728726706,1.7666013567662993,0.7697343719604064
michi,2.5363105023304593,1.7806912674047592,0.7556192349257
falaj,2.535891142362166,1.430112252094987,1.105778890267179
biffs,2.5355805907657967,1.6935144447955426,0.8420661459702539
zarda,2.5352166355727532,1.5744595953668659,0.9607570402058874
xerox,2.534721895354224,1.6607320619740906,0.873989833380133
dukka,2.5345233247139842,1.7214732779046078,0.8130500468093764
skews,2.5341642705134966,1.631957908241008,0.9022063622724883
jewel,2.533541972792792,1.405384524656435,1.1281574481363572
vodou,2.533236809595852,1.6577631692402641,0.8754736403555883
mambu,2.532773965637007,1.731760211684981,0.8010137539520259
azyms,2.5325413890766195,1.9557928512084288,0.5767485378681907
goodo,2.532503083137456,1.322983813883232,1.2095192692542245
zaman,2.532444899970839,1.4943403047043817,1.0381045952664572
fezes,2.5323771537122006,1.4280868272345288,1.1042903264776716
koiwi,2.531946944542177,1.6389313959132692,0.8930155486289078
oseys,2.53088007651816,1.9887775121871984,0.5421025643309615
tutti,2.5307841753741522,1.4933481777574897,1.0374359976166625
pukus,2.53033713907798,1.6875859327209253,0.8427512063570547
yesks,2.5298575323952583,1.7776516084072251,0.7522059239880331
lulls,2.529804421863919,1.484906421802434,1.044898000061485
rurus,2.5297026200070185,1.5013790719685225,1.0283235480384958
diffs,2.5294699433316215,1.7569290066178942,0.7725409367137271
puppy,2.529073058589054,1.3173682653087693,1.211704793280285
emmer,2.528446270066568,1.427933271436933,1.100512998629635
allyl,2.5272597482978023,1.4891877286113413,1.038072019686461
askos,2.5272568513072127,1.8633662255484142,0.6638906257587982
aghas,2.5269678840218046,1.84764264699812,0.6793252370236845
deeds,2.526766975705974,1.4479984966113286,1.0787684790946455
gazoo,2.5264944732139334,1.521165822143379,1.0053286510705541
femme,2.5257935381596335,1.2087408609269072,1.3170526772327262
expel,2.525131899582689,1.535956853862504,0.9891750457201849
jemmy,2.524793123861273,1.417614646170321,1.107178477690952
kawas,2.5244833347107978,1.6449665663932267,0.8795167683175711
kavas,2.524452280553656,1.5999433008721895,0.9245089796814665
kyaks,2.524108023860354,1.7906602665594438,0.7334477573009105
luffs,2.523354644693692,1.7963729750526252,0.726981669641067
walla,2.523277941201324,1.3434940284451242,1.1797839127562002
kippa,2.5225602992627176,1.7604415848910508,0.7621187143716669
jests,2.5219587754212447,1.6173384915626572,0.9046202838585874
vozhd,2.521835780373793,1.7145292070982656,0.8073065732755275
nanua,2.521721582863167,1.4842689767214714,1.0374526061416955
yeeek,2.5215064031032175,1.2690139962040665,1.252492406899151
matza,2.5210432615911316,1.5189642071362448,1.0020790544548868
zills,2.5210307289734164,1.6282705443348404,0.8927601846385759
nohow,2.5200314936701425,1.7379383217289783,0.7820931719411641
tomoz,2.519895327552339,1.5075511193681526,1.0123442081841867
amass,2.5197364637906867,1.4189205780320937,1.100815885758593
peeps,2.519129681587232,1.4350337701116251,1.0840959114756068
assez,2.5187081347742244,1.6461805048714755,0.8725276299027489
embox,2.5186942195568527,1.8701905830065704,0.6485036365502824
zitis,2.51865955682832,1.6313343830017617,0.8873251738265581
meffs,2.5183434629447277,1.7173784731300659,0.8009649898146616
buffo,2.518250117073799,1.6510909422252826,0.8671591748485166
maxim,2.5179204086852502,1.5196728776801374,0.9982475310051131
pipid,2.5171804699426126,1.3466694263380918,1.170511043604521
dodos,2.5169648825063815,1.4495940669954552,1.0673708155109265
kacha,2.516409893607482,1.7225344731978791,0.7938754204096029
adzed,2.5144232837012352,1.5603522043415676,0.9540710793596676
popos,2.5138445296390994,1.4366293404957517,1.0772151891433477
veuve,2.5131825567116857,1.2333582871828863,1.2798242695287994
kvell,2.513138023856877,1.5924833441109407,0.9206546797459361
bizzy,2.5125090434652027,1.4102825525185279,1.1022264909466748
minim,2.5123152406992535,1.387364514262277,1.1249507264369767
jiggy,2.512011579275091,1.4163832270758336,1.0956283521992576
keefs,2.5119077984894957,1.643676977527341,0.868230820962155
laval,2.511895885697919,1.298470762924087,1.213425122773832
lolog,2.5116688365802213,1.4143608158041092,1.0973080207761123
sudds,2.511291170624183,1.3935294198815564,1.1177617507426267
fusks,2.511080836678285,1.589207900797569,0.921872935880716
kwaai,2.5109669342210292,1.6503444836813612,0.8606224505396682
jagra,2.509972480649077,1.51714570810182,0.9928267725472567
twixt,2.5099214536326935,1.4263875480761106,1.083533905556583
mamas,2.50971476309574,1.4189205780320937,1.0907941850636462
tutus,2.5092043164800772,1.4879702604693552,1.0212340560107223
fedex,2.5089691742640006,1.3462018200182704,1.1627673542457302
ozeki,2.5074730299497325,1.9471665737305899,0.5603064562191425
dizzy,2.5063983960310274,1.4736971143408795,1.032701281690148
omdda,2.5061034043029933,1.8512394206212313,0.6548639836817618
audax,2.50608560515758,1.5098264209254448,0.9962591842321354
kicks,2.5059363578024945,1.788209939188305,0.7177264186141895
wikis,2.5057008585957643,1.6294218649973824,0.876278993598382
kylix,2.5053475357895914,1.8760386489144782,0.629308886875113
wokka,2.505192387016292,1.6544760973091135,0.8507162897071785
asses,2.5048322022069276,1.5547494158252153,0.9500827863817122
kebob,2.5047812299762366,1.7011147050439361,0.8036665249323003
eeven,2.5046178347078483,1.2639020410069264,1.240715793700922
unfix,2.5040269179205588,1.8755652109357273,0.6284617069848313
ngaka,2.5037927900796726,1.711235079146332,0.7925577109333404
gonzo,2.503422846513299,1.4842318410854278,1.0191910054278714
ixias,2.503205366493764,1.6475877549414988,0.8556176115522655
appal,2.5027423648895084,1.4535911296548136,1.0491512352346946
ozzie,2.501524837268728,1.6401453343915176,0.8613795028772105
iambi,2.5009797010730894,1.7836932451711276,0.7172864559019619
jomon,2.500674411613976,1.466395282253559,1.0342791293604168
known,2.500643732278241,1.6175421162511625,0.8831016160270785
zakat,2.500235042550147,1.44526271153352,1.054972331016627
makaf,2.5000099986663926,1.5287707584181984,0.9712392402481942
eques,2.49967550998096,1.5664274688514666,0.9332480411294936
mazas,2.4995827445303136,1.5103516670783539,0.9892310774519597
epees,2.4993979263093724,1.4350337701116251,1.064364156197747
kukri,2.499255151944889,1.8137782285957291,0.6854769233491598
wexed,2.4988465916701967,1.334482750731937,1.1643638409382597
limbi,2.4979033076601374,1.7683193278781182,0.729583979782019
muvva,2.4975375720140214,1.6270896802769026,0.870447891737119
whiff,2.4968829984666034,1.5526470115222306,0.9442359869443728
weeke,2.496350503164072,1.1233202960378492,1.3730302071262224
yexed,2.4946505160178836,1.4801764508981543,1.0144740651197295
bobos,2.494351700296127,1.3861795051731036,1.1081721951230232
vakas,2.4936683751992206,1.5999433008721895,0.8937250743270311
faffy,2.492959841810757,1.286467968267404,1.2064918735433527
mummy,2.492903791139357,1.288246415077019,1.2046573760623376
tappa,2.491867071129684,1.4566549683217351,1.0352121028079488
zests,2.4916994074115664,1.6338704262453874,0.857828981166179
nyaff,2.4912660268811275,1.7790942180965907,0.7121718087845367
buchu,2.49110437435577,1.7074302488277149,0.7836741255280552
impis,2.490978354174872,1.8132204618097965,0.6777578923650752
bozos,2.490874947013052,1.4776105942193636,1.0132643527936884
macca,2.4894009020676835,1.3688185239837156,1.120582378083968
jimmy,2.4887081928330623,1.4150786029266953,1.0736295899063668
yeses,2.4880524823504624,1.4706303690681528,1.0174221132823096
zombi,2.487286412679806,1.8637112464492955,0.6235751662305103
puffs,2.4867074740659354,1.6920312466320442,0.7946762274338911
jumbo,2.486565023327342,1.7952462782804184,0.6913187450469235
ansas,2.485341912708332,1.5308240929194832,0.954517819788849
dilli,2.4847270138121367,1.4510111547586726,1.0337158590534639
niffs,2.484534158918947,1.8267459447738297,0.6577882141451173
hoogo,2.483760806859553,1.3275919470268691,1.156168859832684
meeja,2.4828116461599166,1.5017336929273837,0.9810779532325329
miffs,2.4822585319165165,1.7148424298864402,0.7674161020300764
ragga,2.4821041867036224,1.44224655373829,1.0398576329653324
mzees,2.4815471196269994,1.4973430089261348,0.9842041107008647
immew,2.481485331493289,1.7110373211318672,0.7704480103614219
egger,2.481462672950011,1.4292378955860714,1.0522247773639397
frizz,2.4809524852000564,1.4475721355479618,1.0333803496520946
msasa,2.480828479910753,1.4189205780320937,1.0619079018786595
didis,2.480659260948732,1.445462453367703,1.035196807581029
aquas,2.4789940830082036,1.5794361270036852,0.8995579560045184
avgas,2.4788112129366526,1.6749494206240527,0.8038617923126001
chizz,2.477796975057716,1.4913996215092222,0.9863973535484936
pipis,2.4775389080814496,1.4324977268679995,1.0450411812134501
orzos,2.4770404095523153,1.6488748081286815,0.828165601423634
kudus,2.4764563731727898,1.7005506592206285,0.7759057139521613
attap,2.47541541746359,1.4566549683217351,1.0187604491418547
waqfs,2.4750079018782922,1.728567668212588,0.7464402336657044
dewed,2.4748249873042907,1.2391083683720279,1.235716618932263
ganja,2.4744420971125094,1.4791129941707897,0.9953291029417196
hogoh,2.4737446648958374,1.3275919470268691,1.1461527178689683
zimbs,2.473636129009661,1.8542017155334087,0.6194344134762523
reeze,2.4729549262214165,1.1386416255413963,1.3343133006800203
ebbet,2.472541093967541,1.393196474846868,1.0793446191206733
mahwa,2.4718568561595755,1.637447894609681,0.8344089615498945
kapha,2.4710893616085907,1.6738435002166459,0.797245861391945
buffs,2.4688943983161105,1.6415814113093958,0.8273129870067147
gogos,2.4688287378809513,1.4088121144131396,1.0600166234678114
poppa,2.4683470638732006,1.4575519591797308,1.0107951046934698
oxeye,2.4676900643739574,1.575514282343949,0.8921757820300085
gogga,2.465641002956893,1.4297347330971188,1.035906269859774
zooms,2.464308930976866,1.4989385793102614,0.9653703516666047
yappy,2.4641471451504944,1.3848460001907603,1.079301144959734
kvass,2.4638682028355157,1.5999433008721895,0.863924901963326
unsub,2.4632046146896425,1.8227411078883915,0.640463506801251
duffs,2.4627837508819352,1.7049959731317474,0.757787777750188
ewked,2.4621535440988245,1.5461296077111002,0.9160239363877245
jambu,2.4618921748810267,1.8066593660485109,0.6552328088325159
waffs,2.461574235236216,1.6494118803043456,0.8121623549318704
fezzy,2.461250774557779,1.3648903991614452,1.0963603753963338
taata,2.4594380324713896,1.0468103831481876,1.4126276493232022
wexes,2.4592050298090338,1.4203110512618449,1.038893978547189
mizzy,2.459186984615923,1.4316105376094255,1.0275764470064974
undug,2.458931978852538,1.7595454165985196,0.6993865622540184
majas,2.4588108480668773,1.4938197323956235,0.9649911156712538
zamia,2.458456467612601,1.5157295843664884,0.9427268832461129
bubby,2.458416946757784,1.2669184299861211,1.1914985167716625
bibis,2.4580460787384766,1.3820478915453513,1.0759981871931255
madam,2.4574888269987962,1.3330922775021858,1.1243965494966104
yaffs,2.457378159583903,1.7951055804705627,0.6622725791133404
yexes,2.4550089541567206,1.566004751428062,0.8890042027286587
zymic,2.454572270300686,1.8901460957642062,0.5644261745364799
ekkas,2.453722252505231,1.8617706551642876,0.5919515973409432
esnes,2.4535982705162893,1.5178154347672643,0.9357828357490249
zippy,2.452604807905728,1.460732387841176,0.9918724200645519
flaff,2.4522695663982645,1.3552130977314572,1.0970564686668074
kipps,2.4519324531748268,1.7395189662070716,0.712413486967755
mebbe,2.450677790924238,1.2566690575276154,1.1940087333966223
quouk,2.4502681162580275,1.3664066663715069,1.0838614498865207
jagas,2.449816983400151,1.4951243565447618,0.9546926268553892
commo,2.4497013568204364,1.3574054362156236,1.0922959206048126
deked,2.4487150415861785,1.2463821237472423,1.2023329178389361
momos,2.4476849067291986,1.4075074902640012,1.0401774164651973
lazzo,2.446406397399015,1.653324776646572,0.7930816207524432
jocos,2.4462699865146567,1.5602194678405148,0.886050518674142
buzzy,2.445822851015517,1.358349519032381,1.0874733319831358
dojos,2.4439924031154407,1.524493221358985,0.9194991817564558
zabra,2.4407458512057576,1.5110450335445142,0.9297008176612435
hatha,2.440184856399632,1.4742278279650756,0.9659570284345566
mazac,2.4393956935226235,1.4602496130299758,0.9791460804926475
popup,2.438841158343421,1.3900742242977397,1.0487669340456813
hukou,2.4378075419027367,1.7146683232801525,0.7231392186225841
guggl,2.4376783627459204,1.3582961686902104,1.07938219405571
mozos,2.4375528881637725,1.4989385793102614,0.9386143088535109
asada,2.437214261337866,1.4610071547635475,0.9762071065743188
akara,2.434677455611614,1.367240433986427,1.067437021625187
afara,2.433449200621039,1.371685747897546,1.061763452723493
leeze,2.4333981537168183,1.1221689753753075,1.3112291783415109
feoff,2.433273647555225,1.3461652691041555,1.0871083784510693
momma,2.432177796423503,1.4284301089479805,1.0037476874755225
lulus,2.432004299979175,1.484906421802434,0.9470978781767412
abaca,2.4305992926207085,1.3474905388928178,1.0831087537278907
axman,2.4298102569188478,1.498283598018031,0.9315266589008167
hapax,2.428921369536941,1.4621966432374827,0.9667247262994582
mamak,2.427342626135054,1.2173042051680072,1.2100384209670467
guffs,2.4270367837073303,1.6642140205494322,0.7628227631578982
birzz,2.4267871428547263,1.4955003321486697,0.9312868107060568
upful,2.4267108093201912,1.6975799480230136,0.7291308612971775
kiwis,2.426147856786607,1.6294218649973824,0.7967259917892245
fizzy,2.425165843529568,1.3623543559178195,1.0628114876117487
nondo,2.424827644323266,1.433582704621483,0.991244939701783
kaika,2.424402729710971,1.3505969997175034,1.0738057299934676
jatha,2.4232423685129305,1.5491269823286056,0.8741153861843252
gyppo,2.422740722306442,1.7554602715136034,0.6672804507928384
bucku,2.4218548896052727,1.587034043349899,0.8348208462553734
vizir,2.421506366169513,1.3908298007405913,1.0306765654289216
kinin,2.4211816579208625,1.3136630186595522,1.1075186392613101
ngege,2.419860893308187,1.391205181655041,1.0286557116531458
justs,2.419187651943348,1.562869414832885,0.8563182371104632
zokor,2.4184086337200132,1.447258435264595,0.9711501984554183
nuffs,2.4178479664692616,1.7748129112876834,0.6430350551815783
buffi,2.417530907523564,1.6469593285975304,0.7705715789260336
mazak,2.4172106075696274,1.3087352942142674,1.1084753133553602
jawan,2.4162325453760127,1.3968331190437122,1.0193994263323005
glugg,2.4160440130034213,1.3582961686902104,1.057747844313211
muffs,2.415572339466831,1.662909396400294,0.7526629430665374
enzym,2.4144422006585518,1.926772830682238,0.4876693699763137
execs,2.4143601095442904,1.5790991254527675,0.8352609840915227
kajal,2.413693580133938,1.4256669381838682,0.9880266419500698
sukuk,2.4134388897053567,1.2777413475473778,1.135697542157979
lappa,2.41340001083934,1.4535911296548136,0.9598088811845261
wushu,2.411948566865208,1.6978850369890515,0.7140635298761563
mimis,2.4113792851715488,1.403375876636249,1.0080034085352998
lezza,2.410628259242764,1.6517292062624453,0.7588990529803187
omovs,2.410491162509712,1.6622317087068224,0.7482594538028897
phpht,2.410105399414431,1.3545121822514854,1.0555932171629456
kokum,2.410099710144617,1.6679736134050618,0.7421260967395553
vuggs,2.4096886502913617,1.6074716857420617,0.8022169645493001
ninja,2.4090520644177276,1.6111011645711475,0.79795089984658
huffs,2.4083277464726436,1.7096041062753846,0.6987236401972589
sexes,2.408017172327079,1.120563567297987,1.2874536050290921
mixis,2.407873494811566,1.4987502589961583,0.9091232358154077
ungum,2.4063392038973785,1.717458839867066,0.6888803640303125
jeeps,2.4062346064638978,1.5099329244751547,0.8963016819887432
hokku,2.4060009224762022,1.714668323280153,0.6913325991960493
izzat,2.405729667533469,1.652257001685741,0.753472665847728
evegs,2.403587217464143,1.6619407624718336,0.7416464549923095
sibbs,2.4031146718160477,1.3820478915453513,1.0210667802706963
sezes,2.4013909441216352,1.1166202739843378,1.2847706701372976
wazoo,2.401210535778469,1.4388859470163013,0.9623245887621675
jooks,2.399559820552393,1.4087051490248064,0.9908546715275869
filii,2.3993264942881014,1.3396683963356129,1.0596580979524886
jewed,2.39881836186466,1.3140075227355577,1.0848108391291023
namaz,2.3979514454041055,1.494340304704382,0.9036111406997238
accra,2.396784162062821,1.5187547528021357,0.8780294092606855
mojos,2.396780991700336,1.482406644627531,0.9143743470728051
modom,2.395458970632255,1.3216791897340936,1.0737797808981617
hahas,2.3953653043195566,1.4656152879071846,0.929750016412372
nakfa,2.3945610179733485,1.6406742733055881,0.7538867446677605
alala,2.393914997944765,1.0437465444812661,1.350168453463499
jesus,2.39384776947872,1.562170835306754,0.831676934171966
jesse,2.3938289588846864,1.1000883393016074,1.2937406195830787
yajna,2.3934019726332574,1.5425268192099295,0.8508751534233281
muzzy,2.3925007921662376,1.3796775041232792,1.0128232880429584
nimbi,2.392396629435707,1.7467592641131764,0.6456373653225304
lezzo,2.3893561319125616,1.6403161184943529,0.7490400134182086
kawau,2.3893448160578217,1.598411450195215,0.7909333658626067
scuzz,2.3892348818206037,1.5206867554093466,0.8685481264112571
vexed,2.388478630349462,1.2894594852108998,1.0990191451385622
lusus,2.3883809809203154,1.484906421802434,0.9034745591178813
wirri,2.3877715395663075,1.3444219772153683,1.0433495623509392
zebec,2.3872188532173833,1.425912969786859,0.961305883430524
amman,2.387189584655479,1.4029092156581215,0.9842803689973576
puttu,2.3870625728515247,1.389177233439744,0.9978853394117806
jembe,2.386451265450609,1.3315682118911452,1.0548830535594642
huzzy,2.38525619917205,1.42637221399837,0.9588839851736798
hypha,2.382840464303416,1.8122634450076487,0.5705770192957674
dagga,2.3819765203872683,1.3343969016513242,1.0475796187359443
xebec,2.3787321240980823,1.4298562631005083,0.948875860997574
jokol,2.378586620439897,1.414253850415776,0.9643327700241213
pyuff,2.3777082109483483,1.6288348185589605,0.7488733923893879
swizz,2.376964636056732,1.4138317147045703,0.9631329213521618
jomos,2.3768031159732184,1.482406644627531,0.8943964713456874
pappi,2.3744771490447354,1.4534203455519785,0.9210568034927571
phizz,2.3727120137524365,1.4427086485279892,0.9300033652244473
yacca,2.371385333220406,1.4335369731719938,0.9378483600484123
yippy,2.3710119486358305,1.369301298794916,1.0017106498409145
zooks,2.369300452542715,1.4252370837075365,0.9440633688351784
jefes,2.368709360196591,1.4115548925517984,0.9571544676447928
peepe,2.3656005189902913,0.9263961579084664,1.439204361081825
bamma,2.3647837813794146,1.2696777156798342,1.0951060656995804
azygy,2.363778012193442,1.4484598631544083,0.9153181490390337
yabby,2.3608542737464004,1.3343961648681122,1.026458108878288
nunus,2.358750082692917,1.4633463580374921,0.895403724655425
fuzzy,2.358479651079883,1.3104213224316732,1.0480583286482097
ngana,2.3570347526638997,1.4042138398072597,0.9528209128566401
zulus,2.3565444146389867,1.5763375108486937,0.7802069037902931
kexes,2.3535420822817636,1.4275848066370593,0.9259572756447044
pampa,2.352606501669036,1.3201275510024824,1.0324789506665537
bussu,2.352292567892664,1.3301148580592046,1.0221777098334592
agogo,2.3521871478249956,1.4297347330971188,0.922452414727877
mimic,2.3511922341638587,1.353273822587871,0.9979184115759875
immit,2.35035238723321,1.41198841669414,0.9383639705390701
ottos,2.34957638534984,1.5440349075832538,0.8055414777665862
addra,2.34952972520014,1.483028506320606,0.8665012188795341
vexes,2.348837068488299,1.3752877857408077,0.9735492827474914
xylol,2.3484995476519037,1.5731490232031584,0.7753505244487451
emmys,2.3484694105546025,1.85135310400995,0.49711630654465233
zamac,2.3483865533223915,1.4602496130299758,0.8881369402924156
jasps,2.3474588142369104,1.5229415826273738,0.8245172316095367
lazzi,2.34568718784878,1.6491931630188197,0.6964940248299601
ewhow,2.3450672846429184,1.7618636446347105,0.5832036400082081
tithi,2.344264275467606,1.458683126569231,0.8855811488983749
doggo,2.343996058773186,1.322983813883232,1.0210122448899541
mutum,2.3431012910916493,1.3600553832079936,0.9830459078836558
jaggs,2.3420929680736338,1.4951243565447618,0.8469686115288718
ouzos,2.341337272321879,1.580298340373611,0.761038931948268
kaama,2.3402746570506645,1.2173042051680072,1.1229704518826575
pizza,2.3378961575867963,1.5448514345982387,0.7930447229885577
puppa,2.3366470969608235,1.401487312065832,0.9351597848949915
accas,2.3366286648138956,1.4967334012450775,0.839895263568818
fuffy,2.333138452846407,1.218990233385413,1.114148219460994
yobby,2.3327328516944275,1.32298307710002,1.0097497745944075
yayas,2.332621890331362,1.4836390272203717,0.8489828631109902
veves,2.3318385985856125,1.2799134033808985,1.051925195204714
wawas,2.3303987982742096,1.3379453270541544,0.9924534712200553
neeze,2.327891475492388,1.1006089116103657,1.2272825638820222
koffs,2.3277898656569733,1.6452725479114676,0.6825173177455057
usque,2.3274971443580568,1.5664274688514666,0.7610696755065903
zamak,2.326201467369396,1.3087352942142674,1.0174661731551282
papaw,2.325632766909261,1.2391523000245432,1.0864804668847179
zoppa,2.3251926207401885,1.548983048225991,0.7762095725141978
kooks,2.3246606661888634,1.3338059946612766,0.9908546715275869
gamma,2.3229261667706345,1.2923103249198704,1.0306158418507638
keeve,2.322537301894721,1.078297030516812,1.2442402713779088
magma,2.322445733590526,1.2923103249198702,1.030135408670656
effer,2.322443328461391,1.358677089745327,0.9637662387160637
assai,2.3216889351279257,1.5522133725815896,0.7694755625463362
queue,2.3189791763779333,1.057789856648308,1.2611893197296256
zobos,2.318560497590291,1.4776105942193638,0.8409499033709271
heeze,2.3183712554957703,1.0354001065980671,1.282971148897703
pupus,2.3172205607695964,1.380564693381853,0.9366558673877433
namma,2.3137373495325657,1.4029092156581218,0.9108281338744438
howff,2.3126493221433986,1.5567786251499829,0.7558706969934158
robbo,2.3116834503257606,1.408200856730162,0.9034825935955986
yummy,2.3101697731038007,1.288246415077019,1.0219233580267817
fifis,2.3096751633653905,1.334119694944643,0.9755554684207474
nappa,2.3078933326149094,1.432031065889872,0.8758622667250374
quipu,2.3064683969878104,1.4650983985782298,0.8413699984095806
hudud,2.3055264710887498,1.312309252495286,0.9932172185934638
hamza,2.305377238174515,1.4291314996920832,0.8762457384824316
yuppy,2.3043257561861448,1.3173682653087693,0.9869574908773754
zhomo,2.3042710729195353,1.417718411923991,0.8865526609955445
civic,2.303096730093613,1.227275306088895,1.075821424004718
mezza,2.302845954015903,1.5182656276101139,0.7845803264057891
jafas,2.30189380992835,1.4245635507040175,0.8773302592243325
wuffs,2.3017528462718664,1.5819341454223546,0.7198187008495117
imshi,2.2990262424031203,1.8307933214531371,0.4682329209499833
bizzo,2.298810954506769,1.482988511507498,0.8158224429992713
bubus,2.2977277314266233,1.3301148580592046,0.9676128733674185
edged,2.2965260867519928,1.3213882434991053,0.9751378432528874
kazoo,2.295547588251199,1.4461597023915158,0.8493878858596833
vajra,2.294778890800104,1.3898425674537054,0.9049363233463983
jiffy,2.2937078139348612,1.3458224212350893,0.9478853926997718
javas,2.2923301955781135,1.367821215896647,0.9245089796814665
feeze,2.291594707403603,0.9194492150313701,1.372145492372233
quaff,2.2913305748508783,1.3822650680507178,0.9090655068001606
skyfs,2.291212829671408,1.5725665889224976,0.7186462407489103
uhuru,2.291196443736703,1.420158904582252,0.8710375391544513
ongon,2.2905996544044314,1.3928007520391674,0.8977989023652639
addas,2.289374227951214,1.4610071547635475,0.8283670731876667
kayak,2.287202826286722,1.2820226543562852,1.0051801719304367
cippi,2.2822559695176055,1.3823956728196216,0.899860296697984
kirri,2.282108592039038,1.3516957325905827,0.9304128594484551
mezzo,2.2815738266857006,1.5068525398420216,0.774721286843679
ajuga,2.279775471512893,1.4485692403467496,0.8312062311661436
haham,2.278984227129081,1.337700410645823,0.941283816483258
egged,2.2766576807320846,1.3213882434991053,0.9552694372329793
issei,2.276082067211579,1.539204714429371,0.7368773527822082
yoyos,2.270592033964821,1.4722259394522794,0.7983660945125416
fluff,2.269852242868812,1.287735362849466,0.9821168800193457
kiaki,2.268223338165322,1.3505969997175034,0.9176263384478186
bubba,2.265990985129553,1.3510374767431839,0.9149535083863691
ajupa,2.2652829667536647,1.4763864664293618,0.7888965003243028
pawaw,2.265111806971899,1.2391523000245432,1.0259595069473562
anana,2.2640799937018095,1.0221864807163246,1.2418935129854851
ammas,2.263318289014722,1.4189205780320937,0.8443977109826283
babka,2.2631200376629117,1.1959762200771094,1.0671438175858021
bibbs,2.2620493314913475,1.3820478915453513,0.8800014399459962
yadda,2.2591719566189283,1.397810726690464,0.8613612299284641
viffs,2.2580710774008175,1.5888439133874641,0.6692271640133535
agama,2.256697639664072,1.2923103249198704,0.9643873147442015
assam,2.2566713487299968,1.4189205780320937,0.8377507706979033
jisms,2.255192122950699,1.478275030999779,0.7769170919509202
mumus,2.2510609378596955,1.3514428431501027,0.899618094709593
dabba,2.249536245623489,1.311764292411288,0.9377719532122011
ebbed,2.247939549286022,1.2987556342590691,0.949183915026953
quiff,2.2479281343972706,1.3667203666548735,0.881207767742397
bombo,2.2456496818168312,1.258264627911742,0.9873850539050892
ajiva,2.24200762288173,1.3731991331847817,0.8688084896969481
riqqs,2.2401336339936004,1.6324678933629113,0.6076657406306891
zippo,2.2389067189472946,1.5334383468301462,0.7054683721171484
ictic,2.2381871653630023,1.4898012399071239,0.7483859254558786
ryiji,2.237653962031721,1.5650148317451151,0.6726391302866055
keeks,2.23719547889467,1.33221042427715,0.9049850546175199
piqui,2.2313364265520645,1.4650983985782298,0.7662380279738349
faffs,2.2299060340946353,1.3496643963404877,0.8802416377541474
mumms,2.229849983423235,1.3514428431501027,0.8784071402731323
ajwan,2.2270885379253222,1.3968331190437122,0.8302554188816101
wagga,2.2209456157771994,1.211335073941931,1.009610541835268
gabba,2.2137892784488837,1.2709823398289726,0.9428069386199112
villi,2.2133281478813323,1.2829260615282423,0.93040208635309
appam,2.211996114909737,1.3201275510024824,0.8918685639072548
mamba,2.2089800994907365,1.2696777156798342,0.9393023838109023
vivid,2.206329132254343,1.191549059607365,1.014780072646978
akoja,2.203496987762174,1.4296277677087854,0.7738692200533889
zuppa,2.1934926538278114,1.492918401112092,0.7005742527157194
huzza,2.192830237543819,1.5104912607554328,0.6823389767883864
lollo,2.1927129644149392,1.032333456713174,1.1603795077017651
annan,2.1924627385169355,1.0221864807163246,1.1702762578006107
kakas,2.191352149653613,1.3452190824293688,0.8461330672242441
gyppy,2.1909976271348,1.237313128394558,0.9536844987402419
pakka,2.188708205975196,1.2464260553997577,0.9422821505754382
whizz,2.1877573859583674,1.3326115473182996,0.8551458386400679
abbas,2.1876165604521023,1.3975925929411956,0.7900239675109068
jibba,2.1871453428830807,1.47786966459286,0.7092756782902208
aflaj,2.185195848482129,1.430112252094987,0.7550835963871424
abjad,2.183009472566755,1.3866634467748178,0.7963460257919373
zorro,2.1813285094389916,1.1402371959255226,1.041091313513469
ovolo,2.181119303217865,1.2870576751559946,0.8940616280618702
nanna,2.1773843515134326,1.0221864807163246,1.1551978707971082
pfftt,2.177072272926442,1.2385612906847885,0.9385109822416533
jocko,2.1770578622673593,1.3586030949764285,0.8184547672909306
gobbo,2.175808816834801,1.2595692520608803,0.9162395647739208
abaya,2.171970326499791,1.3343961648681122,0.8375741616316789
cocco,2.1691049782032046,0.9766827012738264,1.192422276929378
odoom,2.1666684135216716,1.3216791897340936,0.844989223787578
queyu,2.162455270910264,1.503231040778383,0.6592242301318809
zuzim,2.158900543703539,1.4482518494844974,0.7106486942190418
afizz,2.154375443053933,1.4464734026748824,0.7079020403790506
jnana,2.1523034698513532,1.0970856350798543,1.055217834771499
yoppo,2.1496216751511183,1.3734329124226683,0.7761887627284502
iiwis,2.1493382701426977,1.32240062565831,0.8269376444843874
abaka,2.149305681977463,1.1959762200771094,0.9533294619003538
jollo,2.147512447084429,1.1072326110767037,1.0402798360077254
urubu,2.1437030300158524,1.352136209616263,0.7915668203995896
oppos,2.1402208798163116,1.4366293404957517,0.7035915393205601
hajji,2.139459116832153,1.5458923595588492,0.5935667572733038
nonno,2.1394038898993495,1.010773392948232,1.1286304969511176
xysts,2.1376334126752474,1.566703330954193,0.5709300817210546
huhus,2.1367114790835124,1.3981375530251936,0.738573926058319
boffo,2.131802940867131,1.189008446220136,0.9427944946469949
wizzo,2.131669402462525,1.4233412456204568,0.7083281568420682
hyphy,2.129825241801572,1.2827032141205108,0.8471220276810609
yuzus,2.1229133504469915,1.5075923813846406,0.6153209690623508
zebub,2.1214111279199908,1.429459907637225,0.6919512202827658
tuktu,2.1211737050245794,1.286353887605269,0.8348198174193103
effed,2.1176383362434645,1.250827437658361,0.8668108985851033
jibbs,2.11651749679519,1.4569470459088811,0.6595704508863088
yukky,2.1162811219497577,1.214544919474294,0.9017362024754634
susus,2.115591325016535,0.9707201082083055,1.1448712168082293
accha,2.112616630564637,1.4155132338588068,0.6971033967058302
jazzy,2.1007176554328097,1.1413316584270028,0.9593859970058071
zizit,2.092195390395089,1.122696770798603,0.9694986195964861
zexes,2.0911606292965432,1.211994656344247,0.8791659729522961
affix,2.087712721442356,1.4504166959885316,0.6372960254538244
kappa,2.0861352648902445,1.2464260553997577,0.8397092094904866
abuzz,2.0846340575831945,1.442468565789444,0.6421654917937505
yabba,2.0843092653611066,1.3343961648681122,0.7499131004929946
mezze,2.0786889453310717,0.9887053967229761,1.0899835486080955
kabab,2.0775927866582125,1.1959762200771094,0.8816165665811031
jugum,2.0747820809736313,1.2997317444014092,0.7750503365722221
exeme,2.0745458147382556,0.9926486900366254,1.0818971247016302
fuffs,2.0700846451302852,1.2821866614584967,0.7878979836717886
jeffs,2.0667389372469502,1.4115548925517984,0.6551840446951517
yobbo,2.046328803747024,1.32298307710002,0.723345726647004
infix,2.0439608650318113,1.4134827149305804,0.6304781501012309
emmew,2.0337580968910993,1.197021791640574,0.836736305250525
jiffs,2.0306540062187395,1.4090188493081728,0.6216351569105665
akkas,2.027346410400032,1.3452190824293688,0.6821273279706628
kuzus,2.0214464785720345,1.369172436593638,0.6522740419783966
kikoi,2.0170766416595862,1.339183911949411,0.677892729710175
tazza,2.016585354132424,1.1382414721944478,0.878343881937976
jinni,2.016548616643154,1.0815409336840096,0.9350076829591445
jukus,2.0075974787810984,1.3526405019109076,0.6549569768701909
ziffs,2.000394638209061,1.4255507839909032,0.5748438542181581
yakka,1.999557502528814,1.2820226543562852,0.7175348481725288
obbos,1.9994602481682016,1.3861795051731036,0.613280742995098
zezes,1.9931033120448394,1.1166202739843376,0.8764830380605017
zanja,1.9811137591645547,1.1885167241261143,0.7925970350384404
exeem,1.9748803716657735,0.9926486900366254,0.9822316816291481
zocco,1.9695565467461456,1.0681137903200864,0.9014427564260593
maqam,1.9583616368857395,0.9894387537371772,0.9689228831485623
zanza,1.9566438811331672,1.1136175697625845,0.8430263113705827
kukus,1.9326983244175686,1.2777413475473778,0.6549569768701909
mamma,1.9307389875883378,0.9102829658289349,1.020456021759403
zimbi,1.908257108725821,1.34556410333025,0.5626930053955711
esses,1.8850962406900704,1.0251891849380776,0.8599070557519927
jeeze,1.8740113227921804,0.6828818161447088,1.1911295066474716
kudzu,1.8591845127167734,1.28334413606373,0.5758403766530433
oxbow,1.8395577795245603,1.2726637592937122,0.5668940202308481
ayaya,1.8290747776673462,0.9750014150172129,0.8540733626501332
zhuzh,1.8170573871645317,0.980931029868295,0.8361263572962367
addax,1.8109563539022586,1.047743924920298,0.7632124289819606
zoppo,1.7857733502909408,1.019422817338853,0.7663505329520877
kibbi,1.7832605614868924,1.1804315186812648,0.6028290428056277
pzazz,1.7482495365212227,1.0308359051069453,0.7174136314142774
aggag,1.717347900538773,0.9115875899780732,0.8057603105606999
jujus,1.673653342769526,1.0456192625718352,0.6280340801976908
jaffa,1.6648568179341567,0.9159259385008587,0.7489308794332981
immix,1.6076914066415724,0.9901126467929996,0.6175787598485727
xylyl,1.6071551650391698,1.0550018800841128,0.552153284955057
xviii,1.5708954790508192,0.8641141302940234,0.7067813487567959
qajaq,1.4162938764024413,0.6836151731589097,0.7326787032435316
