word,score_guess_list,score_candidate_list
soare,4.302892168837781,4.48518950088606
saine,4.258886422963832,4.462359678649156
slane,4.039834954990538,4.411899448855406
saice,4.091999342190659,4.3977850768789875
slate,4.072224956293535,4.391721436318479
slier,4.0857138089814695,4.378799462619618
saint,4.085668099547147,4.363580375053861
salet,4.266145597621209,4.345352890141022
saner,4.302547611095474,4.33624873485066
soily,4.115710461606751,4.3358845751696
sater,4.242504789214092,4.327353132554909
slart,3.893087956901734,4.320668949095378
crane,3.896791033966097,4.314233701746996
slant,3.8666166315738524,4.31312014526011
slice,3.8331850949790316,4.30392240663163
saute,4.161831165570242,4.303166783036383
sorel,4.282884739453069,4.3019677320249965
soler,4.266689653129475,4.297434915625456
crate,3.929181035269094,4.294055689210068
slaty,3.944126711659779,4.291752833896622
coate,4.092439655326275,4.290052518892009
arise,3.9456653128069847,4.289564727952273
seity,4.090793547458657,4.285162798203919
suite,4.092537959897412,4.282360277147879
toise,4.07271164326874,4.282078694111603
trine,3.9269827121363976,4.280860530906208
stare,3.941574288049578,4.27970261533304
toile,4.097391974162518,4.278472281582422
arose,3.9454293446104693,4.277158844801937
crise,3.8394985658029253,4.276052594816841
share,3.9242918955633685,4.275795924071041
stale,3.9222536046906367,4.273768732492045
stane,3.9151029627216962,4.272153811497772
raise,4.112939886761078,4.27128982837783
crine,3.857028254727764,4.270831261293387
shale,3.904971212204427,4.269862041230045
snare,3.9715730171436983,4.269668105677049
trone,3.9267467439398818,4.268454647755872
raile,4.137620217654857,4.267683415848648
raine,4.130469575685916,4.266068494854375
tiare,4.067617062631396,4.262794830414334
roate,4.180393997534981,4.261171500719083
trace,3.7998584106015576,4.259688369589648
sauce,3.9625540834940725,4.2587701938031435
crone,3.8567922865312485,4.258425378143051
caret,4.137590434918343,4.252556922208501
tarse,4.127145984373406,4.237708518663363
stire,3.9018115088112446,4.236300174879432
shier,3.943699424226419,4.235147133999985
stoae,3.9879678240829843,4.2343666405680604
sonce,4.027790538400771,4.233250256810699
siler,4.1778312790010785,4.232421141162765
shire,3.8845291163250346,4.232393483617432
saury,4.027814244961371,4.230924996986723
souce,3.9403257248018067,4.23064877175117
stile,3.8824908254523027,4.230366292038437
carse,4.057191526964772,4.227679249050542
sault,3.9633734828194997,4.226180412972289
shine,3.8580577909971536,4.224844679782164
saunt,3.9562228408505598,4.224565491978016
ariel,3.977215694500926,4.224564467356846
carle,4.081871857858551,4.22407283652136
store,3.901575540614729,4.223894291729096
corey,4.160482155009007,4.223246201329967
shoer,3.9434634560299027,4.222741250849648
carne,4.0747212158896104,4.222457915527087
shore,3.8842931481285197,4.219987600467096
stole,3.882254857255788,4.217960408888101
coast,3.869301641681753,4.216672561357095
stone,3.8751042152868473,4.216345487893828
trice,3.7600956313632246,4.21628592913604
aline,3.889867733269642,4.214598975915376
prase,3.916861597576924,4.21437007396517
snore,3.9315742697088494,4.213859782073104
shone,3.857821822800638,4.212438796631828
coaly,3.939102051358462,4.211876850001353
torse,4.104917625681139,4.20958709661139
alose,3.8721020761482885,4.2074144262884925
slade,3.930223080036471,4.204696953450137
shite,3.8904477923001504,4.204666667245236
suint,3.88692963517773,4.20375898608951
carte,4.107111217192608,4.20227990299016
alone,3.889631765073127,4.2021930927650395
cline,3.7837009862655826,4.201086842779943
corse,4.0349631682725065,4.19955782699857
sonly,4.073730016509128,4.199471177153283
teary,3.9782209186438866,4.198911159020689
sient,3.956801802973377,4.19790738114502
paire,4.106586811340757,4.1974133555572894
sonar,4.157095318753926,4.197270155196211
souly,3.9862652029101637,4.196869692093755
sared,4.318513951093206,4.195365543148837
salty,4.107568135261718,4.195107268500824
paise,4.062585797088038,4.195085885245475
close,3.7659353291442286,4.1939022931530605
shote,3.890211824103635,4.1922607840949
brane,3.8608589202405916,4.191335664691891
soral,4.159660805803787,4.19111057442252
prate,3.9667812878047597,4.188970727904788
clone,3.783465018069067,4.188680959629607
roast,3.9572559838904597,4.1877915431841695
solar,4.143465719480194,4.18657775802298
siren,4.201268705016093,4.186460080413767
sacre,4.0405273372011585,4.185644922291365
roany,4.019905751598229,4.181380910834155
stary,3.8134760434158226,4.179734012911184
shart,3.751073572146683,4.177016620475744
liane,3.9951689355785174,4.1767789662887225
strae,4.0204097746919,4.174280926218184
baile,4.013733761720646,4.173666396966469
shalt,3.7317528887877414,4.171082737634749
prise,3.877098818338591,4.170967633511562
slain,3.886242329894997,4.170024504227047
shaly,3.7768729675706716,4.169893438808189
snary,3.8434747725099427,4.169699503255193
toney,4.156250184907617,4.169353670426685
poire,4.084358452648491,4.169291933505317
caner,4.086176421608853,4.1688385692288055
clote,3.8158550193720644,4.168502947092678
since,3.938932164272374,4.168236482348007
taler,4.142501279743754,4.168175441668395
sored,4.29628559240094,4.167244121096864
salue,4.098967881382405,4.166964864980157
poise,4.040357438395771,4.166964463193503
rainy,4.002371331052161,4.166099892432519
daine,4.035298790767168,4.165940828538021
shiel,3.8720784837662556,4.16506575271019
crost,3.6660442741897246,4.164867408071209
seral,4.109504532321637,4.16218173098804
cruet,3.7904522150599096,4.161915384898956
slide,3.8904603007981375,4.161294512996528
cause,3.8955402858557853,4.1611559634749105
rione,4.019146874668739,4.160527415189375
cater,4.026133599727469,4.159942966933054
coney,4.0862957274989835,4.159324400813865
reast,3.9070997104083087,4.1588626997496885
scare,3.841389773131246,4.158838548287917
saucy,3.8344558388603165,4.158801591381287
prose,3.876862850142075,4.158561750361226
crony,3.7286940418974925,4.158456775721194
ariot,3.8222031248458794,4.1582637214250955
prole,3.901543181035854,4.154955337832044
prone,3.8943925390669136,4.153340416837771
orate,3.9214560115172503,4.153319944376168
clart,3.676716767415112,4.153258783473523
brise,3.80356645207742,4.153154557761737
scale,3.822069089772305,4.152904665446922
sarge,4.093173169853267,4.1526323467004564
clary,3.721836846198042,4.152069484646963
socle,3.998978295149951,4.151589617398397
clast,3.6327157531623917,4.150931313161709
stair,3.8258889383948964,4.150854125307745
toner,4.13390252032522,4.150746416789653
spaer,3.925476615315723,4.1499702849744455
surat,4.031999226386267,4.14928854126353
coley,4.072666128225251,4.148632003640634
loast,3.89327929736539,4.148234770679571
saith,3.935261383282066,4.148174305949776
sarin,4.137499780280691,4.147993136520584
brine,3.8210961410022586,4.147933224238283
spare,3.8663063074143396,4.147216634591892
tuile,3.9208818684853677,4.146772314670045
roist,3.9174932046521262,4.14438910273056
touse,3.9432663845721527,4.143063811035759
spale,3.8469856240553986,4.141282751750897
brose,3.8033304838809046,4.140748674611401
spane,3.839834982086458,4.139667830756625
roily,3.987293614328835,4.139593391374819
plane,3.861064018039581,4.1394043219282715
samey,4.160102975100635,4.137538955769511
cruse,3.710053307106338,4.137037711740997
irate,3.8617800300246072,4.135559095430834
coure,3.917312941416239,4.1353620117347525
sloan,3.8978753063669314,4.134961163428474
ranse,4.070959441663455,4.134876430361513
lairy,3.964865969854973,4.134091923763189
shirt,3.7113107929083493,4.1336141800221355
trail,3.805910526587768,4.132881903879996
blaer,3.873173285007676,4.131893700396267
souct,3.767107401385121,4.131869468155874
surly,3.9714063383420006,4.13169301075701
shoat,3.797467108180089,4.131680645710764
saned,4.244327523583183,4.131443742632734
canoe,4.032761234910329,4.131235745602557
suent,3.869150071424623,4.131221188695335
drole,3.856726485790146,4.131031614648045
sager,4.05156072149523,4.1299157131928705
drone,3.8495758438212055,4.129416693653772
grate,3.8383829472698174,4.129300037546184
blare,3.814002977106292,4.129140050013715
rouet,4.041665177325797,4.129031196407972
sluit,3.758640478528285,4.1279789915995195
snirt,3.7585919144886795,4.127486361628145
blase,3.770001962853572,4.126812579701901
brace,3.693971839467419,4.126761062921723
shily,3.7371101883323377,4.12649099835458
maire,4.0780724741175,4.126278220958185
soapy,3.995789358183675,4.1259438554212196
shiny,3.7299595463633977,4.124876077360307
sayer,4.0596612279584114,4.124572847403658
maise,4.03407145986478,4.123950750646371
story,3.7734772959809737,4.12392568930724
boite,4.0167447623624355,4.123752041383296
sitar,4.008194122744147,4.123360778437768
clair,3.7342497411771167,4.123189597043524
senor,4.02630188300638,4.123019789679071
parse,4.094791779500437,4.122594287745262
sated,4.184284701701801,4.122548140336982
carny,3.946622971255855,4.122489313105231
short,3.711074824711834,4.121208296871799
alist,3.699119720928118,4.121041005843534
leary,3.9322441169188886,4.120444098730344
maile,4.058751790758558,4.1203443381171905
spate,3.8722249833894553,4.119489818219696
least,3.843123023883239,4.11930592724509
plate,3.8934540193425784,4.119226309391344
taser,4.105576460328861,4.119003421218566
parle,4.1194721103942165,4.118987875216081
porey,4.198082407544673,4.118161240024688
slime,3.842813020877417,4.117637274422535
riant,3.8859272986869025,4.117556435198024
trade,3.857133616420664,4.117060475954547
arsey,3.9786494357572377,4.116975286644295
slipe,3.8475389350597355,4.116768769194083
stony,3.747005970653092,4.116376885471971
diane,3.9639748371848382,4.116208072476966
reist,3.8673369311699752,4.11546025929608
scire,3.8016269938929126,4.1154361078343085
snort,3.758355946292164,4.115080478477808
sayne,3.9740195947291466,4.114270393185837
leant,3.8606527128080774,4.114084593721637
leany,3.9057727915910077,4.112895294895076
thale,3.758554480126439,4.112481145221011
goier,4.015130420014932,4.112374893529264
silen,4.113452678232337,4.111845882724433
grise,3.7487004778036486,4.111296943152956
thane,3.751403838157499,4.110866224226738
conte,4.010696430990318,4.110236680422084
trial,3.8177794712562183,4.11022444623176
suety,3.9466601515105495,4.109853877331846
caser,4.035622002920228,4.108974151605745
sidey,4.046219118268492,4.108558900348379
chare,3.707920706076747,4.1083857584491845
porae,4.202956718529147,4.107272684844069
urase,3.765284219287301,4.107008964888669
spier,3.8857138360773895,4.1065678445208365
laity,3.970784645830088,4.106365107390993
plier,3.9069428720305135,4.106304335692483
chase,3.6639196918240264,4.106058288137371
crest,3.6485006786331327,4.10473549382737
slope,3.84730296686322,4.104362886043747
alien,3.911130765730166,4.104326171694863
rouse,3.961266269372225,4.104153523250012
spire,3.826543528176006,4.103814194138284
score,3.8013910256963976,4.103030224683972
clint,3.6104826628488973,4.102307539184647
sired,4.207427218272543,4.1022303466341725
silty,3.996481402441055,4.101972071986159
soger,4.029332362802964,4.101794291140898
blate,3.819921653081408,4.101413233641519
price,3.7277414264902564,4.101171698217939
haole,3.945333193680928,4.100693861972665
coset,3.990621230027429,4.100649282017365
roule,3.9859466002660042,4.100547110720832
noire,4.025579540554075,4.100432425908642
irone,3.7893912812867616,4.099928784363817
cosey,4.035741308810358,4.099459983190804
moire,4.055844115425233,4.098156798906212
noise,3.9815785263013543,4.0981049555968285
seamy,3.9409071705192056,4.097883517215191
spile,3.8072228448170646,4.097880311297288
brast,3.6701109078990677,4.097777694620049
sture,3.7723662501146573,4.097285291803588
parte,4.144711469728273,4.097194941684879
spine,3.8000722028481246,4.096265390303016
boart,3.8773705422089684,4.096101994613804
scone,3.7749197003685158,4.095481420848705
corny,3.9243946125635887,4.094367891053259
boast,3.8333695279562483,4.09377452430199
grone,3.7659941985319714,4.093669726479167
curet,3.938851970548927,4.092735533244151
soled,4.208469565617184,4.0926299234075305
brant,3.6876405968239063,4.092556361096596
faire,3.8854378602636244,4.09225707987183
moile,4.036523432066292,4.092222916065217
later,4.050111255411107,4.091505176255531
spore,3.826307559979491,4.091408310987948
plore,3.847536595932614,4.0911448021595955
paint,3.9068971625961906,4.091085248126725
cluey,3.7622450253806585,4.0909816675589505
saber,4.03820238165318,4.09094845175923
serin,4.065115148106274,4.09094287103413
sonde,4.085065744219876,4.090622363175596
sider,4.023871453686095,4.089951646711347
setal,3.9752752829302302,4.089364328176186
react,3.7577423185599743,4.089066764456066
praty,3.838683043171004,4.089002125482931
hoise,3.898660472291399,4.088584735600211
sabre,3.9790320737517972,4.088194801376677
soyle,3.9589418780058208,4.087763892128137
shule,3.7357631742695068,4.087444717700592
glare,3.759137002832521,4.087282435404934
drant,3.7163562678393687,4.086445713662421
tried,3.954404257853372,4.086357992906103
slaid,3.8924008431514467,4.085794770447453
liart,3.8484219374897135,4.085548466528694
peart,3.9007466349879882,4.084986226929148
grace,3.6391058651936476,4.084903448312943
faine,3.8589665349357434,4.0847082760365625
frate,3.7456323367276267,4.083814452219329
olate,3.848128743055069,4.083575525862723
alure,3.7868937999009367,4.083132896674799
train,3.8131528662791894,4.082388026731458
sable,3.9597113903928554,4.082260918535682
urate,3.8152039095151364,4.081609618828287
peasy,3.901865699518198,4.0814694577907735
ronte,4.098650773199025,4.081355662249159
sidle,3.945380462425769,4.0812641134878
snarl,3.7495061674673824,4.081010868328367
solde,4.071436144946143,4.079929966002366
alter,3.873486099519902,4.079592429821128
artel,3.8751924275219194,4.079255467044779
route,4.011185959600061,4.078754177189631
caste,3.9823703709939595,4.078493684850996
truce,3.630650372666638,4.077271046060195
drice,3.682924731244548,4.07724797503394
cried,3.884449800444737,4.076328723293281
spite,3.832462204151122,4.076087377766088
scote,3.807309701671513,4.075303408311777
satin,4.003270530889285,4.075175733708729
space,3.672947901313285,4.075093228986456
tiler,4.031414546923091,4.075040245153731
place,3.6941769372664086,4.074829720158103
orant,3.715847686797568,4.0747186533178
sadly,3.9283689506126764,4.074430707580607
stray,3.8923115300581443,4.0743123237963275
tansy,3.924861312229627,4.073818115725403
ruote,3.963885144422982,4.073663210202762
tride,3.8173708371823305,4.073658035500939
dairy,3.9336718714612937,4.073521029951433
blore,3.7740042296714433,4.07333172640977
palet,4.087374660670253,4.072857763213887
trape,3.8142122506822616,4.072534732152102
loner,4.087925718600223,4.072279356499309
cruel,3.741603688800279,4.07203745114557
roset,4.078575572236136,4.071768263844439
biose,3.8777307298096884,4.071731729830651
borne,4.016560743471839,4.071438456420011
daisy,3.889670857208573,4.071193559639619
snail,3.7842667270288537,4.0707382343619605
dorse,4.027746725562463,4.0705491425092895
oriel,3.863323923745022,4.070316589387514
anise,3.7776047811700826,4.0700401624252045
porte,4.122483111036008,4.069073519632907
salut,3.9257495579657204,4.06818556138486
curse,3.8584530625953555,4.0678578600861925
cosie,3.98898389588805,4.067826445204814
daily,3.9143511881023523,4.067587147110437
thine,3.7116410589191657,4.06746378377313
boaty,3.928409296967014,4.067185879415048
daint,3.8620804673504825,4.067161524942726
print,3.7214101838467437,4.066966996392813
loure,3.9412905970998757,4.066924221057229
citer,3.915046866906807,4.066807770418389
anile,3.8022851120638617,4.0664337498960235
seron,4.036109709747661,4.066366331756841
slake,3.8532021648354378,4.066031236441992
solan,4.079087118711453,4.066002499584648
frise,3.655949867261458,4.065811357826103
shute,3.761002533603564,4.0656517841693915
rance,3.921602049815121,4.065080495067891
canst,3.809786776038064,4.0649781449391424
stade,3.805491087767629,4.064951316092502
triol,3.7371423089908227,4.064902924149099
beast,3.7832132544740973,4.064845680867509
louse,3.897289582847155,4.064596750745415
soave,3.851623850824086,4.063622230895297
crame,3.73953187909131,4.063373967767733
cairn,3.8541620488201978,4.063347202365348
point,3.8846688039039243,4.062963826074753
sober,4.015974022960915,4.0628270297072575
crape,3.7442577932736283,4.0625054625392805
atone,3.7648997728042857,4.062447455407405
trode,3.817134868985815,4.061252152350603
shade,3.78820869528142,4.061044624830502
ratel,4.0424670014760125,4.0609805674703345
those,3.6938754017978113,4.060279234146248
ahole,3.754768022287016,4.060155685139678
scart,3.6681714497145608,4.060059244692621
curie,3.9372146364095477,4.059912696431599
deary,3.9010500185252095,4.059873204918588
prost,3.7036445267253897,4.059782446765929
sural,3.983150700126637,4.059410607510143
chile,3.6488372434794725,4.059049435154582
scary,3.71329152849749,4.058869945866061
prosy,3.7487646055083195,4.058593147939369
beany,3.8458630221818657,4.058435048517495
urine,3.743051128973806,4.058385190911607
blite,3.7801588738430745,4.05801079318791
chine,3.641686601510532,4.057434514160309
thole,3.7185557326915903,4.056672821617067
louie,3.9760511566613475,4.056651587090823
naice,3.854449493145286,4.056430442355179
pause,3.9331405383914504,4.056071002169631
peaty,3.9517853897460338,4.056070111730392
stear,3.8199783193102395,4.055658870265333
larnt,3.9254805481565618,4.055240821254269
dealt,3.8366092563833387,4.055128620904153
pater,4.063733852263136,4.054858005627774
riley,4.0717620963055605,4.054737211005016
poney,4.123895980034649,4.054239439508584
anole,3.8020491438673463,4.054027866745687
shent,3.6670599038273606,4.053527578792693
scrae,3.9202252597735683,4.05341685917306
paler,4.110147074870785,4.053061210750294
goary,3.867624646718127,4.053055081178464
scaly,3.693970845138549,4.052936063025066
chore,3.667921958641898,4.05257743484524
scant,3.6417001243866793,4.052510440857353
shear,3.80269592682403,4.051752179003333
marse,4.06627744227718,4.051459153146158
alert,3.725341171427732,4.050830678761171
grant,3.632774622550135,4.050698746487815
coste,3.9601420123016933,4.050372262799023
aiery,3.9181887646016262,4.0503688536673055
chose,3.6239209443891776,4.0502499645334264
sorta,4.183112070097907,4.049174082509955
samel,4.066134370058075,4.048850320842686
salon,4.020678315138323,4.04880239955396
spart,3.6930879839976543,4.048437330996597
briny,3.6929978963685026,4.047964621816427
marle,4.090957773170959,4.047852740616976
cleat,3.7055667078919265,4.047790894464704
tries,4.316712216107915,4.046716431044939
plast,3.6703160056980573,4.045846351856429
certy,3.906628340384435,4.04526103508185
ceorl,3.7742991087578432,4.044384930877096
artsy,3.7155438011942232,4.044287125218349
poley,4.110266380760916,4.043547042335353
truly,3.6765898507749952,4.04349196640278
drily,3.7288642093529054,4.043468895376524
tousy,3.8151681399383968,4.043095208613902
spalt,3.673767300638713,4.0425034481556015
sloth,3.676211167873923,4.041905752552081
shoal,3.7486185819204585,4.041802711957378
flare,3.66638639229033,4.0417968500780805
rinse,3.959872708842793,4.0417412338468495
ruice,3.7648440305433275,4.041672504119857
grice,3.599343085955314,4.041501007859335
brosy,3.6752322392471486,4.040780072189544
artly,3.740224132088002,4.040680712689169
doilt,3.847002750627156,4.0406550238850265
plant,3.687845694622896,4.0406250183329755
starn,3.7267497780646837,4.04055150083582
laser,4.059599658603863,4.040536360928222
frite,3.7058695574892937,4.040412011765721
rioty,3.92343863133798,4.040380800230591
doily,3.892122829410086,4.039465725058466
earst,3.871147393864037,4.03922768980874
sarod,4.114652855178528,4.0391868634637005
canty,3.904826545048829,4.0383895000522
sined,4.13324079076252,4.038308546118069
crust,3.5368349836896527,4.038258408145701
beaty,3.878253023484863,4.038257035980567
urite,3.7754411302768034,4.0382071783746785
spait,3.7278485435591255,4.03816469703019
peisy,3.862102920279865,4.038067017337165
tared,4.1720972190152175,4.037984647139803
plait,3.7490775795122495,4.037901188201837
seria,4.161797680202112,4.037699421481264
clade,3.713851890549849,4.037286787828281
crusy,3.5819550624725824,4.037069109319141
cries,4.24675775869928,4.036687161432118
sharn,3.709467385578474,4.036644809573819
court,3.744094617999554,4.036582708139456
spiel,3.814092895617227,4.036486463231043
boney,4.050363613773479,4.03642636375876
morae,4.174442381305889,4.036137550244964
sured,4.11977548672379,4.035544154184487
trash,3.5932007614651296,4.035476944720818
cadet,3.895814582819603,4.035473230067749
baler,4.036614708609615,4.0352481350004705
slued,3.8980484627725915,4.034979587325848
stage,3.717183727198731,4.034918077049285
gorse,3.944165080273229,4.0348021753346845
danse,3.9757886567447063,4.034748764045158
potae,4.068727469137741,4.034455282032214
early,3.9409478035407455,4.034431978452998
hoary,3.8543260211486965,4.034346043943776
stied,3.9027617292003365,4.034248833044058
flane,3.639915066962449,4.034248046242812
moany,3.94103732470193,4.034041833102696
earnt,3.8886770827888757,4.0340063562852855
hoast,3.7652049281130466,4.033207872458523
gaily,3.830769542813118,4.031840179935832
spice,3.633185122074952,4.031690788532847
shorl,3.662226298452204,4.031330363118412
deair,3.9134629135042838,4.03099331731515
dater,4.018917157017427,4.030934282443774
slyer,3.800846980746784,4.030710177156299
blart,3.6407846536896065,4.030360746418419
shied,3.8854793367141274,4.030342141782057
stain,3.761510337626155,4.030278866869413
sloid,3.852402095716598,4.029986446843509
sieur,3.8752657199638385,4.029821810201975
drony,3.72147759918745,4.029448091231915
sited,4.0731979688811375,4.029412943822319
tolar,3.997048987402205,4.029196862013946
tripe,3.7744494714439285,4.0291322916984935
count,3.7176232926716724,4.029033904304188
stroy,3.8116743677927483,4.028990801713667
rhine,3.7296409437192377,4.028553495987383
blast,3.596783639436887,4.028033276106605
clear,3.728339122092459,4.027994342001112
bract,3.5207535160507337,4.027981759326428
cared,4.102142761606585,4.027955377526982
droit,3.737589405293873,4.027913559927337
smile,3.7958685209264686,4.027845896522594
siled,4.1196111914887865,4.027616148944839
bolet,3.991613935716816,4.02692326541209
prune,3.765183248566843,4.026731416912263
liney,4.021415009054223,4.02587283567365
sucre,3.8417888728317413,4.025823533327015
lance,3.8576253632900515,4.0255237225632925
crash,3.5232463040564954,4.025447675107998
goaty,3.8735433226932425,4.025328264806268
maist,3.8608531364480942,4.025171447051075
poler,4.087918716178519,4.024939788698322
poule,3.9355925105929632,4.024343167588476
snied,3.9327604582944566,4.024214323388067
bialy,3.8143115635045604,4.023965038483557
diary,3.862347917878964,4.023788273890378
coral,3.9432896163171653,4.023700408800666
morse,4.044049083584913,4.023337731094186
naily,3.9003889712536433,4.022651362697764
smore,3.8149532360888943,4.0213738962132535
aisle,3.9522110258432996,4.020663555002965
peony,3.8793966410081877,4.020439800663375
crime,3.699769099852977,4.019971527314125
doley,4.065449685515208,4.019623319151354
laide,3.95688101420678,4.019309226944507
platy,3.765355774708823,4.019257706969487
oater,4.018408575975626,4.019207222099154
cripe,3.7044950140352944,4.019103022085671
hairy,3.8367916006026292,4.01906502554214
tuner,3.9573924146480697,4.019046449877276
ploce,3.65417818983156,4.019021396554159
parly,3.9913738657604605,4.019019272794225
salep,4.039025376107361,4.018792503428188
sandy,3.979195858278387,4.0187751828057126
cutey,3.8497427999404508,4.018728831605736
culet,3.851035943765171,4.018121335554817
morne,4.061578772509752,4.018116397570731
slipt,3.67432061164305,4.017989465598786
shoed,3.885243368517611,4.017936258631721
boner,4.028015949191081,4.017819110121728
slimy,3.714714776243661,4.017668672000679
norie,4.092546082527947,4.017668194442024
farse,3.8736428284233044,4.017438012059803
shame,3.7405614153606996,4.01738738625651
trady,3.7290353717869085,4.01709187353269
trope,3.774213503247413,4.016726408548157
shape,3.745287329543018,4.016518881028057
taish,3.7389249609762425,4.016192756001123
rhone,3.7294049755227228,4.016147612837047
horse,3.930866454703799,4.016093138099998
deist,3.772166146251226,4.0153325929797266
glace,3.565778596731467,4.015159029799499
farle,3.8983231593170835,4.013831599530622
haily,3.8174709172436883,4.013131142701146
toady,3.892293991844089,4.013088703214631
thrae,3.8567106501277024,4.01299333894715
cadre,3.859416689118752,4.012923027221603
groat,3.7056394839114226,4.012911575558103
haint,3.765200196491818,4.012705520533434
elint,3.597656853164848,4.012635283538141
grist,3.575482154386963,4.012517639557661
manet,4.072489922720728,4.012415025788013
loser,4.037371299911598,4.0124149388762484
doner,4.056731620206544,4.011708462687553
borel,4.030581436240942,4.011659529348037
birse,3.9101726804186043,4.011646015480773
snide,3.7957270376234162,4.011514365982903
crout,3.5792654659044922,4.011357056068302
sutor,3.8399052289299975,4.011353063905423
grisy,3.6206022331698926,4.0113283407311
solah,3.9378965877115837,4.011146253919416
brule,3.6988015242746117,4.010533262156712
claes,4.213193269475433,4.010345183372282
bouse,3.8373798134380137,4.010136504367834
chart,3.534702382660061,4.0096064548538894
ranty,3.9927808872575348,4.0095084818792746
oracy,3.5940806848073246,4.0089547527210705
chary,3.5798224614429914,4.0084171560273285
birle,3.934853011312383,4.008039602951593
druse,3.7028368643962954,4.008029027251718
aloed,3.9170533107901013,4.007690554764933
crome,3.6995331316564615,4.007565644163789
sware,3.7103564534754563,4.0075534194482
liner,3.9990673444718263,4.007265582036618
paren,4.133584500885799,4.007100150001296
mealy,3.898031693188719,4.006727910662488
heart,3.759049668883616,4.006606499335856
clied,3.811122531982557,4.006584304779837
boule,3.8620601443317923,4.006530091838652
carol,3.8848808127440355,4.0065003087699775
meant,3.8457609724368487,4.006302288494776
smite,3.8211078802605254,4.006052962991394
roust,3.7880479459555394,4.005374219654716
reoil,3.8970140105280215,4.0052312787377655
meany,3.890881051219779,4.005112989668215
spirt,3.6533252047593203,4.005034890542988
bonie,4.00360620085117,4.004792825772769
slopy,3.719204722229464,4.00439428362189
heast,3.7150486546308956,4.004279029024042
douse,3.866095484453476,4.004025856933659
wrate,3.6997535821529346,4.00401610011072
spiry,3.6984452835422506,4.003845591716428
phare,3.7455209586124125,4.003300797143906
coady,3.8223395344354554,4.00305943360181
ploat,3.760710555984184,4.0028378474032635
doter,3.9966887983251604,4.002812860391802
cadie,3.8941772486802235,4.002650393255198
matey,4.057567179622275,4.0023301246657015
saree,4.003253056606251,4.002194818690734
chant,3.5082310573321793,4.002057651018621
solei,4.181067468515858,4.00162487075382
swale,3.6910357701165153,4.001619536607206
pricy,3.599643181856501,4.001203095796083
flier,3.6857939209533805,4.001148060007025
phase,3.701519944359692,4.000973326832091
cuter,3.8273951353580538,4.000121577968704
irony,3.6612930366530057,3.99996018194196
brail,3.700023955453629,3.9999545972120707
cored,4.079914402914318,3.9998339554750095
prest,3.686100931168798,3.99965053252209
barny,3.9106908575303496,3.9995912760501273
spilt,3.6340045214003793,3.999101007701993
liter,3.9390245225904437,3.9983699797408665
samen,4.073376709749496,3.998356443694147
tares,4.534405177269761,3.99834308527864
noisy,3.8534802816675984,3.9981363531749716
slave,3.615037962304724,3.997880982699912
suona,3.9417700125088437,3.9977378424843826
chiel,3.655707294279634,3.9976555870883352
claut,3.5459369448771603,3.9974209611588023
party,4.016613225094518,3.9972263392630234
moist,3.838624777755828,3.997050024999102
spiny,3.6719739582143687,3.9962967878811595
litre,3.87985421468906,3.995616329358314
singe,3.907900009522581,3.9955753496696884
poset,4.028221482563095,3.995564320712085
arish,3.589650271822222,3.9955573677898206
targe,3.946756437775279,3.995251450691422
gater,3.9353355117281925,3.9951873152691695
prial,3.78542526638325,3.9951102153136584
pearl,3.851898108728358,3.995108293175761
noily,3.878160612561377,3.9945299406457915
poesy,3.8944796300089086,3.9944580633774702
prent,3.7036306200936364,3.994429198998636
posey,4.073341561346024,3.9943750218855243
drail,3.7287396264690917,3.9938439497778955
panel,4.052155733684356,3.993672226633731
smote,3.82087191206401,3.9936470798410575
clame,3.666204610629129,3.993629549254288
seton,3.9018804603562556,3.9935489289449864
caneh,3.880607289840243,3.9934070651252416
talcy,3.76187432110756,3.9933297832585506
surge,3.8944347054838504,3.9928109577361064
sport,3.6530892365628054,3.992629007392652
fairy,3.757339615629869,3.992288477449974
santo,4.052381338927989,3.992101576715622
savey,3.8927601881856795,3.9910361790078657
renay,4.000869862576257,3.9906573816039823
hoist,3.7254421488747136,3.989805432004915
porny,3.9619948650992542,3.989282929747979
piney,4.035037605906253,3.9892256650458924
pance,3.871247960142081,3.9888765519355367
deity,3.8672059152619918,3.9887439480927833
brute,3.724040883608669,3.988740328625511
rouen,4.000058990757587,3.988659385506047
cares,4.464450719861127,3.988313815665818
dolie,4.018692272592899,3.9879897811653637
coder,3.896358638327869,3.9875552555521843
manse,3.9920910147671567,3.9875373526300546
glary,3.6310387581987653,3.9873138329830775
cutie,3.8029853870181416,3.9870952936197455
shunt,3.5553942088838815,3.9870504931110236
sapor,3.8978138585809683,3.9868993609898897
baser,3.9996898891947223,3.98607611455064
flore,3.6263876448554817,3.985988526474136
faint,3.6857482115190576,3.9859289724412665
taper,3.955258222417658,3.9856971446659926
steal,3.7483573788500766,3.985577488975539
bloat,3.6871781897230136,3.985024771653439
meaty,3.923271052522776,3.984934977131287
patel,3.9921129118029723,3.9847766243379796
waite,3.845477781664048,3.984731911391024
blist,3.557020860198553,3.9846308356529963
piony,3.8406945403619424,3.9843548696351645
mater,4.035219515039877,3.98372287102867
super,3.902936490126229,3.9832566517106764
toran,4.0204864134172205,3.9832358012649483
money,4.095381642811391,3.9831043049094808
proal,3.7851892981867348,3.982704332163322
sieth,3.8063950867082967,3.9825013120409354
selah,3.8877403142294327,3.982217410484936
ploit,3.7090788320774006,3.9820928645978926
safer,3.904756382482349,3.9819925397210696
curat,3.8156280368996454,3.981878375641675
giant,3.7071748684789188,3.9816818017070643
sheal,3.7310749863638666,3.9816707977135386
salto,4.038751739654256,3.981409179542391
learn,3.8455178515677497,3.9812615866549796
cagey,3.8575371965910055,3.981112801208048
south,3.7835877658932136,3.9810380008219584
shorn,3.6694686381436252,3.980836485969874
hanse,3.8789083858860423,3.980292759635867
griot,3.6252382898425424,3.979995936625779
relay,3.9872402633025246,3.979964984430752
feart,3.6795976839108553,3.9798299512436888
manie,4.070852588581349,3.979592188975462
geist,3.6885845009619924,3.9795856258051208
chair,3.5922353564220653,3.9795372684238903
caird,3.8603205620766476,3.9791174685857533
shtar,3.718452223598131,3.978980976085441
stoln,3.6674303472708933,3.9788092943908797
piley,4.0214080066325195,3.978533267872662
smart,3.6817336601070583,3.978402916221902
bliny,3.6196706279063218,3.978220203302982
stime,3.7180810286085757,3.9778916370649013
hause,3.7914435722870783,3.977691274576339
heaty,3.810088423641661,3.9776903841371
feast,3.6355966696581357,3.977502480931875
stipe,3.7228069427908936,3.977023131836449
brent,3.630098253832466,3.9766161232488115
bosey,3.999809195084854,3.9765619461357
hater,3.9220368861587627,3.976478278034482
trona,3.8086047660508253,3.976060083705786
goner,3.9731499749173103,3.975961495512947
honey,3.982199013930277,3.9758597119152927
poser,4.050993896763627,3.9757677682484918
drest,3.6412842359230897,3.97572680933809
caper,3.885303765009023,3.975667875053171
guise,3.7354489921836787,3.9755938059225207
triad,3.83118032420409,3.9755008353036265
spacy,3.5448496566795296,3.9751246265645994
sield,3.928504771630558,3.974920757457774
haler,3.968450108766412,3.9746814831570028
motey,4.035338820930009,3.974208702613729
roady,3.910293876644161,3.9741784154288844
soree,3.981024697913985,3.9740733966387607
paste,4.019970623529625,3.9734087235457163
smalt,3.6624129767481164,3.972469033380907
sawer,3.9366083248271924,3.972459979527976
saver,3.8704125236032816,3.972428925370833
moley,4.081752043537659,3.97241190773625
lacet,3.8845316970990242,3.972347168838132
ahint,3.5746350250979058,3.972167343700445
guile,3.7601293230774573,3.9719873933933396
rince,3.810515316994459,3.971945298553227
sound,3.898546808846535,3.971842525244524
doest,3.8045428559802703,3.971723639020031
pried,3.9220500529804028,3.971243761988002
lacey,3.929651775881954,3.971157870011571
laten,3.985732654642365,3.970929917817198
carpe,3.922187975197142,3.9707296763193725
flite,3.6325422890271124,3.9706675932522764
piner,4.012689941323855,3.9706184114088607
drent,3.6588139248479283,3.9705054758146363
moity,3.933664546766593,3.9704613801121598
neist,3.7582039294025176,3.9703968085670516
tores,4.512176818577495,3.970221663226667
arith,3.6395699620500572,3.970158021729439
buret,3.902919856823422,3.969837496189047
tonal,3.9390576462157756,3.9698078778973835
toidy,3.852531212605755,3.9696862627610225
halse,3.8652787866123086,3.969600362462636
bluet,3.681192832872223,3.9692729293304074
porty,3.9943848664022514,3.969104917211051
curst,3.6852347391786697,3.9690785564908957
crake,3.710158243810997,3.968365489333582
bluey,3.726312911655153,3.968083630503847
aloes,4.279361269044644,3.96804899290377
biont,3.7220420953178417,3.9677310927119005
throe,3.7760734878623063,3.967671816864489
pilae,4.026282317616994,3.9676447126920427
spuer,3.756268577380803,3.9675529614449925
frist,3.4827315438447726,3.967032054230807
snipe,3.7528056718850142,3.966988622180458
caple,3.8068127737486988,3.9669803418296232
loury,3.8131923524661198,3.9669556186353727
clies,4.1734304902370996,3.9669427429186737
perst,3.8491888239093353,3.9667647186635127
satem,4.013019273850734,3.9665255012853438
slank,3.6257497292467424,3.966504901756742
chirt,3.494939603421728,3.966204014400281
tenor,3.879885150928392,3.965638893670036
shout,3.580295002173882,3.965370474557079
holey,3.968569414656544,3.965167314742062
dance,3.826431264896372,3.9649528287515365
steil,3.696725654943293,3.9648325061701675
sauch,3.6065390425093096,3.964762833640691
lousy,3.7691913382133997,3.964628148323558
stope,3.7225709745943787,3.964617248686112
moner,4.073033978228994,3.9644970512724482
curly,3.7550351488553786,3.9642828451351546
swire,3.6705936742371232,3.964150978994593
caned,4.027956334096562,3.9640335770108783
forte,3.9013341599588744,3.963917243947449
troad,3.830944356007574,3.9630949521532903
foist,3.6459901639019527,3.9630288839127474
hiant,3.6938762429094885,3.9629727644723776
meint,3.8059981931985156,3.9628998480411677
purse,3.896053315131021,3.962772898780912
curny,3.7478845068864386,3.9626679241408818
crapy,3.6161595486398723,3.962536860117424
bitey,3.9014624177636987,3.962516987000318
cager,3.8351895320086076,3.9625055475710154
atony,3.6368015281705297,3.962478852985549
mante,4.0420107049949925,3.9621380065696727
segar,3.855952155671531,3.9620082901039417
meiny,3.851118271981445,3.961710549214607
tamer,3.9913385784402498,3.9615508061234452
trans,4.120387452900829,3.9612405612218384
shady,3.6601104506476645,3.961076022408646
solid,4.033613908061119,3.9610277829996825
heist,3.6752858753925626,3.960876588570434
ponce,3.849019601449814,3.9607551298835637
armet,3.8192914750856968,3.960711970375736
shope,3.7052885821081687,3.9607105574241124
songy,3.868660139017222,3.9606205217105233
write,3.659990802914601,3.960613659657111
beray,3.9511698341520693,3.9605621632379067
relit,3.8904884606128114,3.960409300451941
lunet,3.88864319872254,3.9603759420505247
aloin,3.736039139977586,3.96031814813668
cores,4.442222361168861,3.960192393613846
piler,3.9990603420501225,3.95992601423563
scail,3.654083483016402,3.9599086769728284
coapt,3.734298089914123,3.9597229886259253
sabir,3.8633467240971155,3.959346311351383
snout,3.627576123754212,3.959242656163089
trild,3.725467357376893,3.959094603623667
spule,3.6777775861204782,3.958865428221445
pansy,3.892507107356659,3.958703884807302
pride,3.785016632309363,3.958543804582838
glair,3.6434516531778396,3.9584339453796398
morel,4.075599465278854,3.9583374704987575
flote,3.6323063208305975,3.95826171010194
swile,3.651272990878182,3.958217096153598
pouce,3.7615547878508506,3.9581536448240358
grail,3.6451579811798576,3.95809698260329
shiur,3.6033033845709292,3.9579798052438235
noter,3.9827265814764523,3.957877075979127
shred,3.9176853191265275,3.957850544281845
toper,3.9330298637253907,3.9575757226140196
honer,3.959851349347879,3.9572524582782607
braes,4.250588424212109,3.957191564830622
mouse,3.8823978424759265,3.956814445518554
crith,3.5334032150459977,3.9566458885940072
swine,3.6441223489092414,3.956602175159325
crein,3.6856560658791153,3.9564185192708523
caron,3.892123152435457,3.9560064316214394
clash,3.449919035594314,3.955703256594552
derat,3.934765426384602,3.955640814630292
baste,3.946438257268454,3.955595647795892
noule,3.876813598498546,3.9554836599918035
scrat,3.7470069363568825,3.9546375555777646
frost,3.482495575648257,3.954626171080471
sceat,3.697021390191375,3.954591355683802
sabot,3.811568871537971,3.954566324537686
slive,3.575275183066391,3.9544785422463034
deray,3.979885505167532,3.954451515803732
surah,3.8492025088181894,3.9540604846963734
moler,4.059404378955261,3.9538046540992178
scray,3.7921270151398123,3.953448256751204
moule,3.9070781733697055,3.953208032989373
diact,3.6238694329949803,3.9528541671115014
biner,3.939157575062685,3.9528053356590362
great,3.688095888354831,3.952779661314264
lacer,3.907304111299557,3.9525506163745394
shard,3.715625898834924,3.9524150757942254
saick,3.677914116446864,3.952390529780324
haute,3.8413632625149137,3.9522919285159572
togae,3.910137606291847,3.9521320935882764
raith,3.806844536004151,3.951883122154995
doser,4.006177201517919,3.951844045064492
swore,3.670357706040608,3.951745095844257
monie,4.048624229889082,3.9514707669234896
borty,3.9208525001410806,3.9512918414612264
crans,4.050432995492195,3.9512112916090176
ourey,3.9762470255800126,3.9508104895836906
clime,3.6264418313907956,3.9502271088006804
patsy,3.832464285475276,3.949808282511551
house,3.769215213594812,3.9495698525243665
stour,3.620349808860624,3.949480613355487
bluer,3.7039652470727553,3.949476376866815
brain,3.7072662951450503,3.9494607200635325
front,3.500025264573096,3.949404837557017
clipe,3.631167745573114,3.9493586035722275
coals,4.220842257518316,3.9488230422852313
stand,3.7064369659932517,3.9487729632209576
scute,3.6781004111714415,3.9486944083862685
irade,3.7197781537675434,3.948534612562491
sepoy,3.847776890988949,3.9484563491404687
aired,4.097222775789981,3.94833231414775
spail,3.6790000172994954,3.9482867632768035
wrote,3.6597548347180857,3.9482077765067745
palsy,3.878877508082926,3.948011487634071
snath,3.621476652134051,3.947933929142401
marly,3.9628595285372032,3.9478841381951204
fouet,3.7701621365756233,3.9476709775901586
farce,3.7242854365749705,3.947642076766181
goray,3.9464601333604485,3.9476333920636066
coper,3.8630754063167574,3.9475464530011983
trued,3.8249589991567845,3.9473431098302583
sithe,3.8144185567978965,3.947296754159508
lader,3.942564652703772,3.947238886926633
diner,3.967873246078147,3.946694688224862
loipe,3.8917312897761116,3.9466620610900898
saker,4.0183369004564815,3.9463500338098623
patly,3.857144616369055,3.94620186998237
staid,3.767668850882605,3.9460491330898186
toned,4.075682432812928,3.945941424571727
aroid,3.815524921696216,3.94583283287053
swole,3.651037022681667,3.9458112130032617
slept,3.656541047889943,3.9454516682046106
poste,3.997742264837359,3.9452873014937437
ready,3.86013760316201,3.945249571994404
dorty,3.9495681711565434,3.945181194027051
spaed,3.8672565278034314,3.945165292756518
burse,3.82252094886985,3.944959823031088
bosie,3.9530517821625444,3.944928408149709
shand,3.689154573507042,3.9448662719589573
tired,4.061010486194555,3.9448494506251386
prian,3.7926676060746716,3.94461633816512
sower,3.9143799661349266,3.9443385574760024
broil,3.66002520801878,3.944146273608126
oilet,3.930962651562081,3.9440717831706023
sarky,3.9763613705873766,3.9440312663136727
biter,3.8791147531813013,3.9439097333632853
tails,4.273262294380882,3.943571293496417
soupy,3.8265813202487546,3.9435265318917674
drain,3.735981966160513,3.9433500726293573
argle,3.677378309002896,3.943211895748987
comet,3.876383348138818,3.943196666922244
gloat,3.632312215449242,3.943167157044659
sprat,3.771923470639976,3.9430156418817406
speat,3.721937924474469,3.942969441987777
bonce,3.7754872351886437,3.942942054133739
arled,3.9350065030774415,3.9427350612391665
pleat,3.743166960427592,3.9427059331594245
copse,3.759904084162654,3.942465332306832
ramet,3.98656604903979,3.9424370708012915
grade,3.6963810710127536,3.942275554677841
slove,3.5750392148698755,3.942072659095967
tains,4.266111652411942,3.941956372502144
flary,3.5382881476565746,3.9418282476562236
spray,3.817043549422906,3.94182634305518
clout,3.505938197442311,3.9416126375548584
acone,3.6647152578859536,3.9415833883622824
molie,4.0349946306153495,3.9407783697502587
bride,3.711484266048191,3.9407307288330133
fract,3.3731369312347717,3.9406385593907927
brame,3.7035997653658046,3.940475930712629
bairn,3.818229935094693,3.940449165310244
realo,3.9080837244775557,3.940368899435514
rosit,3.90371991468007,3.940166123436592
phone,3.6790508858496818,3.939943669704693
seare,3.728809004140231,3.93970908471666
toyer,3.8910161371881578,3.939070529342651
botel,3.896352186849535,3.9388421265361826
foley,3.889117429683784,3.938390766649895
claro,3.65302045059058,3.938371395688529
droil,3.688740879034243,3.938035626173951
glint,3.51968457484962,3.9375518875207622
morat,4.001224057889203,3.9373582466496684
ropey,3.973377413107861,3.9372726884653053
plute,3.7242459814076585,3.936808985861891
scent,3.5841577813952386,3.9365702030095693
serai,4.095503288168182,3.9364530674061977
derny,3.867021896371395,3.9364303631294986
sheol,3.6504378240984714,3.936349275630878
naieo,4.060509476122659,3.9362166630217668
moray,4.046344136672133,3.936168947823108
aider,3.9136670112035317,3.9360536142249245
goest,3.7209612106910366,3.9359766718454257
coned,4.0057279754042945,3.9359121549589053
tears,4.25996112480374,3.9358573513045667
sowle,3.835888974874602,3.935651024252455
roake,3.9613712060768838,3.9354813008425977
alder,3.765939496812567,3.93532614049223
toled,4.062052833539195,3.9352490273984966
raned,4.115910676305267,3.935152558837953
stean,3.755599718541498,3.9350836118270003
trike,3.7403499219812977,3.934992318492795
stagy,3.589085482564975,3.9349494746274294
gorsy,3.8160668356394734,3.9348335729128285
lirot,3.8466202618666396,3.9348052553311774
pacey,3.943274372733983,3.934510699383815
paten,3.9993552514943937,3.9342827471894415
douce,3.7167380926051417,3.934229921640036
feist,3.5958338904198017,3.934100040478267
sowne,3.8287383329056617,3.9340361032581823
monte,4.019782346302726,3.9340165845176998
aesir,3.894548460193805,3.933833878846876
taber,3.8917856495751924,3.933567555750196
drape,3.737041350563585,3.933496778050001
panty,3.9424267975844947,3.9333045387469197
piert,3.804502191350302,3.932961058053153
maser,4.0447079182326355,3.9327540557013605
teach,3.5569457161918248,3.9327489956746557
sooey,3.821311736526787,3.932594938182654
pareo,4.151494370629477,3.932584573118227
spade,3.730223107132391,3.9324653353513543
hoaed,3.9833744861715443,3.932263304530259
panir,3.948921016588453,3.9321514675156775
resat,3.905195365104703,3.931982262807483
cains,4.196157195003309,3.931927102889323
suave,3.6751137451469353,3.93192226398292
slang,3.5911636703450114,3.9319176064489714
spicy,3.505086877441196,3.9317221861109912
luter,3.8513727910416895,3.9316837872911807
pries,4.284358011234946,3.9316022001268385
glory,3.5910400107639164,3.931505509379133
shaul,3.5714452233491008,3.9313008644076373
suber,3.8394639172837635,3.9311270627948804
comae,3.926377737906222,3.9311188129150643
resay,3.9503154438876322,3.9307929639809225
wrast,3.4766155685084135,3.930636142575805
glost,3.5019189177282666,3.93036733789388
teals,4.240640441444799,3.9299234684635715
dault,3.7397858506228356,3.929761562861154
tripy,3.6463512268101725,3.929163689276637
coyer,3.8210616797795245,3.9290412597298294
darcy,3.7725194477726394,3.928906026845784
feint,3.6133635793446404,3.928878706954813
torah,3.8792958824173516,3.9283795555997165
daunt,3.732635208653895,3.9281466418668813
pousy,3.7828139350654286,3.9279809776958015
prunt,3.5919649251501573,3.9279521133169673
smily,3.667770276292713,3.927877294100738
fouer,3.792934550776156,3.9278744251265656
serac,3.9127110158393843,3.9276295071910545
loath,3.760402270025148,3.927607368052033
tribe,3.6729686977083498,3.9275191738875477
antre,3.719582528443797,3.927058632424951
coats,4.246081616852373,3.9270301087540305
coted,3.9456851535229123,3.927016552663155
pruny,3.637085003933087,3.9267628144904068
spelt,3.6162249576472725,3.926563210307817
stake,3.7284701725665963,3.9262855990843586
rated,4.055867854423884,3.9262569565422023
gluey,3.671446937381382,3.9262260158950664
dolce,3.790573306930373,3.926139009526333
crias,4.123533825049999,3.9258300038296423
spial,3.6908689619679453,3.9256293056285667
poult,3.762374187176278,3.925563863993181
nosey,4.014562649251608,3.92551551428885
faute,3.7619112775421537,3.92551538042379
tardy,3.906965553710422,3.9253160873127824
coled,3.9920983761305617,3.925219757785675
spent,3.609074315678332,3.924948289313545
bleat,3.6696345941664212,3.9248928574095996
table,3.8132946583148675,3.924880022526648
crude,3.61797112107711,3.924613882812273
stern,3.6692074350732433,3.9246112629880354
teind,3.8314190619829827,3.924547668876854
canes,4.390264292351104,3.9243920151497154
forel,3.8829648514249797,3.9243163294124033
oiler,3.9537350657626136,3.9242752307070092
leash,3.660326306315161,3.924077870677934
choir,3.552236608987217,3.9237289448199455
tales,4.4465891504860044,3.9237288875893057
chuse,3.4947116538891065,3.9236409646079182
caber,3.8218311921665586,3.923538286137375
comer,3.8991557623393502,3.923400114458652
mosey,4.044827224122766,3.9232398872864196
spear,3.7447103386750014,3.923172889524185
slink,3.585986950008409,3.923102461303134
arils,4.123987605226862,3.9229359052851143
pared,4.13974301414225,3.922870416221702
roach,3.6251018744740477,3.922767551323391
cryne,3.5721614264930786,3.9227419758300686
troke,3.740113953784782,3.922586435342459
cider,3.807500264199472,3.9225414810894925
shake,3.7111877800803867,3.9223789078223588
sprit,3.720291746733193,3.9222706590763687
rotal,3.8970147091344653,3.922001987815886
clour,3.5287106116428437,3.9218160850912662
potsy,3.8102359267830095,3.9216868604595785
shola,3.746830486880522,3.9216591535760132
cogie,3.78855142497643,3.9213578411700842
cabre,3.762660884265175,3.9207846357548224
dearn,3.8143237531740706,3.9206906928432232
coude,3.781229741134291,3.9206107124942142
raike,3.9438367855308165,3.9202002824409616
gilet,3.847889587314648,3.920051876340618
royet,3.886243607787698,3.9199567940204973
stoep,3.710853212801732,3.9198841078624067
lares,4.488428375544763,3.9198760249882953
sayed,4.00144114044612,3.919767855185731
faery,3.739560051876762,3.919750680055798
rayle,3.8527533894201715,3.9195941303853292
force,3.7020570778827047,3.919520654714208
foule,3.7144435595158307,3.9191868919030184
ourie,3.929489612657704,3.9191769515977
buist,3.6170966430407647,3.918672116936005
poral,3.980889868852831,3.918615447495386
roans,4.301645957758082,3.9183271031180333
skiey,3.804968417404245,3.9180489774883767
rayne,3.8456027474512315,3.917979209391057
trins,4.080624673662496,3.9178381207682307
dhole,3.6413848325729137,3.917634867514966
ricey,3.882541729586362,3.917579446001505
ramse,3.9061671410862187,3.9175593976433323
horst,3.7576481312871133,3.917313834504702
large,3.9007796360502818,3.9167843904010784
smolt,3.622414229313268,3.9166607097769623
snake,3.7584689016607165,3.9162510894283677
horsy,3.8027682100700435,3.916124535678141
hosey,3.931644595241652,3.915995294292233
pacer,3.920926708151586,3.9159034457467827
cates,4.330221470469721,3.9154964128539644
banty,3.868894431323324,3.915491462997096
toils,4.251033935688616,3.915449871444444
brust,3.500902869964148,3.915360371090597
cardy,3.8370110963017883,3.915286817699961
built,3.641776973934544,3.9150657044068238
simar,3.9034446440482933,3.9149393480153387
prime,3.737369352388642,3.914886566008845
cable,3.7433402009062338,3.9148507529138272
blert,3.583242310698166,3.9144205085706347
blade,3.6779197768243437,3.9143887507731767
stein,3.7039679946347146,3.914338629021629
taupe,3.8304911914967885,3.9142356603565625
tased,4.04735637281657,3.914198429000639
polar,3.9646947825292376,3.9140826310958454
bries,4.210825644973775,3.913789124377014
flair,3.5507010426356493,3.912948360052785
elain,3.6570453307243254,3.9129420829586854
frail,3.5524073706376678,3.9126113972764363
skate,3.7691319001339125,3.912363697550204
laith,3.7428678494790804,3.9123263496503973
blest,3.5392412964454465,3.9120930382588206
tinea,4.07734807752392,3.911913934335763
birsy,3.7820744357848484,3.9116774130589165
proin,3.7407999139713723,3.911465472209412
locie,3.860666004267378,3.9114029099736083
coirs,4.200400161638925,3.911354484672618
waist,3.6223397680195264,3.91135195385611
beaut,3.6964344461888654,3.9113353288646033
resit,3.853563641197919,3.911237280002111
horny,3.820297898994882,3.9109032021546875
laird,3.884298217760284,3.9106796779082305
hance,3.729550994037708,3.910496824342245
trave,3.541948498688917,3.9102445052043224
bousy,3.7092815688042577,3.9101679019459765
brunt,3.5184325588889864,3.910139037567143
snoep,3.7408519418958526,3.9098495982064163
ramie,3.9849287149004105,3.9096142339887403
worse,3.8055357151563465,3.9095182378992206
goety,3.816000979701802,3.9093880269584833
sauve,3.7046441715814318,3.9093263294178175
mitey,3.946480446801612,3.909194928151037
siree,3.892166323785588,3.909059622176069
swart,3.537138130058771,3.9087741158529044
tolan,3.932670386633464,3.9086216035756145
drusy,3.57473861976254,3.9080604248298614
padre,3.8970169416544174,3.9078380659163243
crins,4.010670216253862,3.907808851155409
boult,3.688841820915107,3.9077507882433564
trues,4.187266957411327,3.907701547969095
dries,4.2395413159892374,3.9076784769428388
gluer,3.649099272798984,3.9076187622580343
grain,3.652400320871279,3.9076031054547515
clean,3.663960521323718,3.90741908356278
bruit,3.5796644437783396,3.9074152074360047
gruel,3.650805600801003,3.9072817994816846
minae,4.011397579667469,3.9072019752661693
noser,3.99221498466921,3.906908260651818
seric,3.861079291932601,3.906884524385683
blent,3.556770985370285,3.9068717047353667
folie,3.8423600167614747,3.906757228663904
donsy,3.8254620534186845,3.90665873957133
tones,4.437990391067471,3.9062998627105636
crena,3.7211067130856,3.9058988998491246
leady,3.7961609166369406,3.905692799489806
trons,4.08038870546598,3.9054322376178945
coils,4.181079478279983,3.905420601831623
today,3.865436826669619,3.905334621199561
soole,3.7204730806840645,3.9053001513220744
runce,3.7228635854457046,3.905259106103541
tires,4.423318444449098,3.9052078887639756
ponty,3.9201984388922284,3.905183116694947
blear,3.692407008366954,3.9050963049460075
sepal,3.834445448211784,3.905089236296303
bared,4.066210647881079,3.9050573404718776
loran,3.974509611692223,3.904768740974604
rails,4.291262179180955,3.90466100571067
cased,3.9774019154079365,3.904169159387818
cheat,3.563552323136876,3.90413856584507
piety,3.8555409461083476,3.9040449428543966
coins,4.173928836311043,3.9038056808373502
arles,4.297314461331984,3.903093499378003
rains,4.284111537212015,3.9030460847163972
tread,3.8134007604509823,3.902963037909451
trois,4.141620590355334,3.902708407486756
pouty,3.8327336252932644,3.90258163163542
brash,3.48731419033099,3.902549638052893
speir,3.6930786147682175,3.9024279067188132
plage,3.6631447825166163,3.9021685874797845
lapse,3.8061100985385563,3.902148963681282
foray,3.8537095228182583,3.902147806736753
vaire,3.741276617991061,3.9020907664424858
renal,3.9069012575336974,3.9019687466771567
slack,3.458862648473569,3.901930299986574
padle,3.877696258295476,3.901904183075329
spied,3.8274937485650984,3.9017628523029106
pensy,3.8201224751822416,3.9016536193208484
swaly,3.5629375254827593,3.9016509341853496
reamy,3.81249032324129,3.9015923334204112
plied,3.848722784518222,3.9014993434745575
parol,3.922481065279701,3.9014153474646975
salve,3.778479385906663,3.9012354173041146
arnut,3.643687736007445,3.9008616743377553
boral,3.90735750259166,3.9008023717455615
cotan,3.816302706617181,3.9003891288402732
crave,3.4719940412802837,3.900215235591501
tiars,4.2212590241574945,3.899772420276356
ahent,3.5568554613447985,3.8996295463062696
flirt,3.4534052896353113,3.8996151060291764
scape,3.662385207110896,3.8995615052449337
tauon,3.8004263687351036,3.899512415658629
miner,3.9841756041005976,3.899483276809757
skier,3.782620752821847,3.8994417238513446
prion,3.712030443809276,3.8992948160824596
coria,3.9955827641976414,3.89921809929389
gride,3.6566182917744197,3.8988731142242328
balot,3.8099811984944045,3.898866007778926
weary,3.678839008119093,3.8988423003085186
oaten,3.954029975206885,3.8986319636608213
grame,3.648733791092033,3.8986183161038483
douar,3.8460428729582983,3.8982498200255495
chute,3.544631344116942,3.8982416185475364
roted,4.033639495731618,3.898135534490229
spain,3.686242356990917,3.897792886128265
grape,3.6534597052743516,3.897749810875396
float,3.5395616049070515,3.897681571717805
crues,4.1173125000026936,3.897672278356274
plain,3.707471392944041,3.8975293772999122
waney,3.8790966330750907,3.897406233766488
hoser,3.909296930659254,3.8973880406552004
cunit,3.6898098854828394,3.8972115923202004
cones,4.368035933658838,3.896270593097743
bolar,3.8911624162680667,3.896269555346021
sadhe,3.8179586869112248,3.896165661345275
pince,3.7601612273214178,3.895741355420872
toles,4.424360791793738,3.895607465537333
laned,4.051933989780197,3.895595786333355
ranes,4.47821863455981,3.89551099697679
crons,4.010434248057347,3.895402968005073
cires,4.353363987040464,3.895178619151155
puter,3.8649953878937184,3.8950366166634245
haste,3.8782736574252525,3.895028995952425
pored,4.117514655449984,3.894748994169729
sedan,3.8749710199143172,3.8946041616987497
minse,3.8810042819464936,3.8944021561153903
ronde,3.956648896941961,3.8943311793808166
lager,3.859167187692244,3.8940677568934925
gault,3.6562042053336015,3.8940145956865484
clapt,3.4977122013947612,3.8939817404305392
nurse,3.837274403036604,3.8939133911842383
reach,3.5749456009918967,3.89383870788891
chert,3.4771600396686204,3.893666217006105
arsed,3.898081683662549,3.893563040789337
yeast,3.6662553724891414,3.8935080531709523
puler,3.911408610501369,3.8932398217859445
conge,3.7803871941643563,3.8931789585105254
stond,3.666438218558403,3.892964639617013
comte,3.845904130413082,3.8929196477039034
niter,3.8938682073480555,3.8928633015164356
surgy,3.766336460850095,3.8928423553142495
resty,3.869841836394493,3.892593798769761
spoil,3.6390012698646466,3.892478439672859
range,3.8905698950653287,3.8924193623895724
gaunt,3.649053563364661,3.8923996746922755
barde,3.9291772272100385,3.8923573830667135
tians,4.194787698829613,3.892223616441088
aunty,3.8122548276834722,3.8920802442232825
flint,3.42693396430743,3.8920663021939084
losen,3.972992699142856,3.8918396804379163
lores,4.466200016852497,3.891754602936323
talon,3.874261583060335,3.891421503544926
chest,3.4331590254159003,3.8913387466942906
reals,4.258640326244871,3.891013180677825
loamy,3.798669910198371,3.890964404350295
miter,3.924132782219215,3.8905876745140056
trios,4.112851120193237,3.890537751359803
denay,3.9056990776575087,3.890529715287629
nitre,3.834697899446672,3.890109651133883
royne,3.823374388758965,3.8898577873390843
snoek,3.7271052610825905,3.8897947414158818
reans,4.251489684275931,3.8893982596835524
salic,3.8456478973232615,3.889320592182802
spide,3.6904603278940575,3.889062894897746
olent,3.584978075343946,3.889033996956571
hoied,3.9436117069332113,3.8888608640766504
miler,3.970546004826864,3.8887908796365265
seine,3.6625748995740155,3.8887578404277843
layer,3.867267694155426,3.888724891104279
sling,3.5514008911066774,3.888515165995363
styre,3.616944680576559,3.888210889416113
pulse,3.808237288347265,3.8881587010915784
mitre,3.8649624743178315,3.887834024131453
bacne,3.7617527086611497,3.8877879157791377
urial,3.633847888093627,3.8877491062371567
merit,3.8994360605002694,3.8876844204098164
crits,4.043060217556859,3.887630838618481
blaes,4.177261155749927,3.887447146317178
cotes,4.307993111777455,3.8873749908019914
wrist,3.4368527892700804,3.887233702122197
oared,4.094417737854741,3.8872196326930815
urent,3.552053241804013,3.887068089922135
shyer,3.6588325959917327,3.887057848536665
petar,3.8681252864394366,3.8869505825388444
coble,3.721111842213968,3.8867293308618542
lated,3.9918911678988147,3.8867001840376045
reais,4.3127215691652845,3.8866744295524143
rates,4.418175812678427,3.886615394681039
freit,3.543713553905857,3.886549093182039
teils,4.200877662206466,3.8865210280099634
thirl,3.516045534570731,3.886355350259715
sabed,3.979982294140889,3.8861434595413034
tosed,4.025128014124303,3.886077006948666
flory,3.4982894002217257,3.8860199240522793
belay,3.863353807368313,3.8859479655485725
cital,3.720201992797363,3.8858692315261196
coles,4.3544063343851045,3.885578195924512
motel,3.9413702158874484,3.885520067686903
mausy,3.776527956534437,3.8849672651486697
trend,3.7005371516548458,3.8849418852352184
teins,4.193727020237525,3.8849061070156905
rales,4.464589035286077,3.884818599803559
staun,3.595969955526731,3.8847136785210994
brome,3.663601017930956,3.884667607108684
scaur,3.560164041377141,3.884424869914308
slorm,3.64637610830406,3.8842364417582758
manly,3.88867310102718,3.8839623376790167
coits,4.20631883761404,3.883627668300422
soote,3.745712440018121,3.883507217790874
pares,4.502050972396793,3.8832288543605387
loach,3.561125187948978,3.8832107788187935
lamer,3.9453617767152522,3.883083745833102
lande,3.9149005691091574,3.8828958289281914
raits,4.316501538515013,3.8828680721794693
stude,3.6362830498327092,3.88253399256305
riato,3.8946209831653675,3.882491034876102
style,3.5976239972176174,3.8822770065751175
acoel,3.6787359506550557,3.8818044612903084
clans,3.977105727030014,3.881466873095573
camel,3.849763180571453,3.8814401552208304
maunt,3.7489375666763465,3.8809352304517764
tined,3.9868240586845327,3.8809276501090357
fluey,3.578696326839191,3.880740430568212
luser,3.8608611942344475,3.8807149719638714
leish,3.620563527076828,3.8806754302243256
crios,4.042896662784603,3.8805084817469813
laude,3.8274357555101934,3.8802943438686635
piste,3.9088838907089625,3.8802735270310524
dirty,3.8607097970281465,3.88016741956436
parge,3.9144022329023107,3.8801372197733213
ursae,3.763379873983695,3.8801285279464626
delay,3.8920694783837755,3.8798373181143972
blain,3.633939026682869,3.8797163015500873
tiger,3.7940572565965787,3.8793996206691728
siver,3.759325790782619,3.879293728856169
licet,3.7734449642783616,3.8792119723234677
stogy,3.5490867351301265,3.879141151023484
loper,3.887053062000394,3.8791086623236755
trank,3.5526602656309354,3.8788684242611526
eruct,3.374651782157269,3.8787902172055726
loans,4.237669271233012,3.8787703306134356
drome,3.692316688946418,3.8785569596745093
hotel,3.8281875870063335,3.8782754746927157
stimy,3.5899827839748197,3.877923034643045
colin,3.811084205318047,3.877847351157422
glute,3.595847640872716,3.877138295503286
syren,3.874757035865729,3.8769657458249593
bored,4.043982289188813,3.876935918419905
linty,3.8177174679118027,3.876816512860013
spode,3.6902243596975426,3.87665701174741
roils,4.269033820488689,3.8765395836586976
ceils,4.130923204797832,3.876491758397142
chirl,3.446091077162097,3.8763260806468938
traik,3.6138921505202886,3.876144594130014
coupe,3.738308375395889,3.8760849686917687
cosed,3.9551735567156694,3.8760477373358455
aeons,4.229703341636436,3.8759830873879655
triac,3.6209859547739662,3.8756722224347735
coati,3.8563715614965037,3.8756666179614836
sprue,3.7279696880504547,3.875484774323351
hault,3.6429055797641716,3.875305558451862
rased,4.065356257616642,3.8752881412148925
satyr,3.761794564258012,3.8752712543871146
roins,4.261883178519748,3.8749246626644247
filet,3.7551389767724572,3.874566291013764
cloth,3.4598399783873015,3.8744955869302267
moste,3.969227927614101,3.8741521668946395
ailed,4.009406749006225,3.873718116458416
haunt,3.635754937795231,3.8736906374575892
their,3.604647470839258,3.8736263001889277
pasty,3.8918723788958696,3.87344012112386
guilt,3.586910999660772,3.8732080897980437
solve,3.7562510272143967,3.8731139952521416
groan,3.664033297343214,3.8725397646561786
plaur,3.6063096116133586,3.87253944738993
glade,3.6230538025505723,3.872531136164396
lyase,3.6511275775033143,3.8725059652233687
sutra,3.8664540390542346,3.8723835291579194
amine,3.6785134364749665,3.8723329430418993
denar,3.8833514130751112,3.8719224616505965
aimer,3.916464135215013,3.8718984731313926
sonic,3.837049137904728,3.8718915673040604
otary,3.5893798301773567,3.871588102455429
rotan,3.9042570488258868,3.8715081106673477
board,3.8419228688972096,3.871500449932285
adore,3.692182019429848,3.871463238301245
koine,3.8647179091890775,3.8711255543487098
lairs,4.246606176014827,3.8710381160470675
taels,4.255482730627776,3.871033496102241
rosal,3.906503112327223,3.871033172488577
blame,3.6302724969036237,3.870731512199184
stoke,3.6884714251317474,3.8704772754804138
bulse,3.734704922086094,3.8703456253417534
ceria,3.9454264907154903,3.870289255859409
ulnae,3.740607024210139,3.8702485270560785
tiled,3.9731944594107995,3.870235252935805
stich,3.352438061725427,3.8701694091115435
wanle,3.7782579772323683,3.870111446905909
water,3.79670614661131,3.8699033778337046
tarns,4.298317634824343,3.869464775001931
sowce,3.6618512521324886,3.869461501488014
skite,3.7293691208955795,3.868961257096596
peril,3.879101871463896,3.8689416212555336
crank,3.4827058082223017,3.868839154648332
alike,3.703234943114542,3.8687307635019614
aruhe,3.6023918766689698,3.8687097836900595
butle,3.7129720303722227,3.868536007690052
timer,3.880251845619587,3.868415609608781
splat,3.6841074438562202,3.868401444192406
grunt,3.463566584615215,3.8682814229583626
cured,3.9034042972371683,3.868133988562632
waler,3.84311936921896,3.8681065829562256
voile,3.6997275759398534,3.868035461549518
brand,3.652192923512147,3.8679548164150765
laich,3.543590767402911,3.867929760417158
culty,3.692458481405679,3.8678757139146187
clued,3.6816772732859695,3.867569421703992
amore,3.704748793606332,3.867475863726831
rones,4.455990275867544,3.8673895749248173
belar,3.8410061427859157,3.867340711911541
splay,3.7292275226391496,3.867212145365845
sudor,3.7323586262226636,3.867086774576525
snipy,3.6247074272512583,3.867020019758601
coden,3.831980037559128,3.8669799971138517
muiry,3.7512357651143278,3.8664882295719787
belit,3.7666020046785995,3.8663922815697616
risen,3.94811101153953,3.8663826784798228
girly,3.7518887924048556,3.8662133859209553
fried,3.7009011019032707,3.8660874863025434
spurt,3.523879946062734,3.866020007467144
basen,3.9353112884259804,3.8655008561123076
cloye,3.5388423355584058,3.865477391738521
finer,3.791540990246723,3.8654621357234022
stela,3.74656928381014,3.8654339305941736
bares,4.428518606135622,3.865415778610714
muist,3.662114672078678,3.865350058086725
sitch,3.522874301406228,3.865333519889803
braid,3.713424808401501,3.8652309862839385
tapen,3.8908796216489163,3.86512188622766
maerl,3.8382260606880765,3.8650831862153265
glent,3.5019050110965138,3.8650140901265866
dancy,3.6983330202626163,3.86498422632968
loued,3.9422408174889676,3.8648728792218554
roues,4.368525462268581,3.8647880898652893
borde,3.9069488685177727,3.864235961014741
dulse,3.7634205931015563,3.864234977907578
posit,3.85336582500703,3.863962180304237
forty,3.7732359153251185,3.8639486415255924
scorn,3.5865665157115028,3.863879110186751
deash,3.629132207921482,3.863506976866178
pursy,3.767955070497265,3.862804296359055
krone,3.701223320935382,3.8627228415164327
salop,3.8351642801926835,3.862613823743051
leapt,3.708119472115608,3.8623563545139215
barge,3.84086986664114,3.8623241440234968
manty,3.913912460361237,3.862169404147816
sorda,4.041110193840844,3.8621495996416124
cited,3.856826779394516,3.8620027782004636
plies,4.211030742772765,3.861857781613394
rouge,3.7808767227740985,3.8616964552780724
amole,3.685428110247391,3.861541980885836
clats,4.009495728333011,3.861288860558645
stria,3.85063607289606,3.8611413793627256
carls,4.235513819384649,3.8610504263833825
liard,3.8129742641779547,3.8609469218471744
poncy,3.720921356816058,3.8607865274617073
snoke,3.718470154225868,3.860442765824423
spect,3.4421872349051594,3.860373687543376
noust,3.678914944188082,3.8603107689256886
saist,3.5470131709574706,3.860164096374155
strep,3.7432951634106475,3.8597983935125306
carns,4.228363177415709,3.8594355053891096
outer,3.81967011160621,3.859385833134804
soman,3.927924417407949,3.8593778640396987
toras,4.388952884928213,3.8593645056241908
toeas,4.338967338762705,3.8593183057302283
dares,4.457234277151084,3.859305131176539
poake,3.911017116403843,3.859277357710243
sugar,3.7295983234765315,3.8592371666260448
chain,3.527856755653324,3.8589620099855577
paned,4.065556586632227,3.8589486157055988
goral,3.852491528317888,3.858944757136781
pridy,3.656918387675607,3.8585752021609814
slick,3.419099869235236,3.8585278595329653
rotes,4.395947453986161,3.8584939726290663
benty,3.7965097991489065,3.8584411975106425
stave,3.4903059700358825,3.858135345342278
moust,3.709179519059241,3.858035141923258
baith,3.6829580800699393,3.8578661032728156
roble,3.809066184422674,3.857848312688929
tilde,3.8361610387397587,3.857535295530641
pager,3.8727897845442736,3.8574205862657363
lears,4.213984323078742,3.857390291014222
eloin,3.617046583289476,3.857133759354741
nirly,3.821508220845381,3.857024568682886
mousy,3.754299597842171,3.856845843096697
ferly,3.6978402825089107,3.8568127316223118
roles,4.442360676593811,3.8566971777515864
outre,3.7604998037048256,3.8566321827522514
smelt,3.6048706337566756,3.856528795533123
bodle,3.781935533342039,3.855969685273532
lanes,4.414241948034741,3.8559542244721925
copay,3.7621991372498735,3.8552965490357547
grime,3.6089710118536997,3.85521587565024
ferny,3.6906896405399703,3.85519781062804
pores,4.479822613704527,3.855107432308566
walie,3.8187096208790483,3.8550802986072665
rials,4.219938225598626,3.8549282496496144
maril,3.9229721664150556,3.854856752142883
socia,3.9349175601813076,3.854856302222899
filer,3.77791139097299,3.8547697385501714
mirly,3.85177279571654,3.8547489416804557
trove,3.5019497512540685,3.854436181600378
moult,3.73385984995302,3.854428729394077
gripe,3.6136969260360177,3.854347370421787
leach,3.510968914466827,3.8542819353843125
shave,3.4730235775496734,3.8542286540802775
tapir,3.7804025648615927,3.854095004258145
choil,3.4806156685270535,3.8536475635301515
gulet,3.7602378557658938,3.853365683890932
mouly,3.77897992873595,3.853239430567517
siker,3.907250167635819,3.853214837295199
smear,3.7333560147844045,3.853138474749491
frame,3.555983180549843,3.8531327307769945
speal,3.6730893982148385,3.8530915082343906
logie,3.8125290806600662,3.8529200504925614
mount,3.72670920798408,3.8528138083998043
tuina,3.795589248627371,3.852762829625685
frape,3.560709094732161,3.852264225548542
payer,3.8808902910074554,3.852077720476522
porge,3.8921738742100445,3.8520157977213487
groin,3.61240157343643,3.851794781850807
thiol,3.521800655773591,3.8515061770160197
malty,3.9002828610875033,3.8514770069745845
candy,3.7628246687917652,3.851365017183858
beady,3.736251147227799,3.851232553112225
bilat,3.7795316279391376,3.851052333346922
strad,3.8117437779634553,3.850900077941369
paeon,3.8797378588056155,3.850875270422197
stead,3.7617582317979483,3.850853878047406
crisp,3.439160020872391,3.850712904508711
plash,3.4875192881299797,3.850618295289273
clipt,3.457949422156428,3.8505792999769315
utile,3.5521425102117234,3.850510056034801
garde,3.874311252936267,3.850499768457933
sharp,3.5239533506328344,3.8504562337629107
chide,3.532074726556465,3.8502320187550385
canso,3.786090459213532,3.850090757154149
pated,4.0055137647508445,3.8500530134098474
leans,4.187512997750861,3.8498414871789546
runty,3.794042422888119,3.849687092914925
chape,3.528916140056396,3.8491087154062016
pilar,3.8758364084008408,3.8490688566331537
theor,3.575642032480646,3.8490497609116385
pagle,3.7942987932839483,3.848733053042188
fault,3.563453594791411,3.848529010359695
scout,3.49739287974176,3.848413098773956
rodny,3.7705731026735543,3.8484031807395818
shuln,3.5209386642846123,3.8482936032033717
paled,4.0519269873584935,3.8482562185323683
blurt,3.471576615754686,3.8479434228889664
pogey,3.872909090434405,3.8479064178507953
sayon,3.791421531274993,3.847818909280188
crept,3.513497126865502,3.8477859210962
cedar,3.7229784311964362,3.847769254515227
farcy,3.5961871919412145,3.847673474344324
split,3.6324757199494364,3.8476564613870345
moral,3.952375531629573,3.8474803128962813
porin,3.9365004846374685,3.847376587541476
rosed,4.043127898924377,3.84716671916292
pagne,3.7871481513150083,3.8471181320479158
lardy,3.860988751985425,3.8468490270224382
segol,3.7036940529459725,3.8466053867314867
grout,3.4884673779052155,3.846601404404418
crepy,3.558617205648432,3.84659662226964
poach,3.5747477848010076,3.846563608191036
outie,3.795260363266298,3.846359548785845
cuish,3.4702320391981925,3.8463420974239524
siroc,3.7933717529277424,3.8462230540801827
shero,3.6698349123307104,3.846188994842967
burst,3.649302625453165,3.8461805194357916
reins,4.211726905037597,3.845995819229944
torch,3.5995451928480424,3.8457838011553154
brake,3.6742261300854917,3.845467452278478
planh,3.5050489770548183,3.845396961765819
tronc,3.507886377781314,3.8452451866102044
anode,3.6852866269443387,3.845210450346144
siped,3.932368134162691,3.845137851942436
labne,3.76016721462093,3.844798041242031
macer,3.8924123709283283,3.8447683111476785
beano,3.777046626574404,3.8447369595590617
hared,3.998046048037877,3.8444906886284107
arpen,3.7416049324948952,3.844486498016358
nacre,3.802977488155785,3.8442902877675564
beath,3.650336227133855,3.8442182782399708
tauld,3.781509077429753,3.844197972281736
rathe,3.7970884423406437,3.8441407668793914
shmoe,3.683511491853035,3.843813879639239
scope,3.6223864596760467,3.8437531816409893
salud,3.8903018846539617,3.8435840167033417
crush,3.354038266121575,3.8430303515785447
sofar,3.7593040901408012,3.843013960066621
molar,3.9361804453059794,3.842947496496742
loirs,4.22437781732256,3.8429166939950945
gouty,3.704335284758322,3.842910941276815
falsy,3.657728557005793,3.842855211948612
cloke,3.596832227913967,3.842812747216193
godet,3.78278813612806,3.842596156351892
beard,3.7917665954150586,3.8425716064978044
steno,3.6606459794890385,3.8425468822696986
ghast,3.399903280408064,3.8425233328781903
copsy,3.631805839528898,3.8424967298849753
taros,4.330544081355083,3.842164405593503
aures,4.3718790024957705,3.8420045598369015
grope,3.6134609578395023,3.841941487271451
enact,3.375799288455287,3.841682975207956
scion,3.5925576051108776,3.841435820093392
sorer,3.83384089761676,3.8413901495545737
burly,3.7191030351298737,3.8413848080800497
picey,3.832187639913321,3.84137550286915
skart,3.589994900742112,3.8413112103271034
tines,4.349132016939075,3.8412860882478723
baned,3.9920242203710563,3.841135539955774
troak,3.6255251269922226,3.8410812533314416
fatly,3.635995665291922,3.8410455942969106
corbe,3.798478842769297,3.840995136456454
burnt,3.6668323143780035,3.8409591859123378
snead,3.7917569608920685,3.840819368391416
muley,3.905241937860508,3.840711940823872
blunt,3.445105290426805,3.8403946190536984
horal,3.839192902748458,3.8402357199020942
durst,3.678018296468627,3.8400698720016164
phony,3.5509526412159262,3.839975067282836
hotly,3.693219291572416,3.8397007203371056
miser,3.933621185411972,3.8396188591866958
psoae,3.7960742921808635,3.839547517197076
drake,3.702941801100954,3.8393568048443028
capot,3.6586702548938144,3.839285747831627
carts,4.260753178718706,3.839257492852181
gator,3.7314744158135156,3.8390086355840323
sargo,3.8962585296120493,3.8389656553201665
warst,3.654545750431927,3.838860356355897
bitsy,3.6478451863934422,3.8388600102470622
youse,3.7204219314530578,3.838798876671276
sabin,3.7989681233283745,3.8387710529130503
aport,3.5428847940802433,3.8387309749062295
poind,3.8492211305921655,3.8383622813932337
tinge,3.761483277444593,3.838194453660655
death,3.679051898149318,3.838107630805796
stupe,3.5933616840943072,3.8380082487606044
besat,3.781308909170491,3.8379652439253036
chode,3.5318387583599495,3.8378261356047023
ordie,3.7009652461789333,3.8377963966873843
purty,3.8178747607251005,3.8374049502986733
bores,4.406290247443356,3.8372943565587416
craft,3.380989248263552,3.83727726599404
rimae,3.9254737059865312,3.837224020279448
dopey,3.878206628189112,3.837145022148951
scath,3.4912934081215985,3.8371043717532682
pluty,3.5961477367739025,3.836840383440034
fouat,3.646938202926342,3.8368138199876825
spout,3.5223094140248534,3.8367911850779315
madre,3.8685026044311597,3.83670293131722
plout,3.5435384499779765,3.8365276762495784
sherd,3.6580835558434837,3.836474837946441
manor,3.891401241006583,3.8364397936392844
macle,3.813921379668003,3.8360807779241313
dinar,3.8446493124288654,3.8358375306223857
grano,3.609078305725603,3.8358113587028217
lased,4.001379571091572,3.835731368710295
roaky,3.833272961443128,3.835512698420741
pusle,3.795992799826152,3.8353802681125675
loins,4.197906491994679,3.835367890159827
conia,3.9213963366876188,3.835296298777786
gored,3.989116314915041,3.835078303811124
moten,3.94861255557887,3.8350261905383647
savoy,3.688899092271002,3.834857499322729
pairs,4.2602287728668555,3.834390945419311
senti,3.940843253165018,3.8343321016789336
stark,3.527489062305782,3.8343080682343764
bayer,3.807357924746285,3.834264644726698
pinot,3.786056431208646,3.8342362841873165
cauld,3.7115546200211194,3.8341687026689146
monty,3.8916841016689707,3.8340479820958437
adret,3.7610218637396153,3.833927726797513
brith,3.4974711013204924,3.8337478515389023
drapy,3.6089431059298294,3.8335281756281447
boteh,3.7624039955410886,3.833492003722413
sowar,3.791156032485645,3.833481399873527
baron,3.856191038709952,3.8331083945663353
stend,3.6488946230018113,3.8328327253731733
blash,3.4139869218688093,3.8328052195394484
brach,3.337956798482656,3.8327537027592706
ditsy,3.676560857408904,3.832749362812887
canid,3.853100676540497,3.8324314366030308
asity,3.656304902718877,3.8323827271551067
speil,3.621457674308055,3.8323465254290197
bated,3.9319813984896728,3.832239937660023
boars,4.204230827151752,3.831858888071122
flute,3.503097030330526,3.831652710176432
craig,3.509351634209924,3.831528029209423
eland,3.601971959091422,3.83143617931023
tangy,3.7444717656315003,3.8313610477534623
riled,3.991194344210872,3.8313249651500585
corns,4.206134818723443,3.831314083337137
cines,4.279177559530442,3.831256818635051
dores,4.435005918458819,3.8311837091245664
croak,3.5555706695835894,3.8310519837186203
pluot,3.550864103218717,3.830907325395095
ayrie,3.8045214458119965,3.8306166874279106
tiles,4.335502417665342,3.8305936910746414
facet,3.6770053428739207,3.8305437225249164
clave,3.3986667728181024,3.8304708170780564
baled,3.978394621097323,3.830443142782543
teras,4.338796611446062,3.83043566218971
shark,3.510206669819573,3.830401376972376
broad,3.7250577848734356,3.830167645485365
beira,3.8425278350161127,3.830155450270924
bogey,3.799376724173234,3.8300933421009704
lunar,3.7881916792737913,3.829722231984456
leats,4.219902999053858,3.8296634746420266
peola,3.896503549721827,3.8296287600294168
scald,3.61340309304386,3.8295238171701067
facey,3.7221254216568505,3.829354423698356
spred,3.859699730977498,3.8292712548026966
datil,3.7724405590011996,3.829250760746133
glide,3.583291023312239,3.8291286957107884
punce,3.672509495772664,3.8290551629711866
shend,3.631612230515602,3.8289260341111735
stoun,3.5559712080918824,3.8289053549171546
airth,3.7461761903912416,3.828649479448476
scour,3.5201652939422923,3.8286165463103634
arets,4.1314474008078115,3.828605174359738
cures,4.26571225549171,3.8284924267014686
pails,4.240908089507915,3.8284570625783156
stalk,3.5081683789468405,3.8283741853933813
brans,4.01450088176669,3.8283132545539136
frust,3.3532862851481857,3.828017171154962
clues,4.043985231540512,3.827927859842829
scand,3.60625245107492,3.827908896175834
beisa,3.798526820763393,3.8278279799591104
hoten,3.835429926697755,3.8277815975441776
loave,3.6592303170211,3.827774274595919
hosel,3.8376759901990916,3.8273066593654064
copen,3.7986968055480164,3.826971194562866
pains,4.2337574475389745,3.826842141584043
stank,3.5010177369779,3.8267592643991084
preon,3.6942508800561686,3.8267570186882836
laden,3.87818605193503,3.826663628488301
gaucy,3.527286561374418,3.8266357740955463
fiery,3.6284733190560994,3.8266154835411337
bagie,3.774847669943191,3.8265812261669527
piano,3.8118768921893293,3.8264651042806754
fries,4.0632090601578135,3.82644592444138
cions,4.084834493986131,3.8263860232243223
cagot,3.6085560218933983,3.8261234203494716
grand,3.5973269492383757,3.826097201806296
prats,4.120423249330858,3.8259483177668097
penal,3.856547167860657,3.8257648035448018
clons,3.9371069795951654,3.8256585494916284
henry,3.722426523330589,3.825601362039371
bayle,3.7288669334859605,3.8255771115031503
tuans,4.107135967280859,3.825537423991402
first,3.589337772185957,3.825523511949843
fiest,3.5393522260204495,3.82547731205588
crink,3.442943028983968,3.825436714194723
antsy,3.547483269557321,3.82476255969128
longe,3.8043648498479925,3.824741167833002
canto,3.8360101494413676,3.8246914110937666
crudy,3.4898728764433544,3.824645280390416
mercy,3.7164371736206725,3.8246443499442258
mince,3.7316468900981596,3.824606220821768
clasp,3.4055955316485433,3.824370926448875
alios,4.075736141326482,3.8242761963689693
snark,3.557487791399902,3.824273558578385
erica,3.5591733863814845,3.8241898398266265
dogey,3.828092395188696,3.8239826946667956
muter,3.8364810506704607,3.8239014820643202
spard,3.6576403106858955,3.8238357863150774
todea,3.9986170270635997,3.8237658171738067
shakt,3.537969456663701,3.823599604227062
gares,4.373652631861851,3.823558164001934
pilot,3.7724268319349132,3.823543887014086
thorn,3.5230519060656373,3.8234555899608402
softy,3.701178147230059,3.823422048492492
tarsi,3.8910778905436345,3.8233226177328383
recit,3.7012680938936118,3.8232515354484296
tronk,3.5126615181960865,3.8230601006572087
pryse,3.5922319901039055,3.8228783480482424
shank,3.483735344491691,3.8228525731371086
suing,3.6114766739488893,3.8225564472783713
randy,3.850779011000472,3.8224839990109323
shaky,3.5830895354466312,3.822410305400502
cites,4.219134737649059,3.8223612163393
poted,3.9832854060585774,3.8219315913578744
dotal,3.8018439242157163,3.821874321499532
retin,3.802469051436952,3.8218342844274953
fonly,3.6738101284810387,3.8218197745406894
turme,3.788678054054041,3.8218060621962966
calid,3.8394710772667633,3.8217390394298003
arson,3.6880620744914214,3.8216140948837944
broth,3.4972351331239775,3.821341968388566
liars,4.1752822224324975,3.8213053599860114
redly,3.7275674711603433,3.8210892582993736
neral,3.871954683276263,3.8208270964642312
pears,4.227606919930772,3.820743120386466
fient,3.556881914945288,3.8202559785324266
poled,4.029698628666228,3.8201347964803953
fruit,3.4320478589623775,3.8200720075003702
stoai,3.7518997302532133,3.819980739637536
sopra,3.902134310012939,3.8198084041904137
photy,3.5833426425189234,3.8197970547459086
prude,3.6555713736127755,3.8195289215069934
bidet,3.748795736273435,3.81943999649798
panes,4.42786454488677,3.8193070538444354
lotes,4.331970767461091,3.818937200124468
poyse,3.755490610161086,3.8188751777301833
praos,4.120259694558602,3.81882596089531
fount,3.534074594130205,3.8187926673134496
lordy,3.838760393293158,3.8187276049704653
unite,3.6073805986399012,3.8186826128476095
earth,3.738270366523795,3.8186002871812015
doper,3.855858963606715,3.818537768511919
whare,3.478493252960587,3.818346169349837
eatin,3.7740735317186136,3.818093312440368
spald,3.638319627326954,3.8179019034740826
clits,3.969732949094678,3.8178864201050366
fared,3.918594063065117,3.8177141405362427
peach,3.5245915113188566,3.817634764756555
aster,3.7356315122998955,3.8175227960196443
dicey,3.787370944667612,3.8174517796851513
agile,3.5939993802567547,3.817284880008362
besit,3.729677185263708,3.817220261119932
tuple,3.678028766787916,3.8171882224780953
maneh,3.8896932051526507,3.8171869692208573
krait,3.6292356298428983,3.8170280313939426
mulse,3.7797229511240067,3.8170235664924737
petal,3.7965043459792733,3.8168692012490504
glode,3.5830550551157234,3.816722812560452
genty,3.741643824875135,3.8165835829018615
tenia,3.9411945206141015,3.8163967249561264
proul,3.5680171921805273,3.8163941610096366
pesty,3.8194877467214523,3.8163898556374063
snaky,3.630370657026961,3.8162824870065117
uraei,3.782833356827787,3.8162800407113986
savor,3.6665514276886046,3.816250245685697
auger,3.7426178146432507,3.8161962917420977
biome,3.73800126385974,3.8156506623279336
argot,3.5292357901480114,3.8155173017509907
couta,3.8050896395022984,3.815240631312469
ureal,3.61606832434052,3.815211308842981
tawer,3.790191592749205,3.815079083518942
taver,3.723995791525294,3.815048029361799
primy,3.6092711077548865,3.8149179635869883
orach,3.3661638884563176,3.814915994980475
peals,4.208286236571831,3.8148092375454707
stive,3.450543190797549,3.8147329048886696
wrest,3.419073225516973,3.814695904728021
blady,3.549821532190588,3.81442014835132
nares,4.443272060302375,3.8143693467638657
track,3.3857731848577624,3.8142938224909844
macte,3.8391607390020597,3.81428784439293
scran,3.7054007497886734,3.81426574467584
tuned,3.899172327135778,3.81424145765935
froes,4.062973091961298,3.814040041291044
leirs,4.17422154384041,3.813987850560614
anime,3.6378753152201337,3.813959094922488
rudie,3.7833931265195133,3.8139479861179226
couth,3.567216576406592,3.813627835200103
plaid,3.7136299062004907,3.8132996435203186
peans,4.20113559460289,3.813194316551198
cronk,3.442707060787453,3.813030831044387
boned,3.96979586167879,3.8130141179038017
glaur,3.4779112710784155,3.8128687570313256
tomen,3.904731618979242,3.81285412563314
taube,3.7290104177612093,3.812622542545617
terns,4.225933002649926,3.8124145095154773
whale,3.459172569601646,3.8124122865088417
selky,3.8161607116292036,3.812366803137885
warty,3.749585519442692,3.812271711468955
brond,3.612194176077298,3.8121464928111317
mares,4.473536635173535,3.8120937197614344
orals,4.049858613709292,3.8120904677693903
courd,3.708646944687795,3.811981163457937
salse,3.6646214500028003,3.811837604779904
slurp,3.496759697452965,3.8116912388530917
moder,3.905444553640277,3.8113351596478005
bunce,3.5989771295114927,3.811242087221362
stirp,3.501472963880711,3.8109604845713028
hoard,3.7737582690540075,3.810933798088818
gaper,3.794505677009747,3.8109122233892867
shive,3.4332607983113395,3.8108262136266697
facer,3.699777757074453,3.8107471700613234
worst,3.6323173917396607,3.8107389343039246
bails,4.167375723246744,3.810643986828491
orans,4.042707971740352,3.8104755467751175
pates,4.367821723005386,3.810411451548684
pardy,3.874611348837454,3.810201856394681
tawse,3.687020270595101,3.809997962824575
twier,3.583347250060519,3.8095237333681116
sleet,3.5212349398124303,3.809506644954116
mulie,3.858484524938199,3.8090784028378817
marge,3.885887895679053,3.8090020851742175
paseo,4.026753524430829,3.8087983549790634
swail,3.5230501633606126,3.808623548133112
pales,4.414234945613037,3.808614656671205
osier,3.7237630085229982,3.8085839183623786
limey,3.856622708476987,3.8085558029554694
carve,3.649924223203797,3.8084394493715936
proas,4.160898109389149,3.8083391593740266
brats,4.046890883069687,3.808135242016985
amice,3.511626355701794,3.807758341271731
loupe,3.762286031079525,3.807647178014246
losed,3.979151212399306,3.8076099466583226
beamy,3.6886038673070782,3.8075753145382327
proke,3.7077597489118137,3.8074722044243576
tuyer,3.714506031511007,3.807370562430273
apter,3.6734861266158223,3.8073608117223463
plish,3.4477565088916466,3.8072158548356643
draco,3.525772870241664,3.8069837241072584
twire,3.5241769421591354,3.806770082985559
mailo,3.861837150517341,3.8066776467369
sapid,3.8685992094272885,3.8066709080492522
chime,3.4844274466357446,3.806574780181046
duroy,3.7728945107071366,3.8063588702431748
turon,3.7633391454746743,3.80621431226991
eliad,3.6750727886492256,3.806054891530855
could,3.689326261328853,3.8060472806169416
presa,3.741177276696427,3.806035272067299
moira,3.9377021375361774,3.8057622348561244
telia,3.927564921340368,3.805704327782896
arced,3.745786136358241,3.805577296235655
clots,3.9694969808981626,3.8054805369547005
fader,3.735038298478668,3.805435440613418
gamey,3.8529336976147364,3.8053731384837715
yrent,3.51314037184751,3.805278495552254
sonne,3.7142481486576884,3.8051986087516805
dunce,3.6276928005269555,3.805131439787187
caver,3.6540413341166604,3.805018759748978
hares,4.36035400629242,3.8048491267672473
snive,3.4805419198916696,3.8046983952326787
lathe,3.7331117558155738,3.804583994374794
nasty,3.8330934668014525,3.804580613527186
sewar,3.7409997590034942,3.804552556439046
giust,3.52043714161916,3.8044858117010656
ratio,3.8927635533550466,3.80436897303088
guest,3.544451105013886,3.8042767049330486
winey,3.7680099002544276,3.804271037251824
boats,4.210149503126868,3.804132071698926
spina,3.6819302249590686,3.803870826252929
horde,3.8387842686745706,3.8036693091712737
ranid,3.9410550187492026,3.803550418430105
sweat,3.565988070535586,3.8033062268440863
agone,3.5866127700912993,3.803264075863753
sidhe,3.7068719540905617,3.803030464830611
bears,4.154074553669601,3.8029300446366414
proem,3.7505486569328217,3.8028152397860264
bogle,3.6985380683305116,3.802798555240391
spaul,3.5134596352000713,3.8027215749284897
salle,3.7200038157933006,3.802682490859753
patin,3.824499593938329,3.8026806067815944
spean,3.68033173790626,3.8025976310858525
lined,3.9408472569595348,3.8024605898186907
rines,4.367131901739148,3.8023758004621255
stove,3.450307222601034,3.8023270217383334
masty,3.8633580416726114,3.8023049865247556
vairy,3.613178373357305,3.802122164020629
ramen,3.944959862471581,3.8020652598993667
tawie,3.7657818444092928,3.802052799169983
drats,4.07560655408515,3.80202459458281
voice,3.52568985319774,3.801845938785077
banes,4.354332178625599,3.801493978094611
kiore,3.8020948921920477,3.80125470057095
shura,3.6369418797393918,3.8009840364915
liger,3.7480804548715816,3.800932560378828
alive,3.465070740583829,3.800580509759881
probe,3.640378524638866,3.7999990598191107
beach,3.4510591450576857,3.7998216890067305
rosin,3.8621137281118614,3.799794312534667
lured,3.927381952920804,3.7996961978851087
bider,3.7715681504739678,3.799643444034388
gurly,3.664237060856102,3.79952719347127
ringe,3.779483162244666,3.7992841658749086
twine,3.4977056168312535,3.799221279150291
clank,3.4093785397601204,3.799094736134887
laics,4.053247769913773,3.7989147104416316
dicer,3.765023280085214,3.7988445260481196
repat,3.754877127193499,3.798675986254909
loden,3.8559576932427637,3.798542206436329
laers,4.22882661226172,3.798500318652892
bogie,3.7526193112509247,3.7984598041149797
abore,3.615502484795864,3.7984294004465635
shove,3.433024830114824,3.798420330476333
bland,3.578865655049966,3.798210397901632
doats,4.2388651741423296,3.798021424264751
chout,3.3639238126872604,3.797960308935224
skirt,3.5502321215037784,3.7979087698734957
meril,3.8505875342406384,3.79780648665643
grapy,3.5253614606405956,3.797781208453539
facie,3.6753680087345413,3.797720885712365
waide,3.703475905406984,3.797707428522682
soken,3.9317299409954742,3.7976533533195576
cakey,3.824313375552258,3.7975471218250396
repay,3.7999972059764286,3.797486687428349
twoer,3.583111281864004,3.7971178502177754
calmy,3.7015477895973117,3.7970153814366343
beals,4.13475387031066,3.7969961617956463
moran,3.9596178713209946,3.796986435747743
toing,3.6415700475480515,3.7968755181817144
dears,4.182790224685063,3.796819397202466
poena,3.9219655856784463,3.796810768225785
resol,3.7757096765796767,3.7967828069714353
covet,3.6090405612238614,3.7966938901605984
baons,4.159989113081288,3.796623182683882
flied,3.6275738334410894,3.796343067789098
royst,3.632626376417441,3.7962998172672417
covey,3.6541606400067916,3.795504591334038
larch,3.5757967498153107,3.795438162916944
gores,4.3514242731695845,3.7954367419499615
beans,4.127603228341719,3.7953812408013734
molue,3.869454248515926,3.795213181401945
torsi,3.8688495318513683,3.7952011956808653
hasty,3.7501754127914966,3.7950603935305685
acute,3.5678959686888794,3.7947963758998458
ravey,3.7643433409077636,3.7947449952130854
sangh,3.662971701358481,3.7947031860219003
ayont,3.537629286897042,3.7946469283136297
cauls,4.073862578275662,3.794527140807751
dulce,3.614063201253222,3.7944390426139565
melty,3.827898228913086,3.794426741488132
rhies,4.119370447690754,3.794409396126114
sonse,3.656022690584267,3.7944085799011624
spake,3.653202191931358,3.7937996183432108
lited,3.880804435078152,3.7935649875229402
rites,4.307089079857765,3.7934801981663746
ounce,3.6271842194851547,3.7934043794425665
argue,3.5659191698238852,3.7933079562752616
neath,3.6650896813006097,3.793171846393122
peats,4.233525595905888,3.7930163040142695
muset,3.823197039662686,3.7927292192006035
besot,3.700671746905096,3.792643721842643
bates,4.2942893567442155,3.7925983757988595
rangy,3.762471650431573,3.792450759967716
gayer,3.752491950472513,3.792407030117917
bardy,3.801078982576283,3.7923887806448566
dogie,3.781334982266387,3.792349156680805
stang,3.4664316780761695,3.7921719690913376
samek,3.8741159939905945,3.7921130110927037
saugh,3.5755068877595164,3.7921017009623723
cavie,3.6296315857767487,3.7919924754000194
grith,3.442605127046721,3.791890236930122
sudan,3.7486171877193177,3.7918330382208536
souse,3.5685578769853032,3.791807094841634
elans,3.964279917345965,3.791794617449067
riles,4.353502302465415,3.791683403288895
grein,3.5948579778798386,3.7916628676069672
alowe,3.5116775053632274,3.791415913380325
dript,3.524060247908566,3.7913150340010966
shaft,3.3820187845329417,3.7912906844828163
parid,3.9648873565861846,3.791268275813855
pones,4.405636186194503,3.7911856317924624
crare,3.4025975769975076,3.7911235418220466
tepoy,3.70136015891096,3.7910754531314343
ruach,3.4485917687968977,3.791067584411013
larns,4.252340833099345,3.7909977147115868
stirk,3.487726283067449,3.7909056277807682
meath,3.6953542561717683,3.7908962193906914
deals,4.163469541326123,3.790885514361471
bales,4.340702579351865,3.7908015809213804
maple,3.8158986890611066,3.7907602459252394
heady,3.6680865473845974,3.790665901268758
aurei,3.9821689471399013,3.7906410690443546
ligne,3.6624388216423163,3.790630106161008
shalm,3.5250397876249164,3.7904585539015914
coign,3.6075431292770843,3.7904412420296207
stoic,3.5174757340176326,3.7904121966170212
gated,3.8771154242159014,3.7903823230512423
skint,3.523760796175897,3.7903599660382277
nitry,3.7065996548129165,3.7901410487120266
lucre,3.6493953390287563,3.7899755770276373
mopey,3.894508986211563,3.789933610733846
unary,3.5131264572693635,3.789843267251557
rusty,3.7434880041994933,3.789822675291865
sleer,3.5440073540129626,3.789710092490523
broke,3.634227382650643,3.789659128674533
hoagy,3.6299354602978497,3.7895615056600214
staig,3.5276635629655226,3.7894481389601995
deans,4.156318899357182,3.7892705933671986
taker,3.871920168378493,3.7889691378008283
baits,4.192615082580801,3.7888510532972903
minar,3.8609516704513163,3.788626119207281
aeros,4.294371738776093,3.7885970036296612
galed,3.9235286468235517,3.7885855281737624
waste,3.7529429178778,3.7884540957516473
scody,3.5372095807806936,3.7883103230215776
laris,4.3135727179886985,3.7882738845804482
sayid,3.8265854828900556,3.7881657147778833
opine,3.5759759896096597,3.788119479847261
feuar,3.6195543436447233,3.788088424089609
murly,3.7641210641677865,3.7880627492307704
mitry,3.7368642296840755,3.7878654217095966
maned,4.037042249408969,3.787813481106494
tipsy,3.6129019228091357,3.787512225035105
raced,3.913060710312335,3.7873023966612105
shirk,3.4704438905812394,3.7869989365187675
sinky,3.7910882102566905,3.786974269282905
tower,3.7679632340569382,3.786957661466969
swelt,3.4602751037083896,3.7868999951641262
maleo,4.0351640066224626,3.786835240829789
gamer,3.830586033032339,3.78676588484674
ghost,3.3599045329732156,3.7867150092742454
taces,4.257368783766806,3.7865711225857943
grody,3.528284078944149,3.7864986286520397
dates,4.323005027759678,3.7864877283646843
grans,3.9596349074929185,3.786455639945133
wried,3.655022347328578,3.7862891341939333
pilea,4.0313642733772195,3.7861073062444315
predy,3.639138823922499,3.7860374047668053
areic,3.5877869567095013,3.785872305757837
togue,3.6929655002856396,3.7858219224345913
hurst,3.5811380256099627,3.7856138675923248
skort,3.549996153307263,3.785502886723159
glime,3.5356437433915184,3.785471457136796
tsade,3.645951760738477,3.785246423639618
chard,3.4992547093483024,3.7850049101723697
brins,3.974738102528357,3.784910814100305
tolas,4.3011368581444565,3.784750307934857
routh,3.6551709186152976,3.7847468170271785
dales,4.369418250367328,3.784690933487205
feral,3.709584644293547,3.784530328375446
scind,3.5664896718365866,3.7845064557222257
basil,3.753213291178495,3.7843925928529987
badly,3.6760656474005495,3.7841225049036478
slunk,3.4565416913118217,3.7840875782272896
goals,4.1300441695190395,3.7840673906213467
mores,4.451308276481269,3.783972297709462
tiers,4.163716681166054,3.7838321824285717
ranke,3.901856340433194,3.783786884424645
sevir,3.6231722338727996,3.7837765194765325
fancy,3.5220007644311924,3.7837516738282213
monal,3.87818910411955,3.7835585123801785
droke,3.6629430536661056,3.783548481240358
sooty,3.6176141953843652,3.783538615369017
swear,3.588760484736118,3.783509674380494
flame,3.4826559120876617,3.7833883122635497
stink,3.461254957739567,3.7833568239455
grind,3.557564170000042,3.7826947613526873
study,3.5081848051989533,3.782565390141193
vealy,3.56123583706228,3.782540456146789
boils,4.145147364554477,3.7825225647765186
tours,4.140909360350971,3.782368871209595
potes,4.34559336431312,3.7822900294967114
certs,4.1883685465442895,3.7822072273657277
arnis,4.136088403049652,3.782183756143387
ancle,3.557454700973306,3.7821701897029643
heard,3.7236019955718564,3.7820049546543375
taroc,3.758041753670417,3.7819773545858135
towse,3.6647919119028343,3.7818765407726023
phial,3.570083613166018,3.7817134681805795
plein,3.6499290499525996,3.781589139452128
rugae,3.7516273854147695,3.7815218388901535
croft,3.3409905008287035,3.781468942390095
tubae,3.7202691607726477,3.781464865242259
shlep,3.6381967441406813,3.781277504561196
based,3.941469801682431,3.781271122332714
helot,3.669431966476786,3.7812490904490055
reply,3.694284239149232,3.7810804557483886
older,3.652047726056664,3.7810782625228985
taped,3.897038134905366,3.7808921524480654
hurly,3.6509384352866716,3.7808181562365837
preta,3.791096966924263,3.7806359260069167
sepia,3.8867385960922602,3.7806069267895275
poles,4.39200658692077,3.780493234619232
selfy,3.660210039498444,3.7800578833936394
tease,3.538391257809522,3.780000718395812
corni,3.816424763367573,3.7799505925445906
airns,4.223443191599106,3.7798124420098778
maron,3.901209067747865,3.7797863357170556
naled,3.9931480752640764,3.779396710935694
touch,3.4378939517390554,3.7792605155796846
terai,3.949086556090193,3.7790721713971633
borna,3.8984187655827833,3.7790438923699234
mated,3.976999427527586,3.7789178788107436
dropt,3.523824279712051,3.7789091508507604
apert,3.525341198523652,3.7785990606623896
moars,4.249248856189665,3.7785368292218426
sedgy,3.650914440946354,3.7785297866513945
stork,3.4874903148709335,3.7784997446304316
suped,3.8447164026139378,3.7784516594927497
toric,3.764818833336763,3.7784324718111297
dorsa,3.9096047476734066,3.7781545784592026
aunes,4.2976925749857475,3.7780827593207977
fares,4.28090202131966,3.77807257867508
clept,3.440169858403321,3.778041502582756
tirls,4.19438154397262,3.7779444994815394
balut,3.6734462547535935,3.777877358707901
beigy,3.6081810074205665,3.7777968736154
rhime,3.572381788844451,3.777693762008121
namer,3.900205461472864,3.777577067608671
valet,3.722064467320556,3.7775351740990835
apery,3.570461277306581,3.777409761835829
tabor,3.687924553660515,3.77738887606506
riots,4.205178837497835,3.7773269925144692
brave,3.4360619275547784,3.777317198536397
safed,3.8465362949700577,3.7771875475031433
pians,4.1624334939566445,3.777109385522987
lotah,3.699089831300948,3.777095092497518
broch,3.2979580510478073,3.7769453791553262
notal,3.7878817073670077,3.7769385370868576
cower,3.6980087766483045,3.776928391854147
cover,3.6318129754243937,3.7768973376970063
glout,3.4151401094430347,3.7768569858909737
hosen,3.844918329890513,3.776812782216868
torcs,4.109202195358904,3.7767687511797896
porta,4.004341133146951,3.7766789555828204
doseh,3.8006080697493085,3.776412540960928
plans,4.01470597956568,3.7763819117902933
barye,3.794166419653444,3.7763563105808977
silky,3.7774586109829578,3.7762818721096743
morin,3.907986147414211,3.7762414529423722
heald,3.704281312212915,3.776071071813342
lyart,3.521910268339349,3.776054131939887
inlet,3.6288258925037518,3.7758033134789493
cogue,3.6230110428770064,3.77579265282177
gusle,3.667594459291209,3.775709577753963
round,3.7701299615686192,3.775551341449744
nerol,3.791317521010867,3.7755055743815706
swirl,3.448526824560807,3.77549374164591
cants,4.186566751208684,3.7753356923360784
runed,3.917172211935852,3.7753311698736027
nosir,3.8173593271131447,3.775306120243971
beats,4.159993229644717,3.775203228264445
ceros,4.188204991772033,3.775084870494229
porth,3.7664680700512445,3.7750661594704553
sango,3.8220721021020263,3.7750438548040632
touns,4.11443803502309,3.774820067374327
colas,4.231182400735824,3.774721038322036
gairs,4.131830432331913,3.774720255060706
clove,3.3586680253832535,3.7746624934741124
realm,3.7250669401392624,3.77463210348735
tunes,4.261480285390322,3.7745998957981866
potin,3.802271235246063,3.7745591847296214
towie,3.743553485717027,3.77393137711801
tuber,3.693047185205776,3.7737461667858456
scold,3.5734043456090117,3.7737154935661623
hayer,3.7391933249030833,3.7736979928832306
neato,3.8241900820441552,3.773512515175285
punty,3.7436883332150783,3.77348314978257
bones,4.332103819933333,3.7733725560426383
bourn,3.6665563177058393,3.7733128601824264
artis,4.07604558116827,3.7732881538476355
eiron,3.768210609930745,3.773198979460269
muser,3.8459694538632188,3.7729326667370104
moals,4.229928172830724,3.7726029463808475
glady,3.494955557916817,3.7725625337425397
grued,3.664206453748874,3.7725581885535524
nicey,3.7734087278189037,3.772515995272477
cours,4.070954902942337,3.772339601596774
binal,3.74431270095324,3.7718667967667665
hated,3.8638167986464715,3.771673285816556
earls,4.222688009700599,3.771378170736876
moper,3.8721613216291653,3.7713263570968145
hoars,4.13606622730855,3.7712922362276546
cades,4.222674867762387,3.7712301235250667
drave,3.4647775985702403,3.771206551102222
ranch,3.5655870088303576,3.7710731349054383
moans,4.222777530861784,3.7709880253865746
posed,3.992773809251336,3.770962776030566
stonk,3.461018989543052,3.7709509407951636
creak,3.5380270740269975,3.770920069474781
trick,3.3460104056194293,3.7708913820373766
resin,3.8119574546297104,3.770865469100186
caped,3.8270836774967316,3.770862882835245
hilar,3.7341394422964687,3.7706891290398623
faith,3.5353414952539772,3.7705229033371817
sepad,3.847846301159655,3.77036562536817
wanly,3.6501597325986124,3.770142844484052
bread,3.7075141893168437,3.7700357312415256
cease,3.4684368004008883,3.769971448782991
haled,3.9102300212541206,3.769876490939076
peins,4.161372815364557,3.7697918760975897
earns,4.21553736773166,3.7697632497426032
bagel,3.72763647782294,3.7695261292261173
cokey,3.8020850168599916,3.769425699773067
carby,3.692608956827807,3.76914795608657
minty,3.802825727540574,3.769034207633152
while,3.4194097903633125,3.769009846055233
amort,3.531530470189647,3.7686965601315348
slype,3.5626721068250498,3.7686794837307636
retia,3.8991515835327903,3.768590834874629
moais,4.284009415751137,3.768264195255436
cadge,3.6350261282679046,3.7681384889378493
oldie,3.627637977716752,3.7680519781739394
cirls,4.124427086563987,3.767915229868718
ciels,4.07444154039848,3.7678690299747557
rowet,3.7631907046564788,3.767843926144815
saser,3.7308679527420123,3.7677467050244413
bouge,3.6569902668398866,3.767679436395893
sawed,3.8783882373149012,3.7676549873100487
cento,3.7636255172669495,3.767641145607313
saved,3.8121924360909905,3.7676239331529073
curia,3.8190726585204913,3.767518132381513
oiran,3.853948558128346,3.7674570123555355
whine,3.412259148394372,3.76739492506096
gains,4.105359107004032,3.767171451225438
shonk,3.4437365970568425,3.7670442495331637
bruin,3.53805825721013,3.7670433965340795
leaky,3.7191400014359073,3.767027082481663
smout,3.510955090134257,3.766756770303237
copal,3.668230532207313,3.7666079141089286
laree,3.8108595228032653,3.766346862391355
grats,3.9920249087959156,3.766277627408205
genal,3.7281488273257146,3.7660941131861967
lotsa,3.80656959667568,3.7659080694591043
pined,3.954469853811564,3.7658134191909345
tyler,3.7049028777727258,3.765545910564924
cooey,3.6049405470401643,3.765184772560799
china,3.5235446236214756,3.7650399501102214
hayle,3.6607023336427584,3.7650104596596834
brits,4.007128103831354,3.764732801563377
paoli,3.85096206595553,3.7646876886354326
ruled,3.9035426126621173,3.7646387727003723
clang,3.37479248085839,3.764507440827116
botes,4.27206099805195,3.764476953746887
neosa,3.813044306733632,3.7643756649619244
torsk,3.690832399937344,3.7641925495127264
eagly,3.6157744864304773,3.7641771562791053
laund,3.7283816337358155,3.7641159909971185
hoper,3.75897869274805,3.7640817641026274
rauns,4.154666278515428,3.7640312016405533
sough,3.5532785290672506,3.7639802789103998
ranis,4.303362977003745,3.7639088565689427
tules,4.247850686116588,3.763907498624956
prank,3.5203060607579673,3.763754193343052
biach,3.41235704441144,3.7637367579785197
cuber,3.6230927277971423,3.7637168971730253
reink,3.643999717767704,3.7636236822692584
mairs,4.231714435643599,3.763255810820207
guide,3.64336680615445,3.7631699769937965
septa,3.8578967125059043,3.763152744383737
dirge,3.7584988048359396,3.7630783000746577
pured,3.941004549772833,3.7630490272573525
dural,3.759563067929972,3.7629917573990093
lines,4.303155215214078,3.762819027957528
swage,3.4859658926246095,3.762768881164446
sweir,3.5371287608293347,3.7627646915751223
spued,3.698048489868512,3.762747969227066
boles,4.318474220659599,3.762680158869407
whore,3.4384945055257385,3.762537845745892
claim,3.504764225813759,3.762361965773959
goats,4.155283528853096,3.762274457090146
stack,3.334130656204728,3.76218466262894
ratch,3.505544186948975,3.7621775326096873
liber,3.734722115029532,3.7619652989451873
elogy,3.444621728228296,3.761804367112757
chiao,3.557635570065451,3.7617889754542517
rougy,3.6527784781403425,3.7617278528562155
setae,3.6734152413911465,3.7614699927899493
inure,3.5185927844776694,3.761344022746507
cloak,3.482243401121408,3.761307565205176
pioye,3.724170102485037,3.761119904165935
gears,4.09920857939583,3.761072430027861
tesla,3.8365588590050628,3.7608710584584775
toker,3.8496918096862274,3.760847715748856
trier,3.4919595630691913,3.760504021363812
felty,3.6352636150592117,3.7604056004017776
ploye,3.5764425880940713,3.760392430433241
baton,3.721961789318546,3.7602909917544807
whose,3.3944934912730185,3.760210375434078
grike,3.579597376573387,3.7602073972160888
loris,4.291344359296432,3.7601524625284757
lures,4.289689911175347,3.7600546360239457
horme,3.79113698875385,3.760012070597281
tarok,3.7628168940851894,3.7597922686328173
airts,4.255833192902102,3.75963442947295
nails,4.182129177413497,3.7595975549816423
frosh,3.2996988580801796,3.7593981145133144
libre,3.6755518071281488,3.759211648562635
hurty,3.6761777946207284,3.759025222705382
trapo,3.617297610441044,3.7588680407718114
parch,3.5894193466673405,3.758790992289187
gomer,3.808357674340073,3.7586444627947664
mired,4.0001419440983295,3.758600085107934
homey,3.8174067133530403,3.758542679197112
phage,3.5211303977615653,3.7585162588601504
cigar,3.6008788655386637,3.758513193453876
balon,3.768375011926196,3.7584941968770007
trock,3.3457744374229135,3.7584854988870404
dotes,4.300776669067412,3.758366306312712
milty,3.7891961282668403,3.758341810459921
shack,3.3168482637185184,3.75827797136694
plyer,3.622076043795828,3.7582150502291647
swain,3.530292503052034,3.7581296709845735
brume,3.5343917274308847,3.7580586071831763
costa,3.842000034412637,3.7579776987489364
lions,4.108812149669767,3.7579482325467994
lutea,3.8836767223687865,3.7578650792999824
inter,3.605185084096634,3.7578035558928358
doble,3.713895399503925,3.757720646372575
caged,3.7769694444963164,3.7577005553530887
brios,4.006964549059098,3.757610444691877
audit,3.6283872078981814,3.757561833830984
calos,4.172773597162694,3.7575209382913477
marsh,3.710262401292417,3.7574517929837055
peons,4.161136847168041,3.7573859929472535
mails,4.212393752284656,3.757321927979212
pleon,3.6209236115939873,3.7570126001748383
tical,3.647349306094447,3.756943941257949
dital,3.7129855500873195,3.7568605470368404
tamed,3.933118490927958,3.7567458139055194
flies,3.989881791695632,3.756701505927935
whole,3.4191738221667975,3.756603962904897
doles,4.347189891675062,3.7565695114352327
cameo,3.8749153900065516,3.756430701189223
gaols,4.112273780776457,3.756380489069375
gland,3.5239996807761944,3.7563527832928516
plats,4.047095980868677,3.7562038992533653
pucer,3.7221882437821687,3.756082056782433
hairs,4.118531806762483,3.756011217826019
slily,3.388701368319273,3.755957013380086
spyre,3.5416766999413207,3.7557249086749653
mains,4.205243110315717,3.755707006984939
clink,3.369615760521787,3.755692295681279
cutes,4.1314830061003045,3.7556750238896144
bunty,3.670155966953907,3.755670074032746
goyle,3.651772600519922,3.755598074842397
gript,3.4404786026193324,3.7555680668264912
curdy,3.638272631932372,3.7554654287356115
yearn,3.6686502001736523,3.755463712580841
thars,3.931517125011479,3.7553926179240276
grimy,3.480872767219944,3.7552472732283837
feard,3.6441500105990965,3.75522840656217
geals,4.0798878960368885,3.7551385471868657
piled,3.940840254537831,3.755121022017704
borek,3.8385630601734615,3.754922219598056
senvy,3.591626108372223,3.754908946569035
blind,3.5391028758116327,3.7548079574480235
dials,4.124767440679877,3.7548005833332603
doits,4.199102394903997,3.7546189838111426
gripy,3.485598681402262,3.7543787679999303
donut,3.693563166350523,3.754337686394984
chola,3.5304592973939,3.754248987954158
bigae,3.7153926610293118,3.75419101245766
recal,3.7040512915407646,3.754118584500414
trads,4.010775577946762,3.7540380658165686
biota,3.8095084421484677,3.753937819720181
lites,4.243112393332694,3.753923425661777
nicer,3.7510610632365062,3.753908741635445
remit,3.739325759309308,3.7537846649069913
seter,3.646193265824275,3.7537512943335365
erics,3.830957325796639,3.7535619937387352
geans,4.072737254067948,3.753523626192593
dobie,3.767976642424338,3.7533818952471636
repot,3.6742399649281032,3.7533544641722485
sohur,3.626647012823893,3.753232795417441
perdy,3.8022267166630366,3.753151590908228
noted,3.924506493964161,3.753072083761201
thein,3.5402688700705167,3.753051041750595
tench,3.4752024918558684,3.7529331572047315
toped,3.874809776213099,3.752770730396093
valse,3.6416655593669844,3.7526575009411243
honed,3.901631261835588,3.7524474660603344
oread,3.7357212792905052,3.7521980234627295
amity,3.5828051931442078,3.7521863280831145
snack,3.364129385298848,3.752150152972949
shiok,3.4761990117840993,3.752149763275072
porgy,3.764075629576289,3.7520471952994923
beins,4.087840449103386,3.751978800347765
cuits,4.029808731936889,3.7519277013880448
surfy,3.6216722340872005,3.751900957605077
nears,4.168828007836355,3.7518836127897917
ulnar,3.590161114993986,3.7516726709971895
tidal,3.6826098474986617,3.751632211810043
third,3.5294463875186026,3.751631739331583
paris,4.327195314840727,3.7516267139526915
luach,3.3846150822718277,3.7515108119064156
hired,3.886959315217214,3.7513554921137464
urnal,3.591867442996004,3.7513357082208403
chiro,3.471243286597196,3.751316626615287
doeth,3.6716658286400286,3.7510962363924927
drupe,3.567833312628665,3.7510794545205486
rithe,3.6860017095199815,3.751005570364728
moats,4.255167532164781,3.750810012849646
moted,3.95477106883532,3.7507964567587706
gates,4.239423382470444,3.7507407611900794
vlast,3.3050058123483605,3.7505237627416257
crier,3.422005105660557,3.750474751750991
spike,3.6134394126930243,3.7503971778896026
teuch,3.3877376782569044,3.7503316721452036
chapt,3.3556978166397107,3.7503294118109056
lusty,3.6795113176744234,3.750265902787267
argil,3.509392702246993,3.7502159072748933
bathe,3.6732019864064323,3.750123747997213
gable,3.652542112906957,3.7500951012499426
hails,4.099211123403542,3.750077334985024
toads,4.174034198003943,3.7500348954985094
fores,4.258673662627394,3.7499511566231076
slung,3.421955632410091,3.749500282919519
volet,3.69983610862829,3.7494137520471105
breid,3.655882465410061,3.749290748436154
serif,3.7191708312561906,3.749225744344846
foamy,3.5911435559732676,3.749160958037079
cauri,3.7034732062787343,3.7490975328561995
tiros,4.219457348534421,3.749029209078839
moled,4.00118429144297,3.7489996618812906
gales,4.285836605078094,3.7489439663125994
strap,3.620071229761366,3.7489412359100545
segno,3.6966198158503296,3.7488963021083075
orles,4.18342269057608,3.748845621408671
gnarl,3.442336889981484,3.7488450510426263
olpae,3.6459864696124233,3.748788158428326
coarb,3.597119075249239,3.748772654693285
sting,3.426668898837836,3.7487695286377294
barmy,3.7534317026555626,3.748731542070864
corky,3.7377618224084888,3.7484996786398446
hains,4.0920604814346015,3.7484624139907514
sinew,3.771801053011676,3.748425365160527
wanty,3.675399091932669,3.748349910952851
manes,4.399350207663511,3.7481719192453316
pareu,3.9650396278631783,3.7480903357075626
frita,3.5877275796002372,3.7480174477156343
cutin,3.588160877033247,3.7479441791225243
fitly,3.5249089324712592,3.747910397782247
shift,3.342256005294608,3.747888244029208
noias,4.265613785548428,3.7478823646096293
thans,3.9050457996835974,3.74784381408876
diota,3.83822411316393,3.747827172286006
laced,3.8490840237872654,3.747745624156613
tepal,3.688028716133796,3.747708340287269
races,4.275368668566878,3.7476608348000475
rotas,4.272723520336879,3.74763681502659
ahind,3.539187351786147,3.7475657990189264
nesty,3.760708834627035,3.7475303480407325
cimar,3.6870734545616717,3.7475291823934844
meith,3.6555914769334352,3.747493778937083
deils,4.123706762087789,3.747483073907863
thurl,3.386600275874144,3.7473404671838706
roupy,3.6981644729708387,3.747235348096987
white,3.4446491496973692,3.747216912524032
gaits,4.1377491083070295,3.74699343868851
monde,3.8777804700456624,3.746992101649358
fayer,3.659741339930323,3.746921444791064
rogue,3.7109653850857125,3.746911634648845
forge,3.6710249231329124,3.74685952203589
sadic,3.691688072008277,3.7468510977313847
wries,4.017330305583121,3.74664757233277
cooer,3.5825928824577673,3.746577518923767
rants,4.274521093417389,3.746454674163153
frith,3.3498545165045304,3.7464046516032683
pandy,3.800424921327431,3.746280055878578
curio,3.7402999961683303,3.74624600505131
heapy,3.625165181646195,3.7461401574663125
neals,4.149507324477414,3.745949729948797
brank,3.446773694496796,3.745941117593228
olein,3.60460377366509,3.7459383559235073
cupel,3.614944360179445,3.7457651047990277
metal,3.7679900087560156,3.7457340666499466
onery,3.561836216280037,3.7456133549516535
braky,3.546127885451736,3.7454988498566215
flash,3.266370337052847,3.7454620196038135
chars,3.861562667602845,3.7453633483112068
aside,3.6424012710955687,3.745326846708621
mange,3.81170146816903,3.7450802846581137
fated,3.7843648136737107,3.744896737724389
blued,3.645745159560464,3.744671384648888
storm,3.521644116035219,3.744490804400642
onset,3.651577054581503,3.744392141974454
pinol,3.737207904949016,3.74435835043393
floes,3.989645823499117,3.7442956227775985
fayre,3.6005710320289395,3.7441677944085114
moyle,3.7516566038316066,3.744133630601898
tache,3.636281413429022,3.744096494784147
filar,3.6546874573237087,3.743912580947696
chino,3.4447719612693146,3.7437678227800193
meals,4.179771899348573,3.7436741029463665
garth,3.660298088208568,3.7435168911638224
trite,3.4725501417261775,3.743432366108231
minor,3.78031450818592,3.74330459712462
clonk,3.3693797923252715,3.7432864125309426
eorls,4.200459651008334,3.743256748684904
lidar,3.708253986233827,3.7432465328094926
ruins,4.085373072842598,3.743224695752048
codes,4.200446509070121,3.743108701473094
grins,3.9198721282545854,3.7430531994915244
scena,3.639234126922868,3.7429549425547783
fogey,3.651760139357272,3.7427501421653364
coped,3.8048553188044663,3.7427414607832725
decay,3.702849111664576,3.7426795531108854
glean,3.573162433324441,3.7426634318988947
saunf,3.5686723374322673,3.742476554386806
comal,3.7043108882299056,3.7424615755663817
cohen,3.6862932622240185,3.7424147001134145
blond,3.5388669076151174,3.7424020742976873
premy,3.591491544001779,3.7423801661928127
hears,4.0859099538264,3.742363392793174
yourt,3.5912046222890925,3.7423470433877943
scobe,3.520905685940468,3.7421400638300435
morah,3.8184273403211257,3.742130190082512
means,4.172621257379633,3.7420591819520936
raped,3.915038019705439,3.7419818646623195
ranee,3.8006497818183123,3.741981834379849
snift,3.389537126874938,3.7417604256352175
holed,3.8880016625618548,3.741755068887104
afire,3.5040754764331012,3.7415617859917942
nates,4.309042810910969,3.7415519439520106
model,3.8338236131801136,3.741253778358006
tapes,4.259346093159909,3.741250590586903
skail,3.575906934043953,3.741160642607311
corby,3.670380598135541,3.7410265340345976
shoud,3.544847328862123,3.7407689298755598
rokey,3.8900393590686972,3.7405446816001415
regot,3.6241257319276876,3.7401921366900934
homer,3.795059048770643,3.73993542556008
drank,3.4754893655122583,3.7398304701590526
onely,3.5425155329210956,3.7396794721106588
toged,3.824695543212684,3.7396084029139374
sowed,3.856159878622635,3.7395335652580757
chals,3.8422419842439037,3.7394294654702116
prove,3.4695955463811003,3.7393219506822772
spica,3.5150431441858956,3.7392962244827608
mates,4.339307385782129,3.73927631694958
radge,3.722980470476611,3.7392574707649238
armil,3.595587291270001,3.739231896214502
veily,3.5214730578239464,3.739138015693181
hider,3.703403550630765,3.7390767921909207
mardy,3.846097011614196,3.7390667217955773
plica,3.5362721801390196,3.7390327156544076
eosin,3.761333576219106,3.739003075061086
riels,4.162395882607186,3.7389880118018306
sneap,3.600084412689979,3.738860526360101
outen,3.755291510837468,3.7388105746964713
sorry,3.646572345081621,3.738667896750165
sugan,3.66521972270779,3.738661908187712
foals,4.037293558976849,3.738581805294493
amuse,3.531538488853541,3.7385393934895084
blats,3.973563614607506,3.738390823503541
ousel,3.757537574338804,3.7383356365177005
frais,3.928116181840082,3.7382462244871406
align,3.4771239877617823,3.7382121269696675
baels,4.149596159493637,3.7381061894343155
spoke,3.6132034444965093,3.7379912947392664
wared,3.8727153084904247,3.7379157884276335
sarir,3.681213598752961,3.737909431198699
deoch,3.4397760686382997,3.737902717968611
mobey,3.8310364133690977,3.73780402181805
walty,3.6617694926589364,3.7376575137796206
rouls,4.139588561792102,3.7375247005828536
veiny,3.5143224158550064,3.737523094698908
males,4.385720608389779,3.7374795220721
noirs,4.179221502080173,3.737410015770664
volae,3.749830498395694,3.7373358980399307
churl,3.3166458184655108,3.7373111975710493
biled,3.8673078882766605,3.7373079462678787
cream,3.572180875191283,3.736911129244991
irons,3.94303324281286,3.736906374225838
hoyle,3.638473974950492,3.7368890376077104
ahold,3.546102025558571,3.7367748368628626
fayne,3.574099706701058,3.7366189905732434
lawer,3.7442147910242074,3.736612023228597
laver,3.678018989800296,3.736580969071455
barns,4.192431063690204,3.7365374683340056
colts,4.150708793242684,3.736521873110875
fetor,3.566339173096908,3.736472784770725
heals,4.066589270467458,3.736429509952179
stong,3.4264329306413206,3.736363645487393
armed,3.783843801773937,3.736110425694217
galut,3.618580280479822,3.7360197440991203
lound,3.7061532750435497,3.735994568945146
sigla,3.7438410195251857,3.7356984194045717
runes,4.279480170190395,3.73568960801244
child,3.440171246751028,3.735668586877767
grave,3.381195953281007,3.7354595839276166
vaute,3.617750035269589,3.7353490669944454
latke,3.7778368320267406,3.7353345096242965
crore,3.3625988295626588,3.7353152182181018
chais,3.896323227164317,3.7350907143448007
rowie,3.7615533705170994,3.7350210893322635
cavel,3.5824203936564976,3.7349373784591844
state,3.460670392311476,3.7347256466997947
leafy,3.563189329305147,3.734718162737417
plesh,3.4299769451385393,3.7346780574414886
twice,3.330818536058081,3.734646677380123
geoid,3.7316624332679096,3.734633034318673
bagsy,3.5679878514952437,3.7345577873996882
toyed,3.832796049675866,3.734265537124724
luger,3.660428723322827,3.734246367929143
parts,4.298353431254371,3.7341725315469017
signa,3.7366903775562452,3.734083498410299
rotch,3.4833158282567087,3.734056110557715
froth,3.3496185483080154,3.733998768452932
basin,3.760455630869916,3.73389871570446
menil,3.7764011067306154,3.733884686140326
calve,3.5621081964200405,3.733825251682259
arefy,3.474733731059101,3.733659862455128
scarp,3.4410512282007124,3.7334988579797868
geats,4.105127255370945,3.733345613655665
forme,3.7116850037810902,3.7332355225051144
karst,3.72840423795222,3.7331974088286266
ticed,3.7839740926916,3.7330774879322934
ripen,3.797792773628326,3.7330764019272493
coram,3.785425041413971,3.7329541588208945
grues,4.026514412003417,3.732916626692389
reign,3.6453411980036394,3.732631380422214
milor,3.766684908912187,3.7326121999513893
chota,3.555698656727957,3.7324560544229572
anger,3.587808768626319,3.7323748634454654
decry,3.6164568281963207,3.7322072042719205
sente,3.65298445577939,3.73216642987454
miaul,3.6539018483209027,3.732050405233726
darls,4.228297376674607,3.732041741894103
hates,4.226124756901013,3.7320317239553926
karsy,3.7735243167351493,3.7320081100020666
blude,3.5087117388894233,3.731971427243724
hardy,3.732914382733081,3.7318221288013897
fluty,3.37499878569677,3.731684107754575
civet,3.5201821870954655,3.731680115697907
matin,3.7959852567150714,3.73154547218249
lanch,3.5016103223052886,3.731516362400841
noils,4.159900818721232,3.7314761329296693
goave,3.5444545733381876,3.7314564136095574
voter,3.6761953002211722,3.731413994460998
hable,3.6392434873375272,3.7313860640152554
flout,3.3223894989008445,3.73137140056412
rotls,4.167010553509683,3.73123058334663
capes,4.189391635751274,3.7312213209740817
plena,3.6853796971590844,3.7310695200304
reify,3.587403236591884,3.7308724947884055
madly,3.7210836764384627,3.730800446054369
naios,4.207204981975298,3.7306822645789417
porch,3.5671909879750743,3.7306695702372146
aloud,3.5766572711346116,3.730523226008772
ratos,4.2143147167637505,3.730436714995902
tinas,4.225908083289793,3.730428930645396
darns,4.221146734705666,3.7304268208998304
peaky,3.7327625982879367,3.7303799118539054
gutsy,3.5053274805709167,3.730316203188597
talcs,4.0436145272674135,3.7302759755424284
hales,4.272537979508664,3.7302349290779127
trigo,3.5321488363722144,3.7299581050774324
bleah,3.4868378765983437,3.7296648008424436
dimer,3.80308094550091,3.7293776555066813
grasp,3.388124712111448,3.729359693298435
rindy,3.7396922781798088,3.7293488024962684
fairs,4.0390798217897235,3.7292346697338523
moils,4.19016539359239,3.729200505927239
chord,3.4592559619134535,3.7291965865684253
prang,3.485720001856236,3.729166898035281
afore,3.5038395082365863,3.729155902841458
cesta,3.791843760930486,3.7290488553144554
inert,3.4570401560044637,3.729041804832879
reing,3.6094136588659724,3.7290363869614875
lauch,3.4141455087063246,3.728914877341312
strak,3.606324548948104,3.72888637911952
steak,3.556339002782597,3.7288401792255574
raged,3.864923786705023,3.728819537180164
syned,3.8067291216121557,3.7288142115292624
bandy,3.72689255506626,3.7284669801287533
alane,3.404104845351636,3.728441185481846
nipet,3.730265958429077,3.728384762100146
hadst,3.538100637880639,3.728351564415923
berth,3.6427794303079217,3.7283242402861494
strip,3.568439505854583,3.728196253104683
patio,3.8424094636820056,3.728165029898525
sophy,3.6343488515740914,3.728066834320461
mased,3.9864878307203435,3.7279490634834342
drive,3.425014819331907,3.7278041106486137
daris,4.282378619595019,3.727702990768692
scalp,3.421730544841771,3.727564975138792
urned,3.728492229593157,3.7274692548951833
blimy,3.4624114730315343,3.727360469323719
cloam,3.5163972022856935,3.7272986249753863
lovey,3.6781382956904274,3.727066800656515
homie,3.770649300430731,3.7269091412111215
rotis,4.2210917964300965,3.726891832221219
luted,3.793152703529398,3.7268787950732545
inset,3.5919010730888594,3.7266312930291194
sayee,3.6861802459591653,3.7265971307276273
ghest,3.3423609374166237,3.726583095030406
boras,4.283066313794075,3.726437198956266
staph,3.4065546810444642,3.726418212127605
apiol,3.500027357219988,3.7264097510594834
porns,4.243735071259108,3.7262291220318575
pines,4.316777812066107,3.726171857329771
ruble,3.632556078745524,3.7261483457765516
sluse,3.3319719884659413,3.726065846646249
algor,3.478680935886363,3.7259763307739533
rebit,3.639772830444251,3.7258014145337413
wiser,3.695107816983405,3.725799365991732
morna,3.9434367946206956,3.7257218335206437
spurn,3.4822737594945252,3.725648196565219
argol,3.480387263888381,3.725639367997604
wader,3.6891595439039757,3.725637088504808
donah,3.7279385547886523,3.7254198009815136
aiver,3.6491213483000573,3.7253956963697465
noria,3.9744041046388903,3.7252736303919365
aloft,3.3738299793705817,3.7252366570120836
legit,3.58915448376123,3.7252119034627844
anted,3.7205327488328894,3.725007290589577
rules,4.26585057091666,3.7249972108392093
trawl,3.366724381988515,3.7248285546264195
frond,3.464577591261337,3.7248032928754977
alumy,3.4750650750645127,3.7247557564384115
caids,4.086545320049242,3.7247246074840525
gerah,3.66838706352729,3.7246657908885297
mincy,3.6035486454644037,3.7246376183999113
fired,3.807507330244455,3.7245789440215793
coyed,3.7628415922672334,3.7242362675119036
neats,4.17474668381147,3.724156796417596
clift,3.2678992005630376,3.724130407026987
atimy,3.4797783414922576,3.724025002156622
trags,3.9224682173778636,3.724004826773352
canti,3.7968566958528136,3.7239722015435315
entry,3.472491727121932,3.7239056412211555
angle,3.509317777365994,3.723687330221918
rayed,3.8730242931682053,3.7234766713909506
pures,4.303312508027376,3.723407465396189
fails,4.019759138430782,3.723300786892857
sirup,3.6753586304149657,3.7231041758466965
pinge,3.729129072571625,3.7230802227425537
moria,4.004668679510049,3.722998003389506
grits,3.952262129557582,3.7228751869545964
plues,4.081585484076178,3.7228428985375497
apode,3.5800199172149805,3.722758979260987
tanky,3.7557582109993657,3.7227285697885355
gular,3.6597863363171443,3.7227119738248637
chafe,3.3388659184630054,3.7226598224562575
latch,3.441567500423905,3.722620760105089
telco,3.62067329332568,3.7225814288136636
derth,3.6714951013233845,3.7222135928519746
along,3.4409604804276004,3.7222112503586047
agist,3.3961007259462903,3.722111988942247
meats,4.20501125868263,3.7218811694151657
unlet,3.582249771994281,3.721853836876403
fains,4.012608496461842,3.7216858658985843
freon,3.4731019289790357,3.721600743002825
graip,3.46688628592564,3.721414529643843
pions,4.1224347465217965,3.7213010619190428
nutsy,3.574946909011442,3.721127385950527
teads,4.123877924521792,3.7211060520640284
cling,3.335029701620056,3.721105000373508
goles,4.263608246385829,3.720822544260627
frats,3.8992742982537254,3.720792042081351
prink,3.480543281519634,3.720351752889444
purge,3.7156637685328944,3.7203158308089717
savin,3.631178265278475,3.720251526524654
marid,3.936373019362927,3.7201331412147502
brush,3.31810615239607,3.72013231452344
mourn,3.7115743467437525,3.7199908013331475
bloke,3.560900114188462,3.7199147101610883
acies,4.0546807300539855,3.719845171651349
panto,3.873610401977033,3.719606449788487
oiled,3.895514978250322,3.719470238489083
pelon,3.7695227460129495,3.7192570071403717
epact,3.2705325787259283,3.7192315041227983
royal,3.7141711478787856,3.719221702664634
daynt,3.5772136391157967,3.7190722394794067
rutin,3.676115219241953,3.7190631609495988
mires,4.362449902352872,3.7189585232467706
sneak,3.586337731876717,3.7188056695695666
foyer,3.637512981238057,3.718800022739091
stick,3.294367876966395,3.718782222175332
sodic,3.6694597133160114,3.7187296756794117
unity,3.4792823540061457,3.7187140104257526
buran,3.738089736605931,3.718608527684646
sprad,3.736475797328217,3.7184140972002213
ronts,4.252292734725123,3.7183332521111803
caput,3.522135311153003,3.718297098760602
cents,4.1141821190342664,3.718285426849625
phies,4.069016358017714,3.71820545299376
pondy,3.7781965626351646,3.7181586338266053
plead,3.7077192871158333,3.7181043884779057
raspy,3.757303226573444,3.7180938375854264
cages,4.139277402750859,3.7180589934919257
korat,3.8365691769809294,3.717875805927434
seely,3.523847733156093,3.717866361606024
sloka,3.695061439511533,3.7178283487879606
cruve,3.3027860033453633,3.7177979120620486
baldy,3.7132629557925263,3.7177745829555224
chats,3.8674813435779605,3.717636531939011
huies,4.129409559510603,3.717519335303111
moues,4.289657035372282,3.717449012133831
tames,4.295426449182501,3.717104252044356
cloud,3.470490524130552,3.717011092873339
towel,3.6963422935967754,3.716876280177175
glans,3.8863076390307376,3.716711221431688
atoke,3.5782669826491853,3.7165792429939914
grume,3.4795257531571133,3.7162009925743957
planc,3.4422036518810133,3.7161948607826027
lobar,3.7003565555086477,3.7161219158054033
ragde,3.727890366033982,3.7161195797749995
skear,3.641617255419459,3.7160467688546923
boers,4.146688484160312,3.715918650223338
liras,4.254117709074819,3.7158836708711553
sdein,3.6047789159323953,3.715805608080201
mural,3.7758654259524222,3.7157803459839047
carom,3.727016237840841,3.715754058790206
routs,4.164827921126159,3.7157317670516523
reate,3.6063108328374303,3.7156910845496838
purin,3.7599903789603184,3.7156766206290985
fears,4.00645796885364,3.715586844701007
heron,3.715641806692333,3.7154914772364145
piles,4.303148212792374,3.7154794601565406
fogle,3.55092148351455,3.7154553553047567
drove,3.424778851135392,3.7153982274982775
racon,3.7030411011412077,3.7153534507556683
goeth,3.5880841833507944,3.7153492692178873
blins,3.9014108340661755,3.71516639558686
rhino,3.5327263034780203,3.7148868046070938
poynt,3.599801975669239,3.714874540611434
crawl,3.2967699245798814,3.7147992850135987
stivy,3.3224449461637935,3.714764302466813
ulcer,3.5105350826503345,3.7146796664229234
heats,4.091828629801515,3.714636576420978
tonic,3.69063240582674,3.7145106712950264
dormy,3.7599190149787587,3.7144994725847162
alecs,3.858843050269461,3.714464166613053
rauli,3.7721068651284995,3.7142826318422792
rodes,4.288400851278826,3.714227683300169
pruta,3.6794312719807833,3.714158840325248
fanes,4.206715593809637,3.714150778158977
godly,3.598971314434512,3.714143468242894
crags,3.85251375996923,3.7139755571605306
doura,3.79195452081714,3.713958763195385
roped,3.892809661013173,3.7138604426103465
prief,3.5699472228738696,3.713756369078311
romal,3.7922652304386117,3.7135805573934566
notes,4.286814452218703,3.7134305219000376
sweal,3.517139544275955,3.7134282930906997
erase,3.342508644141809,3.713231206889025
cunei,3.8018157726258184,3.713207135392819
danio,3.8576355903176807,3.713136909010277
topes,4.237117734467642,3.71312916853493
artic,3.5035432534836026,3.7131011028399454
pruno,3.568268608325625,3.7130647255319733
enlit,3.508545430508124,3.7130255112038304
woady,3.5929120813192954,3.713019844502461
hones,4.263939220090131,3.712805904199171
noble,3.699933182655216,3.712784861959901
roose,3.56737590251237,3.712615380056475
sworn,3.455533196055714,3.7125939813470357
beaky,3.659230232026766,3.7125668361040813
chias,3.9081921718327672,3.7124332566965634
brens,3.9569585387752495,3.7123730167061293
ergot,3.4102432334599015,3.7123329129690523
bronc,3.401999806647175,3.7123178799422787
caulk,3.506135391005768,3.7121550038470654
smith,3.4650928392757625,3.7120456028289412
talky,3.742128611725632,3.7120361726153046
scend,3.5487101080834798,3.71196865832805
nital,3.6990233332386113,3.7119247626241663
sloot,3.335744673309818,3.7118643091286927
hires,4.249267273471757,3.711713930252583
fetal,3.5753553949021413,3.711712925563592
noles,4.333227674826354,3.711633727022558
atomy,3.4795423732957422,3.711619119006286
pieta,3.865497212853047,3.7116189812261657
tardo,3.83814915810296,3.711617998354349
flour,3.3451619131013763,3.7115748481005273
uraos,3.9686823162689793,3.7114648518188087
lithe,3.622025022994911,3.71144879786013
aitch,3.4126698589236657,3.7114354874033806
arret,3.537605420876485,3.7112918398498027
syrah,3.610342571216579,3.711252342557252
festy,3.5983387956443194,3.7112335799519474
motes,4.3170790270898625,3.711154894897607
roads,4.192034082804016,3.7111246077127626
fogie,3.6050027264349627,3.7111166041793457
paced,3.862706620639295,3.711098453528857
caese,3.4832790895838652,3.7110814764216604
chyle,3.3639704152447867,3.710960149691262
wince,3.4931335216695927,3.710786727626803
atopy,3.484268287478061,3.710750613777834
chaos,3.867317788805704,3.710514175067511
moble,3.7301977575263754,3.7105092349574704
laker,3.8259433666534965,3.7105020775104847
telos,4.17034342239691,3.7104999424177154
grots,3.952026161361067,3.7104693038042598
auris,4.197023344939705,3.710402419429054
trams,3.9631282980260423,3.7103808272425756
darts,4.253536736008663,3.710248808362902
mpret,3.687862130115044,3.7102425379579773
nadir,3.7225526799053186,3.7101300682943563
foyle,3.559021989977732,3.7101124895155433
radon,3.738301642545423,3.7100417213077623
wrath,3.3437385411681717,3.7100087399482664
acorn,3.476362073228941,3.709981077700329
doers,4.175404155175774,3.709808002789163
pleno,3.6066070348069235,3.7097973927001977
talik,3.7040063056600463,3.7097546102207724
serry,3.59641607159947,3.709739053315684
surer,3.65733079193961,3.7096901826421966
feals,3.987137285494698,3.709652961860012
breis,4.018190423664603,3.7096491865749908
turns,4.099579170454926,3.709643386037581
sulky,3.6898068794342036,3.709595679659989
sicht,3.4983930892696615,3.7095628906832205
traps,3.9678542122083598,3.709512322014123
sloyd,3.5465475283165837,3.709506709083561
permy,3.754579436742316,3.709494352334235
toast,3.4524335273771696,3.7094516787088656
tarre,3.6504822163296544,3.7093770252149603
tamin,3.7521043201154436,3.7093734072772655
moles,4.363492249697512,3.709358100020128
bason,3.7314501925113035,3.709322176427171
misty,3.752271308851949,3.7091697900100913
rhody,3.4916948559348997,3.7089765150099203
snick,3.324366606060515,3.7087477125193407
foyne,3.551871348008792,3.708497568521271
lower,3.721986432331941,3.7084906011766243
carvy,3.5218259785700416,3.7084708469497367
lover,3.6557906311080304,3.708459547019483
bines,4.243245445804936,3.708358781579947
draft,3.373772805553509,3.7082685815047607
alate,3.436494846654633,3.708263172944918
trant,3.3067045962448285,3.708233515503471
larky,3.7839678367843916,3.7081833100142942
laces,4.211391982041808,3.7081040622954498
steik,3.504707278875814,3.7080951964201856
lotas,4.2087468338118095,3.7080800425219924
skirl,3.501383595244148,3.708030836120109
doula,3.7726338374581982,3.7080248803543903
pronk,3.480307313323118,3.7079458697391074
brisk,3.389481226333624,3.707760010663073
celts,4.100552519760532,3.707593029676394
moits,4.215404752926448,3.707407572396038
cames,4.225471991773867,3.7070749824315348
naive,3.596539581232645,3.706986577969853
lants,4.2105444068923195,3.7068979016585555
swoln,3.436212512696772,3.706660098506041
yince,3.569670979075291,3.7065906519744907
spume,3.5133677892767508,3.706390773247909
stock,3.2941319087698795,3.7063763390249953
north,3.7076891579568265,3.706206651873781
mobie,3.784279000446789,3.7061704838320595
plume,3.5345968252298743,3.7061272644195564
skoal,3.5875399105158876,3.7060973018087378
ravel,3.6703747358652032,3.706056360286259
ports,4.276125072562106,3.706051109494929
poets,4.226139526396598,3.7060049096009666
fluor,3.3524875663421163,3.7059544972460436
aguey,3.56539277740289,3.705564783793097
satay,3.616102852990867,3.7055429977023273
trait,3.3679364811341816,3.7055096853723324
liers,4.117739879441057,3.705365122138227
binge,3.6555967063104546,3.705267146992729
fates,4.1466727719282535,3.7052551758632255
sonny,3.5861499040239324,3.705230006329824
dwale,3.4674481379198507,3.7052006864960716
rache,3.654281298229094,3.7051862069984
retch,3.4331595547745577,3.705127267123234
serum,3.7344678514122345,3.7051253098545835
blues,4.008053117815007,3.7050298227877247
salat,3.6173959968155875,3.7049355016514083
swipe,3.4915891082167727,3.7048739359516096
tawny,3.5764517148861836,3.704808026879264
taigs,4.0681924168889765,3.704720638053657
bepat,3.6309906712592874,3.70465896737273
alick,3.3088954267526742,3.704629827046543
lathy,3.6050135111818182,3.7046153919529377
fable,3.5597915023647664,3.7046095159230887
thins,3.865283020445264,3.704441373635152
garbe,3.729909113462286,3.704360906844542
wetly,3.5177322785428125,3.7041969767018474
sheik,3.4874248863896042,3.7041885051581858
toshy,3.638250357407307,3.703992214864
eolid,3.804416908890447,3.7039453617313214
lours,4.094932558625974,3.7039018109192505
leare,3.536415470337245,3.7038611284172815
strop,3.53943406749597,3.703619713827394
bions,4.048902380260625,3.7034879861692183
fales,4.193085994535904,3.7034583809857455
anils,3.95592707358996,3.7034113397580453
lowse,3.618815110177837,3.703409480482258
parve,3.6875244757394627,3.7033544880663136
agony,3.4585145254575433,3.7032954734418966
beton,3.6495771571441287,3.703240726268027
golpe,3.7213455017218426,3.703238404914181
copes,4.167163277059009,3.703099898922109
glued,3.590879185286693,3.702813770040107
rivet,3.6081365293041716,3.7027990975249816
lades,4.246652523446023,3.702792332847544
sally,3.591905571159545,3.7027138884378967
brink,3.4070109152584624,3.702538677139619
shock,3.2768495162836695,3.7024696477629955
monpe,3.8348591043072604,3.7024663578469124
rapes,4.277345977959982,3.702340302801156
dalek,3.8016910630974343,3.702318796526519
dines,4.271961116820399,3.702248134145772
holes,4.250309620816398,3.7021135070259406
nosed,3.9339948971569187,3.702103268433892
carer,3.6396980668224046,3.702101405984691
toman,3.7815076853299603,3.701996968030665
speld,3.5807772843355137,3.7019616656262984
spark,3.452221081670544,3.701822087493228
dioch,3.4010739679920534,3.7018177869404
perch,3.5170347144929233,3.7017407268027336
showy,3.3517693184569826,3.7016930148252567
anomy,3.5095411023898633,3.7015846093502955
lease,3.492414456084525,3.701533658105468
podal,3.7391140167540904,3.701531755354634
belon,3.6959903797517786,3.701443931390547
avise,3.4125222717795243,3.7013404544850954
curls,4.036775355015233,3.701229037419033
ering,3.3955311603981873,3.7011771632404473
ament,3.487515549305174,3.7010158420524277
lokey,3.8260626725436273,3.700987909095544
skarn,3.548388714173903,3.700939399425179
piend,3.7425831927106614,3.7008107095363663
metol,3.6873528464906205,3.7004125445672855
plots,4.007097233433829,3.7003955756494205
crams,3.893173840617408,3.7003515576297548
spend,3.5736266423665732,3.7003467446320255
meils,4.140009120110239,3.7002716624927583
guano,3.595826820105633,3.7001082214723846
proby,3.5122802800051103,3.7000304573972542
toges,4.187003501467227,3.6999668410527744
loric,3.718842031611766,3.6999654115207856
pawer,3.7578373878762363,3.6999648526008397
paver,3.6916415866523256,3.6999337984436984
mosed,3.9642594720280773,3.6998276414314617
abort,3.442284161379179,3.6996500968512667
ylide,3.5211991156010543,3.699648682623011
curns,4.029624713046292,3.69961411642476
doris,4.260150260902753,3.6995815687167193
dures,4.258495812781668,3.6994837422121893
craps,3.8978997547997265,3.699483052401302
bites,4.1832026239235525,3.6994631792841957
oware,3.4862602402369913,3.699407508992446
pound,3.719775871895579,3.6993473983173892
ringy,3.65138491761091,3.6993155634530517
fresh,3.2821552625235877,3.6992662002694745
twiny,3.369607372197498,3.6992526767284346
lento,3.787603172950586,3.6992033549297902
choke,3.4548178431589163,3.6991604185965588
dinge,3.6843123773259165,3.6991564995585544
volte,3.669356890902554,3.6991367328287694
hiper,3.6701203186196545,3.6990679896399357
diols,4.084768693245028,3.698992259729316
heirs,4.046147174588066,3.698960952339566
labor,3.6419477519355183,3.698921815774715
perls,4.200729439745897,3.6989151995916494
capon,3.617064068325605,3.698913936929702
leavy,3.4809757989051935,3.6988768287395817
aptly,3.4668968907217415,3.698704676076942
aglet,3.5941079129451916,3.698663170505955
meins,4.1328584781413,3.6986567414984854
boink,3.5702695353156435,3.69853550682156
woald,3.6291068461476135,3.6984250150470452
blanc,3.3686712856198424,3.6983817850327787
treck,3.328230841866322,3.698353584643201
amrit,3.598732980360034,3.6983382118152517
redan,3.746554172636401,3.6983129779039694
wares,4.235023266744967,3.69827422656647
trods,3.9707768305119138,3.6982297422126242
lowne,3.636344799102676,3.6981881469588043
giron,3.690238331615518,3.6981155834428905
thali,3.5224863862966673,3.698095244290486
hamel,3.7456664670027457,3.6979754663222586
guard,3.6105467889462872,3.6979428684111273
halon,3.7002104120829937,3.697927545033534
burin,3.6864580126991475,3.6978635448792745
praus,3.9837247508177906,3.6978373118242853
narod,3.8771030061331557,3.697832228939892
liens,4.091268554113175,3.6978163183029595
biles,4.229615846531203,3.6976663844067157
agley,3.639227991728121,3.6974738716793945
decoy,3.6222119493991807,3.6973580310282257
perns,4.193578797776958,3.6973002785973765
abnet,3.6101559015956077,3.696972088426728
pelsh,3.578576079557501,3.6969224644070215
mathe,3.718220015444345,3.696801689147933
liang,3.5464976509329906,3.6967971238822877
looey,3.628918202723801,3.696746981883276
dogly,3.599155494712218,3.6967193053843594
trunk,3.383452227696016,3.6964511007317
drink,3.435726586273925,3.696428029705444
louns,4.068461233298092,3.696353007083983
alces,4.034766826150603,3.6961913158610473
cornu,3.6691234741898286,3.6961755646841605
lunes,4.215503483665324,3.6961328355078424
avine,3.430051960704363,3.6961191209616415
brief,3.4964148566126987,3.6959432933284866
payor,3.6770291950927785,3.695899040791385
raids,4.174499662257948,3.695843589311127
busty,3.6196015482652815,3.6958056564096853
almeh,3.563167489055438,3.6957394952951352
frena,3.5375580145441328,3.6956576628583866
regal,3.6559143679334527,3.695635725019367
augen,3.6782392138745093,3.695621033303766
dolia,3.900550294703842,3.6955952171152764
snowy,3.399050440037313,3.695565196431266
lovie,3.6313808827681187,3.695433262670524
niger,3.702924139629194,3.6954258821543977
boyar,3.6619056324047374,3.695286065072249
laigh,3.512558612653118,3.6952686277388387
arene,3.4214885467633165,3.695254024299725
foils,3.997530779738516,3.695179364840884
tarte,3.690243102888024,3.6950590203419313
blits,3.9338008353691727,3.694988383049932
panch,3.5152329191573175,3.694869191773084
steam,3.590492803946882,3.694831238995768
mesal,3.7774784119487737,3.6947652513226372
corda,3.824739004354221,3.694739434019758
mined,3.925955516588306,3.69467828459183
skied,3.724400665309556,3.694636731633418
rapin,3.7340238488929236,3.694609458034066
peris,4.25481068266631,3.694576448466238
bilge,3.641967107036721,3.6945747498194983
sonsy,3.5279244459505112,3.6944399774793055
chins,3.7953285630366302,3.6944121040223306
strag,3.571738490046373,3.6942990838117495
spank,3.425749756342663,3.6942732836579606
riced,3.8019739774916728,3.694167200146547
chela,3.5129157018373087,3.694117073710319
duars,4.056436392490065,3.6940482737245697
plank,3.446978792295786,3.694009774829607
funsy,3.4726196919101096,3.693726220157494
louis,4.129693118187445,3.6936291769528444
flora,3.5082456669664257,3.693593962424049
foins,3.9903801377695753,3.6935644438466113
orang,3.4403947255687264,3.693516114506661
urena,3.6071295873316425,3.6934528294673434
tices,4.146282050946143,3.69343592607113
gryce,3.314476257720629,3.6934117223960152
dites,4.211918294939015,3.693352531850021
suete,3.550831504928906,3.6932709070187837
torus,4.171780778922006,3.6930543344705056
lunge,3.6278547441708415,3.693041200920625
heils,4.026826491229125,3.6930270694985707
nigre,3.6437538317278104,3.6926722317718452
hosed,3.851076843146963,3.6925830484372737
reine,3.5341580522960996,3.6924666566330036
serow,3.680828485253268,3.6922534170197046
birth,3.604077329661677,3.6922393092579386
garis,4.198796974305786,3.6919560235940865
palmy,3.7391480421329772,3.6919304201313548
mured,3.912490212549576,3.6919138926582478
belah,3.6354370110173058,3.691909207807977
erupt,3.3890056222379723,3.691636579768026
afret,3.572679352546353,3.6916203913377257
aides,4.217754881945783,3.6916070601458353
prism,3.49716739375908,3.691564146183108
cundy,3.564086204422349,3.691543628219508
begat,3.580876438258872,3.6914966398905746
glias,3.959408468588541,3.6913299336523133
ainee,3.7077754537930034,3.691239789173543
ioras,4.2515974222750925,3.6908386422321353
untie,3.534199215247252,3.690827794941331
clerk,3.3783075220965615,3.690703302122371
build,3.606329300622785,3.6904641597253045
glike,3.506270108111206,3.6904629787026444
geits,4.065364476132611,3.6899431732020567
toaze,3.625894640197506,3.6898374407592653
lindy,3.6757155916547384,3.68979202999167
parcs,4.099076349178201,3.6897759423136613
dusty,3.6483172192807443,3.6896950089755105
flosh,3.2263715896179983,3.68965369599987
pauls,4.111462830811328,3.689442179502471
rents,4.202136461242972,3.6894044086766993
rages,4.227231744959566,3.6891779753190006
tabes,4.195873520317444,3.689121001671106
bourd,3.6727148309622892,3.6890831264028323
urali,3.5538964563513087,3.6890166514289624
ghaut,3.3131244721228326,3.689012980875284
tomes,4.273198090490235,3.688982829992383
taint,3.4524287957559414,3.6889493267837765
snarf,3.41080419030872,3.6887998644905435
harem,3.826780620186811,3.6884680495767714
puled,3.853188522989077,3.6884348295680187
flake,3.453282276807349,3.6883798338293987
coact,3.3182515660365137,3.6883410679086914
blume,3.4610644589687034,3.6883141886697315
borts,4.202592706300935,3.6882380337451046
boets,4.152607160135427,3.688191833851142
moaky,3.7544045345468295,3.6881736206892826
pongy,3.689889202066266,3.6881253947833885
tides,4.1815425923503575,3.6881241966232237
duals,4.037115709131123,3.6881143908835745
supra,3.725624204335789,3.6881084372780366
kiley,3.8282387885009874,3.6879156925513232
feats,4.0123766448287554,3.687860028328811
intel,3.533564143636471,3.6877221746030417
march,3.560905009444083,3.687655857690083
harpy,3.689993016994679,3.6872963849989446
lutes,4.155460661783941,3.687237233212091
acred,3.724578754211843,3.686995136012299
pavie,3.667231838312414,3.68690751409474
duper,3.679348857929564,3.686837801599542
chave,3.2566523880630514,3.6868184884584227
churn,3.323888158156932,3.686817320422511
resid,3.8181159678861603,3.686635735320592
gandy,3.6720265807924886,3.6866093655199728
duans,4.029965067162182,3.6864994698893017
crunk,3.3134977702873813,3.6864218311188792
picot,3.5832064652157136,3.6863861220105747
setup,3.579831481669805,3.6863717040630526
ablet,3.596526302321875,3.6862796912534974
styed,3.6178949009656507,3.686159547580739
fones,4.184487235117371,3.686029356107004
patch,3.455190097275935,3.6859735894773324
astir,3.5607758547438304,3.6859206556117967
swath,3.360260088465809,3.685819242913552
pring,3.4459572226179027,3.6857644575816737
alkie,3.6249084624223804,3.685563046727123
holme,3.703320961970094,3.6853978729079473
antes,4.082840707087432,3.6853657287284136
frons,3.8268855495158793,3.6851617310143348
piton,3.6844074227590538,3.684968870989641
fires,4.169815288498997,3.684937382160416
yaird,3.7074305663661864,3.6848818038340925
marls,4.244599734697057,3.6848303304789987
croup,3.352145244390644,3.6847966693554692
scrod,3.630922100779728,3.6847144888135857
derpy,3.7144886556789265,3.684702123921783
yodle,3.664977651357083,3.6846320575769744
stipa,3.604664964901837,3.6846285677863615
bield,3.676201468418431,3.684612554780815
goras,4.228200339520303,3.6845795843474853
conky,3.6635753948984657,3.6845778781237413
final,3.596696116137278,3.6845235968311325
nerdy,3.7434478045686195,3.684292083311554
sward,3.501690456747012,3.6841725711713855
gaudy,3.5845617671935246,3.684007880460445
sewan,3.6766211582347528,3.6839772980007135
layed,3.8090476066431345,3.6839198988863524
rifle,3.586761811123446,3.683878626188078
craze,3.392681562731691,3.6838113414645033
boree,3.728721394701858,3.683765193961801
haply,3.574617815546236,3.683547050509196
flamy,3.354557667453906,3.6834197098416936
pilon,3.7308206453667037,3.683172076112161
parti,3.908643375898502,3.682809040754355
naris,4.268416402746311,3.682767206356018
blots,3.9335648671726573,3.6825824998995955
renos,4.201972906470716,3.6822820518052
blend,3.5213233120585254,3.682270160053848
reads,4.141877809321864,3.6821957642782825
buteo,3.744994290607483,3.682132705592198
dorts,4.231308377316397,3.6821273863109294
chons,3.795092594840115,3.6820062208719944
nuder,3.6986698730919674,3.681910819737853
towsy,3.5366936672690787,3.681907938350746
fural,3.583230812098548,3.68175920489755
proud,3.5814180451283986,3.6816705500815043
bound,3.6462435056344074,3.6815343225675643
onlay,3.6103980191300433,3.6815177059952475
brack,3.279886613723624,3.681366515823059
seame,3.545078523937562,3.6813005469021296
tomin,3.7298759614231773,3.681251985225293
morgy,3.7355612923530312,3.680912060700388
serir,3.6088289665785442,3.6808591657122456
franc,3.2943819692660616,3.680783003610589
trigs,3.8827054381395305,3.6806023863197437
rhyne,3.444774115484553,3.6804642105240646
cleik,3.413068081658033,3.6804306681559646
facty,3.5184278805144293,3.680298100884719
grove,3.3411972058461576,3.679651260323672
scaud,3.5019439538648496,3.679619877696382
fiars,3.9677558682073943,3.679501913672796
doyen,3.74946663630074,3.6794573168022175
wurst,3.4558072860625106,3.6790389673915476
altos,3.973712874347476,3.6789671960569015
comes,4.203243633081602,3.6789535603795622
resto,3.801025440787031,3.6788957098113277
gormy,3.676337369689525,3.6787525054101113
decor,3.5998642848167828,3.678750777391193
simul,3.614651597581924,3.67854779557186
pleas,4.070027245370376,3.6784628266167423
lamed,3.8871416892029607,3.678278753615175
goura,3.708372875527906,3.67821179602078
rames,4.313426333982574,3.6781939642586092
duple,3.600857866669239,3.6781502683759943
cides,4.111588134941724,3.678094927010403
rowel,3.714342178396848,3.677965992391428
scorp,3.4010524807658635,3.6776905343758424
recut,3.535727711794188,3.677686347100115
doree,3.7574370657173204,3.677654546527626
harls,4.131417105815942,3.677585737484811
baurs,4.057251147909099,3.6775629865936423
teams,4.076230644601072,3.6774488134900363
credo,3.532722175779372,3.677424277113652
frits,3.859511519015392,3.677389601627743
clous,3.832798482385095,3.677369531012176
mahoe,3.7285709502989097,3.6772884610730876
perts,4.225968799079954,3.677122266060448
mirah,3.7295689661927294,3.67711641561982
mayst,3.575986308213409,3.6770821615877556
roche,3.632052939536828,3.677064784946428
palis,4.239379288056972,3.6770125162633573
pouke,3.741809078468923,3.67686003418079
towny,3.5542233561939174,3.6766866048272915
awner,3.5775790945583217,3.6765931988744063
sulci,3.601582739620116,3.676471991794566
blank,3.373446426034615,3.676196699079783
louts,4.100851234601089,3.676174994547055
harns,4.124266463847002,3.6759708164905383
girsh,3.4992916651600696,3.675781040709541
tansu,3.669590173855867,3.675625789356305
masut,3.6815394643766144,3.675383279408792
viner,3.647379747974158,3.675295822294058
drack,3.308602284739086,3.6752558683888843
fisty,3.5596366949980736,3.6751486489237366
argon,3.4876296035798022,3.675145490849066
mandy,3.771910584104173,3.675144921279474
arete,3.4538785480663137,3.675076011762797
yrneh,3.5422303153803347,3.675053148639666
telic,3.6268465330708564,3.6748894306873146
lodes,4.224424164753756,3.6746709107955713
buyer,3.6086194603768686,3.6744432557623483
loped,3.828832974488103,3.674303670105749
clads,3.8674938520759476,3.6742643776903026
chits,3.8277185643396274,3.6742340914854026
pahit,3.6128724024640944,3.6742208313541846
ropes,4.255117619267715,3.6742188807491836
cowry,3.5107402241131656,3.6742061390497387
strim,3.588846626205606,3.674132456084359
vitae,3.614558901659647,3.6741189184547185
balmy,3.6656156758718064,3.6741173443815303
rogan,3.713312981107025,3.6740706913053094
goers,4.091822509886541,3.6740610356145575
waned,3.7985288809804016,3.6739939879115293
corer,3.6174697081301384,3.6739799839327185
manso,3.795176374525939,3.673870661249765
whist,3.221511136052848,3.673836954989118
bowet,3.6393042487222673,3.6738269072626357
wrapt,3.3416120167407826,3.673686569844636
baric,3.6811606208948904,3.673626587195177
pumie,3.7358361608579536,3.6735889018920362
daube,3.651839517642533,3.673584588443516
strig,3.5201067661395897,3.673554101006378
derns,4.148762102531249,3.673376555413377
prong,3.445721254421387,3.673358574431337
elsin,3.524747687699744,3.6732618268657005
enrol,3.5185074926736375,3.673185235862489
pelta,3.8663688328810433,3.6731359144590052
moras,4.328084342831987,3.6731151401069857
sprod,3.655838635062821,3.6730925751175603
stoma,3.599703082523004,3.673091189864478
loose,3.5033992159873,3.6730586075518774
unset,3.5453249525793886,3.6726818164265733
tragi,3.5327581620219943,3.672641335980805
pedal,3.6889577432719394,3.6726029119201535
graft,3.2901911602642753,3.6725216143301553
wager,3.6057620788924485,3.672465958471667
buats,4.033639397449717,3.672432104786549
sheng,3.3916069425985196,3.672325039981554
strew,3.5735279738618924,3.6718740545863024
leuch,3.3417608765319073,3.6718646118548595
power,3.7356090291839705,3.6718434305488676
begar,3.6036488524594037,3.6717000874269816
lifey,3.623623780441098,3.67161664054406
relos,4.188343307196983,3.671589654631969
lodge,3.636775425259275,3.6715792762083534
loads,4.128057396278946,3.6715678352081653
cargo,3.6798873401254273,3.6715554896983114
parky,3.7975904336364206,3.6715361393865376
kraut,3.463695247743474,3.671462843045629
paces,4.225014578893838,3.6714568916676935
daurs,4.085966818924561,3.671452339159467
verst,3.483878630559638,3.671442129548709
bendy,3.6545079228918427,3.6714167146423
cabin,3.582596933841752,3.6713608872911947
yeard,3.674808713430102,3.671233978801247
flans,3.7935570284885474,3.6712256361048343
erick,3.2632301385267453,3.6711898567780494
kiter,3.75947790131094,3.6711052337917707
bugle,3.522027962653361,3.6710985883280136
tuism,3.5162701130120784,3.6709752398707725
pogue,3.660611295412672,3.6707076915164905
tophe,3.616030364129859,3.670654540733283
globe,3.4386529156417427,3.6705839509470612
gonia,3.8305982486883416,3.6705406471139015
grens,3.902092564501478,3.6705154020973487
ramin,3.7701042049155156,3.670463119491519
troat,3.3795694576061157,3.67044634457376
narco,3.689740835316469,3.6702721534746763
pants,4.224167003744348,3.6702507310307984
trist,3.249412128081656,3.6700524085733166
forth,3.5453191189741116,3.669909883784996
weald,3.5789505726654625,3.6694961716125647
abuse,3.442292180043073,3.669492930209241
yrapt,3.418149474146481,3.6694904941923228
frati,3.5095642428978557,3.6694285512888043
limen,3.769896443125848,3.6693732908801047
slaes,3.9084392192972173,3.6691177367909784
powre,3.676438721282587,3.669089780166315
ulans,3.8631286012760566,3.6690208027137916
nudie,3.674260124752055,3.6688845353888944
thrid,3.596412929492474,3.668867507864964
citee,3.541565884907561,3.6688320537423595
fusel,3.5817138995491806,3.668830144360862
shawl,3.297799460849271,3.6688127035023754
piers,4.131362476293086,3.668717951510471
bunde,3.656252335330599,3.66861419358626
tokay,3.7488155406193435,3.6685978117834117
goaft,3.453449780321456,3.668518444012096
dicty,3.5836734035251903,3.6683954568715142
taken,3.8075415676097517,3.668393879362496
yager,3.6822995362981463,3.6682698828193536
plush,3.31831125019506,3.66820097175982
trogs,3.8824694699430147,3.6681965031694075
cadgy,3.506927883634149,3.668169886515993
batch,3.381657731014763,3.668160513727508
goels,4.072501826527599,3.6681271527735624
lurid,3.7525262953647394,3.668094057477261
slurb,3.4076963382815793,3.668024248590302
shrew,3.5562455813756833,3.667967363324302
smoke,3.601849120605913,3.6679568799645716
bring,3.372424856356732,3.6679513818318483
handy,3.658727955223058,3.667900328285286
kaury,3.655874089878883,3.6678122947382494
plaud,3.548089524101067,3.6677344551720035
roids,4.152271303565682,3.6677221672591545
orbat,3.4826228418154543,3.6676236844306778
daric,3.709876291910353,3.6675159397610018
rawly,3.6016022416551965,3.66751266008779
ptish,3.323024516622805,3.667470217478031
roams,4.144386802883295,3.6674673691387705
whiny,3.2841609037606165,3.6674263226391037
lenis,4.167001658304258,3.6673018185778914
pours,4.108555155478003,3.667254640291494
peare,3.5500380671892744,3.6672139577895253
aimed,3.858244047702722,3.6670934809134663
trims,3.9233655187877092,3.666978386788968
torte,3.668014744195758,3.666937598289959
abler,3.6192987165224073,3.6664831387899053
colby,3.5825645713517846,3.6664123363452634
sanko,3.8333585474698917,3.666411376839136
mopsy,3.640891754841306,3.6662766339805914
trips,3.9280914329700267,3.666109881560515
yores,4.2893323654583995,3.6659567288621844
horas,4.214901713950873,3.6658705471127986
flota,3.514164342941541,3.665867146051853
sheet,3.3792205550573797,3.6658543163344826
preak,3.5756273265626635,3.6658351081695013
giber,3.61994637134662,3.665647437958826
letch,3.3691828682494878,3.6655704946186365
soldi,3.8353680511163724,3.665544065071841
thank,3.3373186124137035,3.665471677128074
plasm,3.463602904535233,3.6652221681232717
poilu,3.6816683862820345,3.6651971218733665
amide,3.5689015615208994,3.665130447636629
looie,3.582160789801492,3.665113443897285
aleft,3.3562863838139902,3.6651047427682437
kaies,4.27667577185286,3.6651028765394127
trema,3.6338020156194473,3.6650684354826835
pease,3.506037052936554,3.664886487477711
drift,3.3340100263151755,3.664866141051152
rubel,3.6394261295456856,3.6647544977103053
viler,3.6337501487004253,3.664603425120826
pokey,3.839685269395657,3.6643407384677866
abune,3.4598218689679117,3.6642715966857873
guiro,3.582535366195181,3.664254584854045
blive,3.3229718798542636,3.664170339569344
pouch,3.4055397468660873,3.664146284661583
terse,3.530834460983589,3.664106680441991
perai,3.9167323512172247,3.663957940479063
boing,3.5356834764139125,3.663948211513789
goris,4.17656861561352,3.663834601542114
whort,3.2652761821090532,3.6637585421505956
inlay,3.5507220376374,3.663756857049913
tunas,4.13825635174104,3.663742738195711
start,3.281533392919675,3.6636731594766947
timed,3.822031758107296,3.663610617390855
islet,3.5857045684584663,3.663513826691089
deink,3.548828932848955,3.663496015952904
fiord,3.5654491625180027,3.663335151930015
waled,3.7848992817066685,3.663301590738299
sewin,3.6249894343279694,3.663232315195342
glues,3.9531871435412356,3.6631722081789446
roman,3.799507570130033,3.6630866802449185
marts,4.269839094031114,3.6630373969477974
chark,3.293835480332951,3.6629912113505205
tubar,3.5698232515564943,3.6628890091833695
pirls,4.162027339099652,3.6628302685634386
actor,3.444708496418051,3.662804045733234
moers,4.191706513198225,3.6625965913740584
dicot,3.5383897699700047,3.662462398826575
angel,3.5161878281661556,3.6622934821556714
tards,4.188705759870276,3.6622622795966606
peavy,3.494598395757223,3.6622296581118245
sarvo,3.669380772449201,3.662182923613159
isnae,3.6493285574996035,3.66212836985714
rifte,3.6120011704575026,3.662085692656877
musar,3.7227455202139375,3.662075509134535
resod,3.7891105295275485,3.6620591960433027
purao,3.829531972610779,3.6619060265514016
dwile,3.4276853586815177,3.6617982460424634
robed,3.829337088170707,3.66173085369455
matlo,3.759813883538335,3.6613686464248323
stilb,3.3930889213503828,3.661359611467518
pirns,4.154876697130712,3.661215347569166
musit,3.6483413821066213,3.661127078792756
fined,3.733320902734432,3.6606571435054756
olden,3.5876691252879223,3.660503004084566
gonad,3.791705953755737,3.6602993456925454
inust,3.301373446808264,3.6602372488393966
dwine,3.4205347167125773,3.6601833250481906
radio,3.785216950647712,3.6601026837019828
pooey,3.64254079957583,3.6600998112555194
feria,3.7618777921740234,3.660048018868671
raphe,3.656258607622198,3.6598656749995095
lingy,3.58740823108584,3.659758790948454
ureid,3.5778374533816075,3.6597427151094775
spang,3.3911636974409314,3.6596859883501898
aerie,3.645808324393207,3.65964438031001
solum,3.6968080981106293,3.65943995559973
kriol,3.511618885986322,3.6591711179096587
teloi,3.780633367041041,3.6591364516251685
crowl,3.256771177145033,3.658990961409654
noels,4.142121254968124,3.6589383355354936
terne,3.5483641499084277,3.6588853469185367
powie,3.711199280844059,3.658817146199909
misal,3.738776311302528,3.6586803202944265
frank,3.2991571096808343,3.6585979176575933
vault,3.4192923525188466,3.65836269693035
recon,3.630656468966791,3.658303185269215
guars,3.9728547472008304,3.6583013065499643
roary,3.5257122946296384,3.658270750909206
crogs,3.812515012534381,3.6581672335565862
potch,3.4329617385836677,3.65785216742536
doing,3.5643991474293752,3.657837564079615
gites,4.128336649649782,3.657605564675415
rahed,3.8026344763814404,3.6574253702128683
erose,3.3025098967069604,3.6574228832850806
banco,3.600800953639692,3.657396784805422
flued,3.498128574744502,3.657328184713254
chalk,3.2745147969740094,3.657057328509526
lurgy,3.573942927047109,3.656994399014872
pouis,4.143315715039474,3.6569820063250873
crims,3.853411061379075,3.656949117176146
patee,3.690252870263889,3.656882288951744
vaunt,3.4121417105499066,3.6567477759360774
plaig,3.4736246182834085,3.6566986493906986
oncet,3.4992815072771952,3.6564063974207723
donas,4.237595557299514,3.6564047510059874
pocan,3.711095815041296,3.6563496076540014
maund,3.713489893364587,3.6563336857702575
coven,3.5674343746556527,3.6563220792586737
scuta,3.559958433282385,3.656299844336181
laids,4.110522975732878,3.6562868168065297
crips,3.858136975561393,3.6560806119476936
baker,3.766033597244355,3.656041831132903
mason,3.7764682215492167,3.656000117577892
harts,4.156656465149998,3.6557928039536103
prick,3.313656200746461,3.655777151119276
haets,4.106670918984491,3.655746604059648
pigly,3.55511381582953,3.6556292541056674
masur,3.7043118785771467,3.655586726945199
raven,3.6776170755566246,3.6555624831377207
chank,3.26736415500507,3.655442407515253
hoers,4.07852388431711,3.655351998379871
rafty,3.5949896586444092,3.6552522867496844
cuing,3.3951054844622672,3.655146281656517
morns,4.215220734035851,3.6550939874327533
lapin,3.6700471623678537,3.6550526855294683
crema,3.5638475582108136,3.6550391658698618
mines,4.288263474842849,3.6550367227306673
cruft,3.2117812103286316,3.6548599424645873
noris,4.246188044054045,3.654645784304045
outed,3.7614500240939184,3.6545808409168767
rices,4.1642819357462155,3.6545256382853837
dirke,3.769785250203805,3.6544458221097305
prius,3.943961971579457,3.654434871370677
riyal,3.625312773750389,3.654207928201943
wroth,3.303739793733323,3.654200416344322
rumly,3.604010762976825,3.6541629937279447
grief,3.4415488823389273,3.654085678719706
bower,3.6620766629228,3.6540303547990427
decal,3.6088805066220155,3.6539909181840597
pilao,3.8293676773757763,3.6539780213117528
gusty,3.56473557399151,3.6539480418009056
barky,3.7240580673752497,3.653723063636713
demit,3.644154974390559,3.6536569985906366
botas,4.148837064402668,3.653619796144411
apish,3.316323030455961,3.653581331177595
cursi,3.6223849687655845,3.653471959155667
depot,3.579069180009354,3.6532267978558943
glits,3.8789348610954013,3.653130768441152
opter,3.559594355859918,3.6531129337530137
rouky,3.664064923508208,3.653095374891288
dalis,4.194562592811263,3.6530887930793576
flyer,3.4009270927186948,3.6530587745437053
lifer,3.6012761158587008,3.6530093869070273
redon,3.6659170103710057,3.652991455821309
bogue,3.5870789291515006,3.652894615766666
casky,3.635249334902107,3.652834882552654
tater,3.6092654854228856,3.652722084284825
paged,3.814569697031982,3.652615594047809
bursa,3.7043789709807937,3.6525652589810007
bants,4.1506346374831775,3.652437655280974
copra,3.685763120526318,3.6523982385685585
mures,4.274798170804118,3.652272330797085
cards,4.118751302461643,3.6522330099838394
leuco,3.500861277275453,3.6522052806370224
minge,3.7006147353483674,3.65194508814345
cubit,3.4254646560405453,3.65191130922877
bolas,4.195250287010318,3.6518230012669313
fiats,3.9736745441825096,3.6517750973006002
privy,3.3417332699438598,3.6517592314107565
cleft,3.2501196368099303,3.6515926096328117
rayon,3.663004683997078,3.6515277254854084
fleur,3.3276183175447844,3.651442933856688
sight,3.450256165662349,3.651080031202174
flats,3.825947029791544,3.651047623567906
biers,4.057830110031915,3.650904875760647
spink,3.3859869771043294,3.650870843204352
farls,4.051965120843182,3.650809189392644
guans,3.946383421872949,3.6507525027146963
syboe,3.547188792983629,3.6507160970295103
hauld,3.607457906452412,3.650704013770343
plink,3.407216013057453,3.6506073343759993
spiky,3.4853411680592687,3.650428575467746
blush,3.244778883933889,3.650387896009996
girth,3.5492113553879054,3.650381694649158
purdy,3.6758728844680375,3.6503804674303315
situp,3.541129381023559,3.650286773034842
auric,3.624521017255039,3.650215368421364
lomed,3.864913330510695,3.650157331563202
salmi,3.8099491298879182,3.6500082485498213
filed,3.7196913034606984,3.6499647463322447
steer,3.4192753617441216,3.6499644551328903
daker,3.7947492682598174,3.649931183698728
blaud,3.4745571578398957,3.649921379422179
magot,3.617641937205806,3.649903324445088
curli,3.647065299659363,3.649865546626486
germy,3.6261810962073744,3.6498236619756304
sepic,3.5860202078227488,3.649792029693946
swapt,3.3581335640384204,3.6494970728099214
wairs,3.9932010672150304,3.649436317625242
beare,3.4765057009281035,3.649400882039701
rides,4.19954247715043,3.6492139088374778
delta,3.821552137635335,3.6492121912750055
sorex,3.7817235592339724,3.6491846851867455
swamy,3.3985277286390323,3.649176279211814
bowse,3.558905340768696,3.6489492341046765
idant,3.3589233658715836,3.648934727559958
polis,4.217150929364705,3.6488910942113844
cerne,3.478409692499794,3.648856077305716
riped,3.803951286884776,3.6488466681476552
monad,3.8915899570674215,3.648834901452046
pules,4.21549648124362,3.6487932677068553
haros,4.156492910377743,3.6486704470821105
curve,3.4511857588343804,3.6486180604072436
guild,3.551463326349013,3.648606545116525
manto,3.8450960647537746,3.648471315189383
mulct,3.4571472358589874,3.648448327603556
nites,4.197956078090307,3.648416747437346
segni,3.6574663622617765,3.648177092558072
melon,3.7410084087896918,3.648121872541268
tramp,3.40914779156941,3.6480635470724243
break,3.502094960301493,3.6480220324196764
dower,3.690792333938262,3.647919707364868
dover,3.6245965327143512,3.647888653207726
horns,4.102038105154736,3.6478493944385653
birch,3.4048002475855066,3.6478427200246983
tonne,3.5678314165797,3.647817712742646
goldy,3.636168622826489,3.6477955462947698
pinta,3.841296331508531,3.647743380604025
scree,3.51952230220745,3.6477224440406184
darky,3.752773738390712,3.647612416202538
daces,4.180197883648129,3.6475331684836934
acres,4.086886712466386,3.647353574151136
mogar,3.6988231549794683,3.647306872012183
buena,3.6719231137401254,3.6472977255635834
payed,3.8226702034951643,3.6472727282585957
whity,3.3165509050636137,3.6472483101021753
gourd,3.617848856688518,3.647225511794052
stere,3.360105053842738,3.6472108047503373
beaus,4.023294731131649,3.6470922223219207
blech,3.2070871870290345,3.647069046398042
roguy,3.5828671404519565,3.646943032226988
orbit,3.430991117908671,3.6468787016253064
acidy,3.4272411064946464,3.6468181736854914
talus,4.106193110830516,3.6465615588331444
glume,3.406198484694932,3.646456574060951
olive,3.3511789698279255,3.646332631790548
dants,4.179350308498639,3.6463270078467986
begot,3.5002392759934757,3.646175117807914
mites,4.228220652961466,3.646141120434916
ridge,3.6118937376559486,3.64612227425026
riads,4.103175708675619,3.646110833250072
deros,4.18098854906199,3.646076186004949
sheer,3.401992969257912,3.64605776387089
spork,3.4122223342356954,3.6460137638892838
ramon,3.7410987665569038,3.64588658021423
terga,3.756229827711805,3.6458066211548816
poker,3.8173376048132597,3.6457334848307545
pudsy,3.5261792183985246,3.6457206042183037
tumor,3.5887390181561556,3.645550737473959
boric,3.658932262202625,3.645505165143204
stewy,3.3515081153866007,3.645467791843417
taiko,3.7289222604895262,3.6454438788464185
prier,3.459605358196223,3.6453897904457113
manul,3.6832453568056094,3.6453697632784654
badge,3.5990940145423993,3.645240451882745
horis,4.163269990044089,3.6451255643074267
mangy,3.6836032235352745,3.645111682236257
birls,4.088494972838481,3.645017192813614
subah,3.5106708518658722,3.6448384010888395
wired,3.7616285756697625,3.644780591912969
bento,3.727693403541445,3.644743108552209
hinge,3.5874321064672525,3.6447004951492623
sputa,3.5848749675654785,3.6446779306401567
zaire,3.620674625524179,3.64441432725073
agent,3.395850851118022,3.644352858024618
miles,4.274633875569116,3.6443443255574364
stunk,3.3318096990429806,3.644341940869656
lanky,3.709781409274368,3.644261509498191
clags,3.779186491507049,3.6442311386470863
borak,3.7153391265241806,3.64406506199558
adust,3.345753391260371,3.6437474644686265
bowne,3.5764350296935348,3.6437279005812226
dauts,4.091885494899676,3.643725522787271
grund,3.4281189113034563,3.6436798782768434
crops,3.8579010073648776,3.6436747287973574
tract,3.139817515471655,3.6436589137333026
betid,3.684741108759191,3.6435875317657223
wails,3.9738803838560894,3.6435024347842466
liver,3.5669322569796336,3.6434457725567917
chive,3.2168896088247183,3.643416048004814
porky,3.7753620749441543,3.643414717334565
garni,3.7478550340605628,3.643316362932678
shere,3.3428226613565286,3.6433041134883375
deare,3.5052213719435654,3.6432902346055256
litas,4.119888459683413,3.643066268059301
pitso,3.6525611570471512,3.6429749970384533
putin,3.625761129568912,3.6428592178172448
dowse,3.587621011784158,3.6428385866705013
lenos,4.137996219945646,3.6427252793006017
coost,3.3062032368869785,3.6427170946341043
stoup,3.370457173146243,3.642716779106246
leads,4.077901122796795,3.6426389917736843
musty,3.6646195773031947,3.642483597560406
midst,3.5401965339410912,3.6424609608954457
swith,3.320497309227475,3.6424168024599446
tholi,3.482487638861819,3.6422869206865416
rumen,3.746221398102164,3.6422438709350167
ponts,4.201938645052082,3.6421293089788254
basto,3.7495236170272364,3.641928956415602
bouns,4.008551463888951,3.6418927607064013
fecit,3.4297650531434387,3.641891316630616
wains,3.966729741887149,3.6418875137899738
pical,3.6149951012214787,3.6418297103398487
sixer,3.6161926913385596,3.6415679803160357
deawy,3.496624433487429,3.641547221698606
stele,3.3407843704837967,3.641276921909342
gnash,3.2643876844203166,3.641167457917043
ducat,3.5313752006866466,3.6410977284595503
bowie,3.637666914582888,3.641004070450084
piets,4.137281152268201,3.6409911351382753
ureas,3.991777135542934,3.6408461360536855
pelas,4.218626379789338,3.640707233582275
livre,3.50776194907825,3.6406921221742388
leone,3.4699453975745147,3.6405040009780696
gaumy,3.536914487272804,3.6403506418864526
token,3.7853132089174863,3.640272457310523
plets,3.9895536378772363,3.640263661405581
adult,3.37043372215415,3.6401410519394455
maare,3.5923095861994936,3.640120430524655
botch,3.3594293723224977,3.6400390916755354
month,3.663767305317963,3.6400092243552473
maced,3.8341922834160367,3.6399633189297522
sneer,3.4492740908382418,3.639929945476899
tatie,3.5848557370829743,3.6396957999358666
chirp,3.26781938190788,3.6396436276874473
cadis,4.047819210206322,3.6396279831172196
pouts,4.114473831453118,3.639527823919298
toity,3.5077105171496017,3.639460593368315
doric,3.687647933218087,3.6393945177090288
radgy,3.594882225842855,3.6392888683430673
dowle,3.612301342677937,3.6392321741413207
saran,3.6636058370311346,3.639177888438817
sicky,3.588238244263758,3.639124107106163
orgue,3.4520273990679815,3.639060078305929
tharm,3.39794373890587,3.639011540733552
prads,3.978421373073794,3.638923834898468
mirth,3.64909535869959,3.6389172504086593
dirls,4.1172106438539435,3.638906545379439
diels,4.067225097688436,3.6388603454854764
lames,4.249449647457504,3.638637191754012
reams,4.094230529401144,3.6385385257042895
linch,3.3905235894846255,3.638381165886176
halid,3.7353743636980568,3.6382743505312285
oaker,3.794240687218016,3.638204123354107
plonk,3.406980044860937,3.6382014512256626
amies,4.068242940446483,3.6381888431806297
blocs,3.7342877850964875,3.6381859106663557
mensa,3.801564404703683,3.6380925230935137
trays,3.8757647703901683,3.6380369933307524
cramp,3.3391933341607762,3.638034277459603
brick,3.2401238344852903,3.6379640753694504
theca,3.408832436503829,3.6379568205586983
cooly,3.3760036465636865,3.6379213832783632
ulyie,3.446088917166293,3.6378276568037045
bigly,3.4815814495683597,3.637816178355843
sythe,3.487906887647532,3.637802419570701
conne,3.497876959171067,3.6377884431298253
alurk,3.3728085741571414,3.637738349576135
reaps,4.098956443583463,3.637670020475837
cando,3.6940082731843034,3.6376669282254244
repin,3.6616392167185063,3.637559192547613
litem,3.709539007227086,3.6375423484713014
loche,3.568076253011758,3.63750801244183
balun,3.631840068185384,3.637505547805976
mouth,3.576302491718999,3.6374077392957194
tilak,3.644551296746167,3.63736439651148
thorp,3.3375378711199977,3.6372670141499324
boeti,3.762897104779558,3.6368283430585953
istle,3.483572768791024,3.6368265358814287
oncer,3.522053921477728,3.6366098449571798
layin,3.6280334358306203,3.6365474922580994
mensh,3.5636913416079765,3.6364797269811486
nugae,3.642494383647312,3.6364583881611248
furol,3.5025936498331522,3.636437682814889
batos,4.090428260829539,3.636419696113723
moldy,3.7360526261381732,3.63633110205427
sneck,3.3065870423074077,3.6362099151251646
spree,3.5444388364905435,3.6361005303445935
alary,3.3024779260457615,3.6360213868952576
relic,3.6448464178709283,3.6359791429015687
absey,3.604721561689913,3.635918371977107
wears,3.9605792142789467,3.635788492592397
apres,4.11180324674948,3.635731660455111
gaurs,4.002385173635327,3.6357053719848613
retip,3.616955016491313,3.6356457086165865
dalts,4.165720709224907,3.635634610673568
lurch,3.3770582854458944,3.635616773952594
dunes,4.184309385271645,3.6355619416960856
guaco,3.42893973933246,3.6355336197022163
gravy,3.253097708647251,3.63549098150576
flirs,3.7802655745780953,3.635371999486494
tyred,3.734498817044191,3.6353551160363318
calle,3.503632626306679,3.635272325237898
ganch,3.3868345786223752,3.6351985014144788
being,3.4855272029317614,3.635019368079309
pasch,3.4646785004686924,3.6350047741500235
srsly,3.338791738098484,3.634972317645124
tiges,4.09814512733883,3.634953066590083
sizer,3.655669661746164,3.634941752110592
podge,3.650398022111304,3.634932105580597
morts,4.2476107353388475,3.634915974895825
dowie,3.6663825855983507,3.6348934230159093
dovie,3.6001867843744395,3.6348623688587676
atocs,3.7516546535572113,3.634850443499259
deism,3.5654530450884017,3.634708409246568
lopes,4.191140932742645,3.634662108244586
logan,3.649336294581955,3.634513918800711
wanes,4.160836839234944,3.6343524260503663
reman,3.749351296647882,3.634157836810438
asper,3.594801677581449,3.6332477041397615
eusol,3.548575692491921,3.633220446019958
nepit,3.594112401519258,3.6328675527205094
blink,3.333683646796281,3.6327942586261743
frush,3.170489567580108,3.632789114587806
butes,4.095550892374799,3.63277698683451
percs,4.026691717003785,3.6327256768272083
pokie,3.7929278564733475,3.632707200481796
nodal,3.6803351046596733,3.6326722477579603
gauch,3.2993697650234113,3.632597016354951
deign,3.5501704130848903,3.6325037141058605
wider,3.578072811083313,3.6325018919901435
nagor,3.610149776535179,3.6323823989839257
reput,3.537705021187292,3.632365815101224
fraud,3.400267841486115,3.6323225979999894
adorn,3.4773575094449534,3.6323121238040237
choli,3.4125331814531856,3.6322576510737203
codas,4.077222575420839,3.632251543870618
nould,3.668147601770102,3.6321028117149883
aleck,3.2911158629995674,3.6320920296523673
rorie,3.6810143019989328,3.632072681410835
weird,3.558508476786071,3.6320276139999517
bludy,3.380613494255668,3.6320028248218676
alods,3.9336618516451582,3.6319681872217906
sokah,3.667315476346324,3.6319399500518497
thens,3.8475034566921567,3.631903576240976
truck,3.2165651469228425,3.6318764989615313
glaik,3.379812336650197,3.631615254339864
years,4.037116671684645,3.6315924169400837
lawsy,3.512945224236348,3.6315623001123742
polts,4.1883090457783485,3.631436911805595
shtik,3.4031811831637055,3.631417302240294
furan,3.5904731517899693,3.631265327749012
tante,3.616056675378001,3.631137219825828
softa,3.711134413974758,3.6309960868642612
fatso,3.542498938790681,3.630953917867659
thang,3.302732553511972,3.6308843818203034
gluon,3.3808595761155655,3.630864824134565
topek,3.6693905471977484,3.630757031574244
deify,3.492232451673135,3.6307448284720523
penis,4.180624255156288,3.6306546479501343
genro,3.6669087532925575,3.630612310315625
clams,3.8198465721552273,3.63060713911631
merch,3.4885203772696656,3.6306055922036293
starr,3.2704635965369535,3.630467795513935
moree,3.773739423739771,3.6304431351125217
modal,3.7105996795308323,3.63039662075553
nairu,3.6644385162388247,3.630392919169661
tacos,4.053507687852128,3.6303924429006575
hogen,3.6444858589788933,3.6303441781821393
datos,4.1191439318450005,3.630309048679548
prore,3.4001990820983243,3.6302302569128226
algin,3.443307773476233,3.62997761161291
rheid,3.564427268127039,3.6299110201852542
faurd,3.5473266048385934,3.629861348519171
weals,3.9412585309200057,3.6298546097514017
mould,3.698412176641261,3.629827184712558
styme,3.4332142003738904,3.6298023516015827
claps,3.824572486337545,3.6297386338878574
spack,3.25886267556949,3.6296986818877923
alant,3.2308865219349503,3.62966188188655
angry,3.400540216091179,3.6296526106410565
saola,3.6221334516908605,3.629613921555868
flesh,3.208827994061407,3.62952178175603
bayed,3.7491378372339934,3.629459652508772
plack,3.2800917115226134,3.6294351730594387
tonus,4.097594351411983,3.6291325339544023
grift,3.250428381025942,3.629119173876547
demot,3.6151495360319466,3.6290804593133474
aunts,4.093995033843326,3.6290264365071607
farts,4.0772044801772385,3.629016255861443
charm,3.3279892814972363,3.628982271120731
rolag,3.7168234967729044,3.628880587880654
thaim,3.4327042984673417,3.628738906767146
odist,3.361306879201054,3.6285144695751383
angst,3.311419123055529,3.6285144391558033
capul,3.4732867848933724,3.6284191650072155
sword,3.4616917093121637,3.6283642475674416
habit,3.520106406841254,3.6282680092945485
weans,3.9341078889510657,3.628239688757129
mound,3.691261534672321,3.628212263718285
loids,4.088294617040612,3.628165394754557
scrap,3.519886714843034,3.628077168864931
creds,3.883278777546688,3.628068558355963
rapso,3.6731721448224084,3.6280390448055897
tomia,3.8265584935190153,3.6280085356724268
crays,3.805810312981534,3.628007723717932
croze,3.3526828152968426,3.6280030178605585
ornis,4.022196632293749,3.6279358781740543
loams,4.080410116358225,3.6279105966341727
bulge,3.554315375487967,3.627888557369813
merls,4.17221510252264,3.627780064992545
brier,3.386072991935052,3.627576714695887
panic,3.6805065596460382,3.627517862428898
guyse,3.4505821639489933,3.627504520459201
rowen,3.7215845180882696,3.62747211524289
roven,3.6553887168643584,3.627441061085748
pecan,3.6609395415591455,3.6274207642195213
phota,3.5932989092636225,3.6273710931176777
lotic,3.5846127822203604,3.627148008708931
pelch,3.4292186877091666,3.6271265291134
almes,4.072824491566299,3.626724445319609
chasm,3.283988267244516,3.6266548008089172
debar,3.619006183632817,3.626622178559166
pinto,3.76252366915637,3.626471253273823
lawny,3.5304749131611866,3.62634096658892
gatch,3.3267917567409917,3.626302899118728
ruing,3.4830598266709734,3.6262652634835915
carob,3.617545758318432,3.626150865547741
bruts,3.877682845134767,3.625717918487533
debit,3.544602045525502,3.6256737482173866
disme,3.6744180392854697,3.625668082404718
brock,3.2398878662887753,3.6255581922191142
dules,4.170679785997911,3.624869544522855
mayor,3.6485148578695212,3.624763906192282
treif,3.4096662064376653,3.624730662194389
rimed,3.840031642907368,3.624700329605109
betas,4.098680790920517,3.6246909527099302
toter,3.58703712673062,3.6246006622328526
dogal,3.610899856496854,3.624436902137494
gwine,3.3369530714233435,3.624436357873585
dinlo,3.692467614576605,3.6243404636210244
redia,3.7916049808254564,3.624324545545732
hepar,3.585598485616618,3.624295763065671
cords,4.096522943769377,3.624111587931867
cutis,3.95662734854424,3.624072883481767
coeds,4.046537397603869,3.624065388037904
yeans,4.010645346356764,3.624043613104816
times,4.184339716361839,3.6239690555296917
pesta,3.829444013466152,3.6239638940091754
fauld,3.528005921479652,3.623927465678176
guyle,3.475262494842772,3.62389810793002
chaft,3.1656475950463197,3.623880518860961
thilk,3.30470647514431,3.623684157668739
wales,4.147207239961212,3.6236600288771355
ramsh,3.5501521001014558,3.62355203748088
gimel,3.647878359751514,3.623549307042281
meris,4.226296345443053,3.623441313867134
nauch,3.3689891934639364,3.6234081991168825
gnome,3.4406745120202826,3.6232854269728345
yodel,3.671847702157245,3.6232382095107276
opery,3.456569506550678,3.6231618838664965
pluto,3.527331341166441,3.6231422944816014
acned,3.6503923267018203,3.6230733354961955
flors,3.78002960638158,3.622966116336158
eclat,3.429993910402455,3.6229409366200693
duits,4.022592289226846,3.6229190168987655
shist,3.146184538990792,3.6226490975071632
naric,3.695914075061644,3.622580155348328
flyte,3.347675460792427,3.6225783077889573
wroke,3.4407320432599886,3.6225175766302886
prima,3.6192273744995864,3.622492001958758
airer,3.634778081005801,3.6224783426054596
blets,3.9160212716160654,3.6224505856557565
lobed,3.765360401645638,3.6221740811899528
robes,4.191645046425251,3.6220892918333876
think,3.2975558331753705,3.622069236674466
cyano,3.4477649705032993,3.6220557309971477
bothy,3.5228753830804105,3.622033723523383
creel,3.329342492528359,3.621962964092319
faros,4.077040925404983,3.6218938989899434
fraim,3.394542795734473,3.621865147296665
sered,3.7222024277033894,3.621763704927465
nelia,3.836431804372983,3.6217305892681213
bouts,4.040941465191947,3.621714748169473
waits,3.999119743190146,3.621709501253046
gofer,3.575358746304184,3.621705300383357
haver,3.5499446205479535,3.621554070850407
smaik,3.47562731734142,3.6215150387521278
loges,4.14102669974223,3.6214997807624303
truer,3.3625143043726045,3.6214891382879673
peise,3.466274273698221,3.621484047024103
drier,3.4147886629505146,3.6214660672617116
bused,3.742731337313014,3.621449733368364
barfy,3.56810739524449,3.6214141438924674
bacon,3.579154645206996,3.6213364318734893
yates,4.17733147475926,3.6212607481023023
email,3.4384486942382275,3.621169927233748
brads,3.904889006812623,3.6211107591486433
fines,4.095628860988974,3.621015581644312
hound,3.578078905791206,3.6209676707240974
narcs,4.040297437083785,3.620916434716988
chang,3.2327780961033388,3.620855112207482
dimly,3.5964917096068296,3.6207215198612768
herls,4.059032473641525,3.6205354719983576
frisk,3.241864641517662,3.620416810727439
genio,3.7016693128540297,3.620339676349218
aspie,3.570391929241538,3.6202214197908025
bodes,4.164514395344615,3.6202106644179897
fiber,3.5271957608044295,3.6201618526319717
potai,3.83265937530797,3.620069381101689
bench,3.3693159207217294,3.6200058505368053
refly,3.497365667135935,3.619994954794432
menad,3.8414336835852705,3.6199060580175653
sowth,3.5051132932238955,3.6198507305588015
acold,3.463199903126449,3.6198174610797396
gobar,3.585580811825735,3.619804054819041
wahey,3.5658204331512637,3.619679045141403
chirk,3.2540727010946178,3.6195887708969123
dorky,3.7305453796984462,3.6194909941505653
yales,4.223744697366909,3.6194639532248227
drock,3.2686035373042372,3.6194475447849395
unode,3.4651427541863216,3.619252246828931
huger,3.5323543540704847,3.619219469708094
conus,4.02763989400335,3.6191032643415815
muted,3.778260963158169,3.619096489846394
sores,4.137468310990645,3.6189649470325422
herns,4.051881831672585,3.6189205510040847
spado,3.5333084668911736,3.618798643971065
volar,3.5993845891795404,3.6187600419810417
arter,3.426148585685611,3.6186778845743555
marcs,4.070562011954944,3.6186408077145575
boose,3.4434894465781585,3.6185983611742962
clods,3.8274951046410988,3.6184560540863586
tolus,4.083964752138249,3.618440136781172
stoat,3.3279269289530813,3.618337184711715
shawn,3.3050418005406925,3.618318826353837
mauls,4.08294849358807,3.618307044903367
puton,3.5967556912103,3.6182826785399556
twirl,3.302110092482819,3.618112845636876
elate,3.3191010659074633,3.6180874423151983
iotas,4.117368172883687,3.61802123942028
tarps,4.145784394131873,3.6177365357942155
cadee,3.545106015020889,3.617700960928126
flues,3.8604365329990453,3.6176866228520907
tango,3.675655370024038,3.6176629587950293
fibre,3.4680254529030456,3.617408202249419
lovat,3.5097942832582163,3.617398941880599
liker,3.7148566338328335,3.6173668809958204
galis,4.110980947522029,3.6173418259047523
muled,3.8246741857658195,3.617299694968914
sengi,3.7105340163390554,3.6172743797673745
bodge,3.5768656558501335,3.6171190298307723
natch,3.396411185181517,3.6171140818806586
dirts,4.142450003188,3.6171136118482377
diets,4.092464457022493,3.6170674119542756
genoa,3.751436536847579,3.6170352644021317
refit,3.5063268312734186,3.6168455024955812
mohel,3.688136837845005,3.616688481357569
clunk,3.240170501825201,3.6166774126054344
manis,4.224494550107448,3.616569778837484
hawse,3.5129690996177603,3.616504004313182
peine,3.4838039626230595,3.6162627135006487
bison,3.620363459690641,3.6161869799125075
cooty,3.4012430058977436,3.616128449747162
biros,4.113570777400282,3.6161019024109136
pling,3.3726299541557214,3.6160200390682284
fagot,3.425007323351931,3.6158821833587327
mavie,3.6387175010891566,3.6157723794956356
douts,4.069657136207409,3.6156041007352986
cunts,3.9878282868392665,3.6155143033717287
thief,3.386959774529606,3.6154738528633334
pinas,4.193553878416825,3.6153146997272954
acron,3.5145591450407156,3.6150461901067565
match,3.4266757600526763,3.614838454878228
meynt,3.5211313649638303,3.6148105625778486
perky,3.7252058014620033,3.614485873900084
slash,3.145164985416099,3.614475810013249
folia,3.724218038872418,3.614362664613817
robin,3.6483229173581924,3.614358447066297
stilt,3.2224499303224,3.6143368361820913
caaed,3.5841738912761776,3.6142891845936655
rigol,3.5365751050218117,3.6142292719084956
acted,3.590349504820437,3.614177733200445
felon,3.5483737949358165,3.614100731454913
wheat,3.3341248700207164,3.614098976745722
craal,3.262062125929578,3.6140373861854083
bream,3.5362487614657776,3.6140130921898868
dench,3.398031591737192,3.613895203102631
roost,3.394157579095684,3.613836076461179
login,3.5977045706751714,3.61376893599534
lints,4.099457674071656,3.613762705143891
donee,3.6832506382072974,3.613732746011523
bolts,4.1147766795171785,3.61362383605577
soars,3.9354088906990423,3.6135294785449226
domal,3.697094445519862,3.613452891077102
pheon,3.4789092268389368,3.613360271555205
sloes,3.8684404718623684,3.613309413187034
pents,4.151782371569931,3.613200465544345
bluid,3.4708895020043986,3.6130692442410406
cyder,3.4809885950491077,3.613047146500685
autos,4.033788657189687,3.61300847733991
pages,4.176877655286525,3.6129740321866466
rivel,3.559288003044541,3.6129211637715954
benis,4.107091888895116,3.6128415722003107
nobly,3.5718349380214605,3.612816259538044
gipsy,3.452149377401225,3.6127273037583993
stint,3.21529928835346,3.6127219151878185
menta,3.8514840949315188,3.612693177033132
bhais,3.860391113438811,3.6121926772896966
recta,3.7275025558348847,3.6121820925878483
carat,3.4888408341127217,3.612139533718887
riche,3.543194565408432,3.6120510104837367
chink,3.227601375766737,3.6120399670616448
stulm,3.3731141421762056,3.6119479216341386
black,3.206559345261443,3.6116220973096147
runch,3.3668485444609417,3.611251745941088
aulos,4.080201879797337,3.61121168246243
pluke,3.5052231899495614,3.611118785985405
sixte,3.562941059412292,3.6110875135612868
hauls,3.969765864706955,3.61106245190918
rheas,3.9783669502883656,3.6110144411294627
crudo,3.4210564808358925,3.6109471914319835
tonga,3.732199673683933,3.610813664073259
skald,3.535226544071411,3.6107757828045894
novae,3.637856291432514,3.6106715672514644
sownd,3.620072336177217,3.610655254981367
gants,4.095768663209406,3.6105800406721933
lomes,4.227221288765238,3.610515769702039
dhals,3.8350255415338603,3.6104207809809323
rapid,3.7401823621493735,3.6103797242544724
files,4.081999261715241,3.6103231844710817
treat,3.3620258620495242,3.6103144303299204
trifa,3.4662572719614815,3.610288834698462
tawed,3.7319715052369133,3.6102740913010147
metro,3.706749934722859,3.6102522637793744
incle,3.3838869487247596,3.610161462788297
bigot,3.461537175347231,3.6100901867797033
natis,4.134187153354905,3.609949803544163
glove,3.267869937383977,3.609906841810228
unlay,3.504145917127929,3.609807380447366
edict,3.206848701420514,3.6097820234689104
arcos,3.9042329986981072,3.6097570546893554
stung,3.297223640141249,3.6097546455618854
sulph,3.495989632545827,3.609696895125091
tapis,4.084490435603843,3.6096484501790553
silly,3.480818838338882,3.6095786919232324
seder,3.5386466631169404,3.6094850050046396
ratus,4.0777797730229395,3.6094480659248775
hauns,3.962615222738015,3.609447530914907
tarry,3.5223839716958985,3.6094084227931034
belch,3.3556863214479966,3.6093134533635753
ripes,4.166259245139319,3.609205106286492
monas,4.253897915321964,3.609193339590883
gynae,3.5850019072054207,3.6091720849178612
synth,3.4556825362134163,3.6091313768299873
gursh,3.4116399336113155,3.6090948482598546
ronne,3.585831301379773,3.6089074249569
prags,3.8901140125048954,3.608890595855251
doole,3.4968854484874,3.6088813012109404
rando,3.7819626153930095,3.6087859100524993
tyran,3.605116370138459,3.60872769221345
shako,3.514273139839169,3.608712216442069
crown,3.2640135168364544,3.6084970842611153
posca,3.6803232048721326,3.608496148210416
twaes,3.9271979000411035,3.6084796197426297
fusty,3.47198496344932,3.6084624564740513
nerts,4.167189886985537,3.6082627584637743
saheb,3.6503154162858804,3.6080907217135443
bancs,3.9513575554070077,3.6080410660477336
dream,3.56496443248124,3.6079024447557115
trabs,3.8663734384727815,3.6078992042031777
carps,4.07582993672324,3.607707266181394
flits,3.7861842505532106,3.607645183114298
geare,3.421639726654332,3.60754326743092
dolts,4.143492350532641,3.6075131886215956
scrip,3.4682549909362503,3.60733218605956
three,3.456007692561584,3.607298923814707
colle,3.481404267614413,3.6071509031859255
rosti,3.8120282606806284,3.607105343695573
gonch,3.364606219930109,3.607077079362506
cesti,3.6739176449897712,3.6070575184340177
denis,4.13580755991058,3.6067309247661354
huias,4.006185625861322,3.6066621777006347
linos,4.099294119299401,3.606640348272391
tough,3.4068617969892627,3.606599382901366
gades,4.13187677976311,3.6064744718611816
spumy,3.385269544642995,3.606422170826052
pitas,4.1335110565354425,3.606419097431544
plumy,3.4064985805961188,3.6061586619976995
gaped,3.736285589497456,3.60610723117136
orped,3.633871674995442,3.606008886267431
ornee,3.519483437108316,3.6060088559849612
faced,3.6415576695621614,3.6059421778433975
malis,4.210864950833713,3.6058773816642526
phyle,3.401570667780452,3.605875188385983
parae,3.699659410065073,3.6058338760089033
libor,3.5308610191148553,3.6057866192600505
lowry,3.534717879796802,3.6057683483722154
symar,3.576932974897929,3.605445013426532
chief,3.317005317120972,3.605444583250512
ecash,3.212176718723091,3.6054212965452894
bingy,3.5274984616766987,3.6052985445708727
tasse,3.4812798985099205,3.6052846883210408
wires,4.123936533924305,3.605139030051806
servo,3.596996140274784,3.6051326581267054
visne,3.5111836960562686,3.605128950453177
naker,3.7807870514111084,3.604995399286054
firth,3.4564607448457147,3.6048961093223046
frets,3.8417319552622846,3.604851804233567
cults,3.9741986875655333,3.6048219061984974
gouch,3.277141406331145,3.6044755943029783
golem,3.7300348602802194,3.6044414670701515
trior,3.288098467154514,3.604325341678676
brogh,3.2669258962980146,3.6042842464770075
alcid,3.497603210339996,3.604230737314363
cibol,3.435262422971056,3.60414302864778
orcin,3.450880194789823,3.6039570116380695
cribo,3.4060996000584987,3.6038232128944365
graph,3.2974446642895883,3.603742450712943
moeni,3.775525132514474,3.6036842967462435
plong,3.372393985959206,3.6036141559178922
aumil,3.5823358056500316,3.6035287589840657
decan,3.616122846313437,3.6034970410355216
muirs,4.0329759712741815,3.6034344218558574
apron,3.539475679323809,3.6034242764107316
fouth,3.3836678778651246,3.6033865982093647
hoing,3.467518876570711,3.6033815596703223
cavil,3.4075647361004324,3.603335238051337
girls,4.03362899856471,3.603159578204833
largo,3.703864995809064,3.6031176990207885
dolee,3.669621038933564,3.603040348838292
maker,3.811051626282268,3.6027197722836237
pesto,3.75067135111399,3.6026917666789737
lumen,3.682244711577094,3.6026870984304193
narky,3.7388115215420035,3.602676631789864
rohan,3.6510236707834434,3.6026765243380137
tigon,3.5258175599131603,3.6026456825457034
apted,3.615266039103531,3.6025558195044196
pelts,4.138152772296198,3.6025080683711144
retam,3.68899386074912,3.6023268944016342
telae,3.573411731920808,3.602292301903436
puers,4.043710744744333,3.6020317590607855
yourn,3.549598435720884,3.601975232485869
retag,3.6202540006831034,3.601748539323653
pinch,3.4041461863366544,3.601733995258419
focal,3.4827045242727426,3.601687209117081
valor,3.5409757856064106,3.601559941950354
girns,4.02647835659577,3.601544657210561
haick,3.357446213391535,3.601515675259897
divey,3.5580858231683523,3.6014821323820665
medal,3.6604434060486812,3.601467777321049
boyed,3.726909478541727,3.6013382304567987
clype,3.3463009173384286,3.6012693181089084
fumet,3.5163245439202,3.601255463019129
primo,3.5404547121474246,3.6012198746285558
flume,3.3134478741527413,3.600970988734097
thack,3.1704315316405305,3.6008970753579055
forts,4.054976121484973,3.6008948338094706
cardi,3.729041247105773,3.600869519191293
poche,3.5816988498637876,3.6008608418140735
conga,3.6622452162753,3.6007843944604376
glens,3.8287652960392973,3.6007709835839043
twain,3.3838757709740457,3.6007487749755396
alims,3.8862505399209537,3.6007168317981346
mower,3.7070946919607124,3.6007082959497634
mover,3.6408988907368016,3.600677241792622
gooey,3.514142459040888,3.600429120896914
rater,3.5934231596397046,3.6004029849999113
maces,4.196500241670579,3.600321757068589
cobra,3.6222905476838525,3.6002686496527625
cawed,3.66201704782828,3.600244821688193
caved,3.595821246604369,3.600213767531052
tense,3.4566480334735665,3.6001848799258873
thawy,3.2453513338138436,3.600120442420167
gelid,3.6762883570930693,3.599933122279462
mogue,3.632096958189414,3.599572556917386
aboil,3.42819619468102,3.5994995291314744
carry,3.4524295142872647,3.599379153180282
pikey,3.7508268952672603,3.599326964005095
ayres,4.133019064894159,3.5991964176977795
choky,3.3267195985251607,3.599191816174702
dingy,3.556214132692161,3.599187897136698
value,3.5548867510817526,3.599147148938218
mants,4.195652666521092,3.5991155964316945
after,3.461222517355479,3.5990064360622784
leams,4.030253842876074,3.598981753199692
meson,3.7040835893747994,3.5989498520914385
molas,4.2402683160482315,3.598500942417652
lenti,3.748449719362033,3.598484145379555
sairs,3.9178744701529746,3.5982484601432874
bling,3.2990975878945505,3.598206963318404
gotch,3.304563398048726,3.5981814770667553
leaps,4.034979757058392,3.598113247971239
gleis,3.8899971809286504,3.598047153452766
crabs,3.7964189810641478,3.5978699345903564
kaneh,3.725038324244376,3.5977045284986224
stoit,3.2762952050462983,3.5975922019063438
writs,3.8136327644406998,3.597591249519133
trest,3.2316325643285486,3.5975146111791414
muils,4.01365528791524,3.597500539014862
field,3.52858488360247,3.59726935484518
petos,4.091575994916292,3.597182506377094
tabid,3.6587099045068365,3.597160423124422
wordy,3.585355284493363,3.5971258065486396
parer,3.6772983193580697,3.5970164446794115
naped,3.805905017937981,3.5969184139332917
cough,3.3369073395806295,3.5965701132885446
pryan,3.507800777839986,3.596527052701801
mauts,4.108187852922127,3.596514111372166
paedo,3.7558094070644845,3.5964575675422856
durgy,3.54274882865343,3.5964235052031155
speak,3.4810710221473586,3.596354198484409
aleph,3.3635398878393032,3.5963255791510313
glisk,3.261287983597671,3.596157977540848
purls,4.074375607550898,3.596144076113753
abide,3.4796552527104314,3.5960839843563615
meare,3.5215237299660167,3.596078823190421
delis,4.122177960636845,3.5960385275929045
cowal,3.5031639025388603,3.5959898529618775
stamp,3.357505262916375,3.59595438721038
tyres,4.096806775298734,3.5957135541751684
urson,3.4679182017334047,3.5956558913665813
fiend,3.5214342416335294,3.5956544338509073
gibel,3.5483254308864565,3.595566056669032
skran,3.6272242008162245,3.5955177103103226
skean,3.577238654650717,3.5954715104163597
bents,4.07825000530876,3.5953873897945208
prams,3.930774093153074,3.5952665963244748
peace,3.35667966108822,3.5950905521840886
tarty,3.5621448582542685,3.5950904179200744
faver,3.470492635575193,3.5947775227582395
bhats,3.831549229852455,3.5947384948839067
buras,4.106556208116924,3.5947372320438884
crimp,3.299430554922443,3.594631837005995
ontal,3.470016191479833,3.5946258659459005
bilgy,3.513868862402965,3.5946061473976414
leman,3.685374610122812,3.5946010643058397
pudor,3.5535876892717067,3.5945916476493904
mirch,3.4498182766234198,3.5945206611754186
turfy,3.475255502009212,3.594520061596043
trems,3.905585955034601,3.594440589394792
yarto,3.757306581240929,3.5943775468582086
terce,3.381477069135255,3.5943107451483685
whear,3.3568972842212492,3.5943024242821284
found,3.4986269208184457,3.5941911226319303
flask,3.2083001522938144,3.594074832667602
frack,3.1322700289076613,3.594023315887425
sorbi,3.778781938426148,3.594019401147784
nirls,4.103248427005235,3.5939707609667644
burke,3.653417847639589,3.59387027709422
mease,3.477522715713296,3.593751352878607
swopt,3.318134816603572,3.5936887492059775
hover,3.5277162618556863,3.5934326487984345
gemot,3.5315678907427124,3.593333492138742
mokey,3.8111709321723986,3.5932056038686833
dashy,3.5833078159808966,3.593075682813872
amour,3.423523061852227,3.593062185353222
mouch,3.3770254096428296,3.5930111500624795
rugal,3.529560535738453,3.5928646015414705
pitch,3.344103364455272,3.592838392962668
tubal,3.4982023110963314,3.592807627893576
fraus,3.762575799740658,3.592681036138827
nopal,3.6470518726485617,3.5926634452069752
wiper,3.5447895790722015,3.5924930894391585
nouls,4.030455560024644,3.592461249853825
nidor,3.5824605087260437,3.5924183325024024
weirs,3.9208164350406136,3.5923860521387887
sails,3.898553786794033,3.592314577302292
tromp,3.369149044134561,3.59225522346848
tepid,3.6497978451748843,3.5922397465537648
ceiba,3.597974608985689,3.592163326472099
ferns,3.9724298466998245,3.592144002911918
manos,4.195489111748834,3.591993239560195
madge,3.6441120435803125,3.5919183930334655
brawl,3.260837810854376,3.5919012479584946
hants,4.082470037639976,3.5918710034375065
puris,4.128456850471311,3.5918053249883415
linac,3.60742895388013,3.5917748193473624
genas,4.103857638528129,3.591728940396901
mirls,4.133513001876394,3.5916951339643344
timon,3.6120121489361683,3.591661671485312
heros,4.084108278203326,3.591620181595657
uster,3.5154876395418775,3.59156459250243
mento,3.7727114325793574,3.5914210497029293
brags,3.8165816462437245,3.5910775201054266
pilch,3.3905165870629217,3.591041598085189
proyn,3.434945346571358,3.5909857344494647
ahing,3.2991820638690648,3.590964804889307
trugo,3.402703577675628,3.590943222001588
helio,3.674741088010866,3.590938241941301
recto,3.6487298934827237,3.5909099652576453
waive,3.388290787675237,3.5908914577724578
howre,3.5347417551782145,3.590710052573024
gurdy,3.547474543933095,3.5907097770717264
sains,3.8914031448250928,3.5906996563080193
hiply,3.4635310827255736,3.5904118539945316
balti,3.7472949828535747,3.5903817673151965
unlit,3.407394114438216,3.590251696468556
mouls,4.060720134895804,3.590185622851395
cense,3.3866935760649324,3.590155610313066
worth,3.499440364399419,3.590111531676386
miens,4.0763768137419465,3.5900340130760986
cobia,3.6570511072453247,3.5899960156863564
renig,3.628665098657703,3.589899158814033
velar,3.5492283156973894,3.589831198546561
bayes,4.111445795488537,3.5898180906476087
banky,3.6498716398652267,3.5898012631206093
makie,3.786641877942356,3.5896934879346647
rohes,4.142714075943718,3.5896623862997323
campy,3.555111002476126,3.589522240663232
sooth,3.3896973990333583,3.589499857628421
sheaf,3.392373009205205,3.5894597938757156
dents,4.106965676324223,3.5892767423603456
baulk,3.4702032772802633,3.5892569667919614
tarot,3.5168612246990825,3.589157359875136
gules,4.087098140708678,3.58912257734825
togas,4.063779567817946,3.5891096834502982
notch,3.374182826489251,3.588992659828686
mooey,3.614026462352572,3.588964676656415
tulsi,3.6045233993904615,3.588887031079154
grufe,3.2942014457460407,3.5888835943959987
hours,3.9668581893736303,3.588874912698202
tragu,3.38545687284425,3.588866308120375
flank,3.225829841218653,3.5888534991441485
heare,3.408341101084902,3.5888342301962335
repla,3.7042405058939316,3.588654494120158
duras,4.135271879132386,3.5886265846097136
meane,3.495052404638135,3.588530019355153
gynie,3.5333701832986373,3.58842710211249
malts,4.182023067247357,3.588423199258463
clogs,3.7391877440721997,3.588422815043142
flaky,3.325184032173593,3.5884112314075423
smirk,3.401103978541615,3.5883852322649257
beads,4.017991353387654,3.588178745396103
lowen,3.6576078315631992,3.587915342738292
vares,4.136740779047096,3.5879062652457354
enols,3.8366985487053356,3.5878210678257703
hades,4.1185781541936795,3.5877654346264953
ebony,3.3419403581461182,3.5877276054075002
mowie,3.6826849436208007,3.587682011600805
movie,3.61648914239689,3.587650957443663
lofty,3.508784613427073,3.587574092193114
salvo,3.581564745665445,3.5875687259238247
thing,3.262969774273639,3.587481941366695
fakey,3.6407646770107904,3.5873058848343016
pulao,3.7417159458270226,3.5872918288620674
rooty,3.4891973481064498,3.5872474315742373
cuspy,3.4706104199953214,3.5871534667940024
fauch,3.2066191544812206,3.587111431028097
techy,3.4357985366208488,3.587077626875837
osetr,3.5022859036274703,3.586989798154566
tryke,3.4554830937466123,3.5869030330294756
runts,4.075782629047973,3.586633285198803
phobe,3.425036871421634,3.586602312686032
wersh,3.399364400689432,3.586582034302287
weils,3.901495751681672,3.5864521692977935
clips,3.784809707099212,3.5863361934342493
spick,3.219099896331156,3.5862962414341837
whirl,3.2166636240459376,3.586286491547545
hokey,3.697988303291284,3.5859610108744953
drawl,3.289553481869839,3.5857906005243194
inapt,3.3355779329755535,3.58570499963768
sitka,3.7410016551200074,3.585652705358923
chirm,3.2882265022589032,3.5855798306671227
tamis,4.120570791626436,3.5855021116365084
lunas,4.092279550016042,3.5852756779053663
munge,3.6129630037996137,3.585258895693764
limed,3.776054956382298,3.58514355710051
salol,3.5230127706787857,3.58510996310837
rimes,4.202339601161911,3.5850587677439454
drags,3.845297317259187,3.5849668726712514
reney,3.6001669050101395,3.5849629664715392
belts,4.0646204060350275,3.58469499262129
sears,3.8852526172168913,3.584600635110442
nyuse,3.4367632243260067,3.5845819634694855
crems,3.835631497625968,3.584411319781971
sehri,3.6216483772660766,3.584331729426044
celom,3.5668155788826676,3.5840895956144188
fendy,3.5068913380758806,3.584073514706666
hilsa,3.63605007590259,3.584070601897885
bowel,3.590455722462637,3.5839489735092487
heavy,3.3529014296528503,3.5838499305185336
crazy,3.2645833180979356,3.583842739042647
lards,4.142728958145279,3.5837952193063165
fugle,3.3744113778373994,3.5837553883923796
blurs,3.7984369006974705,3.583700316346284
abode,3.4794192845139156,3.5836781012060253
creps,3.840357411808286,3.583542814553518
muons,4.006268677749785,3.583479734870253
acnes,4.012700284956363,3.5834317736350325
baloi,3.7471314280813193,3.583259410443697
sanes,4.085510242172889,3.583164568568412
shirr,3.2134184248124105,3.583158663798326
centu,3.577170774500652,3.5831469081966487
prods,3.938422625638945,3.5831155112945234
derby,3.6130078819433473,3.5830890061108374
boche,3.5081664836026167,3.583047766064249
phoca,3.3940218271874527,3.5829745038844374
diver,3.5357381585859544,3.5828748787450344
getas,4.043814816646746,3.58283333810115
tunic,3.51412230014959,3.5828107043826494
fauns,3.8831632377652547,3.58267098282274
euros,4.049025349892983,3.5826414913698263
cedis,3.9754345780319045,3.582577717630766
lobes,4.127668359900181,3.5825325193287894
world,3.62155004932168,3.5825309770932243
rudes,4.111890745601676,3.5825277163877915
ditas,4.088694361289734,3.5824953742475447
teaks,4.0468570093207585,3.582440335055885
troys,3.835766022955319,3.5822286697268084
gaspy,3.5785507963654606,3.582219204094468
alley,3.451823781941833,3.582216574986552
towed,3.7097431465446467,3.5821526692490417
clung,3.2055844429234694,3.582090117297664
gamed,3.772365945520048,3.5819608926288136
rumal,3.615755124761461,3.581880590481079
prese,3.335392363370084,3.581878263382467
hooey,3.5008438334714578,3.5817200836622276
topis,4.062262076911578,3.5815270281270823
nurdy,3.61709397237362,3.5815209598336577
treen,3.406539289628414,3.5814983565566023
fumer,3.5390969581207328,3.5814589105555363
upter,3.4533422538578042,3.581402608205133
girts,4.058868357898767,3.5813666446736327
halts,4.068840438366243,3.5811786062642756
dunsh,3.4210351513905266,3.580920014918356
wined,3.6874421481597386,3.580858791396866
cetyl,3.4014178021368107,3.580729441989011
piker,3.728479230684863,3.5807197103680632
bunia,3.708954117284963,3.580698294810305
petri,3.6961108183575635,3.580668188828243
corms,4.048875663848656,3.5804543493578747
teaed,3.583342492451335,3.580276846872252
rebut,3.474232448344827,3.580236226185427
lurve,3.4751634145180166,3.5801802697297207
gothy,3.468009408806639,3.580176108914603
tuart,3.31992443595274,3.5800791821083027
bogan,3.5894265251728132,3.58005367242313
chado,3.374922865553581,3.5799677678283572
eldin,3.4077126817996515,3.5799643528641125
spelk,3.3753580553201625,3.579947966804449
steel,3.3476544212839583,3.579883073843096
gouts,3.986075490918176,3.579857133560693
stuck,3.1649226182698076,3.5797673390994875
grovy,3.2130989612124017,3.5796826579018153
trill,3.221643299660906,3.5796319009576707
corps,4.053601578030974,3.5795858441294217
motis,4.142223369533798,3.57955275448976
runos,4.075619074275717,3.579510928327303
nogal,3.5969376396481456,3.5795011177248193
mutes,4.140568921412712,3.5794549279852306
fugie,3.4284926207578126,3.5794166372669682
paven,3.6272629858835845,3.579358540005366
grads,3.850023032538852,3.5792531445398628
barer,3.6037659530968993,3.579203368929587
balky,3.636242040591493,3.579108865947379
rebuy,3.519352527127757,3.579046927358866
serge,3.4968616464634508,3.579030508479084
bardo,3.732262586968821,3.5786906916864236
urare,3.28862045124355,3.5786774714402654
seals,3.86593193385795,3.578666752269447
batik,3.5517065119182574,3.5786240984303266
delts,4.093336077050489,3.5785843451871147
ecard,3.40352677723213,3.5783752787427403
burls,4.0008432412897275,3.578331000363928
bleak,3.4287676918393117,3.5782776139062316
duply,3.4727596220354835,3.578181665954138
vasty,3.5265621855461724,3.5781175320090566
dames,4.218255549063825,3.578066297942255
filon,3.509671694289571,3.5780158004267024
scarf,3.2806209462962688,3.577970307101411
pesch,3.392293868294275,3.57795450866357
porus,4.139426574049038,3.5779401035524048
dowel,3.6191713934780987,3.577838326075074
chace,3.112869616178786,3.5777267946889677
teugh,3.3567055235071117,3.577670539466885
scaup,3.3102714056627605,3.5776610356650673
mules,4.186982144020362,3.5776581331077506
cheap,3.3364321016230276,3.577578179132236
spyal,3.40600213373326,3.5775400201652476
koran,3.79496299041272,3.577503995025509
ching,3.1930153168650053,3.577452671753874
taxer,3.5808626920812348,3.577322280821666
pints,4.113080270923685,3.577115534516134
seans,3.8587812918890094,3.577051831275174
podia,3.7914071646345664,3.577049445847858
phons,3.83269284737578,3.576921259566715
pedon,3.615562920697965,3.5767875126889543
goose,3.388623472304387,3.5767407465655157
burns,3.993692599320787,3.576716079369656
lacis,4.036536324485743,3.576501921887602
barre,3.544595645195516,3.5764497185470345
nitro,3.6377832592054546,3.576442959753593
shott,3.2301709289737324,3.5762313282385536
mayed,3.7941558662719066,3.5761375936594915
sheel,3.3303720287977487,3.5759763825810955
peags,4.003216359079925,3.575958582102711
mohar,3.6365338446558866,3.575912705044887
shuck,3.147640225783598,3.5758606478374872
voila,3.581585598050797,3.575640897499431
aulic,3.536704990471283,3.575601170732029
arett,3.31776454415181,3.5755981286413703
camis,4.0506163342178025,3.5754728420236876
relet,3.5414172269534765,3.5754598681248693
dikey,3.7060102000215522,3.575403240821096
vaper,3.557593824194992,3.575260324633088
goads,4.013281652596033,3.5752499742218036
thong,3.262733806077123,3.575076058216359
capos,3.985530539836598,3.575042641288945
bitch,3.2705709981941005,3.5750253172128437
kelty,3.663243348004812,3.574944300765897
tacky,3.552908245006433,3.5748784076117928
aryls,3.8391207769921767,3.5748466198217947
pithy,3.507549375213185,3.5748330248105162
thesp,3.2759932613106857,3.574807629594279
skein,3.5256069307439337,3.5747265276109887
elite,3.2793382866691303,3.5746850018615897
moker,3.7888232675900015,3.5745983502316507
hosta,3.73790332084393,3.5745130098503646
gnars,3.818045701183898,3.574479878253331
atrip,3.4582350633720207,3.5742982206182607
heiau,3.5955281135227075,3.5742947825255547
acedy,3.4094615427415396,3.574280376291316
sates,4.0254674202915055,3.5742689662726606
giros,4.058704803126511,3.5742442878021334
caked,3.743745623457569,3.574134875970081
dopes,4.1599468343489665,3.57409121443283
halos,4.068676883593986,3.5740562493927763
plowt,3.2698926874781478,3.574039515344316
scram,3.5402938351940576,3.5740133718446065
dogan,3.618142196188276,3.573943024988955
clops,3.7845737389026963,3.573930310283913
whorl,3.2164276558494223,3.573880608397209
regna,3.6469756309245756,3.573877245643729
pomes,4.2408438856172666,3.573868599074282
netas,4.113434245087271,3.5736445208630814
plock,3.240092964087765,3.573626849455494
dauby,3.523741273008777,3.573615986021659
sunny,3.409639798346782,3.5735300394174465
scrag,3.4715539751280415,3.5734350167666262
hoick,3.335217854699269,3.573394253207925
tepas,4.06373752733621,3.573343167497973
fleas,3.8488782942932436,3.5733065509312834
owrie,3.51346400297253,3.573240837072218
ralph,3.5663112496373284,3.5732271002946607
darer,3.6324816241123616,3.573092721495412
shelf,3.286660042378008,3.5730535621957555
pious,4.018126249311726,3.57301204343959
pratt,3.306740392674857,3.572941272048442
mauri,3.712559121591142,3.5728774369518153
named,3.841985373960573,3.572772075390744
fecal,3.4325482507905916,3.5727583656826005
cyans,3.7983215722706154,3.5727000122394594
synod,3.6028680256974788,3.5726355318441256
sales,4.071880642899155,3.572472171395181
sucky,3.500586512715004,3.5724379146564766
hotis,4.029040740652683,3.572308161495573
tushy,3.461740251730157,3.572292247951623
crypt,3.246409862383924,3.572234433027057
murth,3.561443627150836,3.572231057958974
duels,3.9795733661396824,3.5721741530357907
cowed,3.6397886891360134,3.5721233996362214
coved,3.5735928879121026,3.572092345479079
wited,3.6273993262783564,3.5719631891011145
ergon,3.368637046891693,3.571961102067127
unred,3.6346181254662784,3.5718664898842176
auges,4.046705685385502,3.5717497376630085
ohias,3.9004671480809234,3.5716975118626637
lunch,3.3028718579358713,3.571694973436491
delos,4.093172522278234,3.5714619883156153
tyned,3.660312389534168,3.5714333155202285
metas,4.143698819958431,3.571368893860651
drams,3.8859573979073656,3.5713428731404755
raved,3.6837755888130754,3.5713327493581266
panim,3.719435501225096,3.5713238362461124
taste,3.565502256689376,3.5712728022027673
doucs,3.87038005413124,3.571207511502058
mbret,3.587261497413979,3.5711616599030154
regia,3.7082075158139287,3.5711534155125912
slish,3.1054022061777653,3.571073369559641
stall,3.2097635502462047,3.570925181549234
aygre,3.444587569140257,3.570634499220424
globy,3.3105546710079867,3.5706153485252043
durns,4.02240827033625,3.5706054319354807
draps,3.8906833120896835,3.5704743679120226
hules,4.073799515139248,3.570413540113563
nused,3.7574847914797687,3.570403301521515
darre,3.573311316210978,3.5703390711128593
krona,3.5830813430463255,3.570328277466346
mesia,3.8297715598292497,3.5702829418158615
ghusl,3.1818467162135136,3.570228075595351
gavel,3.4916223056572204,3.5701817267952993
wiled,3.673812548886006,3.5701663942236346
cafes,3.9924730637379784,3.570135820020125
tulip,3.519014522103891,3.569988078046957
latus,4.013803086497869,3.5698912934202793
puree,3.625743655285878,3.5698783027992484
bundt,3.4830340119139134,3.5698348899909638
syver,3.4328141216322545,3.569799394267362
snuck,3.194921347363928,3.5697328294434962
lipes,4.102282558614249,3.5696483337818945
melas,4.19011204256608,3.5695720989831714
skody,3.459033031808244,3.5695622886560607
ligan,3.5604779204535584,3.56950014433802
warns,3.9989357242995496,3.569395916289761
quare,3.3654620108486313,3.569391305280503
nodes,4.179267849511369,3.569164232571141
abies,3.978996631636015,3.569142379900362
theic,3.3362330138968432,3.568992695102148
tubed,3.634827097693485,3.56894117456792
ditch,3.299286669209563,3.568914669778669
porer,3.655069960665804,3.568895022627439
hayed,3.680973237390792,3.5688930006653043
mudar,3.605710514313845,3.5687780351329463
achey,3.417683878872682,3.5687583927260693
brusk,3.2600359676370374,3.5687451275872286
tosyl,3.531016936220353,3.568718739709004
mothy,3.5678934121183232,3.5687116646741037
faker,3.6184170124283925,3.568698631197269
bundy,3.5281540906968436,3.5686455911644037
stylo,3.4007093569763995,3.568610315194828
apols,3.850424395664086,3.568553985522552
ashet,3.4596257200569194,3.568487762153903
uptie,3.428932505517893,3.568376323856174
tangs,4.026211971791354,3.568307240037341
clamp,3.265866065698595,3.5682898589461587
shoot,3.193730288554767,3.5682119805090586
mused,3.787749366350927,3.5681276745190846
comas,4.08001969943232,3.568096402777086
macon,3.6241726742449094,3.5680143730242095
smoky,3.473750875972157,3.5679882775427156
loony,3.3928306602783826,3.567868671606567
mrads,3.9499070358505364,3.5677887002993636
rough,3.424861681789335,3.5676890951156195
nidal,3.5914767305312765,3.5676584732952685
teade,3.446309071780294,3.5675768894670883
noose,3.4582429007449123,3.567551929327447
idler,3.5224104989078446,3.567508249729919
psion,3.5008485881270888,3.5674807637675308
puros,4.099451412112699,3.5672287857110523
troll,3.2214073314643903,3.5672260178073345
dynel,3.56974063646762,3.56711897234626
shall,3.192481157759995,3.567018490287234
thrip,3.404740381290385,3.566908665833649
modes,4.2095324243825285,3.5668886055687103
chiru,3.2847885438308984,3.5668223892046216
actin,3.409335334007922,3.566805326572191
powsy,3.5043394623961106,3.5667937074326446
vlies,3.8457205494230675,3.5665351924985904
moped,3.813941234116874,3.5665213648788883
pargo,3.7174875926610933,3.5664705283930314
gapes,4.098593547751999,3.5664656693101966
stown,3.2823254455920536,3.5664171940118923
rasse,3.4992797833099925,3.566374400535294
courb,3.4279110373143196,3.566355331163833
faces,4.003865627816705,3.566300615982234
bohea,3.7470436805943512,3.5662732135054442
organ,3.454374995089294,3.5662191349623935
canny,3.392007073229577,3.5659412627599414
mauve,3.497358897407218,3.565696067891578
prigs,3.8503512332665624,3.565488155401643
brods,3.8648902593777743,3.565302435544699
moose,3.488507475616071,3.5652763023250165
yarns,4.075473181705248,3.5651998406374483
ovate,3.38831297048979,3.565095670908989
ileac,3.3925236599055575,3.5648641431350967
sizel,3.5840487212860017,3.564860370820798
synch,3.256405454137246,3.5647347875967474
aurae,3.5694874401640506,3.5646095814852656
kores,4.286653395572994,3.5644898569872274
powlt,3.48389971450696,3.5643765937300236
calif,3.4873682471602296,3.5642516465201095
davit,3.4491968196500205,3.564204487315444
soils,3.876325428101767,3.5641931552503197
taluk,3.538465923560622,3.5641894218724586
dulia,3.724040189026692,3.563895250202899
modge,3.6218836848880462,3.5637969709814925
ocrea,3.701211002295328,3.5637335422696945
vaned,3.70024639328253,3.5636260265907955
aller,3.429476117359436,3.56360932134952
fiers,3.9102135252159536,3.5635616758250124
arked,3.664425391712182,3.5635287573715995
quale,3.34614132748969,3.563457422439508
hamed,3.759067319950618,3.5632518553941264
flics,3.586907168477041,3.563248593881058
lohan,3.587046984258373,3.5631197518334154
flush,3.097162299117927,3.563044696074361
bowat,3.516080315072986,3.5629697496601596
biker,3.6549468644236924,3.5629066346182388
miros,4.158588806438195,3.562779843561634
compt,3.4877625650009305,3.5625901174378196
eards,4.105925492777592,3.5625607543373334
gloam,3.425599114286417,3.5625429733115013
shown,3.265043053105844,3.562510502749892
fauts,3.915553239068252,3.5624929702858115
riven,3.5665303427359625,3.562427286623057
cushy,3.3917857943215237,3.5622629783388016
rifty,3.483902925823747,3.56211709023502
fours,3.88740620440087,3.5620983646060354
snoot,3.241011410135097,3.5620841621150676
feare,3.3288891161121414,3.562057682104066
oleic,3.4005679174914167,3.56188000927506
tabls,3.9669366198409657,3.56185761238867
sprag,3.496470509411135,3.5618131030706017
perae,3.628873553831596,3.5617922686746692
raupo,3.6515764360556435,3.561658681190526
cruds,3.7716130826032086,3.5615914726742948
mercs,3.9981773797805267,3.561590542228104
powny,3.5218691513209492,3.5615723739091907
terms,4.068673847775138,3.561554775536215
oarer,3.631973043070561,3.5613656611507913
chelp,3.230719134795831,3.5611719474522765
houts,3.972776865348746,3.5611480963260065
straw,3.450304040212611,3.5610168969838263
navel,3.561241734097746,3.560992909557231
fades,4.0391261692209195,3.560988886534328
ylike,3.4441782004000214,3.5609829656148677
doges,4.10983260134855,3.5609288869506743
braze,3.3567494490061858,3.5609133044093992
panne,3.5577055703989986,3.5608249038765183
shogi,3.4238344934479015,3.560817161252816
freak,3.35447837548553,3.5606788324840424
unsay,3.467221097713037,3.560635359997537
caves,3.9581292048589116,3.5605722056698887
logia,3.69438710277101,3.560525486442474
bices,4.040395479812004,3.5605086194032043
murid,3.7376345549935106,3.5603117522504
molts,4.159794708555092,3.560301777206491
bosun,3.5726868900782263,3.560212105304174
nache,3.5451482964616368,3.5601227562693722
mesad,3.790879264896645,3.560041640394505
afrit,3.3978236949902882,3.560018250929878
gaids,3.9957472320499656,3.559968955820168
ureic,3.367643083951484,3.5599141022406244
auloi,3.6904918244414677,3.559848191669883
punto,3.674871937607616,3.5597850608241375
combe,3.559500114682037,3.55975630322217
fease,3.2848881018594214,3.5597302117922522
smack,3.247508351678893,3.5596642671130976
topee,3.5595488817261445,3.5596000059379893
under,3.4510623608798294,3.5595877899613924
titer,3.4981787526022234,3.559586887770161
rands,4.1325192171603256,3.559430191294811
glift,3.1771011125637605,3.5593747553631028
dreck,3.251059941747646,3.5593156305411
bints,4.0395479046625145,3.55930245876631
aborn,3.40067797481097,3.5592782859493424
hoped,3.700758605235759,3.5592767718847007
prawn,3.341612516806969,3.559220446559781
modin,3.6662102953154703,3.5591577608016203
cubed,3.564872640284851,3.558911904955098
teeny,3.370280359109165,3.5588705446027173
ouens,3.9719141431289415,3.558832171696897
tynde,3.5232789688631274,3.558733358115064
aitus,3.9849054449976293,3.558706020718571
reuse,3.3871831046746745,3.558673107080613
slosh,3.1051662379812504,3.5586674864093046
amino,3.481598796233749,3.5586662516616094
lefty,3.458628339944922,3.5586452487586335
orpin,3.452857504182927,3.558636479639178
putid,3.6319196428253617,3.5586294840376502
capri,3.590065363277869,3.5585283237400933
liman,3.646672509476567,3.558516133277629
ultra,3.4760299409714444,3.558486011871275
viral,3.5267213013747374,3.558279083917891
cangs,3.9562575143827203,3.5582779704245193
clays,3.7324830445193533,3.5582633052044867
cloze,3.2793555468346614,3.558258599347114
rabid,3.6767097893069094,3.5582501353386755
hiree,3.5716984207302596,3.5581847676556424
fanos,4.00285449789496,3.55797209847384
ukase,3.388863894665498,3.5579068076069498
fadge,3.4514774297264377,3.557897251947111
mache,3.5754128713327957,3.557847129266942
ragis,4.0523760874035,3.5575758349111535
tabis,4.021017862761379,3.557518861263259
thick,3.130668752402197,3.5574946349042977
drunk,3.306281327577339,3.5574131466296
gashy,3.499726170691663,3.5573287156392666
napes,4.168212976192524,3.5572768520721283
raiks,4.097478747056915,3.5571778723029834
ribes,4.102786672296854,3.557075517370696
seats,3.8911712931920066,3.556873818738246
harim,3.6519249626307464,3.5568659091689243
titre,3.43900844470084,3.5568332373876084
diker,3.683662535439155,3.5567959871840644
swoun,3.324753373517761,3.5567561590323153
phots,3.865082848678777,3.556743247029787
cymae,3.5110076946274607,3.5566107038635657
rayls,4.00639535094627,3.5565717202473506
eniac,3.370145156044381,3.556446131648377
pungy,3.5133790963891154,3.5564254278710115
manic,3.6519922224227805,3.556382727829794
carpi,3.686119881367371,3.5563437753888474
laugh,3.3831133539565315,3.5562537446629943
fetid,3.5371245239432287,3.5562443318300883
uncle,3.337310828215289,3.556211986185751
fouls,3.868085521041929,3.55616448176504
firns,3.933727746053579,3.5560590718837073
beret,3.5053467978030213,3.5560570469320245
toked,3.7914717221739362,3.5560427235309295
melch,3.400704350485909,3.5559913945142956
block,3.166560597826594,3.55581377370567
lords,4.120500599453012,3.5556737972543435
fakie,3.5940072640884813,3.5556723468483105
krans,3.8948640298963286,3.555508754982399
dawen,3.6486420918617863,3.5554658709785083
carbo,3.623792561220345,3.555449867128137
daven,3.5824462906378756,3.5554348168213665
acrid,3.549723096655778,3.5553929956044517
rotte,3.5517853796044245,3.555209907692358
bides,4.0756560212162185,3.5551968899552984
sones,4.063281883480622,3.5550431465164394
blowy,3.241480399999907,3.555037140767931
lepra,3.659584502727803,3.5550316044565546
mapes,4.198477551063682,3.555001225069698
biped,3.680064830950564,3.554829649265476
sotol,3.4216947367870585,3.5548245064089596
ardeb,3.500310770388981,3.554639734493645
dhols,3.795026794099012,3.554612457376988
swank,3.26979990240378,3.5546100685142688
shmek,3.473287362023916,3.554598012225712
cribs,3.7566562018258143,3.5544674941367482
felid,3.5835377465508795,3.5544475369526083
dices,4.0691111508274656,3.5543979719690295
voars,3.912453000063226,3.5543493747061428
mivey,3.5743881811908027,3.5542707209669624
sires,4.048609936862249,3.553951172569851
prowl,3.294371429680698,3.5539060001043743
orbed,3.570399102152977,3.5538792973516347
fitna,3.5277145572470188,3.553869515159743
antis,3.907985049531367,3.5537635883205665
eater,3.4893808988280206,3.553719138551629
derig,3.6076807412489775,3.553693293013782
pubsy,3.4294234135449484,3.5535822127515218
gents,4.02338403103499,3.5535297751857398
wormy,3.537708004572642,3.5534685679746474
culti,3.5844886322096636,3.5534584154059505
reune,3.404712793599513,3.553451773557159
pecia,3.7059903497482,3.5534323318612833
slump,3.313029217250296,3.5532827010385613
scrim,3.4886621112872738,3.5532683890392356
dints,4.068263575677978,3.553191811332135
pohed,3.730052028016134,3.5531000050285404
progs,3.8501152650700465,3.5530822722513067
holts,4.046612079673976,3.5530571842123035
perog,3.623491998136074,3.5530404769204926
ghats,3.776683255578684,3.5528808802751257
parmo,3.7581476733092716,3.5528465288622555
krais,3.956095914785682,3.5527849248512604
kayle,3.6092300816155984,3.552772611931636
rimon,3.630012033736241,3.552751383699566
poete,3.5485706736551004,3.552475747004026
terry,3.4499993395214816,3.55235815730665
stoor,3.233785095241509,3.5523221193074663
mingy,3.5725164907146114,3.551976485721593
lorel,3.6000680008819677,3.5519334621314904
sperm,3.428832539843389,3.5518729094156543
prims,3.89101131391474,3.551864155870867
selva,3.5879527758431893,3.5517905877675733
cnida,3.4612138702477386,3.5517096363109606
bawty,3.502955145055042,3.5517027076744108
brahs,3.783143015400423,3.551694526890997
ingle,3.3357500251174477,3.5516786033072503
razet,3.61556713308838,3.551582317294068
koans,4.058122649953509,3.5515055846643397
havel,3.47832368008779,3.551472689560613
lyard,3.4864625950275903,3.5514525872583675
blads,3.831561738350442,3.5513663406351985
scopa,3.5042444817869907,3.551358617590902
resam,3.6984822639418775,3.551358079074325
skyer,3.4977539245871623,3.551352438388025
feign,3.373838157253466,3.5512711616044013
ducal,3.482526674427016,3.5512197947061637
cozey,3.5505045109703373,3.55115261458846
linky,3.5986946764537056,3.5511263129835267
began,3.5392702516906622,3.55112482898865
nelis,4.108215743788138,3.5511027431802304
borer,3.581537594404633,3.5510819468776145
screw,3.473343458943561,3.551009987541179
tichy,3.3970964359746034,3.550992695847626
title,3.4196877613418986,3.550899354546613
camos,4.02161089585919,3.550896302746398
flocs,3.586671200280526,3.5508427107307217
oundy,3.5563611806705047,3.5508078833856076
gryde,3.371751463539735,3.5507838287609133
naids,4.06536666049049,3.550780138582099
flisk,3.168537373055481,3.550672392213994
metis,4.092067096051647,3.550623911055279
groma,3.4905930657681283,3.550415428449816
duets,4.004812725473739,3.5503812195045903
halve,3.4580114828513335,3.5503605627836876
noyed,3.741662932708481,3.55029179860995
upset,3.4400582428500304,3.550230345341416
acher,3.3953362142902845,3.550151139089037
yarco,3.5580294991647587,3.5499809576249683
domes,4.196027190371558,3.549944875890283
taunt,3.3229835370593546,3.549934443707932
basic,3.5564197746962427,3.549840369056013
lieus,3.9869600569031047,3.5495272998235072
colds,4.00870691698562,3.549497390242533
raser,3.602911562832462,3.549434169672602
lemon,3.6047374478574166,3.5492795422231787
ladee,3.569083670704525,3.5492631702506032
pooay,3.519316865926549,3.5492426536530433
warts,4.031325725602546,3.549217903752833
niced,3.6928409757242147,3.549103749417518
upsey,3.4851783216329597,3.549041046514856
mersk,3.579807584358967,3.5490143405610404
perse,3.498480256110621,3.54899244952389
lemur,3.5325811048853466,3.5488661515904867
rapee,3.5997771252184836,3.5488111402042155
anker,3.5545849475875713,3.548809184062457
incel,3.3907569995249216,3.548767614722051
curvy,3.3230875142006244,3.548649457985387
punas,4.105902146868072,3.54862850727761
skyre,3.4385836166857784,3.5485987880054726
quiet,3.3620971253111493,3.5485390676730404
maids,4.09563123536165,3.5485045115796687
locis,4.014307965793476,3.5483804998356296
luces,4.012653517672391,3.5482826733310997
mudir,3.5540787904070616,3.5480330523275754
saeta,3.629829215468326,3.547689073780827
brigs,3.776818867005391,3.5476750796518184
arame,3.32017295893903,3.5473258700160275
pards,4.156351554997308,3.54714804867856
muton,3.568241353987042,3.5471475439408513
giver,3.4521565132967207,3.5471279115704295
greet,3.2873929307887133,3.5470852461818208
lunts,4.011805942522903,3.5470765126942054
coxae,3.5159018515472065,3.5468902876132846
ulnad,3.531941027481695,3.5468676787792637
tocky,3.530679886314166,3.5467569855598198
gnats,3.8239643771590135,3.546753061881135
doubt,3.456392835533581,3.5466838627962476
ramis,4.138570676426509,3.546591823850762
pervy,3.48704159893129,3.5463356201580036
sorra,3.6565286118263205,3.546241935121934
fuero,3.4720051918998838,3.546231202133015
ridgy,3.4837954930221926,3.5461536718284035
dinos,4.068100020905722,3.546069454460635
picon,3.5416002786475045,3.5460143111086495
coked,3.7215172647653025,3.546013453918108
aiyoh,3.4289398249719,3.5459294346138703
mashy,3.5996101740033475,3.5458642713987674
algid,3.4494662867326835,3.545747877833316
malic,3.638362623149047,3.545690330656563
stupa,3.475219706205251,3.545613684710517
butoh,3.3820327939492607,3.545613357124899
limes,4.138362914636841,3.5455019952393476
cowan,3.510406242230282,3.5454959758133393
joist,3.3870607779563158,3.545445499301325
ryals,3.8934265564482615,3.545433915060807
perle,3.5231605870043996,3.545386036994709
ruche,3.4555428338596776,3.545364818034051
kesar,3.684444471500662,3.5453641918901964
witan,3.498016879372625,3.5453357652782325
tally,3.445488839081557,3.545332992428863
raked,3.8316999656662754,3.5452538577971553
wrens,3.7634631993845953,3.5452314646618848
dowry,3.503523781403123,3.545197454560459
dosai,3.7973310832550187,3.5451768425903802
sculp,3.2525225069068506,3.54514765160934
gilas,4.05152593860815,3.54495161219546
poufy,3.4577601617044076,3.5445825120146877
takes,4.176008039120745,3.544522583721739
beams,3.9703440734669324,3.5445215068221105
cloot,3.119373483823196,3.5444541435068375
retie,3.493366670206447,3.5444338261897976
pibal,3.553499837772117,3.5443795894251604
ample,3.4428109767464545,3.5443637718442216
soles,4.049652284206889,3.544350749343208
wrang,3.218692296204411,3.5442122702412124
minas,4.165039541193568,3.544179565128191
vireo,3.6750974444591176,3.54412678748876
nages,4.118098743192108,3.544114524589973
pyral,3.5655198255740697,3.544107338443887
etics,3.632898065065617,3.544071937867656
whaur,3.1972675212064816,3.5439324909762275
runic,3.532122184949663,3.5439004165969026
about,3.311504338841227,3.5438122745365472
latte,3.510037051771621,3.5437745572397326
perne,3.5160099450354596,3.543771116000436
thous,3.7607385550386776,3.5437464720053633
syker,3.580738498485455,3.5437205027063907
sumac,3.5473784555571246,3.543619550478874
miaou,3.629134258730514,3.543535362862479
reaks,4.064856894120831,3.5435300472701385
chivy,3.0887913641909623,3.5434474455829577
ghoul,3.224277198428353,3.5433267235179526
minke,3.7119011807162328,3.5433126101785226
duros,4.054634716866991,3.543305062527053
bitos,3.9793415280088755,3.543284499599059
rowed,3.72774303134472,3.543242381463296
roved,3.661547230120809,3.5432113273061545
renga,3.700043285001855,3.5429745328530315
ludes,4.047914059076606,3.5429709438831942
aegis,3.9982038600244367,3.5429187207330575
siege,3.408173999651697,3.5428993775569104
sully,3.393167106790128,3.542892499473547
gelts,4.009754431761256,3.5428373780125093
ayins,3.8647255400363414,3.542809704921284
corgi,3.618505527844608,3.542714858096103
dooce,3.322847725745287,3.5426917784464993
ledgy,3.458520907143368,3.542681830352016
audio,3.6046908910736493,3.5426744460459902
relie,3.539779892814097,3.542637031312318
swive,3.219325356223428,3.5425837090038304
sials,3.827229833211704,3.542581821241236
games,4.1346739037745905,3.54231933076765
curer,3.440959602452988,3.5422800170203415
acton,3.3803298956493095,3.542228787294902
maneb,3.7563063420354936,3.5421876488123907
ascot,3.366190858073136,3.5421861089171087
fayed,3.6015212524180313,3.5421164525731372
ments,4.123268034346673,3.542065330945241
ginch,3.275747845801712,3.5420633048998145
caums,3.909452781431935,3.5420524858342155
ovine,3.3161601899484596,3.5418712429923094
mages,4.148363318063267,3.541838897587542
ganef,3.585055415990751,3.541790532437303
cooed,3.524372794945476,3.5417725267058406
lotus,3.991574727805603,3.541769871368307
quate,3.3713806868237466,3.541664488908307
baize,3.5024736485172996,3.541629115689704
trugs,3.7532601794429437,3.5415875032438993
zorse,3.586651234991593,3.54147383738673
oints,4.067754994636177,3.541464750987514
muras,4.151574237154836,3.541415173194609
brawn,3.2680801505457975,3.5414073708099565
smorg,3.3662819514433684,3.5413920538068187
tends,4.042134700185835,3.541290213594104
wines,4.049750106414281,3.5412172295357025
basti,3.710370163438683,3.5412097468653667
seirs,3.845489837978558,3.541198194656834
caups,3.914178695614253,3.541183980605763
sprig,3.4448387855043516,3.54106812026523
hoyed,3.658744878698526,3.540771578613332
craws,3.672478735782296,3.540434112224303
frier,3.2384564071190907,3.540233514760253
spawl,3.2398138727002426,3.540233414023227
joint,3.4045904668811544,3.540224165777871
tongs,4.003983613099088,3.540185817985368
stent,3.197519724600353,3.5401841177936424
stomp,3.3175065154815266,3.5401460636064352
ankle,3.476093956327246,3.54012165083891
alcos,3.8309057302359264,3.54001263617591
poort,3.387804503675364,3.5399596036406384
yauld,3.5586646243106577,3.5399330379172524
methy,3.517737138636172,3.539782821239623
putas,4.045859324986688,3.5397329049818587
cumin,3.4834113983373935,3.539522748700095
proms,3.8907753457182253,3.5394582727205304
sprew,3.4982599932266543,3.5393880738451546
dowly,3.484203098044181,3.539263571719464
vairs,3.8949185795171593,3.5390683563045076
diram,3.689350224575531,3.5389316998689235
kilty,3.6245412473585663,3.5388593697376862
nifle,3.4776288093559877,3.5388151754590496
clown,3.190686248374273,3.538752665747671
bungy,3.439846730127945,3.538612352121187
forky,3.554213123867022,3.5382584416491065
gilpy,3.50438888295969,3.5382560280296325
frock,3.0922712814728124,3.5382149922834802
furth,3.368809013296961,3.538209916872619
winge,3.4621013669198,3.5381255949484847
meous,4.028314012734714,3.5379618398686965
pulas,4.092272547594338,3.5379361101043787
kails,4.047738871376382,3.537839487256977
trefa,3.448477708208374,3.537751037304286
downy,3.477052456075241,3.537648650725191
lochy,3.4399780083780023,3.5375394100199733
houri,3.5771481340177615,3.537511421905655
defat,3.462787770261453,3.537462818984598
frowy,3.167191083646126,3.537438359345742
fetas,3.9510642061045553,3.5373477527742963
fusil,3.406858241993116,3.5372280039530146
pedro,3.6277176692387822,3.537121109049581
dowar,3.5675684002889803,3.537062549762392
ranny,3.479961415438283,3.537060244587016
fonts,3.9807896939749496,3.536973033293367
takin,3.6326859100536875,3.5367917389546486
yamen,3.704115524552413,3.53671061332063
psora,3.591540030823552,3.5366806043080232
manky,3.69488966890314,3.53647920427133
famed,3.6796153349778575,3.5364753073019592
gurls,3.945977267015956,3.536473385755148
kains,4.040588229407442,3.536224566262704
ursid,3.5030821533484673,3.5360026968642764
duvet,3.425314012836669,3.5359852387589417
parev,3.6881026411149422,3.5359040683058636
rente,3.5245676085014743,3.535875246079759
grids,3.8102602533005183,3.535850704086254
axile,3.338571770369168,3.535845801357743
tabun,3.4870110091509625,3.535824968555702
nilas,4.121145367048675,3.5357627949573907
drouk,3.3311821208673393,3.5357331280756554
ragee,3.549662892218068,3.53564881272206
syped,3.6058564650123266,3.5356435173536283
grams,3.802375752618132,3.53559590596587
baken,3.7016549964756136,3.5354665726945704
aidos,4.013893786031106,3.5354283804606985
tahrs,3.9373263327183747,3.5353645896960098
prize,3.3905190360290236,3.5353239397056155
drawn,3.2967958215612603,3.535296723375781
mitas,4.104996719312185,3.53528396283244
brogs,3.7765828988088757,3.535269196501482
seils,3.826169154619616,3.535264311815839
gawsy,3.3981694805534346,3.535244439126012
chuts,3.6982733056430406,3.535219208409558
homed,3.7368389612583517,3.535130433342154
punch,3.316494454787901,3.5350478028087338
podgy,3.5222997774775484,3.5349635031587403
gurns,3.9388266250470156,3.534858464760875
meads,4.063009382425566,3.5348566865468234
hents,4.010085405465559,3.5348207379510534
marae,3.6711450728418153,3.534698741409799
garre,3.4897296709217445,3.534592103938254
gamin,3.591351774707533,3.53458848600056
padis,4.085419462741988,3.534543021811939
cakes,4.1060535817121115,3.534493314108918
repas,4.081737412136283,3.5344328797122273
bandh,3.498975758715253,3.5344282223881573
vired,3.66334608797189,3.534412630592234
urped,3.5276195729933275,3.5342985607195505
rueda,3.6861976947202697,3.5341122490404926
fused,3.595114752497052,3.53410653343273
brims,3.8174789476535698,3.534051080121042
deman,3.654180511729133,3.5340301704940833
calms,3.9832879957571654,3.5339615737205126
pokit,3.619709533056662,3.5339278968865
wavey,3.446961545582898,3.5335864242866624
anigh,3.2412001935871926,3.533575734290811
tacet,3.4436859271108045,3.5335640768674264
swept,3.30059122104698,3.5335568349621376
rushy,3.4797401365302294,3.533381960165876
farci,3.488217342745199,3.533256175835656
whies,3.801988652365889,3.5332508251996906
patus,4.0274256833498985,3.5332441227925226
enarm,3.362444593393517,3.533182197080234
gitch,3.215705023920329,3.5331677026040635
vails,3.8755978961582174,3.5331344734635124
names,4.204293332215116,3.5331305135295814
calps,3.9880139099394833,3.53309306849206
ident,3.3013810228801423,3.5329944897121743
tabos,3.9920124244027666,3.5329423219859697
novel,3.5390133754054798,3.5328714875052585
pooly,3.413603899099352,3.532836421973083
usage,3.3737128170069868,3.5327378446017996
oorie,3.5829000609749277,3.532729775391031
neigh,3.3950176652363133,3.5327116840279547
pukey,3.663175163718506,3.5326407715554096
rompy,3.620836985992566,3.532519800438334
dungy,3.468562401143407,3.5325017046870117
bourg,3.4327095430452075,3.5324821322732127
coves,3.9359008461666454,3.532450783617916
avert,3.2655253988624517,3.532350823807438
longa,3.686222871958936,3.5323466037829148
wites,3.9897072845328987,3.532321627239951
semie,3.5170340387885095,3.5323035795621487
marvy,3.5309118938824495,3.532250751045353
gadso,3.5277029466255376,3.5321732138656152
lawed,3.685994703511916,3.53180703101067
tynes,4.022620347788711,3.531791753659065
laved,3.6197989022880046,3.5317759768535293
unapt,3.2890018124660827,3.531755523035134
raves,4.046083547067617,3.531691187496963
fauve,3.304724283553343,3.5316749268052234
mesto,3.7221570138907323,3.531556632079869
owlet,3.4272853103281533,3.531449476195435
palus,4.0738389059575475,3.5314473279150427
arums,3.8301325496865477,3.5314463672357346
booay,3.445784499665378,3.5314295779032188
melts,4.10963843507294,3.53137293377201
lapis,4.038513633878846,3.531181389888711
tanty,3.487958430744245,3.5311686174039716
pewit,3.487824683945222,3.531108999170132
trust,3.1199668693850695,3.531037525497472
risky,3.6121169442901504,3.530818667865064
bunas,4.032369780606901,3.530815431527785
forby,3.4868318995940744,3.530785297043859
beryl,3.499714937802711,3.530648807745761
chads,3.7254794673208966,3.530612049070669
wiles,4.036120507140549,3.530524832362471
galop,3.527995002706785,3.530448006457311
venal,3.4912369745109597,3.530442214429998
gosht,3.432377733216467,3.5303965924138545
begin,3.4876385277838793,3.530379846183278
filth,3.368644718061959,3.5302819116329704
medin,3.6160540218333193,3.5302289173671397
cebid,3.5163708149237856,3.5300808880251475
neram,3.7140901083730684,3.53008084648446
hemal,3.5500579011790476,3.5300680432333293
haere,3.4231833902678783,3.5299442578349027
tozie,3.5737015554566613,3.5295483462152903
luged,3.602208635810536,3.529441375711216
rangs,4.044211856591427,3.529396952251594
gamut,3.467417579176318,3.5293951085541706
steen,3.3548967609753797,3.5293891966945576
bards,4.082819188736137,3.5293349729287353
tubes,3.997135055948027,3.5292996127067564
hanky,3.581707040022025,3.5292346112771424
redos,4.034383481881998,3.5291201601805517
brung,3.242979597660145,3.5289364987560043
tanhs,3.9927733409480526,3.5289242468229114
mucor,3.4898128106442337,3.5287682424981917
kanes,4.234695326755237,3.5286894785230967
herby,3.516127611084683,3.5286330017015453
strum,3.4233062441061826,3.5285672677360447
tauty,3.400493617145281,3.5285671323444436
hiver,3.438857887727291,3.5284188743357427
macro,3.6363274227857265,3.5283479693848365
paipe,3.513937279385436,3.528291727340758
clegs,3.721644148515608,3.5282909007993024
monic,3.6297638637305143,3.5282613057778214
swarm,3.3304250288959465,3.5281499321197467
lough,3.360884995264265,3.5281323226110217
yites,4.066244741938597,3.528125551587638
scrog,3.3909168128626455,3.528113494683966
jaune,3.4705918902935196,3.528110008349296
waift,3.2972859946585054,3.5279534881749965
bulgy,3.4262171308542113,3.527919954947956
deice,3.272100186604178,3.5277643885464807
talar,3.493751678938132,3.5277580531787818
varec,3.5642384513624297,3.5277192142380454
nicol,3.4755790268616655,3.5276486806605143
picra,3.6325276895404834,3.5276200347994786
heads,3.9498267535444516,3.527612093552636
still,3.1700007710078713,3.527522741095626
munia,3.7539721463228757,3.5273762359610252
doven,3.5602179319456093,3.5273133947693935
lepta,3.6655031787029184,3.527304788084359
nurls,4.015596695456481,3.527284568517079
drips,3.85092053285135,3.5270719274584144
mopes,4.176249192371417,3.526879803017725
gundy,3.473288116423072,3.5267879765556227
voted,3.617975212708881,3.5266090022430716
mauby,3.540043631031228,3.5264045746065547
reest,3.325630476201469,3.5263708891669854
larum,3.6144589497836663,3.5263276190416586
reset,3.504492407538585,3.5262878476750394
unget,3.3448924816677694,3.526213212391845
duing,3.3878890417522243,3.526137597167237
saics,3.72451606405192,3.526125054537851
quire,3.325699231610298,3.5259888648268953
acers,3.8272849491833423,3.525977867815732
malky,3.681260069629406,3.5257868070980996
fluid,3.3232729171884374,3.5257260443054066
coifs,3.831345374025183,3.5256285486796903
fenis,3.959475304079155,3.5254983722646758
sheen,3.33761436848917,3.5254825054325574
narre,3.559349099362269,3.5254032867001857
sculk,3.2387758260935895,3.5250927948188053
frore,3.1790501310211914,3.5250739812273637
murls,4.045861270327641,3.525008941514649
voled,3.6643884353165306,3.5248122073655916
covin,3.392578717099588,3.524719938850826
favel,3.39887169511503,3.5246961414684455
ramee,3.635857481241076,3.5246648016616686
pucan,3.534585709364146,3.5246496407416243
ogler,3.5029885563898207,3.5246187400730298
wafer,3.4589577398795677,3.5245427849998663
dried,3.4402801325335735,3.524510727130751
crool,3.143852226025747,3.5243206282668953
flack,3.058942760445481,3.52427889737398
crowd,3.2701720300929047,3.5242673504815216
melos,4.109474880300684,3.5242505769005104
wheal,3.285276343761086,3.524221042992335
sizar,3.5324457280968833,3.524084594508116
shrug,3.3372839915539565,3.524082221396064
rawin,3.5689572192244707,3.5239913968870153
vanes,4.062554351537073,3.523984464729632
ravin,3.50276141800056,3.5239603427298736
pharm,3.365589534032902,3.523897309815451
kaons,4.040352261210926,3.523818683112368
fetch,3.1616565140243846,3.5237670483054204
huers,3.90201377863996,3.5236520314674937
shill,3.152718378521662,3.5236160498336258
paysd,3.569052972124908,3.523615751505341
hames,4.121375278205161,3.523610293532963
malik,3.6431377635638196,3.523505244703567
flawy,3.1338625626187935,3.5235022644362415
rozet,3.593338774396113,3.5234608952420956
skobe,3.442729136968019,3.5233920294645262
hovel,3.456095321395524,3.52335126750864
therm,3.340401395914429,3.523071302885768
mulsh,3.423707910139244,3.5230162063300208
vomer,3.5714458215253178,3.522992564038569
prays,3.8434105655172,3.522922762412652
bidon,3.503328453790549,3.5228895059109187
liven,3.5025536562108925,3.522870514118459
befit,3.382440375339207,3.5228284836134023
foram,3.601876342872504,3.5227129218301556
pacts,4.021317037751416,3.5224005688540565
owner,3.463687323802419,3.5223453209050732
pisco,3.512692168391575,3.5222102464175222
grese,3.2069940228351417,3.522207573023862
treys,3.8182224273987275,3.522096755482969
felch,3.2080697366320345,3.5219702534279405
dobes,4.096474261506501,3.521961625517033
scoup,3.2702726582279116,3.5218527120611225
axone,3.331185160203712,3.521824997213134
lense,3.4106712317485686,3.521717819635543
mitch,3.315589027232013,3.521703258363564
reely,3.395430885878177,3.5215751778112443
phasm,3.3215885197801818,3.5215698395036372
sexor,3.4510336960701284,3.52147423165911
viand,3.4348153423524055,3.521428358269347
topic,3.4897597492269115,3.5213399771193927
blags,3.7432543777815432,3.521333101591982
yuans,3.8842915141617644,3.521272489626919
entia,3.5172085534281035,3.521207045626519
urged,3.477505339992912,3.521136233237395
worts,4.0090973669102805,3.52109648170086
wised,3.6368877294711135,3.5209943737738048
vogie,3.4608414841623985,3.520950290750001
cyber,3.384232790195532,3.5209087550339033
yirth,3.4871194476767204,3.520901681561381
skyte,3.4445022926608937,3.5208719716332766
slats,3.7047416781547957,3.5200614139773414
group,3.261347156391367,3.520041017691584
swang,3.2352138435020485,3.520022773206498
milch,3.362002249839663,3.519906463486085
lands,4.068542530635256,3.5198734187902128
boost,3.270271123161473,3.5198190575790003
hopes,4.063066563490302,3.5196352100235373
cozie,3.5037470980480276,3.5195190766024695
hogan,3.521261925329612,3.519487020579663
veals,3.8429760432221336,3.519486648430667
youth,3.4143265806961303,3.519392170448442
cubes,3.927180598539394,3.519270343093935
graze,3.3018834747324144,3.5190556898006187
tenny,3.3895768984637935,3.518920266886309
tondi,3.702580918312117,3.518855566236038
festa,3.608295062389019,3.518807618323717
scene,3.2334492135965247,3.5187979338699464
rabis,4.039017747561452,3.518608573477512
thegn,3.281117749658198,3.5185391374332466
quine,3.2992279062824164,3.5184400609916273
shiva,3.3151188204222835,3.518431649576582
rumes,4.114687869613157,3.5183725752942596
knule,3.411104140767349,3.518204197058128
kales,4.221065727481504,3.5179970813498658
knarl,3.377566012384894,3.5178981660798927
hurls,3.9326786414465253,3.5177643485204615
oaken,3.729862086449275,3.5176288649157748
laiks,4.033502060531845,3.5176210997983857
tugra,3.529093239257385,3.517565213786847
brize,3.3169866697678527,3.5175108639557906
speer,3.3440073811088835,3.517478474391742
wield,3.4827061290277763,3.5174710027365705
recap,3.5257795962865472,3.5174361315409666
serra,3.6063723383441695,3.5173130916874538
bantu,3.6136232929495637,3.5172991366279973
lauds,3.9810777170362917,3.517271933730685
lyres,4.0508299735737365,3.5172464938848242
bunch,3.24296208852673,3.5172347270589093
tolly,3.42326048038929,3.5172115703768903
pulis,4.040640823687555,3.5171911272990077
bodgy,3.4487674112163775,3.517150427408916
roked,3.809471606974008,3.517132435745183
mysie,3.5826997679216963,3.517098240248931
helos,3.9962922514195696,3.517005983906323
pirog,3.584789897489828,3.516955545892282
tangi,3.636501916435485,3.516943749244794
amirs,3.8586267233289466,3.5168593367391887
other,3.381628958452713,3.516767328164828
briar,3.2628490582857705,3.5167195570934107
rowan,3.5983605844389883,3.5166149576404138
unais,3.8296272229906894,3.5165168255690293
sprog,3.415833347145739,3.5164915809879407
tokes,4.153779680428479,3.516401161669766
smick,3.207745572440561,3.516261826659489
louma,3.639418139008151,3.5161211191926114
would,3.459898808212694,3.5160076915175926
neant,3.335066927049435,3.5159516656680196
smerk,3.3833244147885075,3.51584743487075
phang,3.270378348639004,3.5157701509022026
silva,3.5492506751969435,3.515705656739362
strow,3.369666877947215,3.515695374901166
lotte,3.487808693079354,3.51565313518776
sasin,3.4916336944172057,3.515569306178261
saris,3.9848410121268465,3.515484228676668
pacos,4.021153482979161,3.5152782119825563
unmet,3.4310870706907775,3.5152292013314534
zoist,3.381226929162507,3.515186131291647
scatt,3.187267553976459,3.5150822760593754
waver,3.4246138810005005,3.51497917064963
bonne,3.4619448454455615,3.5148904060747213
vardy,3.5093011554877567,3.514879267279878
clems,3.7623042291637865,3.5146669012685265
drops,3.8506845646548347,3.514666044308078
rorty,3.5240741737788204,3.5146498965831885
pinky,3.6123172733057345,3.5144791423557704
wound,3.4527481662437536,3.5143927705233198
mobed,3.750468661274409,3.514391775963092
apers,3.8522014834664353,3.5143559541197074
botew,3.5483133020465627,3.5142353346505075
wrack,3.0863912743329696,3.5142249637788145
gluts,3.7494896023988145,3.5141158853653076
axite,3.363811129703225,3.514052867826542
puker,3.6408274991361087,3.514033517918378
lepid,3.6038210434498863,3.513772686263421
speck,3.201320332578049,3.513758444040008
gonef,3.562827057298485,3.5136691103853304
balus,4.000306539696377,3.513634252165219
carks,4.041730387260609,3.5135672929756954
pleck,3.2225493685311726,3.5134949352116545
adopt,3.339959129992812,3.513406891662965
plods,3.865095357176764,3.5133710927810786
vales,4.048924752263339,3.513292067556401
yield,3.5592435864334755,3.5132749270842574
richt,3.3699762419917465,3.5132717068884407
rille,3.480500235694723,3.5132561105503086
glowy,3.1866144257261357,3.513179526159151
futon,3.3756067401331675,3.5131264028544966
coups,3.891950336921987,3.5130625585537905
legno,3.5042262820473447,3.5130483458089294
spewy,3.2762401347513626,3.5129818111022697
cytes,3.892623068498694,3.5128668817504924
women,3.605349708454449,3.5127852669209707
aspen,3.530423076812708,3.512672445701429
clomp,3.225867318263746,3.5124815353422143
catty,3.3579611514542282,3.512243745495399
sayst,3.2621463427227853,3.5120748109108364
welsh,3.3115483739056764,3.511967836612953
widen,3.513694210314572,3.511926633551811
spunk,3.2565417184077425,3.511855960128508
shrow,3.352384485461006,3.5117886836391654
dolci,3.554505213100602,3.511753108595808
britt,3.1934452471753527,3.5117257558450095
owler,3.450057724528685,3.511652923731843
puces,4.02627611452442,3.5116355027033435
areal,3.310686529942197,3.511609281473057
plunk,3.2777707543608656,3.5115924513001544
sdayn,3.356466691523822,3.511266108168037
hutia,3.5807466955603777,3.5112360406710863
swink,3.230037123165446,3.511207628060661
oubit,3.4177396322887015,3.51117556439487
dunch,3.271677759542192,3.511124079624734
sixty,3.434842814778536,3.5111189111394303
opsat,3.423086411202862,3.5110835132868212
pooty,3.438843258433409,3.511043488441882
fling,3.1514810030785885,3.51086376338277
bahut,3.3737996541034994,3.5108425672560464
genic,3.4797235869366787,3.5107969065838396
noway,3.575953848022669,3.51073401898675
hacek,3.5155904255195702,3.5107050271137155
noyes,4.103970890963024,3.5106502367487864
pikel,3.6568582902247,3.5106383290782692
sidha,3.5887299762015057,3.5106359007805232
threw,3.409828849297695,3.5105864673152682
adobe,3.4116966796739185,3.5105730774473156
gleby,3.2930110754513953,3.5104834342813644
punts,4.025428539374932,3.5104293420664487
waurs,3.8637558085184445,3.510421434549398
zlote,3.367543086091151,3.5104189574808395
carex,3.587580728439617,3.509895941616863
preif,3.377312001564697,3.509616431276288
silex,3.60504915832182,3.5095567130347196
glads,3.7766957640766705,3.509508726026418
amins,3.8321553980010647,3.509310532903921
yealm,3.484222602220095,3.509277456908613
proot,3.230301004821043,3.5091136007150023
seedy,3.407085216233086,3.509048945206481
vrils,3.690110917408771,3.509016221729599
sycon,3.3938595464480956,3.5090151034469774
dooly,3.3687872038536435,3.5089126987890835
donne,3.490660516461024,3.508779758640546
genip,3.4982454081647134,3.5086666774213784
mesca,3.601652594166724,3.508432170176831
butch,3.1829192666453467,3.5083391247631583
maven,3.598748648660326,3.508223405406262
dewar,3.5174121268068297,3.5081337063279117
soras,4.014244377341364,3.5081077894300665
fents,3.9306334204927986,3.508044189858886
ronuk,3.5478670489421615,3.50785010920797
rocky,3.548679771114239,3.507846697774074
blams,3.783914458429722,3.507709102061206
nutso,3.5061305134039804,3.507429296992094
touze,3.4566866022625855,3.5074201172298127
mirky,3.6579893635925,3.507265808272769
ulnas,3.8942489857362372,3.5072261169181003
colly,3.353306022980657,3.507182300764069
patte,3.52365964862365,3.507127386611976
adieu,3.518664821736385,3.5070376991020673
plene,3.2795947838327413,3.5069125113455684
albid,3.436107946890634,3.506780616399675
gilts,3.9710523311150103,3.5067524469842986
image,3.346789227941788,3.5064909221323535
rally,3.463488723881629,3.506422704643117
daiko,3.65175136037085,3.5064059247443184
cokes,4.083825223019845,3.5063718920569453
dalle,3.496416183596636,3.5062636407486187
grype,3.3288300978013323,3.5062580849584686
suede,3.4088296286718425,3.506246424150441
carbs,3.9743491629876617,3.5060941483704484
ocean,3.4313189903847006,3.506073634326122
mints,4.0845659337004285,3.5059803999170303
fluke,3.284074238872429,3.505962510299946
shtup,3.2513874818775435,3.5059069706825143
laked,3.7677232791412054,3.5056970852925575
rakes,4.194007923920818,3.5056122959359923
smeik,3.418084974349979,3.5055748009043435
pelau,3.6816150352557235,3.505568714929299
absit,3.384745825350918,3.50550553039582
nurts,4.040836054790538,3.5054916349858782
tinds,4.00343259953959,3.505205282565893
breds,3.847346663821183,3.505170521300859
nabes,4.104740403350059,3.505147263156332
brays,3.7698781992560293,3.505109686662828
boyla,3.5884965969046374,3.5050611254010904
nomes,4.1820649735228494,3.5050090914776084
unold,3.3732392743808846,3.504688814951659
wauls,3.8444351251595026,3.5044875517084026
erbia,3.480966677504094,3.5043269303579097
smowt,3.237309327634428,3.504268609397975
nides,4.090409475382973,3.504150458108449
trout,3.1623973515999086,3.5041361734200747
leaks,4.0008802075957615,3.5039732747655408
geyan,3.4925047838800736,3.5039243485906555
gavot,3.336609736002174,3.5038809808635496
smock,3.2075096042440445,3.5038559435091527
frags,3.668965061427763,3.5037343201697926
lowed,3.66376634481965,3.5036856089586985
loved,3.5975705435957392,3.503654554801556
roves,4.023855188375352,3.503569765444991
parms,4.108704275076588,3.5034908101045668
ruban,3.5234445355878257,3.503403462959291
femal,3.4706059162062872,3.5032914951411627
pudge,3.473887916434154,3.5032321386682197
platt,3.233413124212676,3.5031968535349973
bhuna,3.3581672511993834,3.5031270299792734
tusky,3.506465327941324,3.503042763201125
ousia,3.686606788569999,3.5029961694084486
mabes,4.135004978221218,3.502871636153901
lorry,3.454178811278635,3.5028199404507863
easer,3.4988693020207786,3.50275032322432
solon,3.47535029908613,3.502533834382942
cloys,3.6924842970845044,3.5024549816005424
turds,3.9899672955008594,3.502440890632311
gleam,3.408055518729825,3.5024110590676614
rends,4.060134584985908,3.5023799258083574
shewn,3.247499457549252,3.5023785885060525
hiker,3.58678226458049,3.502339982774772
dutch,3.2116349376608087,3.502228477328983
tonka,3.7434861190517985,3.5021811861083316
until,3.312132365570936,3.5021705575926485
tarzy,3.512467957430083,3.50209622243556
rival,3.4360640693952593,3.502064006169119
bosky,3.5770888624843353,3.501815423445577
fiver,3.3594059027545304,3.501642326243576
dhoni,3.3981660967742027,3.501634045590168
detag,3.5250832157643543,3.5016208730072993
joule,3.4555141735701937,3.5016035072915956
freet,3.1946423202465226,3.5015996608549678
piyut,3.406635104330772,3.5015717476692894
sakti,3.7290171747004424,3.501483666124589
noint,3.3454604212932524,3.501478068648892
chawl,3.0814282713626495,3.50140253788052
sauna,3.4857735192218486,3.5013900006360865
agrin,3.4654620956046736,3.501303416885517
howay,3.4930357940127132,3.5012137989901317
bords,4.060590830043871,3.501213550876763
rebid,3.604325157132492,3.501199869852222
pirre,3.5070412786360237,3.5011275977821947
honky,3.559478681329759,3.5011131892251703
watch,3.1881623916241093,3.501018961683264
haven,3.4855660197792115,3.5009788124120744
amber,3.457829395164315,3.5009217161519732
orcas,3.8709783902075996,3.500830698802683
wring,3.1789295169660776,3.5008098297876042
tiyns,3.8701580913565947,3.5007318905241607
loafs,3.8950858089471527,3.5005931984557757
bhels,3.748767527526958,3.5005911905673233
reiks,4.0250941148824975,3.5001276068165303
fagin,3.4124065751423345,3.500086911734097
dishy,3.4722210831602345,3.4999404862992076
jasey,3.6154915830155208,3.499756783640615
lomas,4.103997355115956,3.499658612099563
treks,3.8762123197542886,3.499432110960641
cupro,3.430480352497006,3.4994261443259793
goban,3.5212022110569934,3.4992287963807085
leugh,3.310728721782114,3.4992034791765407
tupek,3.4928804415205983,3.499057064661867
ither,3.3219529769600697,3.499006479219493
drays,3.7985938702714916,3.4989990392286523
bruck,3.110678575788703,3.4989491922936065
minos,4.084402378928171,3.49885804304553
laxer,3.534885890356237,3.4988552205313215
midge,3.5330253107596494,3.498783196518801
hints,3.9713833048193132,3.4987358069228427
flong,3.1512450348820735,3.4984578802324338
cheet,3.162849365570758,3.4984441507126274
disco,3.4678754731458667,3.4982865232335225
quite,3.3316179075854135,3.4982620484546993
viola,3.4924912557258847,3.498221239886403
bicep,3.4864149733553713,3.4981913392330526
finca,3.4208702983552284,3.4981905156853257
bhang,3.196845982377833,3.497957075152378
ortet,3.32332661131243,3.497635370567783
bunco,3.4020624892702753,3.4975753958410722
felts,3.9170038212190654,3.4973517926856554
treed,3.4126978028848645,3.4972686227770082
unled,3.546802098682522,3.497252292194884
refan,3.516352368611993,3.497218674399028
aight,3.340051723179787,3.4971819987157513
fames,4.0419232932324,3.4968337454407963
liken,3.6504780330640916,3.4967916225574878
binky,3.538784907044564,3.4966660666059455
noahs,3.9611550896243575,3.4966449247260885
olpes,3.9228523647878033,3.4966229058928233
finch,3.182997235259522,3.4965777195729606
pagod,3.610708601117305,3.496436914362673
lacky,3.5069314432814354,3.496411347321449
bonus,3.991707780277844,3.4962052272864765
guyot,3.3271199759878876,3.4962035139320236
scowl,3.1748985909823,3.496047004115307
genua,3.614901593106767,3.4960466153311067
hurts,3.957918000780582,3.4959714149892607
pugil,3.427574722158629,3.4959156756037446
pardi,3.7666414996414384,3.495784557886013
pligs,3.777023964804381,3.4957437368881985
ponga,3.6998454688109654,3.4956994331551576
homes,4.0991469195128944,3.4954888714809904
misto,3.6834549132444865,3.4954717010516583
furca,3.407404994316498,3.4954261237517437
margo,3.688973255437835,3.4953353937939275
milts,4.070936334426694,3.4952880027437994
lupin,3.471308697998437,3.4952312965651187
pawed,3.699617300363945,3.4951598603829135
paved,3.6334214991400344,3.4951288062257717
vires,4.025654046226434,3.494771068731071
haulm,3.4361924786013462,3.494681374718704
yenta,3.6895081839086497,3.4946776081858544
trows,3.7024344457560807,3.49465505823318
hides,4.007491421373016,3.494630238111831
azine,3.3489811320777765,3.49451281865718
seeld,3.443279981061404,3.494454115751066
putos,3.965222162721293,3.494411382899198
vinal,3.452534873864714,3.4943572834017873
parry,3.4900297668229303,3.494294191875002
hiped,3.611900231107363,3.494262997422009
growl,3.165973089145756,3.4942353097457692
easle,3.4203783107604533,3.494062790000772
gaitt,3.324066251651028,3.4939863929701422
nonet,3.5395675186410482,3.493942980909284
lushy,3.4157634500051595,3.4938251876612787
blunk,3.204238388099695,3.4937793755503304
sisal,3.4249363458119046,3.493672969617507
filmy,3.4069123582351817,3.4936389479312315
pyran,3.572762165265491,3.493613461295349
antic,3.3354827218467005,3.4935765373128764
padri,3.6609488478246464,3.4934521649857992
subak,3.45260066710684,3.4934512141526284
booty,3.3653108921722383,3.493230412692058
dargs,4.023227499182701,3.4931910864513434
derma,3.719719008241307,3.493144667522005
adits,3.8519786251275776,3.493119894941407
coach,3.135454848468436,3.493113011341535
spayd,3.3865463028473526,3.4930834145887233
chimo,3.287512806394527,3.492908088800756
ovary,3.254296049880919,3.4928538848593282
bunts,3.951896173113761,3.492616266316624
neaps,3.9898234418160046,3.4926065697468087
curds,3.9200128380922257,3.4924116210194898
amble,3.37933840390399,3.492234182928425
orgia,3.499425803278349,3.4922307026041564
benet,3.4311603702929983,3.4921352464159208
laves,3.982106860542548,3.492134414992366
walis,3.9723515824051465,3.4920578884692883
repun,3.4960988346190827,3.4919940041992987
sagum,3.481679166476383,3.491920753167144
scuft,3.1299086241658993,3.491915985170241
farer,3.456149368280937,3.4918601689939526
virge,3.4380053067319514,3.4916794341438537
meids,4.023246603187232,3.491454246093215
baaed,3.5482417775506723,3.491391147538561
redip,3.509408413783979,3.4913794192876892
grips,3.7673388875621163,3.491324960283809
erugo,3.319923310582944,3.491241696742261
acros,3.8830256165517087,3.491174894465999
blaze,3.283422180544005,3.4911688858959544
sanad,3.5955779227775615,3.49102635414312
furls,3.8532266564737654,3.490987800428294
fuels,3.8032411103082584,3.4909416005343314
saros,3.9558355737682342,3.490907689399379
pesky,3.600464955263355,3.4906996557609205
ybore,3.3564457420813434,3.4906816025594694
taira,3.495273371168329,3.490572791538165
dinky,3.5675005780600264,3.4905554191717707
chaat,3.0955689989719763,3.4905185728057164
dwelt,3.2366874715117246,3.490481145052992
lubed,3.588850295968487,3.490474114277575
metic,3.5195647683669806,3.4904368600475895
rubes,4.0151349407481,3.4903893249210096
zonae,3.642858105202545,3.4903518560214057
denim,3.6022341738049706,3.4903498475756596
opsit,3.371454687296079,3.49033853048145
etnas,3.8706683095373036,3.4902542942957413
recti,3.6095764398941697,3.49019075570741
passe,3.4489256936369523,3.4901704574029395
vouge,3.3652124397513603,3.490169923030914
sorns,3.9013807685452275,3.4900866367558336
swack,3.1029128216306066,3.4900354667441
sines,3.974423509352226,3.4900293720537476
plouk,3.3026715476508666,3.4899124327462103
coala,3.4235326509468216,3.4898906574859847
withe,3.3686199141951154,3.489846999438304
luges,3.9645165940650786,3.489799813850053
spawn,3.247056212391664,3.489739536874689
ervil,3.2092519476669357,3.489544730670918
sagar,3.402811120689608,3.489498324703257
fraps,3.714351056258259,3.4892418154105638
prior,3.255744262281546,3.489211110760575
jolie,3.5834306308158372,3.4891738440524813
repos,4.001100249870888,3.4891113576295663
aucht,3.3005369152383457,3.488978665747113
gunas,3.9775038063331296,3.4889578169190045
abrin,3.4678804849813574,3.4889199376330593
waker,3.5725382578537004,3.488900279088659
meshy,3.5272255418289307,3.488814005912314
arcus,3.767698054957296,3.48876840561833
demon,3.573543349463737,3.4887086484114227
melic,3.5659779909746305,3.4886400651701095
budes,3.988004289667465,3.488510697505613
wrong,3.1786935487695622,3.488403946637268
maize,3.5474916775552128,3.4883070568404246
demur,3.501387006491668,3.48829525777873
telly,3.3731042069071395,3.4882827269424093
tapet,3.4456632365039077,3.488243544868535
milos,4.070772779654439,3.4881656458722996
swayl,3.217195595960598,3.488143810373164
arede,3.31187667180925,3.488051528894455
hilts,3.95775370554558,3.4880434097496122
sedum,3.492691999313494,3.4880416177138316
leery,3.3507748827120487,3.487952288147641
vraic,3.2114526118828506,3.4878928600501062
ehing,3.1801895071809554,3.487780416107368
duces,3.981459419278712,3.4877117795193437
rewan,3.5482043109568373,3.4876861142059328
fitch,3.122954413378139,3.4876821172772097
uplay,3.3988792073985703,3.4873559093622095
livor,3.363071161064956,3.487267092871655
sures,3.960958205313495,3.487264980120165
creed,3.3427433454762308,3.4872393531641865
votes,3.980283170963424,3.486967440381908
chams,3.6778321874001767,3.486954810496676
rowme,3.5430623307529587,3.486885185484139
keirs,3.9946749225609066,3.4867231046115186
slues,3.739231181362297,3.486700413261526
sybil,3.3541273816659256,3.486635398958117
riems,3.9979860857634586,3.486513356828295
dunts,3.9806118441292235,3.4865056188824486
foids,3.8807682628155087,3.486361948441341
notam,3.6300171324638133,3.4861922871070865
foams,3.872883762133122,3.486107150320957
chaps,3.6825581015824946,3.4860863052682234
denet,3.459876041308461,3.486024598981746
adios,3.851815070355322,3.485997538069907
sirih,3.3710053430830973,3.485986164849395
sties,3.743944447790042,3.4859696589797364
there,3.19640592927854,3.4859232174793036
knelt,3.349551512294142,3.4859019791445007
filch,3.1693676359857887,3.4858853223997297
quote,3.331381939388898,3.485856165304363
gerle,3.3947622464694573,3.4857153466361037
barms,4.035171908815417,3.4856777343547427
brown,3.228081403110949,3.4855990472060117
birdo,3.6211758541481585,3.4855554951717593
bolus,3.978078181004111,3.4855128301132456
tulle,3.3748486193458964,3.4854802058863696
vital,3.3924920519833313,3.485461681106036
corks,4.019502028568343,3.4854458709237233
budge,3.400355550172983,3.485419062918395
blatt,3.1598807579515054,3.485383777785173
wants,3.9571392980925233,3.4852961032367293
mungy,3.484864759165858,3.485290293271907
scapi,3.4263171132811245,3.4851756043144086
voles,4.026696393571074,3.4851706455044282
pense,3.424293828600598,3.485070649007786
roums,3.9751787649483754,3.485050045609318
weros,3.9587775386558732,3.48504528139488
reame,3.416661676659646,3.4850093631073493
dimes,4.107168816243162,3.484931101427591
sulfa,3.5438124740481434,3.484860798287512
delft,3.3915023285188495,3.484828332109065
barps,4.039897822997735,3.4848092291262898
crows,3.6324799883474475,3.4846257886203587
stonn,3.179850234785698,3.48456812356742
fawny,3.3229485589360825,3.4845375202757043
gyral,3.4371214850391274,3.484436648085282
lawin,3.504980532699401,3.484434624382417
scrab,3.430823355671648,3.4844101786021415
elops,3.771747929218647,3.4842580546374067
heids,3.9100639743061185,3.484209653099028
roups,3.979904679130693,3.484181540380865
thewy,3.187808990822403,3.4841802045723833
besti,3.637985531264266,3.4841594813789136
gerne,3.3876116045005173,3.484100425641831
lyted,3.554292765927787,3.4840706529341325
senna,3.545949897286481,3.4838752012671126
octal,3.3398329474673805,3.4837963085567685
fugly,3.2463131332036435,3.4837867859705227
azole,3.355895805850201,3.4837218565011163
diene,3.3825056029779983,3.483716261894263
these,3.15240491502582,3.4835957471674894
folic,3.4234996506029063,3.483547767518236
urman,3.4343174821101883,3.4835247983541215
vials,3.804273942575888,3.4834017174024563
ratty,3.445915493662935,3.4833627273224734
gusla,3.549452481402153,3.4833150137038755
pands,4.082165127487285,3.4832262481624565
sigma,3.5794312226814577,3.4832237644310364
duroc,3.482132389182324,3.483118011519363
heaps,3.906905387806049,3.4830863497501907
thunk,3.168110574478783,3.4830543535986216
sleep,3.294114718298582,3.4829462582412827
tinny,3.350874797817548,3.4828353358580983
rubin,3.4718128116810423,3.48265848015392
zoner,3.615636129635673,3.4826331575649925
devot,3.3478067491169905,3.4825776825517014
oners,3.843576422439891,3.4825595472355313
seiza,3.564250341665953,3.482492488830123
kimet,3.631956008414554,3.4824803558329336
braks,3.82786809161159,3.4824450421404993
stool,3.1621641547813457,3.482240738017672
lerps,4.0274229602324585,3.482219210017418
agued,3.4848250253082016,3.4821525379381386
viper,3.4465070913743294,3.4821251281184233
plims,3.8176840454525593,3.482119737357422
shies,3.7266620553038328,3.482062967717736
blahs,3.7098157469382422,3.4819501083775526
unica,3.2899615386746754,3.4818914595642814
coths,3.8405477029657695,3.4818779528623662
ticky,3.4418215121857703,3.4817432110971285
rupia,3.6319679166193453,3.48154461951685
algos,3.782768806628614,3.481529776694863
urges,3.8398132982474547,3.4814946713762316
dhoti,3.4305560980771994,3.4814560330532403
fundy,3.3805375058808815,3.4813023912287697
peter,3.467422328873319,3.4812561674064018
sturt,3.1123253549847547,3.481255835947242
sirra,3.5676702376979237,3.481228160659242
twals,3.6982609995646256,3.481216230460194
wades,3.993247414646227,3.481190534425718
sites,3.9143806874708424,3.4811337697579967
raths,3.950730403866742,3.481118356741413
paiks,4.047124657383874,3.480973929170629
ketol,3.5226979655823456,3.4809301038450506
wreak,3.3085996209108384,3.4808804803754323
flick,3.0191799812071474,3.480876456920372
pyres,4.0644525704257655,3.480599323257067
cyton,3.3202955010730237,3.480559497706113
matsu,3.5486788098782585,3.480480821543349
salad,3.5819483235038287,3.480333956969889
zante,3.5846128564016713,3.4802741128622174
debut,3.3790616634260777,3.4801085598690733
direr,3.521394891291699,3.4799575249807475
leear,3.414819501597907,3.479817383349574
groms,3.762377005183283,3.4797875823619253
swift,3.1283205632066964,3.479645739406369
aiyee,3.4648890706559405,3.4795639017265403
drown,3.2567970741264114,3.479488399771836
cupid,3.4534895555712506,3.479439353463048
papey,3.5316067161921154,3.479345582211376
siles,3.9607939100784924,3.4793369748805167
prems,3.873231750161634,3.4793263584766914
perce,3.349122864262287,3.479196514230267
warby,3.463181503711648,3.4791083669872216
goory,3.3045262419233516,3.479099614455473
labis,3.9750410610363818,3.4790518009729148
altho,3.359571959683152,3.4790045565601013
sclim,3.400846084503518,3.4786541913499014
cheer,3.1856217797712905,3.478647598249035
tasar,3.4568268595232396,3.478586032728952
petre,3.4082520209719354,3.4785025170238493
boaks,3.991126711668771,3.47844187182244
pelog,3.535675971352317,3.478426279231158
blype,3.3103688036129224,3.4783712810538043
shool,3.144881762295136,3.478334046755672
tehrs,3.864941700543957,3.478314324209556
rolly,3.441260365189363,3.4783012825911435
nards,4.0975726429028905,3.478288541081886
showd,3.271201566362294,3.478280768970298
gulas,3.963874207059396,3.4782654197457736
celly,3.303149749498506,3.4782534573295885
rived,3.5726888559924124,3.478197552843463
docht,3.363663831201394,3.478157815034778
yours,3.918064907231876,3.4781039368451117
wadge,3.4055986751517455,3.4780988998385007
rangi,3.6545018012355577,3.4780334614590473
merse,3.469965918887363,3.477857314924786
wiels,3.8450140872823195,3.477829440875407
versa,3.538954976087267,3.477826869093918
sevak,3.4111646412519407,3.477702811242129
brugh,3.137716605797943,3.4776752465514997
pedis,4.01303483056757,3.4774927563254865
rokes,4.171779565228551,3.47749087388402
nervy,3.428262686836873,3.4774761125613294
enorm,3.322445845958668,3.4773738734762896
anele,3.2605786570953548,3.477344379766929
gleet,3.214065662326532,3.4773408276683764
tossy,3.330953295183898,3.4771946638472113
norma,3.7559130648747496,3.4771377265438117
penie,3.50305540241479,3.477125485353194
noema,3.705927518709242,3.4770915266498488
lowan,3.5343838979139184,3.477058185135816
plung,3.243184695459135,3.4770051559923836
media,3.7127365539291577,3.4769854678142735
goosy,3.260525227670631,3.476772144143659
uhlan,3.3701385301964604,3.476752686765993
slits,3.6649788989164622,3.476658973523733
swing,3.1954510642637146,3.4766203327528906
sahib,3.4754597587298157,3.476488581305697
barry,3.41649740056176,3.4764811161251776
amend,3.4520678759934142,3.4764142973709085
dared,3.6579730936954205,3.4761373813644516
veils,3.8032132639838006,3.476084207977059
mards,4.127837217774051,3.4760129140794556
dicta,3.59362967026989,3.475969495243283
regos,3.950986016870471,3.4759490301474107
snies,3.7739431768841625,3.475935149323745
chere,3.1264514718699066,3.4758939478664823
grize,3.2621206954940813,3.47565324934701
sibyl,3.374784483416276,3.475649995786976
picul,3.3978229952152716,3.475519539186163
poems,4.0364903702188135,3.475323188158632
tings,3.9151252389706914,3.4751720435226767
skive,3.2721821269067686,3.4751208034780294
scamp,3.2573207479980435,3.4750903201652568
abord,3.40683648806742,3.4750485521697483
gadis,3.957021122207045,3.4748723314533345
mobes,4.112776619528952,3.4747502141019284
stash,3.0204329931472573,3.4747301726556152
veins,3.79606262201486,3.474469286982786
pelus,4.00145427378313,3.47439706242859
tyers,3.8372050120156898,3.474337847839765
merle,3.494646249781142,3.4742509023956045
chewy,3.1178545334137695,3.474150934959562
tenty,3.4155737985698282,3.474118351917518
acing,3.2162799414369427,3.4740074291061838
lurer,3.464937258136624,3.4738422263428186
croon,3.1510945657171683,3.4738267511183567
licht,3.305999555466676,3.4737149343838425
stunt,3.0858540296568733,3.473707032111974
bough,3.3009752258551237,3.47367207623344
alifs,3.7009262325098806,3.473399433619737
looed,3.548350450629112,3.4733347360283173
gramp,3.2483952461614995,3.473278625795719
gooly,3.28520555856441,3.473165731614478
fices,3.8927788949960416,3.4731654194675703
sensa,3.4877244392130597,3.473085172416594
chunk,3.0981561170701495,3.4730250839858003
hoven,3.4633376610869453,3.472857390360102
yulan,3.533315827837219,3.4726567022987544
rosha,3.6662065089520794,3.4726559654500226
nowty,3.4954802405295293,3.472534853775589
morph,3.55303049083252,3.4723807982005632
basse,3.3753933273757815,3.472357381653115
aizle,3.466974228003277,3.4723561864006216
rengs,3.9718272244170096,3.4723466867651407
ctene,3.1172625390282342,3.4722518352932146
snool,3.1921628838754668,3.4722062283616815
awned,3.51935900704603,3.471788206656479
nante,3.5313166596075782,3.4717873837429165
donga,3.655028773565257,3.4717757099711584
rudas,3.9886668119523945,3.471670558785316
leafs,3.8449295354650017,3.4716643550212947
blawn,3.1947528820836166,3.4716629522965112
gulpy,3.416737151410936,3.471569835579947
goony,3.2780549165954698,3.4715508106202053
litie,3.400397600873469,3.4713281659006148
tasty,3.43740401205562,3.471304199780911
dobra,3.61507410497381,3.4712599651634823
salix,3.5412802335864173,3.4710897691415368
manus,4.0589541680080234,3.4710045904891698
chevy,3.071011800437855,3.470909648188782
wrick,3.0466284950946356,3.4708225233252064
educt,3.077403442723927,3.4707671403930656
misch,3.3250774304247717,3.470734443036255
claws,3.5991514673201146,3.4706896937108587
herse,3.3567832900062484,3.470612721930598
quart,3.1922436874319455,3.470612001685207
vined,3.589159660461867,3.470490830076131
yonis,4.040290280392312,3.4704327879382335
pivot,3.3539213437164532,3.4704164747074904
ouped,3.6206201893754724,3.4703057490369944
utero,3.35676898957634,3.4702394501013307
opals,3.776531372343031,3.4701144311571634
napoh,3.4546948777669853,3.4701132223625173
sorts,3.9337707698482243,3.4699086242189052
inept,3.278035589984113,3.4697647617898957
yowie,3.520709032597932,3.469666442753527
shoes,3.726426087107317,3.4696570845674
pilau,3.6429129346094786,3.4694837839010884
andro,3.4151212854952453,3.469125651715764
dregs,3.7877549742677465,3.4690266348234675
newsy,3.3954042768195434,3.4690053564014898
bevor,3.3418634923020605,3.468891777522284
drabs,3.7892025383541044,3.468861250101077
hards,4.0146545888929355,3.4687683210852684
fomes,4.019694934540134,3.4687123233888233
poyas,4.039525869408159,3.4686525867429845
mutas,4.0173449877634315,3.468597770382754
thyme,3.269515075809693,3.468514764330548
flock,3.018944013010632,3.468470573770036
mylar,3.5208104020272186,3.4684393874452426
rared,3.669432321518819,3.4684153955938393
enate,3.224367802732743,3.4683072953015737
locky,3.484703084589169,3.4682899252694757
foehn,3.3727762361392086,3.468279214430277
epoch,3.047737113723002,3.4681951239516975
windy,3.422310482854943,3.4681902315698445
apism,3.2924066468612136,3.4681852040115935
styli,3.3615559033878464,3.4678911056445925
nivel,3.450155001277083,3.4678577130425667
fides,3.928039436400257,3.4678536900196644
ryots,3.8786671683474694,3.4678326579256615
reifs,3.8691434427517377,3.467818687072284
uplit,3.302127404708857,3.4678002253833986
flowy,3.093863815183945,3.467693940832297
waged,3.5475419913801574,3.4676609662537405
moory,3.4044102452350358,3.467635170214974
afion,3.2950060876510667,3.4675614982508773
dough,3.329690896870586,3.4675614287992653
picas,3.9907039124238928,3.467464537550553
cives,3.847042472038249,3.4674370091552245
linga,3.5973644978305392,3.467332829320223
peaks,4.01450280444779,3.4673261041377836
viold,3.401967236886496,3.467234955659675
scoug,3.221939918512919,3.4672105599628176
thigs,3.667363784922298,3.4672056391866652
niche,3.4340615636409737,3.466987559754708
rewin,3.4965725870500535,3.466941131400562
etuis,3.731571772031556,3.466907826430842
begad,3.545428764947112,3.466895095209056
libra,3.5574098292390923,3.466817084512548
facto,3.449611484906967,3.4666000119262854
melik,3.5707531313894023,3.4664549792171138
preen,3.374185084755446,3.466384125638501
kited,3.7012578137986485,3.4663002415738444
rinds,4.021432484339663,3.4662949947801467
biogs,3.8509831447376595,3.4662522517207313
lakes,4.130031237395748,3.466055523431395
ictal,3.2801569659747374,3.4660354596114336
netop,3.4788165763652437,3.466005718610269
glams,3.7290484841559506,3.4658514874524253
mauvy,3.3692606527734625,3.465727465469721
trump,3.2399397536344896,3.4656462235429717
blogs,3.703255630346695,3.465524777988037
scuse,3.1070554812787687,3.4654561422434917
gawcy,3.2488120887051,3.46544850383239
bands,4.008632761226114,3.4654131724126316
newly,3.4200846077133216,3.4653989438723087
pects,3.9489324055769988,3.4653503033676025
dobla,3.5957534216148686,3.4653260823224876
tumid,3.559524369002477,3.4653222845333223
depth,3.3964360172135324,3.465121098160237
uredo,3.4187450500254144,3.464978206731871
doabs,3.9524611584112854,3.464858079783018
finos,3.891767765074297,3.464836901959176
talea,3.64927954391451,3.464796502790059
pokal,3.622492730703815,3.464794945938485
fidge,3.340390696905775,3.4647620554324465
miche,3.464326138512133,3.4647119327522775
snash,3.0504317222413775,3.4646956629996244
gulch,3.1744665149792253,3.4646847152768983
escar,3.350607877850955,3.464526689754238
seepy,3.3641638504946836,3.4645232014040364
prill,3.189289094787938,3.46451767003957
tegua,3.5246672489144326,3.464498514950023
inarm,3.3078693978330795,3.4643578589475057
slots,3.6647429307199473,3.464253090373397
roral,3.5105791762294,3.4641604268675237
rusky,3.5244652127413962,3.4641324754153784
tapus,3.91895005350442,3.4640832618307416
lowes,4.026074303074193,3.464044047097535
loves,3.9598785018502816,3.4640129929403933
dhikr,3.297391459429236,3.4639817611987267
munch,3.2879801175646426,3.46391266820963
karns,4.072794211819842,3.463732968762491
bravo,3.2391472873135605,3.4636505071561077
folky,3.4663970970832656,3.463644243959772
fulth,3.280992986513205,3.4635957191832842
sulfo,3.4650398116959824,3.46358867095731
qualy,3.2180430828559343,3.463488820017651
blips,3.7488775933737064,3.4634381563791448
grays,3.715012224982258,3.463252072054047
dopas,4.036722900699685,3.4632340568303537
baiks,3.9735922911227037,3.4631608534208045
quant,3.1657723621040645,3.463063197849939
mogra,3.6447348028383098,3.463015815182019
inula,3.3811301232296724,3.4630155758554246
pomas,4.117619951967985,3.463011441471806
sleek,3.2803680374853204,3.462891401450748
lends,3.9961578984608384,3.4628231533037597
bauds,3.9211679476271506,3.462811687353104
byres,3.9909202041645946,3.462786247507243
intra,3.4278727983061943,3.462655341460196
yoick,3.2864245725575145,3.4626232773548344
aping,3.241196475720036,3.4623855154101593
sided,3.528698140972682,3.46233734282017
wayed,3.5556424978433387,3.462318100464527
furos,3.8783024610355668,3.4620725100255934
posse,3.4266973349446856,3.4620490353509674
azote,3.381135165184258,3.4619289229699155
longs,3.9580068113740907,3.461718757695024
alums,3.7568052812243664,3.4617019487222898
mooly,3.3850895618760943,3.461701287373979
abled,3.561078629010116,3.461678146571978
racer,3.450616015528155,3.4614484251189204
twyer,3.298480421825833,3.461434447904792
botte,3.427898923670213,3.461192888810179
dense,3.3794771333548894,3.461146925823787
ideal,3.365396105416649,3.4611377086330206
panny,3.4296073257652426,3.460856301454662
gibed,3.5617262838343287,3.460842445740899
nooit,3.3637861511424187,3.4608274620775585
woker,3.5503098991614346,3.460778857036686
paper,3.5092590516097184,3.460738328574344
pinda,3.6992944552514673,3.4607188977356826
gyred,3.5737462716362804,3.460570194759626
raiah,3.3617924763409506,3.460522056479018
dampy,3.547894559766083,3.460513556173952
atilt,3.112245487839838,3.4604388036956686
wrier,3.192577652544398,3.4604351626516423
frigs,3.6292022821894294,3.4603318797161844
malus,4.04532456873429,3.460312193315939
debur,3.40183407762661,3.4603120074054807
leuds,3.908693084861875,3.460221668244232
moony,3.3779389199071543,3.460086366379706
malae,3.5833290460580587,3.460084543720465
comby,3.431401870048281,3.4597877008003133
packy,3.520554040133465,3.459764176693692
tanks,4.037498417159219,3.4596747620724138
yules,4.025006232997494,3.4596425642604727
hulas,3.950575581489966,3.4595563825110873
daych,3.2275298407745465,3.4592695811420815
visor,3.392964233370856,3.45925272498586
thagi,3.3174165088047625,3.4592445888477266
orval,3.265984457505925,3.4592262242888947
maiko,3.668053718393301,3.4591945133292135
charr,3.0368100145641224,3.459150938630079
hemin,3.505668516963685,3.45882918327942
lipas,3.979058624964967,3.4587911761794183
turms,3.942320015580139,3.458783652058318
ileus,3.7478538815840166,3.458741022989101
rawdy,3.48483972473219,3.458695243688247
chyme,3.199560618401059,3.4584854947177273
pitsu,3.466106414280853,3.4584807596277884
worky,3.5083343692923297,3.4584600895404964
rabic,3.466515419876785,3.4584215224698225
canal,3.3658058803430686,3.458339799449397
lakin,3.58670910832869,3.4583246786643045
motet,3.5033961704338616,3.45814784917924
purda,3.6858291512127366,3.4579545058021006
turps,3.9470459297624574,3.4579151468298654
sooky,3.398591403926268,3.4578484154925313
trass,3.5817325243111533,3.4578242825421337
trees,3.7750057611394072,3.4576270609158453
borms,4.0129435501231505,3.4575563123027697
wetas,3.9051854515298627,3.4575494006656857
taals,3.787499406462876,3.457413503062887
deter,3.42260563362761,3.457332444222402
ubity,3.2734150115757226,3.457181661285633
pushy,3.429386046857189,3.457178017033522
wonts,3.9349109394002575,3.457174681184757
waspy,3.439921431248578,3.456935266659003
fleam,3.3153049081876347,3.4569254737408075
kidel,3.580310358143443,3.4567575631730794
munis,4.02575608573803,3.4567483898731344
wamed,3.6337365804031645,3.456676955193349
boeps,3.9676839181399615,3.4566416071803547
turnt,3.2858963137989248,3.4566363403192133
yoker,3.6268473565671324,3.456582781384373
verso,3.460182313735106,3.456554741763715
wooer,3.353165429341608,3.4565379298244183
trapt,3.154171355552359,3.4565052762957555
micra,3.6040133523172253,3.4564849002003744
crwth,3.1254834836800933,3.4564437352550055
lucid,3.475489901861783,3.456322094784416
pyned,3.6279581846611997,3.4563190846021277
riser,3.4918248300118,3.456298973157938
bemad,3.631623353970121,3.455911084148664
yurta,3.637340779223674,3.4558282852240616
color,3.3233577103682492,3.4556989271994194
kandy,3.6072557031958983,3.455662480557239
units,3.7610225601659995,3.455660202709631
thowl,3.1113839813364343,3.4556234838893967
crump,3.169985296225856,3.455616953930151
douma,3.608224040614471,3.4555502253808545
urban,3.3347645532451313,3.4555415479808715
paves,3.995729457394577,3.4554872443646087
cruor,3.0886987510492934,3.4552811889900097
reups,3.929748405648542,3.4552526969463844
rotty,3.4236871349706686,3.4552413052705013
ponds,4.059936768795018,3.4551048261104835
mutch,3.22793729568326,3.4550170659138786
ymolt,3.2531530441161847,3.4550148794034463
stell,3.1522212072547644,3.45498494370145
indue,3.307688350949964,3.4549457938666657
right,3.321839318384434,3.454788847407394
balds,3.9950031619523805,3.454720775239401
dicto,3.514857007917729,3.454697367913081
pombe,3.597100367217702,3.45467134191689
hipes,3.9742081893619057,3.454621435560846
pisky,3.5617628546171094,3.4546147247327097
obied,3.502796902625568,3.454536063792193
hooly,3.2719069329949795,3.4544566943797914
cered,3.505831238216768,3.4543535393056093
klieg,3.415548278469607,3.454280774023599
filos,3.8781381658005643,3.454144504785945
payee,3.5074093090082092,3.454102003800492
pieds,3.9952792760111375,3.4539666522699326
tulpa,3.587445963563546,3.453928795228422
fasti,3.562753578622721,3.4538665469297327
koras,4.163429461923712,3.4536326993847517
lidos,3.9317046947106826,3.4534784566477432
lynes,3.976643546063713,3.4533246933687205
sauls,3.7691085280974463,3.453299694226448
adept,3.32241553443622,3.4532749774191256
sella,3.5294772057298274,3.4532376613232127
mulch,3.27435051829091,3.4532202710363986
pangs,3.993857766918386,3.4531930091192398
plays,3.770083297055019,3.453178343899207
pedos,3.9840293922089582,3.452916217048197
wench,3.175820581331075,3.4528642984925613
bokeh,3.5382361067834784,3.4524889049773666
grece,3.0576366309868073,3.45241163773024
tilly,3.334402106260894,3.4521977959141985
uneth,3.233585993902031,3.4521374552909805
proll,3.189053126591422,3.4521117868892333
kasme,3.6371522492203088,3.4521094267820427
humor,3.414687847178815,3.4520567789625662
glaum,3.2484257557150586,3.45204112576176
stout,3.110754822946874,3.4520270135580295
myope,3.4612335379296066,3.451965763661394
murti,3.6813905743058277,3.451852517190901
shtum,3.2717946022285664,3.45184317366219
thema,3.4184603624022145,3.4516716883496046
woose,3.2499941071875043,3.451456809130052
dorms,4.041659221138613,3.4514456648685945
tikes,4.064921306300082,3.451387387207075
peery,3.364397479564078,3.4513051175198846
scoot,3.1108281661226447,3.4512546047259356
baked,3.7078135097320635,3.4512368389149763
shell,3.134938814768555,3.45107825243945
rudis,3.9370350880456115,3.4509255759799444
lubes,3.9511582542230297,3.4508325524164123
dorps,4.046385135320931,3.450577159640142
letup,3.3874379478668195,3.4505237477636745
genet,3.376294396019227,3.4502776318071406
scall,3.109579035327873,3.450061114504111
musta,3.6745758440478946,3.4500576359321755
wifey,3.370218671641302,3.4500148421222336
wodge,3.3833703164594793,3.449977477786528
woads,3.8746522874791496,3.449966036786339
beaks,3.94097043818662,3.449513028387959
guido,3.446452165913233,3.449503285613507
runer,3.4547275171516714,3.4494771983313126
glaze,3.2285562062702335,3.449311271287174
graal,3.1712640379303014,3.4492817345215236
bowed,3.6038565754105085,3.4492253625811164
bimah,3.4455722090675565,3.449199641234816
damns,3.982168006618406,3.449187987665546
talks,4.023868817885486,3.448982364899183
benga,3.576156829067643,3.4489575139708526
dryas,3.8314505541052704,3.4487320338770435
titar,3.3749548189529417,3.4487297301676856
pyoid,3.4948470040062416,3.44872445906026
spahi,3.3724090218904204,3.4486632021631833
belie,3.4158934368798857,3.4486200124301387
vibey,3.4053821831142623,3.4486027928396594
atoms,3.7612825794555964,3.448565311290164
unios,3.7608590053937436,3.448537845838131
musth,3.4367027809521877,3.4484448398198095
fubsy,3.208274462467816,3.4484259370660633
bugan,3.412916419495663,3.448353705510753
ovist,3.1254121776069352,3.448313272920467
opted,3.501374268347627,3.4483079415350866
ergos,3.7371035184026855,3.44808980642637
scudo,3.33918389467316,3.4480032341376368
remap,3.5638372617022425,3.447969260999529
frogs,3.6289663139929136,3.447925996565848
mutis,3.9657132638566477,3.447852787577383
crass,3.5117780669025196,3.447795012929313
punky,3.5246655417569808,3.447792949906085
sozin,3.5052937775497552,3.447778127727104
pavin,3.452407328327519,3.4477563995975187
crees,3.7050513037307735,3.4475977913030236
dolma,3.682059254939702,3.4474593132671516
pyats,3.8683118261092777,3.4474370383972515
speel,3.27238644064872,3.447397093101948
honda,3.6464558632754915,3.4473529446050826
koura,3.643601997931316,3.4472649110580456
vilde,3.4384966405170934,3.447098475497736
cauks,3.8800791461516217,3.4470440074000646
pluck,3.1108836735876935,3.447017849529986
brill,3.115756728526767,3.446704594289745
tenue,3.369869225188334,3.446674527922981
gudes,3.9331383153936934,3.446653082896832
divot,3.309104648470745,3.4464927515234907
perms,4.03631964290217,3.4464405446181137
muhly,3.376658436733936,3.4464137600895817
alkin,3.4100839524374855,3.446411932229902
ribas,3.9795627386475725,3.4462183597682197
yeuch,3.16489322513781,3.446066737780721
lingo,3.518591835478378,3.446060701990021
margs,4.039529857205151,3.445979675036239
amove,3.253480475592637,3.4459085937360685
sheva,3.2973392566691766,3.4458938521824063
pengo,3.5709165329766535,3.445498462390475
ruchy,3.327444589225922,3.445396215612194
peely,3.345076796205136,3.4453712346788894
albee,3.2957027099597442,3.445212032349419
bomas,4.044087585706814,3.4451983657219816
steed,3.36105527423183,3.4451594629149636
larks,4.065708042944245,3.4451295022981725
feods,3.8303760211368427,3.4450272218565243
erode,3.210427710677732,3.444999054356356
snell,3.1822199363488846,3.444950434045459
peent,3.292806075453267,3.444945612511177
chogs,3.597173359317149,3.444770486423508
ofter,3.3473307465995763,3.4447585580929454
loups,3.9159279926056234,3.4446247678762676
awoke,3.3470491480750644,3.444430047109152
lytes,3.91660072418233,3.444429091072969
amply,3.3147127321126986,3.444395169422365
culpa,3.517491506154913,3.443899525615601
garms,3.9803059345416454,3.443820119745962
grown,3.1732154288371777,3.443741432597231
total,3.392192252621175,3.4436621233405824
hefty,3.330553970692579,3.4436183505375846
inane,3.1809000265684535,3.443586292611505
karts,4.10518421312284,3.4435549562255625
glatt,3.105014783677734,3.4435261631763927
cinct,3.147649967572161,3.443511454976075
piece,3.260435217450534,3.443065383308094
allen,3.3650975165906942,3.4430340629111877
saddy,3.374653208488548,3.442803979507813
juice,3.234411603847517,3.442728900690622
chips,3.642795322344161,3.442683864814615
satis,3.8506117627354404,3.442666825864813
fubar,3.3163200956063936,3.4426185025798106
sampi,3.663512342766732,3.4425151077764187
agues,3.8471329835627444,3.442510976076975
pelma,3.676719676703259,3.4424541930166708
dupes,3.9834367286718155,3.442391247520452
rewon,3.4675671486914412,3.4423645921232726
bergs,3.9221271959928212,3.442251468399065
welch,3.162190982057342,3.4421719013193304
ceder,3.3222754736303184,3.4420748393827845
fards,3.935202603920175,3.4419917729931013
backy,3.447021673872294,3.441951100943867
splog,3.328017320361983,3.441877383298607
sambo,3.601185022619707,3.4416211995157084
kraft,3.2254202826676854,3.4415747293674213
laths,3.8867537173416724,3.4415615842368155
rythe,3.359490040369617,3.4415112357759203
intro,3.349100135954033,3.4413832141299934
loral,3.476844067232686,3.4410763045290143
gipon,3.4151792475056655,3.4410230887511535
poked,3.759117517300968,3.4409284926128283
salis,3.8970249853430903,3.440870030987334
forma,3.593543025892034,3.4408409584550266
tiara,3.423949417586,3.440840035477109
bayts,3.9077482543461155,3.4407617678339717
sopor,3.3524858425287754,3.4406307958188718
retry,3.333769974930148,3.440630466709049
trull,3.0921980409643197,3.440617017881826
drill,3.144472399542229,3.4405939468555697
murky,3.570337632043746,3.4405796158230837
quair,3.2497766611939496,3.4405428152552084
powan,3.5480064947659473,3.440411014508059
pagri,3.5775513828131187,3.4402810349526582
unrid,3.4597624679102132,3.4402643494763705
gusto,3.4959191783840486,3.440249952842472
agons,3.7402547316173975,3.440241665725775
scraw,3.3501195252942795,3.440152829938703
shuba,3.3564565399834625,3.4400938756375714
tumpy,3.426326995515343,3.4397301213117033
spoot,3.1357447004057386,3.439632691029911
curry,3.2536910499178484,3.4395577642159325
tyros,3.8929456793840567,3.4395348744900316
mesic,3.529053171559738,3.43946804472028
ploot,3.1569737363588617,3.439369182201558
bushy,3.3558536805960175,3.439364941283697
munts,3.996914202151674,3.439294207467345
smaze,3.3243711869614563,3.4392110556994377
altar,3.2247364987142806,3.439175041331514
scrob,3.3501861934062522,3.4390886565194814
karee,3.6313129015237626,3.4390821164422594
briks,3.7881053123732564,3.439042601686891
escot,3.247198301385027,3.43900172013517
calks,3.953914360476853,3.4389530952863616
isled,3.550256895146707,3.4389122820095706
artal,3.226442826716298,3.4388380785551647
mados,4.027899687160117,3.438831347935546
ruler,3.4410979178779377,3.438784801158082
herma,3.622838737382643,3.438688663112713
lived,3.5087121694673424,3.4386407803388646
coyau,3.4649142723388797,3.438599029395288
favor,3.2666315396605157,3.4385988430731027
cromb,3.2101312275545415,3.4385589635928695
rives,3.934996814246955,3.4385559909823
krang,3.2925507837247037,3.4385493227139428
tunds,3.9157808679908364,3.4385190901162073
spall,3.1344955696109666,3.4384392008080864
tranq,3.1490172880389338,3.438347344632585
pilus,3.9627521731368853,3.4383121314003793
belga,3.5625272297939103,3.4382651167976217
nicad,3.569617042074933,3.438246591815042
genae,3.426288785786631,3.4381997777999604
wingy,3.3340031222860445,3.438156992526628
drear,3.273785165548126,3.4380711122650602
maaed,3.593259806588585,3.4380690886892813
cymar,3.3605617854113077,3.4380348478046767
tinty,3.3768716979235824,3.4380334208893073
acker,3.4244017035751186,3.437979626673325
lokes,4.107802878703481,3.437934101379422
ulpan,3.324909857625415,3.4379267183832236
nudes,4.002757743834219,3.4374642656587633
ysame,3.3754600276986615,3.437324250701143
bonds,3.9864044025338474,3.437291750360659
perry,3.4176451346485135,3.437243926388549
purer,3.478559854988653,3.4371950557150615
koels,4.007730948931009,3.4371802678108283
fakir,3.4435613548723283,3.437096490789422
troth,3.1162991325448983,3.4370191227954425
probs,3.794020486164964,3.4369766496811325
danny,3.384790630519534,3.4369325782706617
amens,3.8143758342479575,3.436772735509745
redig,3.461075674068986,3.4367372671893843
ohing,3.1852902931131615,3.436716926919974
pooed,3.5619730474811417,3.4366875654005606
weise,3.1992465680463953,3.436529419230034
asker,3.511463623542286,3.4365196972745973
karos,4.1050206583505835,3.436432599354063
rohun,3.433851564777236,3.4363663531843276
rings,3.9331251237707643,3.43626175573693
birds,3.971732455915474,3.436199776414071
twins,3.651347578357352,3.436198869012313
hinky,3.4706203072013624,3.436099414762479
matte,3.495145311400392,3.4359922520128716
dente,3.4293968235827252,3.435747579763405
elute,3.149893027972544,3.4356701187857457
kines,4.123608593934575,3.4355542820084324
bangs,3.9203254006572155,3.4353799333694153
blays,3.6965509307938484,3.4353652681493827
micro,3.525240689965064,3.4352127728701722
bribe,3.206808436007073,3.435197117368723
sneed,3.3910540033259506,3.4351249532589723
shrub,3.296553372097563,3.4350573832315794
comfy,3.3428324221904697,3.4349519256613146
pulik,3.472913636417661,3.434818990338322
dipso,3.4669146270829967,3.4347761819745717
maray,3.5430468282080594,3.4347301389879425
limas,4.01513898098756,3.4346448376368715
trews,3.6848908501994893,3.4345231439893404
purre,3.4193895470872695,3.434441405332509
nudge,3.4151090043397367,3.434372631071546
prahu,3.31966403712798,3.4343690839878445
decos,3.9039521555590344,3.4343042233121035
terfs,3.883349540364066,3.4342373773578174
sants,3.8818127010304675,3.434108245754775
raake,3.4580738976128105,3.4340424920074324
flags,3.5956377929655816,3.4339899016563473
motus,3.976682987434374,3.433987566141446
nomad,3.696533081619026,3.433793495736295
ouche,3.359863467899128,3.433510091373076
solas,3.926428350557608,3.4334935917407323
beery,3.290865113302907,3.43349204177006
oaked,3.736020599705725,3.4333991311361807
octan,3.3470752871588023,3.4333024314082303
nolle,3.4602256080556613,3.433206434283972
eaten,3.425002298059279,3.4331438801132963
grabs,3.7056208930648706,3.433114282926472
lysed,3.5637811691205457,3.433101837606824
koris,4.1117977380169295,3.43288771657938
dagos,3.9281998641261393,3.4328716293175097
lengs,3.9078505378919397,3.4327899142605434
mucin,3.4544396482341044,3.432769523337149
aburn,3.271468684310899,3.4326692860238346
easel,3.4272483615606157,3.4326689419345255
hooty,3.297146292329036,3.4326637608485906
milky,3.570173336808743,3.4326516105834353
yetis,3.930091185028778,3.4326083422080016
stede,3.2240218535607896,3.432459505509799
beset,3.380605951604373,3.432270828792861
eidos,3.894901229342997,3.4322439916787597
knaur,3.318407130307105,3.432141725054967
mudge,3.4453735792108957,3.432097004069116
slush,2.9759569474811784,3.4320584864837964
hunts,3.8837315732705595,3.432049614473157
washy,3.36109680557478,3.4320447782038026
fleet,3.1213150517843418,3.4318552423415225
dazer,3.543168762370162,3.4316580985141214
pocky,3.4983256814411985,3.4316427546417194
tonks,4.015270058466953,3.4315533400204408
sauts,3.794347887431503,3.431506760695247
mango,3.6147868279278126,3.4314135932778242
palay,3.483745138647561,3.4312510758977126
sours,3.7662008527641215,3.43111215501547
molle,3.4904901829268207,3.4309308072815417
creme,3.15806264488447,3.4308821571850303
vines,3.9514676187164097,3.430849268214968
opera,3.4665257732953774,3.4307359222382656
fiche,3.2716915246582583,3.4306907916659233
pinga,3.6109870946825686,3.4306856586924663
sowse,3.2900834043159857,3.4306198245784776
rowdy,3.462611366039923,3.4305738216362753
aught,3.252399991631033,3.430495806266065
tacho,3.439366773187804,3.430429803403857
seyen,3.398971103799854,3.430395750743953
diode,3.377410989594802,3.4303879417945002
argus,3.7195611313499835,3.4302855461372834
chops,3.6425593541476458,3.430277981664279
pally,3.413134634208589,3.430218761510762
frize,3.1693700849518907,3.4301676640201566
sized,3.597449574233873,3.4301367598926658
phuts,3.735873558178706,3.430134247104278
genom,3.4896470901571246,3.4300263411237646
crepe,3.1627885590667884,3.4300136519565774
garum,3.499683206100753,3.430009758055297
sades,3.9179208175841707,3.4300026769437633
inros,3.8396411083156146,3.4299957249404645
bavin,3.378874962066349,3.429943323847694
camus,3.885075952118379,3.429907653675373
fluyt,3.052866023100182,3.4298478512269774
craic,3.1374698688999763,3.429764852315408
mochy,3.425086268006774,3.4297571047931124
logic,3.393668714501498,3.429710589346893
avion,3.2474538972502094,3.429667637055993
zaide,3.4845914252422303,3.4296630280101916
rhyme,3.2875149606097653,3.429604476544802
evict,2.970953999826395,3.429580826814239
friar,3.115232473469809,3.4293763571577767
jaunt,3.2973735668768342,3.4293307047539994
dangs,3.949041071672678,3.42926928593524
kluge,3.300767526450164,3.429133688628993
pasmo,3.6334068271106235,3.429060310723092
touks,3.927805244867989,3.4289518549609133
awols,3.694474541725203,3.4288907703788603
palms,4.020888248292831,3.428876612415233
rares,4.031740279773362,3.4287738337326763
sease,3.163682750222673,3.4287440022016873
erect,2.962390585885349,3.428715730152322
berms,3.9627872766409995,3.428627468868289
miaow,3.4423979072587407,3.4284322624190757
wents,3.8847546659181065,3.4282458377502762
droll,3.144236431345714,3.4281880637052335
losel,3.4753271546833187,3.428147243992326
ashen,3.4180195334887102,3.4281159512519777
wages,3.9098499496346997,3.428019404392577
purga,3.597521790643838,3.427921266758884
shoon,3.1521241019865576,3.4278401696071334
guyed,3.4955333985908057,3.4277806489356415
genre,3.3398965023183758,3.4277274289609956
hedgy,3.3304465378910244,3.427654932130968
whats,3.638053890461801,3.427596942839662
viols,3.7642751951410394,3.427593393798512
nance,3.3320395775314084,3.427390794509676
clach,2.8988689599490742,3.4273717631461493
levin,3.3664000993010728,3.4273533047388223
unpay,3.316902859801833,3.4273290834449637
uncoy,3.2342883881433337,3.4273280933611945
allot,3.2028426072442264,3.427227194127976
quirt,3.1524809081936125,3.427209561231599
lassy,3.307204852151167,3.42684902560884
linds,3.957455797814593,3.426738222275549
squat,3.172856436361477,3.426695452924447
swarf,3.149587626640479,3.4266851782616947
kites,4.063565772053192,3.426658679712681
usnea,3.607834392750358,3.426641486806983
bolds,3.9727748032601147,3.426599353187428
given,3.387777912527979,3.426552653132097
laevo,3.4270016924807085,3.4262887674198184
naved,3.5746425870456173,3.4262692986290983
pends,4.009780495312867,3.4261759826760025
alloy,3.247962686027156,3.4260378953014152
hirer,3.4245146204330346,3.4255015205714554
dribs,3.749439759115771,3.425458809647469
sicko,3.5194218486562963,3.4254260181477294
genus,3.8866855325219216,3.4254187692432154
agios,3.772717146344654,3.4253471794676833
buaze,3.3434979633862163,3.4252101671789625
souls,3.7468801694051805,3.425178272174475
psoai,3.5600061983510924,3.425161616266551
harms,3.9670073089722147,3.4251110825112754
frory,3.0509518863874354,3.4251053788055073
pongs,3.97162940822612,3.4250715870672668
haems,3.9170217628067077,3.4250648826173133
siens,3.7625368482513233,3.4250266623991794
quist,3.108479893940892,3.424882090919785
mugil,3.399060384935371,3.4247805410046404
semen,3.4770651863596798,3.424754605472775
teres,3.9380936538799443,3.4247412470572676
champ,3.1238516809435444,3.4246375303265246
maedi,3.6881416162526737,3.424603223392946
gebur,3.3182524323373763,3.4245650402308745
lisle,3.3795987297547603,3.4245273175958815
crews,3.6149363927908555,3.424493874376519
moruk,3.5431850495558868,3.4244328319926147
fritt,3.0458286623593906,3.4243825559093755
ladle,3.373650456675331,3.4243650401089574
harps,3.9717332231545326,3.424242577282823
pyins,3.7961590455679475,3.4242126104805717
mawed,3.671102963140687,3.4240247257838092
ingot,3.187607506262563,3.4239840093092537
raita,3.5191919319435176,3.4239356873802222
yages,3.986387407040398,3.423823328740264
trats,3.665954882490609,3.4238123964238607
rowth,3.3766964459459796,3.423559546764021
becap,3.4018931403523354,3.423419112658788
salts,3.8681831017567343,3.423415848581544
pavon,3.423401889968907,3.4231798603202295
marry,3.4615154295996726,3.4231590572758983
gambe,3.490930385375026,3.423122073610258
boked,3.6855851510397972,3.4231154168630042
upran,3.399968968831188,3.422787594976179
funis,3.833121471884156,3.4227272487867797
wanky,3.456376300474572,3.4226597110763652
atter,3.261931535537842,3.422596640202445
derms,3.9915029476564623,3.422516821434114
seism,3.2679154376202284,3.4224896471545443
glims,3.6892857049176175,3.4224490469988176
peage,3.325647506338427,3.4224294195057707
tying,3.2262000042692907,3.4223674091302163
buyin,3.3693852020520616,3.4222658569161686
waulk,3.2767079378896087,3.422115414747717
ables,3.923386587264659,3.422036584710815
wiver,3.313527148179838,3.4218439741349655
eared,3.565390060707135,3.421731549145557
haugo,3.4141393854477338,3.4215675152241087
conks,3.94531560105832,3.42152407040762
deely,3.300260100959428,3.4214475114948897
kyrie,3.54278573321207,3.4214020176658595
valid,3.5117611364527317,3.4213314890097175
quilt,3.133160224834671,3.421275678390604
nerds,4.025188010728474,3.4212382755954325
gibes,3.924034242088871,3.4212008838797363
taxor,3.377001596166558,3.4211436011365293
degas,3.936452394217118,3.421142885913717
admit,3.34718747809629,3.4210867531553815
gauds,3.8663019733533783,3.4209540727443235
gyres,3.936054229890823,3.4209286328984625
ranks,4.055498301959292,3.420764474286667
fonda,3.5670038783027316,3.4205763965129155
ratal,3.3937174006703916,3.4205631789807205
chemo,3.26973324264142,3.4203702914065808
flams,3.6362978736137603,3.4203659021255715
roosa,3.4492339246233135,3.4202208160063883
trayf,3.161353982029092,3.420191162282225
oaves,3.950404181107068,3.4198364608359886
spoor,3.158517114606271,3.4198361385663185
toted,3.5288170392183282,3.419795670014926
astun,3.3308568718756653,3.4197802088251503
powin,3.4963747708591644,3.419666031702688
quint,3.1260095828657306,3.4196607573963314
hovea,3.5600201931827833,3.4196139408072357
dorba,3.673120422170198,3.419591887917087
raird,3.4276101219888826,3.419577486652611
amnio,3.5008502360254794,3.419529023514155
flaps,3.6410237877960783,3.4194973968971185
lamby,3.4776078844241836,3.419471332174763
berry,3.3441127683873426,3.4194308506387245
bulky,3.4375035762220767,3.419287476983029
ivory,3.1546213209534266,3.4192847123100494
kaing,3.438274983235817,3.419265133994248
vapor,3.353732728280315,3.4190816449479513
masse,3.420411356413694,3.4190353228038357
merds,4.055452585599633,3.418962648593002
booed,3.488440681219971,3.4188744896507366
greps,3.749559323809009,3.4187871628896334
fishy,3.2958888273288096,3.4187079337977484
rugas,3.9052693469408677,3.418499428752175
tubas,3.873911122298746,3.4184424551042802
braxy,3.1405983682434058,3.4180966926087835
conex,3.491165942237328,3.417852719048787
frays,3.6222616144400672,3.417766486727193
froze,3.1691341167553753,3.4177617808698204
welts,3.8711250666443733,3.417553440577045
braws,3.6365466220567906,3.417536075169199
maill,3.346261736314127,3.417500787174379
resaw,3.5083079540420994,3.417497537168421
genie,3.3746570618798475,3.417454794994589
maybe,3.512720306126885,3.417298774640937
devil,3.3279636612159726,3.417276288075604
facts,3.800168086674283,3.417244293168597
nifty,3.374769924056289,3.4170536395059923
wames,3.9960445386577077,3.4170353933321858
whipt,3.0865075842852177,3.416887382257949
yeads,3.901033471402697,3.4168411176995455
hawed,3.557920334259573,3.416780132789622
winch,3.13711848068483,3.4167793674643505
pynes,3.9902661429157424,3.4166775227409643
limns,3.9022753721914225,3.416623684962638
weigh,3.186768871678905,3.4166165638305594
vicar,3.321305848331945,3.4165885025148386
ryoti,3.4889571129916,3.4164691671331147
peeoy,3.3701526007669376,3.416455944276189
boxer,3.4527477622548295,3.4162735521017673
bemas,3.9939313122246634,3.416269522287501
tunny,3.263223066268794,3.416149143408413
raper,3.4525933249212586,3.416127893120029
clavi,3.1625986789883314,3.4160849161475313
delph,3.398755832544162,3.416049168491853
harry,3.3483328007185578,3.4159144642817107
blown,3.154754134648768,3.4158546286925664
chirr,2.9970472353257893,3.415748498176471
gager,3.381108419922307,3.4157225368161956
gorms,3.958077575849379,3.4156986976939896
thelf,3.1402433103000202,3.4156726661867216
wolve,3.310452384611615,3.415664240530938
mulai,3.6740481550152113,3.415437484712728
pence,3.2749364367522635,3.4152747137141635
senas,3.88990167634919,3.4152571454794822
light,3.2578626318593638,3.4152320749027956
negro,3.485541292132838,3.4150904714197665
bonny,3.3338466008118055,3.4149218036528644
clows,3.559152719885266,3.4148813701069143
gorps,3.962803490031697,3.414830192465537
mifty,3.405034498927448,3.414778012503562
ceres,3.8681391964713105,3.4147119774444468
soddy,3.3524248497962823,3.4146825574558406
chays,3.5904686597643027,3.4146109765848527
surra,3.48001850614917,3.414541968209557
piuma,3.5641823617317834,3.414460174102163
faugh,3.175586999731428,3.4144502983497786
rownd,3.491655488899301,3.414364071186587
owies,3.809755639642293,3.4143121648423005
testy,3.365019379881203,3.4142539342944573
pubes,3.964780851075059,3.414185381788655
menus,3.986569535833606,3.4139543250027167
mense,3.39577949137734,3.4139355144086823
fords,3.9129742452279093,3.413870350941128
fremd,3.2897748408299576,3.4138116446523954
emirs,3.739634166640837,3.4136749479572503
towns,3.835963562353771,3.4136327971111697
syrup,3.348846961264601,3.4136098412578892
stump,3.1882972249814547,3.4135370636809275
lipos,3.8984214626995715,3.4134696540967573
oscar,3.3557086637831612,3.413463200566844
yelts,3.947662524050071,3.4133573649247326
derry,3.372828439402805,3.4133202032045493
rilly,3.352401991060967,3.413287508128452
mamey,3.5388307565712065,3.4131859593014755
dicht,3.274805457072997,3.413144040572086
jacet,3.4180759569282833,3.412960337913494
takis,4.001152381564681,3.4129204433138915
merel,3.5015163005813035,3.4128570543293577
larfs,3.9097573708134856,3.412820582553927
palar,3.461397474065164,3.41264382226068
liked,3.6566365463205424,3.4125618887778932
lepak,3.4500335383413185,3.4125039702469433
infer,3.2674366773648913,3.412442963058997
tryer,3.207092734834506,3.4124147359004926
bally,3.3396022679474178,3.4124056857609375
bhuts,3.662341191917535,3.412321171354454
admen,3.480436949084146,3.412317082661304
ganev,3.485517873069977,3.412311577431155
profs,3.705451038307152,3.4121408745421338
gryke,3.294730548338702,3.41211811175277
naiks,3.9883457452894566,3.412114421573955
mands,4.053650790264027,3.412091113563352
fleer,3.144087465984874,3.41205868987793
besom,3.493958645742271,3.412019538109485
ragus,3.886835705304077,3.412010646562839
cozen,3.4637782456191983,3.411970102513096
tabus,3.8554774806619556,3.4119536729149447
whirs,3.592372435248352,3.41192131875825
herds,3.942269956718518,3.411718055598815
chiba,3.2695306091934278,3.41169859309156
cerge,3.2804904569768283,3.411620342857229
bakes,4.070121467986606,3.4115952770538134
epics,3.5576300844303788,3.4115859571265084
vocal,3.3385432820001784,3.4115208956877368
fugal,3.2580574949882797,3.411504382723657
punim,3.520697036855679,3.4115024472817628
draws,3.665262293072253,3.4114254277350238
meuse,3.308314677778376,3.4113340293491543
korun,3.5777908844065127,3.411193823871823
vomit,3.373817749768721,3.4111869760943136
balms,3.9473558820316605,3.4110635366654085
unply,3.2111898929746365,3.4109228517650036
mogul,3.410030108513098,3.410915319568703
suits,3.7250546817586736,3.4107002548067413
vised,3.538605241773242,3.410626412453071
janty,3.4623484605617243,3.410564878450039
eupad,3.4922954697939845,3.4105120806219125
zloty,3.239444841457395,3.4104503550589826
unarm,3.2612932773236087,3.4104083823449596
gorge,3.4004925095880782,3.4103177482718086
reata,3.4865700790074334,3.410287862347378
gapos,3.894732451837321,3.4102869896250603
armer,3.3213991069897575,3.4102564541519262
yonic,3.4677879527076456,3.4102457369305434
meter,3.4389079916500607,3.4101210328072975
gloms,3.689049736721102,3.410043163848481
fiere,3.2326446724744553,3.4100325132280718
anglo,3.312403137124776,3.410020638841628
maiks,4.018610320160617,3.4098387945715247
arias,3.7041749048977186,3.409781906077937
mohur,3.4193617386496786,3.4096025338912015
bowes,3.966164533665051,3.409583800719953
sudsy,3.183824915684643,3.40957811894228
ayelp,3.3001161117955418,3.409569548351229
gyals,3.7146741262402783,3.4095592815698472
mauds,3.966185976665063,3.409489628503824
fasci,3.3634764965465513,3.4094699576964924
wraps,3.668472301683567,3.4094434633019537
pingo,3.5322144323304077,3.409413531362264
oller,3.315584346603532,3.4093614433801873
warre,3.351100305804861,3.40930816650279
oslin,3.4289187058268356,3.4093007243266515
glops,3.69377565090342,3.409174658620028
niner,3.4734815587131838,3.409132653983
chott,3.0137997394871103,3.4088211626166984
donny,3.362562271827268,3.4088111562186896
lifes,3.905363986600952,3.4085628328279376
burgh,3.28611636128696,3.4084953948966943
tungs,3.8274735074219377,3.408485851072991
parks,4.079330639796274,3.408482331670416
sefer,3.308444859092532,3.4083907014996973
bends,3.9362481290516964,3.408362906926178
fleck,3.0014004174540405,3.4083386595261964
dunam,3.5275120655167544,3.4083237069031345
tates,3.9133533561651372,3.4082755302057355
bitou,3.4423301834752618,3.408145980946083
rubio,3.4897226814247193,3.408142903270851
stars,3.574091009910839,3.4080425929919036
antae,3.2804491447557123,3.407970750376778
gyans,3.7075234842713383,3.4079443605755744
witch,3.0770756588034462,3.4078837651685996
motte,3.472916952708126,3.407870829960899
yarer,3.486808071111943,3.4078657412330298
teiid,3.3784337734952734,3.4078083092544222
shiso,3.1224882221662598,3.4077617097221697
scrum,3.32312172918785,3.4077032006909214
grypt,3.155611774384647,3.4074787813631717
touzy,3.3285883576288295,3.4074515148079563
metre,3.3797376837486772,3.407367382424745
goved,3.482794799912826,3.4073366938151946
bongs,3.8980970419649488,3.4072585113174423
soces,3.86043191748769,3.4071929843396966
patty,3.3955614039898943,3.407158784190119
femur,3.3250547506602435,3.407062705277271
eyots,3.7778870164547134,3.4070414204520807
preys,3.78586822252576,3.406982524564868
volta,3.5512149130134976,3.406742168778682
green,3.2457867442205037,3.406713435279896
kerns,4.000409579645425,3.4066827032760374
calfs,3.797963688346093,3.406644175542115
russe,3.300541318940576,3.406553011570945
icons,3.6447894671635055,3.4065522513096362
imagy,3.218690983308032,3.406522319710497
norms,4.027697004289904,3.406509880455921
flunk,3.0566218032837336,3.406436175614696
joust,3.257615519259729,3.4064306162254807
dally,3.36831793896288,3.4062950383267623
tendu,3.5051233556522217,3.4061516949411272
cunny,3.1932686088601603,3.406119873795592
pebas,3.9679107496207773,3.4060993476640755
fluky,3.155975994238673,3.4059939078780896
squit,3.1212247124546937,3.405950470119075
reard,3.3949882690527984,3.4059296616197665
footy,3.2176943073562763,3.4058872127564235
musca,3.4752987619717244,3.4056610466989348
turbo,3.4950085542595626,3.4056577477766083
dicts,3.865413609685045,3.4053416491553925
orfes,3.7992610612366877,3.4052818234523112
funts,3.8042795882977996,3.40527306638099
cowls,3.773159746914078,3.4052184484926213
aland,3.1954388486231915,3.4050603372050308
paths,3.900376314193702,3.4049144136090588
grill,3.0608907542529957,3.4048469796809644
hands,3.940468161382912,3.4048465205691647
fados,3.835265073306242,3.4048102068491914
yapon,3.4641740726151435,3.4046782721780406
dempt,3.430389848808736,3.40465258951406
naibs,3.920964521016509,3.404641276968708
quoit,3.187005499558569,3.4045310441148566
taits,3.811679082001722,3.404528207704166
ovule,3.1938655732208128,3.4044712809107374
criss,3.472015287664186,3.4043925724757043
whins,3.5659011099204707,3.404372514922982
linny,3.30489799609255,3.4043682755677542
goafs,3.7803100652642394,3.404275337469414
mazet,3.536698706192081,3.40424323956261
odals,3.75261027427595,3.404067390956883
penny,3.3572226935908254,3.403806035968208
dozer,3.5209404036778964,3.4035366764621484
glamp,3.1750679776993183,3.4035342072822736
vague,3.317529460755241,3.4035065244536593
doves,3.9286844034566024,3.4034420991286365
souts,3.7721195287392373,3.403385338643274
dated,3.5237438443040143,3.403319978552597
pudgy,3.3457896718003983,3.403263536246363
saiga,3.41729954239547,3.4031691492634444
pigmy,3.3907040189858026,3.4031545991321317
sused,3.473909400860304,3.4031203238421646
sumph,3.3448269312423236,3.4030722595801413
mazey,3.581818784975011,3.403053940736049
rager,3.402479091920843,3.4029655656378734
inver,3.233092818485824,3.402879348708761
mogas,4.002911025721719,3.402860317933093
rawns,3.8761918058461107,3.4028439313773964
locus,3.8487675836940527,3.4028153114873154
pecky,3.4481694079590475,3.402713911207239
haiks,3.905427691279502,3.4025942015773376
drugs,3.676089279324267,3.402549549141799
aeger,3.345044755622851,3.402415842485076
cryer,3.1371382774258723,3.402385466287672
gosse,3.298298994409744,3.402378344992362
firie,3.3271004960397716,3.402342122399254
korai,3.773719406567843,3.402269208592205
serve,3.2699838893006024,3.402247776772076
hauds,3.853003347783948,3.4022450355096368
cissy,3.172140463646868,3.4021516197716988
meiko,3.595669086218883,3.40214424784276
typal,3.3228149463371857,3.402129074670251
polly,3.3909062755163224,3.402097339458789
blimp,3.190171172734756,3.401989381437446
tacit,3.268830269554739,3.4019619364595792
lythe,3.2955133538445467,3.4019544632713226
woman,3.4821257748051675,3.4019281093184945
ascon,3.324584671504927,3.401814298015184
hinau,3.5148455677788393,3.4017964534810274
comus,3.8628475934261126,3.401786231623401
daled,3.5701570669116642,3.401523183675117
brool,3.1079201123002416,3.4014225912117912
bufty,3.272364738340781,3.401413878903156
pokes,4.121425475555511,3.401286930751665
dongs,3.9268127129804116,3.401147863883268
idola,3.3811516059333035,3.4011260644954953
ramus,3.973030294327085,3.401026635502448
rybat,3.3261907845544236,3.400967131722094
epris,3.817955032505305,3.4009451312653254
flyin,3.161692834393889,3.4008813756975256
anent,3.1237071124088738,3.4008754780830923
alefs,3.683146668756774,3.4008616362255615
rumpy,3.4443268803154155,3.400819833525957
rores,4.009511921081096,3.4006524116807038
hotte,3.359734323827011,3.4006262369667115
eensy,3.245769521747127,3.4005147522447032
stans,3.547619684582957,3.4004937891566356
saggy,3.276618584022219,3.4003815630137715
naked,3.7225669638988172,3.400190407068127
guids,3.797008767680549,3.4001475668558183
lubra,3.469758097690339,3.4001308920628617
lehrs,3.81896489881896,3.399847263919212
pegos,3.9006319271974306,3.399745087015056
thraw,3.2866049156484136,3.3997293097127925
runds,3.9337807527909088,3.399608802330461
psalm,3.350428648209005,3.399546121792606
canon,3.3375072544091795,3.3994583812761494
nonce,3.3098112188391426,3.399269372457703
mocap,3.4970674428723996,3.3990258972439884
lives,3.871020127721885,3.3989992184777016
sewer,3.3402968014373764,3.398858141306603
sever,3.2741010002134656,3.3988270871494612
midgy,3.404927066125894,3.3988145940969443
lossy,3.2849764934589007,3.398727603556867
firer,3.3450626354602746,3.3987249724792887
throb,3.2866715837603864,3.39866513629357
bipod,3.476203735035887,3.3986509695803395
roneo,3.582334016740302,3.39859815056346
farms,3.8875553239994547,3.3983345344191083
bihon,3.3576416784554395,3.3983242089104824
wreck,3.0288489313415288,3.3982847259310303
frown,3.080464818294987,3.3982558472703777
ambry,3.2705608426291755,3.398199463347564
nowed,3.618610029577262,3.398178930734268
tiefs,3.794661893552313,3.3981062464356437
pioys,3.8778120640111355,3.3980974940279562
myals,3.814558129551963,3.3980948373293485
fudge,3.252738965357021,3.398075862982761
snars,3.604089739004959,3.3980080833359123
sadhu,3.434589303903709,3.39800473255432
pimas,4.028761577839589,3.3979976670091148
estro,3.3605540074691853,3.397918065474863
chiko,3.2581391711142142,3.397899610366605
litho,3.4251103827536937,3.3977821064798404
segue,3.2652990676660774,3.397722402274226
sweet,3.165285112969468,3.397611811711643
moyas,4.011011532184902,3.39751745214388
gushy,3.300987706322246,3.397507326674917
fango,3.4221522140739373,3.397392452191469
ploys,3.7300845496201704,3.397370020295263
twank,3.1233831703257913,3.397229172505235
doxie,3.45705368493038,3.3971366203186335
vauch,3.0624579122086564,3.3969451175987526
spaes,3.7084392463931373,3.396886118692197
lings,3.869148437245694,3.396704983232332
shans,3.530337292096748,3.3965870978946358
arvee,3.2012401203720264,3.396436924474467
ollie,3.2911745982636207,3.3963351590312287
micas,3.962189575200635,3.3963294029514484
aweto,3.351613703735352,3.3963216413615083
meaks,3.9859884672245327,3.39619096953868
bitte,3.3390405495418163,3.396179114347487
knout,3.255635968671723,3.396129953914615
conin,3.3442843340755255,3.395913498501466
gazer,3.459587117080929,3.3959111313395165
mowed,3.6488746044484213,3.3959033037318376
ocher,3.2814444435343813,3.395903261119704
sebum,3.395936194459918,3.39590322624705
moved,3.5826788032245105,3.395872249574695
smize,3.284608407723123,3.395808615245829
outby,3.3519162193151404,3.3957734194764653
wagon,3.3375223822090296,3.3957120203481983
scurf,3.1114129083613484,3.3955529835719584
sprug,3.279298403404928,3.395502931916916
speug,3.2293128572394205,3.395456732022953
drool,3.136635783315704,3.395311943777616
rhabd,3.3067237118010793,3.395233731145516
roars,3.807452500789492,3.395216943193084
spill,3.094732790372633,3.3950367603544778
scrow,3.2694823630288834,3.394831307856043
tinct,3.132474537064483,3.3948261304826275
eilds,3.9070227331731733,3.394811360133335
ficta,3.417297414438466,3.394736942741824
rewth,3.3265401724638286,3.3946307033295406
wonky,3.434147941782306,3.3945382890243927
kuias,3.954713373834162,3.3944243299725874
girds,3.9168664816417027,3.39434216180529
nomas,4.058841039873569,3.3941519338751327
linen,3.45425927318683,3.3940640737690986
eight,3.2210591664916777,3.3939976099338125
cuifs,3.6548352683480325,3.3939285817673133
panko,3.6545876105189357,3.3939162499120012
tegus,3.7964511883295873,3.3938706688621316
arvos,3.6749478771988473,3.393787407386271
bevan,3.3581220537987146,3.3936380411666125
gleds,3.71915342108523,3.393568488178634
gloze,3.188557458835385,3.3935029476832295
betel,3.3222690221519846,3.393361710366783
ochre,3.222274135632998,3.3931496107371517
ulmin,3.309358489741224,3.3930353970353058
datum,3.449035601998581,3.3929393224180475
radif,3.4213627640539515,3.3929011338957666
skelp,3.2860116528778813,3.3928767029254905
fovea,3.4805682082100238,3.3928373927150686
dynes,3.9454494476700344,3.3927537995569645
rafts,3.876729864804264,3.3921984790335626
onces,3.826141792219979,3.3921632908780897
cross,3.4717793194676707,3.391986689325368
strut,3.1431967735557897,3.3919412992081526
etrog,3.261904328610306,3.3918951404607274
rozit,3.4184831168400485,3.3918587548342485
apace,3.0372177916743834,3.3916349656128957
pyots,3.828313078674429,3.391628714793307
iller,3.2559083651108898,3.3916005944348524
bingo,3.458682066069237,3.3916004556124397
irked,3.490857639463635,3.391520030456933
raias,3.8714494788518117,3.3915070065034927
satai,3.508133003794852,3.3911256991936587
shoyu,3.2298297572824612,3.391074299949787
flype,3.162752218796961,3.39102808111817
teats,3.7790572290656383,3.390880382671321
garbo,3.5329944732210685,3.3906942154642525
barks,4.005798273535103,3.3906692559205913
naunt,3.238243521288932,3.3905846076250206
geest,3.146878045993486,3.390496255676026
dahls,3.840834749240756,3.3903927527529145
hoyas,3.897828903303787,3.3902728591496922
lathi,3.4970436619858027,3.390198093444269
pinds,3.9710783946666224,3.390091051647792
elvan,3.19479874280296,3.3900514178143055
rouks,3.945805129668062,3.3900415671751665
bytes,3.856690954773189,3.3899688446953884
edits,3.7329860684394682,3.389935506159468
withy,3.2405216695613595,3.389878397016447
arena,3.3017477929333197,3.3898508020974187
manny,3.4010929885419845,3.3897211668555576
parvo,3.490609835498245,3.3896877966860237
hyper,3.343608649469289,3.389573655051128
tryma,3.366714751137869,3.3895169474135396
batty,3.322029037728723,3.3893457084402945
limos,3.934501818722164,3.3893233155542104
confs,3.7893649289275606,3.389215150663374
almud,3.370120493656268,3.389198678424611
breys,3.712335856264589,3.3891694488150432
ambit,3.2602013234077174,3.389116128207718
rupee,3.401038660849067,3.388989751239866
drums,3.716749359972445,3.388925549611023
steme,3.1763745736400693,3.388802266935807
deuce,3.142654927907591,3.3887495054706367
kisan,3.5813637700856753,3.3887040024236534
muids,3.896892770992233,3.388683122615319
hoved,3.469496174343395,3.3886276565805074
gyron,3.363726662465153,3.3886212488540832
stull,3.0405555123112844,3.3885078580197816
katis,3.9997968473177896,3.3881917358194977
ouphe,3.3618407772922314,3.388189559374185
gunky,3.396267201222039,3.3881222595474796
wides,3.8821606818255647,3.388055337911054
recte,3.3217176425085415,3.3880250839030164
roper,3.4303649662289923,3.3880064710680564
yogin,3.420836919281074,3.387971061921202
roleo,3.5687044174665683,3.3879057533902297
agush,3.083858749681626,3.387869049299246
sycee,3.2886182611322683,3.387793324894416
rafee,3.4028585532051867,3.387725639250259
wiped,3.48656949155991,3.3876880972212318
aviso,3.2156076315383064,3.3876737631048055
mutic,3.3932109361719816,3.3876657365696934
elide,3.1373364104120665,3.387660518993248
agers,3.7491824613886875,3.3876585553172034
frabs,3.6128702825226804,3.387628697599618
dewan,3.453033526038088,3.387558447889579
pipet,3.375399904588523,3.387399684523272
clefs,3.576979921752714,3.387349503090129
indol,3.2221564450144595,3.387277205589008
prana,3.290723641456366,3.3871939455044906
baths,3.8268439479325305,3.3871013378592343
ethal,3.181683298411062,3.3868922784599516
ondes,3.861402333624194,3.3868515614301837
barbe,3.4245013971689207,3.3868237716024234
ludos,3.844052963161929,3.386792264198057
pilaf,3.465513490782016,3.386776471505537
germs,3.907921302367228,3.3867698542595086
pluds,3.735886066676693,3.3867620928555704
letty,3.3095541749634476,3.3867556893314226
naves,3.93695054530016,3.3866277367679354
yokel,3.5552264161069695,3.386501400094579
wilco,3.282589282154642,3.3864276390732826
kalis,4.046210069925439,3.3863949409420186
ohone,3.1106259522022457,3.3861457430570274
dahis,3.8949159921611693,3.386054001627503
mushy,3.4008717096339307,3.3860428824344178
benny,3.2836903273296545,3.385992960218384
chynd,3.1481537765474017,3.3859643804201744
emits,3.745552842615952,3.3859481315850544
lered,3.529808893900404,3.3859157486280864
clump,3.096658027763675,3.3858725354167056
snafu,3.2191488465224416,3.3857812408931673
coopt,3.171199685119348,3.3857675219029355
lysin,3.3827669983080306,3.3857294309785706
ganof,3.381194320076074,3.3856118527521666
dingo,3.487397737084699,3.3854898081782645
basho,3.4857757493579724,3.3854882412896137
coomy,3.2115938497199594,3.3854467283048275
pahos,3.910727249048266,3.385401185534213
pekan,3.5795787969130854,3.385372225355466
seise,3.1239199709843395,3.3853415617480795
girlf,3.3192182102036334,3.3853137471563057
sloop,3.10862445179597,3.3853039224158588
creep,3.1510707972741416,3.385280511132872
yurts,3.909124718638828,3.3852004391361703
eyras,3.890802574556769,3.385154871313365
winos,3.845889010499605,3.3850385498505657
emacs,3.586038539778116,3.3849539828054223
doums,3.880007980029626,3.3849223792929637
tools,3.7276983101321743,3.3848968451750623
begun,3.322098145684455,3.3848146578349643
groks,3.7330033699029697,3.384779103927774
golds,3.9179088289863433,3.384741738578648
reran,3.4676652424386702,3.384737706284504
afoul,3.1509928360223185,3.3846608431780547
homas,3.9759229858636127,3.3846317138785142
darks,4.034513944550566,3.384558608486416
smirr,3.1440785127727855,3.384544959544484
mudra,3.551622162172687,3.3844869783027827
mazer,3.5594711203926135,3.384446687099017
veldt,3.3039804177466534,3.3844041029306506
flawn,3.047136297267655,3.3843197523608772
whits,3.5982911112234675,3.3841945023860536
kithe,3.442478401715408,3.384184051911034
doups,3.8847338942119443,3.384053874064511
lowth,3.3127197594209097,3.3840027742594234
acids,3.708981312654501,3.3837643659693697
saids,3.781791269871026,3.383497160902749
misky,3.5332485173938517,3.3834795901336054
bokes,4.04789310929434,3.383473855001841
tulps,3.8592299029787007,3.3833009491405313
toons,3.7205476681632343,3.3832819241807894
unpot,3.1911456187535077,3.3831968601888636
dreys,3.7410515272800513,3.3830588013808685
berko,3.582857039593371,3.3829747091918265
temse,3.2918557328963294,3.3828678472077067
pamby,3.4912304812762134,3.3828241615470063
jonty,3.440120101869459,3.3824434563980663
preed,3.3803435980118963,3.382154391858907
sapan,3.3885467529212825,3.3820853937470803
gonif,3.38797139974242,3.3820669699774832
mangs,3.965343429695128,3.382057874520135
verts,3.860658605730257,3.381799676945645
kipsy,3.3873784998046346,3.381780418795665
valis,3.8740690947072745,3.381689927148554
urbia,3.3798153614341864,3.3815531156226344
mamie,3.4920733436488978,3.381552421315485
wilts,3.8324229659981275,3.381468509548834
twirp,3.1238383972286012,3.381430392677429
busti,3.511631699069267,3.3813883579010167
hacky,3.378857074029092,3.3813844491004
chimp,3.084088901705211,3.3812350898729164
climb,3.1370399272888756,3.3812204282297613
lanks,3.9915216154342223,3.3812077017820696
urdee,3.2456419105174845,3.381136638812432
moyls,3.905298565357705,3.3811112204639198
sunna,3.419596065091482,3.3811040777892156
tachs,3.78992337495512,3.381074084646168
gowan,3.419608154231005,3.3807403241494542
quarl,3.1433951611723154,3.38073406793182
droid,3.2651885067809934,3.380502703572567
sabal,3.317831840387396,3.3804496819798215
porks,4.057102281104008,3.3803609096184433
carta,3.463443572147211,3.3803251080529346
mayos,3.9526027286117724,3.3803173521131917
towai,3.559117115794039,3.3802904589928557
perea,3.6339555095918215,3.3802548622270576
stowp,3.0968114106464144,3.3802286182009835
bimas,3.955229211578418,3.3801845912592903
totes,3.891124997472871,3.3801541081537625
proxy,3.1741319870697278,3.380101444754663
oxine,3.2175293576443242,3.379983002394138
among,3.2296061836329244,3.3799452174851283
bonum,3.458134394172235,3.379824150096001
reget,3.304059936626965,3.379819243640311
naifs,3.8323950731586973,3.3798055018297095
diyas,3.905850800034055,3.379715089096293
kants,4.030997785612816,3.3796331557094597
prows,3.6700802408831126,3.379540827315079
keros,4.032636026176166,3.3793823338676097
boyey,3.386875090105497,3.379309292181682
potty,3.3733330452976276,3.3790373621381464
kolas,4.075613435139957,3.379018501695417
elfin,3.177510877775243,3.3788700493591706
pight,3.271485228711393,3.378584904275039
deaws,3.7783646396472825,3.3784934139824836
typed,3.4594397329343387,3.3782626213445943
flogs,3.555639045530733,3.378181578052403
dolly,3.346089580270614,3.3781736162747897
overt,3.1516336281065485,3.378102945838105
kiers,3.938193258161554,3.378100376189132
fands,3.8610161764101516,3.3780699724769976
shawm,3.1399348859460767,3.378066453522604
class,3.4384507984403383,3.3780505944158676
minus,3.947867435187361,3.377869393974506
sweer,3.1880575271700002,3.3778152592480506
torso,3.384903328079995,3.377773262112055
budas,3.8647803560181835,3.3776535399031364
weids,3.784733234758665,3.377634752898251
myoid,3.466332666782985,3.377589324461156
gaums,3.8186546934326584,3.3772968341703304
exalt,3.0861236695027063,3.377284549434117
runny,3.281222951068867,3.3772388556226662
hazer,3.4462884915114986,3.3772020941048293
haves,3.8540324912902046,3.3771075167713174
bonze,3.438264844727411,3.377094295621415
darbs,3.9671327202776183,3.377085463881169
sammy,3.352769333425215,3.3770781765717426
whios,3.5981275564512116,3.3770721455145543
sents,3.8094280688560502,3.3770579802683214
flims,3.596535094375427,3.3769634616719637
aread,3.324087382890068,3.376885670544924
above,3.164234166782169,3.376862130455801
sages,3.8345233525726434,3.3768315469106227
human,3.43094640867547,3.3768030426068947
inker,3.381017195339024,3.37680045714779
honds,3.918239802690646,3.376725098517192
fumed,3.480876870608441,3.3766539183376096
mavin,3.4238929911042617,3.3766212649984144
vower,3.3702988358342734,3.376520841434064
gaups,3.8233806076149763,3.376428328941878
suras,3.8377342716642135,3.376407822517689
toits,3.789450723309456,3.3764067856521933
polka,3.6975023149050976,3.376374558017
lycea,3.5020096406556256,3.3761023772798695
flips,3.601261008557745,3.3760949564435108
birze,3.423592898109037,3.376002321674827
aural,3.3474205904877348,3.375952344136583
bisom,3.455256545096025,3.375934607081274
piked,3.6702591431725713,3.375914718150137
firma,3.504684651763637,3.3758271839923353
campo,3.4862946068686647,3.3758241517047987
faiks,3.8259757063067417,3.3758176534851705
adrip,3.3590459846697014,3.375765199676832
doorn,3.301381621861447,3.375664069554714
odyle,3.2743387052768336,3.375598075177934
kades,4.06710590216652,3.375527586898448
cully,3.1767959173035067,3.3754823338516915
vogue,3.2953011020629743,3.3753851024016868
abers,3.7516008507653713,3.3752750760647454
doted,3.5015154856117485,3.3751985565006244
skivy,3.144083882273013,3.375152201056173
jurel,3.447525359802192,3.375032977888603
musee,3.472488471863972,3.3749569500609806
poalo,3.384786250926739,3.3749466566185946
coyly,3.1938703033545246,3.37494393995435
vants,3.858856810394652,3.374928141915995
cools,3.6577438527235406,3.3748675755622415
roger,3.3802507332285767,3.374844143585901
padou,3.519402679849761,3.374827963881674
hangs,3.852160800814014,3.374813281525948
lownd,3.4276788023742313,3.374807298681989
upled,3.4415353889531635,3.374800821109727
wacke,3.381624579115395,3.37477815132148
rowns,3.853963447153844,3.374722509325424
bahts,3.837358437559351,3.3747104666558885
cukes,3.9073151173426948,3.3746719251445683
rebop,3.38364717057179,3.3746644885436186
bundh,3.300237294345836,3.3746068334238073
torta,3.5498727663067013,3.374543034239871
hoiks,3.8831993325872363,3.374472779525365
niece,3.201656305356117,3.37420587571142
riata,3.4478679783611885,3.374202931319167
vawte,3.3392755626002715,3.3741617967312885
culms,3.784549531387749,3.374140184756163
rakis,4.0191522663647525,3.3740101555281448
pylon,3.404308976216339,3.3736777415233536
pheer,3.2232220323069556,3.3735626369437552
nabis,3.929884745793994,3.3735451227484843
volke,3.450334099444457,3.3734465329522836
doled,3.5479287082193984,3.373401761623145
viers,3.766052282943389,3.3733953623956676
molds,4.017792832298028,3.373277294338149
coons,3.6505932107546006,3.3732526545679686
anvil,3.1601839727181433,3.373204553925787
paisa,3.4189181520426413,3.3731310903082496
likes,4.018944504575085,3.3729203269167307
ulema,3.376543163994675,3.3728486769746366
dosha,3.5710357240333304,3.3725282991336685
taxed,3.5226426045689436,3.3725172886037393
gravs,3.534837914807105,3.3724371737896384
bassy,3.2472950827420255,3.3723887792312586
vauts,3.7713919967956877,3.372326656856467
crocs,3.441854483487268,3.3722928080801235
binds,3.8975460284054515,3.3722779758979673
soggy,3.254390225329953,3.372260140961799
resow,3.4276707917767038,3.3721760150857603
manat,3.4237403219151066,3.3719976372983997
gauge,3.2610696271713575,3.3719158847481494
flung,3.022035744382002,3.371848880306925
nanty,3.4032184149738223,3.3718187813210596
jolty,3.4264905025957253,3.3717510592248354
phwat,3.2110124080597435,3.371389248594965
sappy,3.321756870005184,3.3712341596540867
kulan,3.5306368579518135,3.3711898304237975
babel,3.3540044474137534,3.3711641179415768
lurry,3.277668705601485,3.371119973538409
fetus,3.7338921000983483,3.3710375816206106
chems,3.620289844408736,3.371014572648892
tsadi,3.409883666908706,3.370860522709093
vades,3.8949649269483553,3.3708225731049835
meloe,3.4319060275591866,3.3707214143035698
kirns,3.9617074789991795,3.3705977722478266
gally,3.2847362936736464,3.3705480711521565
yorga,3.5835416480748616,3.370470530224879
quail,3.1781557207337867,3.3704614339654144
vaped,3.499373736682701,3.370455332415161
hyoid,3.3531500379018695,3.3703447314669686
forms,3.8653269653071884,3.3702131123671357
busky,3.4005787568071852,3.3701154565332
ratan,3.400959740361813,3.3700693018321823
ungot,3.141031385753092,3.370034532706708
sarus,3.819300630027423,3.3699190403283534
haith,3.232151359553791,3.369882006612461
simba,3.568870952151206,3.3697581303312463
maror,3.444922886220135,3.369702630395171
hudna,3.41196820796369,3.369693581473328
acryl,3.2304676763078923,3.3696368687726364
omrah,3.3536762159428366,3.369607260084134
smoot,3.1243903765151417,3.3695982762552164
rungs,3.84547339222201,3.369575563287244
kiang,3.366951029653488,3.369532377933192
uteri,3.317615535987787,3.3695202405510956
burds,3.8840807243667204,3.369513583964385
hunky,3.3829685756526082,3.369413222312793
bruhs,3.613934977465503,3.369277203361545
linum,3.4291857894529802,3.369270622010891
oaths,3.8550510379061924,3.3692636300804386
mvule,3.2106765122850645,3.368986929840254
bluds,3.662353700415522,3.368949017105746
remet,3.390254525649973,3.3688352325799196
chomp,3.0838529335086955,3.3688292067225802
vouch,3.04022955351639,3.368823695546779
clomb,3.13680395909236,3.368814545079425
klang,3.2192235152625224,3.3688049042004975
unwet,3.229940084999732,3.3687574787269488
petit,3.306898576618904,3.368751999936016
latex,3.477329134731847,3.3686407481274854
adbot,3.218629110872621,3.3685269635048427
mucro,3.4375889584163097,3.368526580420487
hazle,3.3677975002511733,3.368514560881282
phese,3.120050710152852,3.3684815162493886
small,3.12314124572037,3.368404786033392
waken,3.508159657084959,3.3683250206503264
ricer,3.3395292827074927,3.368313228604256
alews,3.647775871332734,3.3682615889985072
copha,3.427933928832169,3.3682307070703743
nicht,3.2608432402242884,3.368208256159412
inkle,3.3025262040786996,3.368112923924242
mirkn,3.5712630982413613,3.3680832961974048
herms,3.8946226767977974,3.368060817024822
trots,3.62595613505576,3.3680040728199163
fecht,3.1371753018878183,3.367996419098838
lumas,3.9274872494388053,3.3679586451871857
dorje,3.4710815880184507,3.3679442376884703
rhyta,3.359022138898493,3.367891633937049
corso,3.314948870671362,3.3677439924992343
vadge,3.307316187453873,3.367730938517766
pinny,3.31852059294458,3.367721104939997
goves,3.8451027581673687,3.367695131954031
piper,3.3981723187890553,3.3676031320596795
virls,3.7967171457499553,3.367507679448635
tupik,3.318024783964533,3.3674549242540195
thrum,3.2596071195419847,3.3672796804650105
rendu,3.5231232404522945,3.367241407155381
kotch,3.2397925204521356,3.3672345921040208
herps,3.8993485909801158,3.3671923117963694
ronin,3.432238676284231,3.3670324803285405
sylph,3.257129694944217,3.3668887529859695
knish,3.1598540275853932,3.366818132500701
rusma,3.5637951147664086,3.366714992221299
paean,3.434849353914671,3.36663656161772
picky,3.409467307312802,3.366628980179028
tinks,3.926411684338557,3.3665395655577495
grebo,3.2975219483061147,3.3665297638363763
rears,3.757296227307341,3.366288099758603
woven,3.3380069215394927,3.3662824901593247
thill,3.0063016464436743,3.366235153824592
sieve,3.181296242488849,3.366116645849903
acmes,3.847907984379126,3.366114740916852
merry,3.3891307974252554,3.366108791789445
holds,3.904610203416913,3.366032701343961
amate,3.2251405498599564,3.3659971400714417
veale,3.165407190480636,3.3659574858337264
micht,3.2911078150954474,3.3659326291569815
tases,3.888539091406275,3.3659192549363173
mille,3.401631808798424,3.3659170328188504
suers,3.701356442030451,3.3658892737847617
sames,3.9207179415956515,3.3658475358502313
aorta,3.547381960459005,3.365715819136395
unlid,3.371946441126457,3.3656501517870363
zoeal,3.444992136870745,3.3655702192948636
mooed,3.533458710257884,3.3655524308014564
alans,3.5577468068777343,3.365418775343868
slurs,3.52961496424476,3.3653709068200843
hynde,3.3492277978857867,3.365239399603672
creek,3.1373241164608796,3.365225654342338
nemas,4.008684766391418,3.3652230904406517
ihram,3.3394237628950716,3.36506398822664
abris,3.83634695649235,3.365048641992302
apart,3.057357874358752,3.3649790676230356
acene,3.1232447711139626,3.3648999013835237
demos,3.94200982097473,3.364837352770665
bawdy,3.360953268797978,3.3646782248060685
stirs,3.5343282306725055,3.3646401525382954
pekin,3.527947073006302,3.3646272425500943
grouf,3.1009168744869235,3.3645124668132085
breed,3.306811231750726,3.3643413161090825
dusky,3.429294427822647,3.3640048090990247
punga,3.523335363133815,3.363999466242781
faked,3.5601969249161014,3.3638936389793423
romer,3.4664453222515847,3.3638601325255095
wispy,3.328834698427915,3.3638000701443396
turks,3.912946380299826,3.363775173624167
renks,3.983113669784875,3.3637142088002134
sacra,3.396859692155762,3.3636901273541397
flops,3.6010250403612294,3.363689073293174
mitie,3.3855058605022403,3.363545860673754
pavid,3.458565841583969,3.3635266658179246
pasar,3.4244726546502715,3.363471801810851
chedi,3.278227068973587,3.363308320430338
murre,3.3908752098640123,3.363306270733405
lawns,3.8122151193210407,3.363287158872798
phene,3.1375803990776907,3.3632601827259347
azure,3.246007198709071,3.3630467394166033
rider,3.3747898241117076,3.36300149915635
bravi,3.1999938337250073,3.362931297605872
stoas,3.620484545944245,3.362706618226924
twang,3.0887971114240607,3.3626418771974644
hoked,3.617420551196595,3.362548765019537
borks,3.9835699148428376,3.3625478338686188
funic,3.2606191441994894,3.3625401977790896
kindy,3.4961689703752357,3.3625272840425744
reird,3.3552254898144653,3.3625272211661583
corno,3.3324785595962005,3.36252265897578
pizer,3.476898724795208,3.362446625183457
vleis,3.6530853281138955,3.362395254696567
pneus,3.758121876189448,3.362372508449432
plavs,3.5899089868798666,3.3623634456347986
wards,3.889323849345483,3.3621934208844904
anear,3.2142469387654584,3.3621660972357814
sedge,3.2550857943647102,3.3619468163383326
wrung,3.0494842582694908,3.3617949467117603
brows,3.596547874621942,3.3617277515652546
motif,3.4278125811727214,3.3617069234412327
incut,3.0992094861290633,3.3614782197192756
orgic,3.1987074150088373,3.3614158055085754
twirk,3.1100917164153397,3.3613755358868946
gusli,3.431526365461438,3.361323676823438
ponor,3.3745875621776484,3.3613063630673703
nouny,3.2611352413795953,3.3612738867464875
lumpy,3.3803501937903455,3.361263061021359
botty,3.299800679036457,3.361224286388322
atoll,3.0595603603287937,3.361218825458867
beige,3.212352360838923,3.361213903302338
poupe,3.362263661996583,3.361155422212941
podus,3.8976507219502974,3.3608564114116533
tenes,3.8639072263699212,3.3608194465411643
bight,3.1979528624502223,3.3607718285252144
gauze,3.3181624155469414,3.360756618005079
shirs,3.517045838186296,3.360733461276295
mandi,3.6639407349081576,3.3607276227708054
unify,3.104308890417289,3.360714890805021
mocky,3.469811344217941,3.3605076200426147
shlub,3.208737345313807,3.360443185542245
dreks,3.799041419635612,3.3603941568585403
algae,3.1842383402115715,3.360313478028365
clepe,3.089461290604607,3.360269233443133
oleum,3.2739564769710507,3.3601207947439606
pings,3.8827710340977233,3.3600578126045755
coded,3.401185325614457,3.359940951661007
hilus,3.821055207032513,3.359932403807087
terra,3.459955606266181,3.359932195678419
kebar,3.4706536607469936,3.3599283264218265
apods,3.7336618787410787,3.359736569123009
nempt,3.4164276319600275,3.3597168051013853
hydel,3.305270941020238,3.35950107631232
frill,2.968140143710805,3.359361394354111
twocs,3.484224529387664,3.3592183840918084
elect,2.889063317423168,3.3589713116388777
vatos,3.7986504337410123,3.358910182748744
herry,3.275948168544141,3.358864198795257
hulky,3.369338976378875,3.358720825139562
barfs,3.849847601404344,3.3583603361763457
makes,4.115139497024519,3.358273218204534
coxal,3.2938350018708906,3.3582330502646016
thuds,3.62622588679461,3.358223995154037
domic,3.4486692051308268,3.3581556844747453
biked,3.5967267769114013,3.358101642400313
yards,3.965861306751181,3.357997345232178
saman,3.4246271089438745,3.3579390552045334
taras,3.8856555764641394,3.3579256967890263
ostia,3.479188015315024,3.3578540696512653
eaned,3.491203633197112,3.357809748629453
kogal,3.46254733361103,3.3577430500001544
roufs,3.7898544575373023,3.357732647430921
tenge,3.2762584868754394,3.3577278119539464
avoid,3.2823818806687566,3.3576085594033516
todde,3.33410636235205,3.3572702638686636
tuath,3.1430463943597777,3.35712430916895
parki,3.689620584440405,3.357118840877869
ansae,3.28993754794847,3.3570019350494693
nival,3.326931067627801,3.3570005554400906
budis,3.8131486321113996,3.3569085570977655
fosse,3.205548383867553,3.356892759665508
schul,3.0935236766571954,3.356800461529504
plugs,3.647578706107794,3.3567288538123536
unbar,3.231082622376971,3.356592240892135
kiasu,3.4147232423666605,3.356574625072126
roomy,3.2995481919286656,3.3565657101319024
awmry,3.225518241445946,3.3565539133518163
dorks,4.0122855858583,3.3564371864344436
forum,3.3847042368662965,3.3564027506764704
doeks,3.962300039692793,3.356390986540481
eager,3.2984368311091585,3.3562817191895906
heath,3.199529506617708,3.356234181579616
moves,3.9449867614790532,3.3562306877135324
chill,2.9363471890350406,3.3562058842117706
onlap,3.338157718833265,3.356146618108974
welkt,3.325241990243492,3.3561063472432417
venas,3.8669457857133738,3.3560770416407024
cases,3.818584633997642,3.355889985323496
gelds,3.8677525555041923,3.355812895144167
fanny,3.2084583746881097,3.3557000257692025
roopy,3.3042741061109835,3.3556972049034495
rebud,3.438784775033068,3.355634681503908
drows,3.6252635456374045,3.3556171041310794
agree,3.3312153719302335,3.3555050990556663
belly,3.267217635773001,3.355355420274484
baisa,3.3453857857814704,3.355318014558425
ngaio,3.363583355611473,3.355225275918883
murgh,3.3311343903248734,3.3551733360474145
dotty,3.3285163500519195,3.355113638954147
butyl,3.239131856216306,3.3550602814560104
mends,3.98126615808961,3.3550408480768987
kubie,3.4431140138613636,3.354988076197447
perdu,3.546955578289277,3.3549592645391297
dhuti,3.3013468075771284,3.354847033127732
liana,3.351501290533121,3.3548241713514972
ogres,3.894892453915828,3.3547863836832743
clews,3.5416091243286743,3.3547494558630744
dight,3.226668533465685,3.354661181091039
flitt,2.9725013938972094,3.3546381373959306
gobis,3.8380369586612026,3.35461251793458
rowts,3.886353448456841,3.3545444967884954
throw,3.205967753383018,3.3544077876301315
pilaw,3.4561765831377054,3.354380683457685
theow,3.1559822072175105,3.354361587736169
kurta,3.634661809338268,3.354361413349104
soaps,3.7564043246786913,3.354252435501939
getup,3.2726622041839066,3.3542058867773132
jurat,3.3731499524125415,3.354053754039514
icers,3.653717196934796,3.3539691409010643
oliva,3.233036991938869,3.3539380677404607
mongs,3.943115071002862,3.353936452468163
twink,3.083620391087458,3.353826732051627
forze,3.364834687421472,3.3536728962018842
nougs,3.8253856825327386,3.3536105944110655
young,3.2892803357323697,3.353595700741387
atoks,3.7319089441752844,3.3535568328560132
mesyl,3.419992120641976,3.353540530757318
eagre,3.239266523207775,3.353528068807038
spies,3.6686764671548038,3.3534836782385886
handi,3.5507581060270432,3.353483029776618
query,3.179821423223435,3.353482465010863
momie,3.469844984956631,3.353430999263512
kauri,3.547904240682868,3.353394996229581
nipas,3.93390230972258,3.353284497954988
nerka,3.676383156112286,3.3532004046751798
pwned,3.450792512577637,3.353191112215768
shins,3.490574512858414,3.353184657441027
coots,3.6829832120575974,3.35307464203104
agros,3.8049231287570544,3.35285558196747
dwamy,3.1749400964423677,3.3527574291006794
refis,3.8331871162162026,3.352602395952899
opens,3.7118383873826506,3.3525592723151068
awork,3.1460680378142505,3.3524525162591696
tenon,3.335077079643396,3.352437385402517
cutty,3.159222687084812,3.352422356531049
quest,3.0907003301877856,3.3523442935256096
rakee,3.51643907117932,3.3520831333390517
loord,3.338734233511576,3.3520052295868763
lirks,3.9546213101235823,3.3519943057835087
lilty,3.3136646638699534,3.3519378020926536
ketas,3.9790439390501557,3.351886453138416
subha,3.4043224397991754,3.351811316864056
sista,3.4483876101060247,3.351736477704941
brede,3.169777811079685,3.351641358703918
oueds,3.8623022681748744,3.3516296762916267
glial,3.093276452618011,3.3515087928474805
diwan,3.4143314253918424,3.3514735168613683
amido,3.371986921279682,3.351463756256339
divan,3.3481356241679316,3.3514424627042265
perks,4.006946007621857,3.3514320661839623
regle,3.2483413595671724,3.3513351579531703
ludic,3.3005560738358755,3.3511817524676566
sensi,3.369798323272345,3.351093835536157
taxol,3.3053806557063945,3.3510622198467352
hakes,4.001956868143404,3.351028625210346
chiva,3.0987476309356623,3.3510214839547263
micos,3.881552412935239,3.3510078808687878
roshi,3.5482803930113644,3.350664628569585
gamic,3.3873159185338597,3.350530139352113
halms,3.879191282188459,3.350496884821941
amowt,3.1271048851518657,3.350370576911552
faves,3.7745805063174442,3.35033096867915
snowk,3.1130634589272734,3.3501392517544586
teles,3.8502776270961876,3.3501270493679334
petty,3.3231767718154765,3.3501085187036654
magic,3.4010053328225363,3.3500497061720047
wodgy,3.2552720718257238,3.3500088753646713
vitro,3.3312519779501746,3.349979878235464
opsin,3.32984850072787,3.349966719579525
fonds,3.838787817717886,3.349948550425025
moxie,3.473356042952831,3.3499252089035294
smoor,3.147162790715674,3.3498017237916238
spool,3.0868961741461076,3.349754757276524
palea,3.616925339041542,3.349682271871958
rolfs,3.863689671862533,3.349641735317218
wadis,3.818391757090162,3.3495883940178706
glazy,3.1004579616364776,3.349342668865317
andic,3.2279361191393665,3.3493102479839796
delly,3.295933306788463,3.3492447728403087
mahrs,3.8764577906221485,3.3491152241788047
octad,3.353233800415252,3.3490726976286362
howes,3.897999933821849,3.349017148876486
hempy,3.378629656733002,3.349007286278207
hoves,3.831804132597938,3.3489860947193444
dorbs,3.944904361585352,3.3489640418291966
mesne,3.3627547616135534,3.348849763262168
bicky,3.3359349410516312,3.3488159044292027
cooee,3.209111900458521,3.348601802247737
stopt,3.0625300794644756,3.3485877928297665
chiks,3.6086957728815303,3.3485438916089167
mucid,3.4605981614905543,3.348539789557555
liths,3.7756669845210094,3.3484263877221516
inerm,3.250327054841639,3.3484176210997214
amped,3.463081880494488,3.3482463128498434
llano,3.1601035761782192,3.34819848758161
olehs,3.680480493920463,3.3481721627509726
gytes,3.8018249804994175,3.3481112300866074
wipes,3.848877449814453,3.348046535360069
fangs,3.772708815841253,3.348036733433781
flays,3.5489343459778864,3.3480220682137483
voces,3.837476026851874,3.348012880500917
resue,3.3373146912997815,3.3478998225141745
wigan,3.3070728116537627,3.347898345916194
wooly,3.146576193447527,3.347881794179014
japer,3.4428256805219197,3.3478432534510096
hends,3.868083529208495,3.347796255082711
blaws,3.5632193535946097,3.3477916566557546
eagle,3.2199458398488336,3.347594185966043
abets,3.757519526740486,3.3475482596925494
omnes,3.9123707245929564,3.3475275671949807
stood,3.1755650077292175,3.3475171270895396
yeahs,3.7792874799904967,3.3474248854418995
fouds,3.751323004118922,3.347347065365497
greys,3.657469881990817,3.3473118342062627
scudi,3.3000304410846066,3.3472840245874016
paolo,3.367015862184157,3.3472597550666228
kench,3.2496790688513677,3.3472013509652916
ealed,3.4775740339233794,3.3471173514562227
regie,3.3024226024875856,3.34699640682776
hayey,3.3409388489545613,3.3468640623901877
okies,3.8626124103256334,3.346849259316499
kylie,3.454969706428314,3.346787819976525
kohen,3.5307242966281516,3.346712163486796
vrous,3.578415810033245,3.3467063991055372
hongs,3.8299324421217475,3.3466918594739754
omber,3.3439376244084116,3.34667383818264
cheka,3.3191322697132684,3.346633940302632
rully,3.264750259512213,3.3466013156787664
skyed,3.4395338370748707,3.346547446170099
laufs,3.7481061297044986,3.346297296978295
leres,3.8921168521549467,3.3462741867669235
curbs,3.775610698618245,3.346272759406099
medic,3.4120181656596458,3.346170570718692
senza,3.522269896568331,3.3460790908138063
maral,3.4490782231654995,3.3460415040611164
bigos,3.7883974602900143,3.3458470802370206
crack,2.9141260436522227,3.3457289947233826
clubs,3.553883674667047,3.345708192547459
ached,3.3371161267779934,3.34534614687111
arses,3.739264402252254,3.345283866725015
duchy,3.2322738043071726,3.3452685492958403
gaths,3.771977973658759,3.3452437232504537
downa,3.4870087228199402,3.3452226890969605
eloge,3.0487930816466524,3.345221396799695
gulfy,3.2266869298175456,3.3451209426300026
gopak,3.385414068140557,3.345114952695062
zoril,3.443345959129469,3.344871436383455
skerm,3.325739456587846,3.344746788746162
panks,4.005144212286252,3.3445605311543125
aksed,3.521661359040746,3.344460883507618
roons,3.7385475529633068,3.344371636395043
melds,3.967636558815877,3.3443484509036683
bossy,3.2250667240497592,3.344267357179286
fribs,3.573107503284347,3.34422625714601
mence,3.246422099529006,3.34413957911506
genny,3.228824353055883,3.3441353456096032
debts,3.8426204468819294,3.343976459268915
unhat,3.1593792376949055,3.3439618878220725
hyena,3.364898576295313,3.343922931580995
ombre,3.284767316507028,3.3439201878000877
lying,3.180223202544293,3.3439003488398713
tania,3.4880534856321783,3.343886759555442
ashed,3.4241780467451606,3.343886217472383
yipes,3.9254149072201514,3.3438504597077556
piums,3.8359663011469376,3.3438323280142717
gouge,3.2388412684790913,3.3437944626961773
knars,3.753274823587308,3.3435329932905975
lozen,3.487755901302834,3.3435323118355726
kelpy,3.4783201060093454,3.3433940740951096
bedim,3.4059290782007907,3.343298603385186
styte,3.136040784838457,3.3432339207828674
steep,3.169382726029741,3.343200620883649
soppy,3.2995285113129182,3.3431127376021137
plums,3.688238786755973,3.343104854281578
haldi,3.5371285067533096,3.342790632603387
juicy,3.106313359213761,3.342760298268765
pungo,3.4445627007816535,3.342727338912579
dicky,3.364650612067094,3.3427052569950284
unket,3.3116686606290218,3.3426475330088365
funky,3.3035165906798483,3.3426366742206257
loled,3.5256528270460823,3.3425956535140235
lurgi,3.465973077851094,3.3425771005062033
prees,3.742651556266439,3.342512829997744
decim,3.3993842078120378,3.3424996853989173
golly,3.2625079349813806,3.3424266491001844
terek,3.3703664666100503,3.3423691100965813
ileum,3.2142804954784077,3.342359945798626
gived,3.393936425784429,3.3423229193525033
paals,3.755145201589908,3.3422992721447864
bings,3.809238667836553,3.3422447368547505
docus,3.8175734853003735,3.342244417675559
boeuf,3.3014978732612836,3.3422349968600904
devon,3.3062005625487814,3.3422058716497762
sices,3.771573543359293,3.3421792098770053
khans,3.6795223766790963,3.34211200784932
owsen,3.348754304345052,3.341905644843681
cetes,3.7339099470799044,3.341894574632592
tress,3.5241901813197125,3.34188404469435
owres,3.841961622054693,3.341820567342087
sorus,3.797072271335157,3.341797618276381
fedai,3.4538075480413517,3.341717972652852
incur,3.1219819003295957,3.341681667255683
gokes,3.9930271350205686,3.3416162403930603
emics,3.5462757605397823,3.341551542351814
malar,3.4328831368419057,3.3415086876615763
agism,3.189387624783466,3.3414878052090895
useta,3.4283377329524525,3.3414607646154866
unkey,3.356788739411951,3.341458234182276
twonk,3.083384422890943,3.341420848901291
garbs,3.883551074988384,3.341338496706564
ferms,3.8151706918250374,3.341284268932655
dread,3.299276635131185,3.3411157721340996
chibs,3.541314548608583,3.3410707470036694
yacht,3.240218636893241,3.3410522568243683
fusee,3.2798538580100973,3.340935808974626
hoach,3.0504086980236886,3.340766435780856
paans,3.7479945596209676,3.3406843511505135
myons,3.7674087401481744,3.3406715927311312
unleg,3.3067968107654395,3.3406512980652643
tikas,3.9416973726508013,3.3405302296045987
golps,3.874987463247941,3.3402159947762025
feely,3.123927845128004,3.340214958993431
woken,3.4859312983926927,3.340203598598354
geste,3.295260759604866,3.340136194965739
wisht,3.2048899939711877,3.3400988805156993
metel,3.367287051189898,3.3400396515175035
alias,3.6308476364355373,3.3400374875644925
toque,3.258716214997729,3.3398658623546753
saims,3.734143989950306,3.3398399223287565
narks,4.020551727701857,3.3396228240737424
eisel,3.3161616287399527,3.3395337454198613
burgs,3.7957733637978217,3.3394803449211685
bible,3.2360476637929283,3.339422769493159
ontic,3.221590951090797,3.3393286593435434
sheep,3.1521003335435314,3.3392939296216486
folds,3.8251582184441526,3.339256153251794
causa,3.251872640810389,3.3392011685376852
cheba,3.2517510454403205,3.339160795697384
noups,3.8707716773632352,3.3391180896518367
luxer,3.336147425986821,3.3390338315669714
mahis,3.91121835018362,3.3388425902123986
skelm,3.3064187732289048,3.3388129059051668
vison,3.3285856326021146,3.3386774665475283
ducts,3.7777618781362907,3.3386554567057067
types,3.8217476911888815,3.3386210594834314
dives,3.839826029328206,3.338428324665945
ketch,3.1896362469699846,3.3383057486695398
unrip,3.2680899197081237,3.338305507445056
natty,3.3367824918954767,3.3382992765934456
suets,3.7072751180055663,3.3381624574125652
pownd,3.441301399226261,3.338160128054232
renin,3.38208240280208,3.3381036368940595
sabes,3.8211650127305945,3.3378642854769813
prora,3.282057104209268,3.3378356928627353
toses,3.866310732714009,3.3377978328843447
tozed,3.539891216284282,3.3377696383463222
sluts,3.5355336402198754,3.337644090447889
swung,3.066005805567128,3.3376054496770458
exist,3.0216805593705938,3.3374885215096897
snood,3.205563736823338,3.337482617433549
vimen,3.418208846628181,3.3374035311375447
donor,3.3297708669319404,3.337382639883371
marks,4.050816302573017,3.3373471970713116
quirl,3.1036323819339815,3.3373316274782123
areas,3.6863953411446113,3.337244108683761
dorad,3.512520801353873,3.337158801710003
thaws,3.5270915399736977,3.3370666347040454
fumes,3.8431848288629835,3.3370123564764462
geode,3.245557778937535,3.3369836445864376
puyas,3.863015763731009,3.336952619830607
waldo,3.45095122079441,3.336934941952845
kugel,3.409261161583162,3.3369002406902535
hence,3.133239470647891,3.336894986120873
sides,3.806834084763508,3.336867480429099
moups,3.9010362522343947,3.3368424626494066
lauan,3.3095610621191622,3.336806646563808
tutor,3.2066659251387923,3.3367220156353388
music,3.402699339364739,3.3366969212423836
ylids,3.674841077127153,3.3366262724850326
lucky,3.308192978912019,3.336589958357099
bocce,3.170944585398805,3.336556333802216
tamps,3.906805666044614,3.336497702559931
carrs,3.7341697204471194,3.3363253454641604
pikes,4.032567101427114,3.3362731562889736
dings,3.8379543388520148,3.336134089420576
volts,3.8229988524286522,3.3361143226907912
matty,3.367047066766636,3.3360236495910147
nrtya,3.371061667790289,3.335979660138193
tecum,3.3110147258312903,3.335972451152703
rober,3.3668923933865273,3.33587688215226
redif,3.3489781318795346,3.3358508684093136
byrls,3.7619833036881163,3.3355228582248064
knurl,3.2083579744499735,3.33548084255044
teend,3.2897126070144758,3.335458298747759
banal,3.3298737666175633,3.335441762394293
slojd,3.2169753843583937,3.3353267056772813
dyers,3.7600341118970135,3.335299893737664
jaleo,3.5836000068229508,3.3352307151320115
lowns,3.7899867606287745,3.3351657368208256
colon,3.258979109599508,3.335123668761087
omits,3.750653628548158,3.33488464239766
swami,3.290557879443017,3.3347589807031452
oucht,3.1866451444824424,3.33473078777778
jager,3.392711447521504,3.334680925968854
waugh,3.1297082451567357,3.3346519462411686
purry,3.291291302453514,3.3344728029106525
nasho,3.500529203524726,3.334441809442765
updry,3.158527098615331,3.3344140660718264
esile,3.1162443401150677,3.334408301591307
nudgy,3.2870107597059812,3.3344040286496894
coxed,3.4304597884680437,3.3343665969389455
milpa,3.614229153016074,3.3343656221609033
envoy,3.106154582713982,3.3341322607933854
words,3.8670954906532167,3.334071998832518
maths,3.871861976970443,3.3337792790099545
erned,3.3057166544476653,3.3336914968955402
leper,3.3129698973028434,3.3336282461542757
berks,3.9334136413606866,3.333618990434138
raxed,3.5406424893690156,3.333607000817993
vetch,3.0174952717518204,3.3336007348760752
laari,3.371133232740951,3.333516834820991
sexto,3.4047285198173203,3.333505753209208
gyeld,3.2948238249942956,3.3332606055832263
shits,3.522964514161411,3.333006644904099
shyly,3.0316412195667333,3.332960528761186
taxes,3.884950562823486,3.332875726742576
metif,3.3776563076905703,3.3327780800067517
pervo,3.418225203323828,3.3326375311995706
catch,3.0158971609433625,3.3325229926278315
miyas,3.922153158056505,3.3325036776811885
kingy,3.407861609806337,3.332494044999358
rural,3.3340690705522498,3.332460459955146
nokes,4.062646563461094,3.332427423154991
udals,3.6463581722738367,3.3323570654090022
budos,3.784143193752788,3.332332017820476
betty,3.249644405554306,3.3322954429538414
migod,3.4711075310733843,3.3321665832489047
wadts,3.789549873503806,3.332134211612081
ferry,3.196496183571381,3.33208765070309
tarts,3.8438850644141227,3.332036610203953
hiems,3.8059350299860446,3.3319296861026486
fille,3.2089971949445495,3.3318958917324952
cress,3.4542357239110792,3.3318547750815286
whens,3.548121546167364,3.331834717528806
kideo,3.6054625675785417,3.3317481091414725
gimpy,3.353226181656187,3.3316313924846828
pyets,3.810769483117837,3.3314968005494676
turfs,3.7569957081690664,3.331466253879921
pumas,3.9411098462908347,3.3313114745594286
sloom,3.1290315721469932,3.331240125395535
bapus,3.8130634823702816,3.331155955162816
roded,3.4891396678231628,3.3310599334880813
molly,3.3623919382930647,3.330962204859685
scala,3.1784014447269087,3.3309498705096967
tifos,3.747479692411272,3.330851213433145
whang,3.0033506429871792,3.330815523108134
vapes,3.8616816949372437,3.3308137705539984
atmos,3.7442314033827806,3.330800128276839
elope,3.0941790764771486,3.330728892040466
mangi,3.575633374339259,3.3306943837275886
raksi,3.5506806371946915,3.3305918283901903
gassy,3.1924291084682537,3.330531164622478
idols,3.652935545348458,3.330498218407604
heame,3.224610620882233,3.330425692381703
silts,3.7570963689360712,3.3302806520668797
mokes,4.092911138332253,3.330151796152561
skeet,3.218141883652808,3.3301489061858423
harks,3.937633673691902,3.3301026040771244
beths,3.7544593157581136,3.3300510723727808
lungs,3.78149670569694,3.3300187907826464
remou,3.500169261359865,3.3298265004340433
tachi,3.400213319599251,3.329710593853622
zaidy,3.3564931806084743,3.329694425588335
winky,3.34528956765391,3.329524514561701
butte,3.2513888179930626,3.3294929218978013
joual,3.339160290721074,3.329352501622873
demic,3.3985129316486766,3.3292268410402643
kaids,3.9309763544533753,3.329022070857434
lynch,3.0640119203342606,3.328886831297369
tempo,3.4838644321028807,3.3288031558311664
hatty,3.2538644378855217,3.3287790565968276
sewel,3.268675860977213,3.328776760016809
mbira,3.4005156434116715,3.3287084905069957
flail,2.9886568974073704,3.328680665168863
vesta,3.4641338201164547,3.328641304894372
flown,3.007137549832806,3.3285114287569324
duomi,3.4429971094966776,3.328467921513548
polys,3.911296361964691,3.3284113564514373
rheum,3.22762145817655,3.3283231927853016
pawls,3.83298835814201,3.3282549092393143
thugs,3.5379185262257113,3.3281907561108204
nisse,3.279060048721872,3.3281757532916014
rubai,3.502200951742949,3.328168676525987
titan,3.3105762181842007,3.328154471729353
coses,3.7963562753053752,3.3277685632715235
cozed,3.4699367588756482,3.327740368733502
rivas,3.811772880597674,3.327698833379823
ruana,3.3278262455094376,3.3276947514064092
rinks,3.94441156913863,3.3276292777720027
hyles,3.8349395775376367,3.3276053979744415
popsy,3.2557611261295922,3.327567183406148
grana,3.162325300921424,3.327523255145886
nancy,3.2039413328976525,3.3274221920878193
sutta,3.385550143316133,3.3274065605246737
below,3.340709155257384,3.3273310166534107
rafik,3.3378445611207264,3.3272805244786663
whisk,2.9806442337257377,3.32722171148575
video,3.433321592360377,3.3270430953480075
chaws,3.4571370825650645,3.3270373650912246
rases,3.9065389762063476,3.3270089671505705
binit,3.227312329929025,3.3269842182234886
razed,3.58011945977662,3.326980772612549
snits,3.5702456357417414,3.326878826510108
proso,3.156848552540931,3.3267479158618904
banks,3.931611846025081,3.326747455404488
dolor,3.3161412676582067,3.32669024271014
pawns,3.82583771617307,3.3266399882450415
pakul,3.4275489833898742,3.326606196836772
camps,3.8368512086359803,3.3264684329471104
hopak,3.3721154425711264,3.326405915460376
limby,3.366521151603521,3.3263361356600987
seams,3.7015221370142224,3.3261920972959116
metho,3.4489207430287108,3.32608473228119
caphs,3.7219462269395898,3.325724283034456
lyric,3.303471988333005,3.325457302469287
henny,3.215525727486453,3.325426308374917
flaks,3.606924238333447,3.32535742369142
areca,3.134860712160147,3.3252762003272505
mengs,3.892958797520711,3.3250076090336824
burps,3.8411593586283184,3.32498784016194
quorl,3.1033964137374666,3.324925744327876
brass,3.4758459531770143,3.324896975874209
brees,3.6691191900052686,3.324699754247919
kinas,4.0003846602852935,3.324697124405956
ebons,3.623680564305972,3.3246737976913785
skimo,3.3428053244765774,3.3246128442739717
lofts,3.7905248195869277,3.324520284476992
baals,3.681612835328737,3.324486196394962
cecal,3.2144042655351526,3.3244640445185585
pyros,3.8605914745110885,3.324420643571931
gopik,3.3337823442337733,3.3243699698896907
vaids,3.7588353792352107,3.3243170570639693
fakes,3.922504883170644,3.3242520771181794
dosed,3.511003888804506,3.324229741173315
levas,3.786498294718849,3.324226991903436
roots,3.770937554266304,3.324193623858115
often,3.282952145830835,3.3241832996546137
wroot,2.9632732991692174,3.3241589729209338
bauks,3.8441470324261173,3.3241459703449605
aware,3.074626343836554,3.3240951560746406
techs,3.717538742780703,3.3240238191597147
ecads,3.6297515352047247,3.3239824176410395
pavis,3.820873799838512,3.323885103956761
kitul,3.347460921195289,3.3238565237458153
swamp,3.1262874283422537,3.3238051913255404
chavs,3.41029434958915,3.323796078320444
holly,3.24920930941195,3.3237176118654976
whilk,3.0053245646195164,3.323615298956569
hived,3.3806378002149993,3.323613882117816
oyers,3.7595255308552122,3.3235728333930434
rutty,3.2471770292935185,3.323541338358124
besaw,3.384421498107888,3.3234805182862424
ecole,3.028946451951385,3.3234623478396976
hangi,3.462450745458144,3.3234497907334015
vatic,3.2551535444149584,3.3232996710183436
deoxy,3.242417638399049,3.3232457078181237
silos,3.7569328141638154,3.32315829519538
steek,3.155636045216479,3.3231457640931144
scuba,3.27355441755134,3.323136499854448
idles,3.8264983696500954,3.323061695650829
regma,3.4897164760497885,3.3230175116644665
riper,3.341506592100596,3.3229926966053647
lapel,3.3472372754643818,3.3229623894917255
hokes,3.9797285094511383,3.3229072031583735
harsh,3.214437651738356,3.3227897551726295
mbila,3.3811949600527305,3.322774607666001
neifs,3.7600104409842805,3.322755236343256
usher,3.262254261499434,3.3227330061730966
sordo,3.4392378741287555,3.322730329192365
awing,3.085246621781153,3.3227223002664674
eying,3.143419737176607,3.3226658838708887
viced,3.3863096944689346,3.322640667899389
cymol,3.2083036826857487,3.322631944432222
kreng,3.2350084407332633,3.3226090848661585
kaput,3.3665663455571364,3.322594562133984
kents,3.958613153438399,3.322582890223006
spell,3.0769532266195263,3.322498962960302
greed,3.251945257476954,3.322483701500302
orbic,3.185349075166789,3.3224485440749345
holms,3.856962923496192,3.3223754627699686
abase,3.085974550821653,3.322350022851556
kyloe,3.4259642680697016,3.3222112806992357
tryst,2.9645452998469706,3.3219631231099975
khats,3.7119123779820935,3.321933995312392
pilum,3.4291787870312764,3.3219310542099034
reave,3.1491238388486194,3.3218506309311175
curfs,3.6870412507604327,3.3214369842671
amigo,3.2836795607107834,3.321430517213123
frugs,3.4997570234928426,3.3213169966403395
ruths,3.7519919394973256,3.3212969677770636
mobee,3.435207766787454,3.321221051504988
sigil,3.1797802172812766,3.321081465489272
wedgy,3.2051157983435727,3.3210800319301903
fends,3.788631544235735,3.321019706990544
mohrs,3.854229431929882,3.320993802126832
croci,3.052144428131399,3.3209293172875767
danks,3.960327517040543,3.320636807970313
fanum,3.3327461680485393,3.3206023722123392
shots,3.5227285459648963,3.320600761753763
upend,3.243278327125994,3.3204905086283896
leger,3.2628556643024273,3.32046591867212
unces,3.7198896902178653,3.320452965330209
datal,3.2985466157516425,3.3204355126643663
geums,3.746270061258241,3.320246568683878
order,3.2047102122223734,3.320163717276126
acerb,3.1842410835553236,3.3199935973827914
vinas,3.828243685067129,3.3199921106124917
prexy,3.156588391513136,3.3199695305108237
glibs,3.5925308453643563,3.319967423959419
notum,3.412845026457606,3.319882115953401
grows,3.5416819003481703,3.3198701369564736
ogled,3.4447684688775295,3.3198137478551035
oupas,3.8597042139807334,3.3198070295733557
gilds,3.829050454857946,3.3197279641159563
liefs,3.7486850918273156,3.3196391861452996
laded,3.447391339990359,3.3196245830354556
ensky,3.2688760148317084,3.319519809645165
bleys,3.639008587802408,3.3194250303015984
empty,3.2209595347586464,3.319417847109226
eikon,3.409813471781729,3.3193784779033684
billy,3.228515535126755,3.3192704892462728
laccy,3.1249844688664568,3.3191693998099137
perfs,3.8509953354910977,3.3191231464397166
dined,3.4726999333647353,3.319080384333684
massy,3.2923131117799382,3.3190667203819793
minds,3.9425640574433642,3.318955917048688
inorb,3.1584001708758214,3.3189463421010954
wirer,3.2991838808855825,3.318926620370678
drees,3.6978348610207306,3.3185891068137443
warms,3.841676569424762,3.318536182310498
nurds,3.898834178533474,3.318467152117536
bikes,3.9590347351659436,3.3184600805391495
feuds,3.701166730636771,3.318418221931016
pulmo,3.4715931821560986,3.3184109422085717
daals,3.710328506344199,3.3183755489607867
torrs,3.781895819163487,3.318233193025009
ardor,3.1147408870635998,3.318232915560322
chugs,3.4679640688170776,3.3181614864979996
scrub,3.213651249665441,3.3181000074484563
gleba,3.3029673421960952,3.318057472653134
flegs,3.5380954499741413,3.318049663808564
tryps,3.6432246047353414,3.318020596097196
flabs,3.539543014060499,3.317884279086173
vents,3.7864721782202344,3.3178778764295416
cosec,3.34328650348864,3.317683566312211
warps,3.8464024836070805,3.3176676770820457
bovid,3.3628051166305326,3.3175921680161276
owned,3.4054672362901273,3.317540328687147
tanto,3.419142035136783,3.317470528445538
polje,3.428082256480403,3.317253763183136
goths,3.7497496149664933,3.3171223011984816
physa,3.258748358997617,3.3170870368650767
sixth,3.206926018427529,3.3170801533988348
ficos,3.6889177990813646,3.3169867397824335
aspro,3.3387167294388482,3.316827362376919
musky,3.445596785845098,3.31679339768392
burry,3.217758936192343,3.316659727160828
ponks,3.9829158535939855,3.3164391091023395
bawrs,3.7787766752397807,3.3163757163304846
eider,3.2707475633000236,3.3163176527080673
dured,3.459234629326004,3.316315992400102
crura,3.115247561173531,3.316311654242507
input,3.1011867955221675,3.3161576877203847
iftar,3.1644308314576515,3.3161405515451348
loopy,3.2402974195859136,3.3161404323988517
samfi,3.473462121173342,3.316066214826474
balks,3.917982246751347,3.3160550582312576
rebus,3.8010927332876108,3.315993119642745
foxie,3.280721429098956,3.3159040678171747
boyau,3.428982158613375,3.3157009923401835
elder,3.123020048909058,3.3155901789753734
cleep,3.0777435288119603,3.3155360926194275
kenos,3.958449598666143,3.3154605333515064
arris,3.689610048263204,3.3154465928992733
pirks,3.968243906975612,3.3153471351557515
lowts,3.8223767619317712,3.3149877242838977
doona,3.371592828629403,3.31487181616658
flimp,3.0425545879187945,3.314646181501812
lehua,3.4164011368658533,3.314637287692383
pudic,3.3141786706879044,3.3145345818399
snots,3.570009667545226,3.314472943359772
shiai,3.2206361325864563,3.314464402034579
floor,2.9585971994822615,3.3144163540525065
negri,3.4463878385442848,3.314371261869531
mazel,3.4878501799324506,3.314365305809223
adunc,3.1176410374433274,3.3140959733948003
umpie,3.2767483469088505,3.3140668172015975
pouks,3.895451039995022,3.313837624042812
circa,3.276912740609813,3.313817995037387
peake,3.3369339517062926,3.3137969415408435
enure,3.0492410888227073,3.3136167881443166
buoys,3.716627966201211,3.3135982258284464
gelly,3.2123516614992296,3.3134978056657034
phyla,3.283428689891396,3.3134806243358956
demoi,3.5522997656188604,3.3134738619781183
conch,3.0537116241324798,3.3132971728716103
nomic,3.4347069882821186,3.3132199000620712
gorbs,3.8613227162961183,3.313217074654591
dilly,3.2572312061422175,3.313159841812098
klong,3.179224767827674,3.312996580596553
thuya,3.219431139822861,3.312850768756112
vigor,3.192531762459237,3.3127841209511315
decyl,3.251394215315218,3.312766197618741
reedy,3.27866836895517,3.312757761411701
visna,3.393041718167212,3.31273438640309
bekah,3.3648558996520457,3.31270290394041
speed,3.285787293596592,3.3126734821738157
rohus,3.802318036288229,3.3124950575435705
dikes,3.987750406181406,3.3123494331049743
moana,3.425467924290289,3.312055640587328
crumb,3.0809219370544696,3.3119499636673613
kelts,3.944983554164666,3.3118904930497752
tacks,3.834648451166287,3.311824599895671
piths,3.7892895813730387,3.3117792170943945
rubli,3.3964879849157525,3.3117624448460266
hinds,3.8293814285622494,3.3117113240545004
fidos,3.72417834048558,3.3116750103345276
whets,3.5805115474703606,3.3116567049918784
norks,3.9983233690095914,3.3115014020217695
allin,3.1902418590346295,3.31143192250334
kames,4.069903026178,3.311372445804916
ceili,3.2269959760649,3.311112738113302
vitas,3.7682008631857453,3.3110965083167403
exact,2.9120859467605933,3.3110950266696757
nmols,3.711724665210678,3.3110629687104716
neums,3.8158894896987663,3.3110577514458086
sards,3.8139972522834267,3.311005563402536
impel,3.27611327529807,3.3109611968633077
swerf,3.0920452836490386,3.3107449404139113
wonga,3.4328177631591403,3.310744805361089
varus,3.796344739391607,3.3107389364895736
couch,2.966246810533516,3.3106956878120823
daubs,3.8054814791686318,3.310562178305538
durry,3.2464746072078055,3.3105490797266532
lovee,3.2823096491087838,3.3104838303434527
ycond,3.196992518442988,3.310454742198373
bawls,3.759455991880839,3.31044183348949
truth,2.9870898420448277,3.310410122869934
skeer,3.2409142978533403,3.3103523537222497
rugby,3.2566515175568287,3.3101907267754025
dited,3.4126571114833517,3.3101847820379326
waved,3.3663937934882093,3.310174178431703
fence,3.053787485675131,3.310118438028705
enter,3.135833388441672,3.3100763212906457
amnic,3.278904510108129,3.309986253748776
plows,3.5967529724209317,3.3097964088016343
night,3.212706316616976,3.309725396678365
peres,3.905739449006976,3.3096270161391663
husky,3.332414156963983,3.3095488046897326
tufas,3.7404651231279136,3.30948654306612
octas,3.7155417586697945,3.309431135767473
agate,3.133475851672805,3.309334156043632
puked,3.582607411623817,3.3092285257004517
archi,3.25093863044523,3.3090752056423196
pilow,3.3755394208723097,3.3090591613750244
hurds,3.8159161245235187,3.3089469321209184
twerp,3.106058833475494,3.308892595283254
insee,3.2411925052901456,3.3088590238894966
fitte,3.1914239647258547,3.3088359144118527
bawns,3.7523053499118992,3.3088269124952174
rorid,3.472348305270488,3.3086918331340196
pupae,3.337742562807173,3.308635638066407
annoy,3.176852756378029,3.3085102092259637
misdo,3.541453036987423,3.308447218183316
aided,3.4184936984901197,3.308439310333747
milds,3.928934458169631,3.308263519875457
oping,3.127304704964133,3.308137637440826
pitot,3.239191037614046,3.308090529630516
ginny,3.1901222524096378,3.3080504145813925
roton,3.3005202292005644,3.308039445465641
vinca,3.276709056082664,3.3080242022559814
width,3.168806138172282,3.3080140650729426
breme,3.122130531158965,3.307984120129926
mgals,3.6903232893295344,3.307932681284176
tirth,3.2231413290825985,3.3079164636648146
motty,3.34481870807437,3.307902227539042
rimus,3.861943561506423,3.307891438987784
trets,3.6084125394991684,3.3078721585760773
sweel,3.1164365867098374,3.307733877958257
tophs,3.7696723256559572,3.3076321305953047
bewdy,3.2885686366235607,3.307627959319615
globs,3.592294877167841,3.3075615408090826
eales,3.839881992177922,3.3074757895950597
horah,3.3226025907670653,3.3074681522714364
might,3.2429708914881354,3.3074497696759346
dumas,3.8962931510451266,3.3073877513754297
grata,3.194715302224421,3.307345242608958
entre,3.0766630805402886,3.307322670908093
cohoe,3.1741570189343093,3.307239991806454
hazel,3.3746675510513358,3.3071207128150353
plebs,3.7031496221461913,3.3071003169238478
liege,3.215780465848712,3.3070514212575324
barfi,3.4601375460484745,3.306996845383799
owled,3.391837637016394,3.3068479315139157
bumpy,3.3204404243812045,3.306802814643778
naira,3.4041402542009442,3.3065990530233904
vowel,3.2986778953741105,3.30643946014427
khirs,3.6662309227686447,3.30625837123098
boody,3.2233090159151745,3.306205929823715
lesbo,3.450644738530916,3.3061755928249967
majoe,3.4367906974547857,3.306071967009333
yawed,3.509127052117818,3.306009156936532
polks,3.969286254320252,3.305746711929109
anion,3.132106936124513,3.3057410951669155
jails,3.7608297524851446,3.3057174022814344
aches,3.699424085032536,3.305704585009947
moths,3.8496336182781774,3.305657856957982
bunds,3.8098942968566973,3.305591783448282
mowra,3.5297824061702725,3.3055600815171235
embay,3.2379605694093208,3.305487423404591
lobus,3.787272320244692,3.3053651905726276
tenno,3.3207605028563316,3.3052221779278756
firms,3.7764685911787925,3.3051993379044444
tided,3.382281408894694,3.3049564468111363
loons,3.674570866438237,3.3048148638904453
layup,3.2769790187855574,3.3047937280988764
miked,3.6417448059493136,3.3047795835510323
ycled,3.3777059847135655,3.304633140435871
chums,3.5086241494652564,3.3045374869672237
cymes,3.7878735898028406,3.3044454513280628
cotch,2.993668802251096,3.304401570575859
nelly,3.2819710899397547,3.3043089884276347
treyf,3.1038116390376516,3.3042509244344416
obias,3.74188092723083,3.3040373443285542
torts,3.821656705721856,3.30391518815198
fibro,3.271110812661828,3.3037415108691297
mynah,3.328870869532342,3.303700280514909
calix,3.3249090440997957,3.303679603519681
lewis,3.8010623720359766,3.3035130632552065
levis,3.734866570812066,3.3034820090980648
teers,3.6784918905969004,3.3033655407218636
buiks,3.7748538267532874,3.303339464456455
repel,3.30532564336775,3.3031036373690794
nifes,3.8602076713585642,3.303056154603507
slags,3.474432441328833,3.303003692065783
canns,3.6737472793894312,3.3028874550438196
kapur,3.3893387597576687,3.302798009670391
dawns,3.7810210209273616,3.3027162650610418
gives,3.756244384038972,3.30268135749134
orful,3.083156210378785,3.3024796674854455
adorb,3.202780115327928,3.3024565577303253
crick,2.8743632644138897,3.302326554269774
aleye,3.103538595790475,3.3023060378951947
amids,3.722543523046998,3.302108037498651
fatty,3.1744124529127613,3.3020025085046605
horks,3.915405314999636,3.3019811820251515
seaze,3.1982282075779436,3.3017379205988995
cohab,3.2884919344577113,3.3017019764372404
zonal,3.420791255526229,3.301694618672723
reccy,3.1165765232171094,3.301675906828058
brews,3.5790042790653502,3.3015958373214147
mbars,3.71206236206516,3.3014830848727135
burka,3.5352758697505324,3.301475713044132
mimer,3.4053963591681464,3.301443509149779
proto,3.2067682427687663,3.301348569801508
kuris,3.9352876323397785,3.3011877496670023
vardo,3.440484759880295,3.3011811783214444
punny,3.230868861395826,3.301034912490312
wifty,3.1665211304988805,3.3009585193085966
roque,3.2767160997978015,3.3009555745689294
yerds,3.893476674576764,3.300947079745724
fyles,3.7554875925648763,3.300828849882274
whack,2.8710496211157372,3.3008282166457357
pinko,3.543500877698273,3.300781053397337
dumpy,3.3491560953966664,3.3006921672096023
hotty,3.2316360791932555,3.300657634544855
taxon,3.312622995397816,3.300568342698197
tetra,3.3595685674580293,3.3005236043657318
obeah,3.2144443609668616,3.3005145969099043
nixer,3.3786428422931873,3.3002133457922262
skene,3.155272664624076,3.3000498995044287
geasa,3.257897958571615,3.2998125749167997
koaps,3.90558940926104,3.299777345456624
dandy,3.318655000880601,3.2995470210213274
tweak,3.178704436130488,3.2993100873316843
priss,3.5096155401998517,3.299307611170425
noncy,3.1817129742053867,3.2993007700358463
spoon,3.094138513837529,3.299260880127986
booth,3.1373940958212314,3.2991916549514615
rifts,3.765643131983601,3.2990632825188984
readd,3.3426166258662002,3.2990280144661943
pixel,3.365800813927441,3.2989914720991065
roses,3.884310617514082,3.2988875450985984
rimer,3.377586948123188,3.298846358062818
sheas,3.5856585579014437,3.2986680127210843
fenny,3.136073742513693,3.2986497602827494
bonks,3.909383487332814,3.2986260333525155
powns,3.803609357480804,3.298518566193069
bayou,3.3705733550402455,3.2985008923094954
sadis,3.743065160028106,3.298400536535916
comps,3.814622849943714,3.298347010895138
wands,3.81513742183546,3.2982716203683875
bafts,3.752843408870052,3.2981814601513832
tozes,3.9021991745388247,3.2981280764851597
ebank,3.095952124470927,3.298109984334637
fudgy,3.124640720723265,3.2981072605609043
alkos,3.749544985589866,3.2979640973118554
eased,3.440649214508487,3.2979453310063933
mixer,3.4089074171643463,3.2979377187897962
umrah,3.2474241139407227,3.2978969345362534
nicky,3.350688395218385,3.297769472582354
troop,3.0355349881801628,3.29766744492027
ramps,3.9248055508446864,3.297587414774185
boord,3.278824464102434,3.2975449832092947
hiked,3.5285621770681983,3.2975349905568456
birks,3.894711540714441,3.297534059405927
novia,3.4680825896366745,3.297532020396006
teels,3.659171207237959,3.2974316578808684
joled,3.549620291643458,3.297395136183513
duett,3.1911298688177383,3.2973741737862223
actus,3.612261423419491,3.2973688425831194
pryer,3.174738529961538,3.297300504982392
ritzy,3.285151860018087,3.2972333353232948
prowk,3.1023530536132187,3.297168690354393
pissy,3.2097407161825338,3.297066658466419
toxin,3.319400075064162,3.2970234599235133
abate,3.1358942410494883,3.296950676791174
folly,3.16975732443919,3.2969410637733305
sipes,3.773550852752397,3.296858677878114
minny,3.290006255721322,3.2965859703408933
janes,3.9477862078639996,3.296567393547554
redry,3.2262233722228135,3.296364177380152
socas,3.7372079838384082,3.296335826737221
skatt,3.10909100500401,3.296334241693858
ruder,3.2871380925629534,3.2963153067066644
bitty,3.2109423049080608,3.29621051192563
voids,3.7366070205429445,3.2961956350119967
bouks,3.82191867373385,3.296024548292987
firry,3.157794082925135,3.2960027196748793
kilns,3.8738914522154237,3.2959835745584924
serer,3.2597577329192093,3.2959097333851743
toros,3.785216065302891,3.295895840422485
teens,3.652020565269019,3.2958167368865956
powis,3.864841242370157,3.2957947360619304
boxen,3.388369161486088,3.2956982936634347
oumas,3.8957845700033262,3.295660691030809
lefts,3.7403685461047766,3.2955914410425113
maran,3.456320562856921,3.295547626912578
micky,3.380952970089544,3.2954938455799234
cleek,3.0639968479986983,3.2954812358288934
hongi,3.4402223867658783,3.295328368681429
mocus,3.8338758433228244,3.2950330062604545
omlah,3.2658601891590804,3.2949930623948003
edify,3.076272398690757,3.2949901942548583
cided,3.3123269514860603,3.294927177198315
helly,3.199053035929799,3.2947887684310166
coxes,3.7927677467225864,3.294725035077782
bleed,3.2334839632885446,3.2945968975956377
hundo,3.3911730952461796,3.2943808503625034
diana,3.320307192139442,3.294253277539741
guimp,3.195380981303196,3.2941730481116744
pacay,3.2945247719283612,3.294093310894201
laxed,3.4766658028439457,3.2940502283133943
ernes,3.668024612702208,3.2940499350343773
tanas,3.8114691489541164,3.2940038962729226
raxes,3.902950447623559,3.2939654389568296
khors,3.6659949545721298,3.2938524880806437
gauje,3.248077060312496,3.2937954069902062
aloos,3.5524005157700396,3.2937231700995877
ameer,3.2224486147357245,3.293546027130625
helms,3.806806650014041,3.293446619335488
pungs,3.7951193025489696,3.29337162015489
ochry,3.094175890999242,3.2931810083152957
serre,3.200587425017826,3.293156083002622
otium,3.1670040484553166,3.2929129547805025
munga,3.494821025910557,3.2928643316436768
sorgo,3.350930513559857,3.292697090149148
helps,3.8115325641963596,3.292578114107035
vista,3.425431719470209,3.2925563738661614
stush,2.851224955212337,3.2923128491261626
yagis,3.811531749484333,3.292221188332417
invar,3.1098688848365432,3.2920221911062844
nodus,3.8388718098558807,3.291996903814979
blows,3.523220606159761,3.2919833330518093
rypin,3.296425446921896,3.291979926930595
abius,3.638600591980526,3.2919750511442007
unsod,3.306016183352953,3.2919015920599177
beres,3.8322070827458052,3.291813940389342
sunis,3.711916120247407,3.2917410391962143
cotta,3.345689059506662,3.2916963618151955
hibas,3.7875116828701594,3.2916346890425734
tasso,3.2843652582687026,3.291617996940751
tomme,3.3122224872887167,3.2915444609325926
yauds,3.8042100656421938,3.2914740596565464
dirks,3.923427211729903,3.291423411971752
redug,3.2955352919695624,3.29117207884107
pendu,3.4727691507792535,3.291037464023026
sodas,3.7724685252426235,3.2910240972893146
mossy,3.270084753087672,3.2909452983300063
grump,3.079187208226579,3.290861302266266
juste,3.3411538221374393,3.2908476742844854
caxon,3.242668537989182,3.2905390730853754
jeans,3.721057257580121,3.290454656254316
whift,2.896457362691827,3.2904384893080043
cooky,3.1822202144396465,3.290438249870676
worms,3.8194482107324963,3.2904147602585256
ditty,3.2396579759235227,3.290099864491456
omers,3.7269553888199356,3.2900736613756805
galea,3.4885269985065994,3.290011581513353
fermi,3.425460636469168,3.2899207781401083
crock,2.8741272962173743,3.2899206711194378
douks,3.850634344749313,3.2899139008588127
bogus,3.7407208906775993,3.2898722056286873
pseud,3.3526925938896204,3.289724583522735
modus,3.8691363847270397,3.2897212768125486
jodel,3.382259613380602,3.2896492526602286
mebos,3.8587592501321235,3.289642690982311
bemud,3.414451247963914,3.2896009129949784
antar,3.1300032355395593,3.2893948943178897
slams,3.515092521977012,3.2893796925350065
hinny,3.176823626840207,3.289341377346706
rahui,3.4348363396246255,3.289252988802996
steem,3.189789846380764,3.2891368238633243
mesel,3.3767754543826554,3.289070836190194
mings,3.8542566968744656,3.2889226780054717
thana,3.1077361931121024,3.288911429289513
funda,3.3904937726255806,3.2888764296005384
twerk,3.092312152662233,3.2888377384927185
pyric,3.317094585185034,3.28881013184153
slaps,3.51981843615933,3.288511187306554
stept,3.044986483907884,3.288455878585927
gnarr,2.9932930481451754,3.2882674685722035
bowrs,3.756548316547514,3.2882542942785125
knawe,3.1952072770234285,3.2882294202085935
wecht,3.091296547313126,3.288198066990228
liwas,3.8139919952965142,3.288173115032367
cozes,3.832244717130191,3.2880988068723385
links,3.8804348826135597,3.288072505267405
gaita,3.340439501735535,3.288061053889263
sposa,3.1430393281728772,3.288048664422888
bolks,3.8957538880590814,3.287933636179284
hocus,3.7206932144417095,3.287788413266267
walds,3.8015078225617267,3.2875792231951566
penks,3.9327595801118345,3.287510265667859
lases,3.842562289681278,3.287452194645973
lazed,3.5161427732515502,3.2874240001079515
razes,3.9424274180311634,3.2873392107513855
korus,3.946257355917506,3.287322528231066
azide,3.23936925712371,3.28731032325191
ducti,3.3880518227804215,3.28729196591316
kafir,3.3579605698437955,3.2872776970647486
scars,3.473906494992507,3.28717852594678
pross,3.5093795720033363,3.286901728020089
embar,3.2156129048269237,3.2868801697675583
barby,3.2964031525351647,3.2868551691805665
boron,3.310863022657759,3.2868398293953165
ideas,3.7411049166190633,3.286772535843725
drubs,3.619994500419185,3.2864439265716245
sposh,2.9051662650771704,3.286435868310523
locum,3.3151941975884442,3.2864342342968396
chara,3.0642530610313505,3.2864309635119597
naiad,3.400008518829811,3.2860851176356274
frorn,2.964225621036297,3.285922866730143
cella,3.3131060162432053,3.2858274957013576
boxty,3.271397885694806,3.285824482925163
beget,3.1801734806927535,3.2858022247581316
deres,3.860922753761268,3.2857032929551666
carap,3.2617206125988734,3.2855791470060534
tajes,3.855162296991787,3.285477602073696
kaims,3.8833290745326554,3.2853648322834412
yorps,3.9007115823205125,3.2853501793777595
pened,3.4692450632424103,3.285346777484226
lurks,3.866969578574829,3.285308113333823
ileal,3.0988939716196935,3.285230053337954
owari,3.2501921464072208,3.285021608061921
knave,3.1483645440475145,3.2849881334378135
finds,3.7499294435894894,3.2849347759623333
ganks,3.8767458717513095,3.2848898407957074
yogas,3.8409351146988504,3.2848447490858153
volti,3.433288797072783,3.2847508318982443
loots,3.706960867741234,3.2846368513535174
stens,3.4900773415915167,3.2845535513088513
unlap,3.231905616831151,3.284436292561093
nubia,3.459362342009423,3.284351579872025
quies,3.688957410253933,3.2842959611303577
nemic,3.3845507147999676,3.2842910566275902
secco,3.1761769748875635,3.2842690016644047
waked,3.514318170341409,3.284095286870732
hives,3.742945758469542,3.2839723202566526
diebs,3.8060604412914483,3.2839040674725424
theed,3.197356149667632,3.2838718756439294
ocker,3.3105099328192154,3.283731748703992
tocks,3.8124200924740204,3.2837031778436985
unrig,3.219757179993131,3.283663355346751
glums,3.5598404462210302,3.2834341639229727
cavus,3.617733165203423,3.2834048769137274
dying,3.1490291041506135,3.2833294550281154
talas,3.797839549680383,3.283311499099692
pervs,3.7687818050911437,3.2832818124418823
amene,3.1368069815064596,3.283243572912805
bunny,3.157336495134655,3.2832218367404873
grass,3.420979978903243,3.283039361265428
vices,3.7486176527234774,3.2829991060382255
dozen,3.456561802909155,3.2829614180238167
honor,3.232890596073276,3.2829266354740785
sords,3.7917688935911604,3.2828841413505634
onium,3.197002777549437,3.2828784451245117
grees,3.614253215731497,3.282842139639139
pubis,3.7899251935189944,3.2825832413808076
nerks,3.948167095527441,3.282572558587289
dawts,3.8134110222303583,3.2825382525241142
omens,3.700484063492054,3.2825248575404125
palki,3.6018045576566493,3.282504643188535
lweis,3.648823097768601,3.282470181196654
lenes,3.8179304246449233,3.28235238625082
bowls,3.737227633188573,3.2823204114375173
leave,3.0851471523235494,3.2822938584265193
talls,3.727229045241411,3.282279184712741
snush,2.881223684306457,3.282278339470172
mulga,3.4811914266368236,3.282171934470446
vints,3.747770077573989,3.281792945401331
hings,3.7410740679933507,3.281678085011284
lurex,3.4128199197538365,3.2816367619749904
poufs,3.7395003678642618,3.281528704298566
comme,3.2422680298800834,3.2815151913197713
briss,3.4360831739386803,3.2814945354206
ginge,3.2374477079496584,3.2813821732930135
motor,3.286030403073007,3.281275626172515
netty,3.26439785972106,3.281249011106992
worry,3.2007737024788394,3.281218142028961
abuts,3.645853831797007,3.281071174010881
ceric,3.2430154186490725,3.280938800609047
aglee,3.2433993451464773,3.280890901366332
admin,3.305581291528081,3.2807149422534563
terfe,3.205780687622568,3.2807082147608773
pekid,3.5341055862627524,3.2803975087705
chivs,3.3705315703508165,3.280393637866836
kirby,3.4259532584112775,3.280310222945287
merks,3.9784316703985994,3.280296931584859
divna,3.3319545474676335,3.280177860477127
ogles,3.807076427132072,3.28017218599394
tenth,3.1876570022188204,3.2800795941769216
ruvid,3.3101814668875935,3.279909219985929
scans,3.447435169664626,3.2796297221115123
temps,3.8344210338701967,3.2794474370734776
gonys,3.7965276207034826,3.2794330632660627
fohns,3.635123492748126,3.27942385720521
kinos,3.919747498019898,3.279375602323295
kidge,3.368370429851375,3.2793007557965668
roers,3.749910157798052,3.2792767053453
ephor,3.0973990959705913,3.279166156925937
chana,3.0377817357034687,3.2788821596766917
dashi,3.475337966784881,3.2786583843052033
lungi,3.3917866503410705,3.2786552999901
gurge,3.223982403910928,3.278617781359431
reive,3.1093610596102863,3.2784481904775085
conto,3.2906821333891743,3.2784228459227487
misgo,3.4531456764185244,3.2784139791400997
sewen,3.2759182006686345,3.278282882868271
icier,3.062807933686125,3.2782674693244775
seven,3.2097223994447237,3.278251828711129
mikan,3.512362359043582,3.278152159728151
mered,3.5149171535291757,3.2781334434012255
sippy,3.2106701371845214,3.2780989631394224
womas,3.8505922463161606,3.278056813677737
shris,3.5840123801601678,3.2779692298096754
bhoot,2.9414269853426402,3.2779037778320994
yowed,3.4868986934255517,3.277887734884559
zoned,3.557416042123382,3.2778281653470662
asset,3.2012222616272834,3.2777129209527684
knead,3.41981680580958,3.2777066661429415
gleys,3.5841426135286367,3.2775674156928183
gulph,3.188820355059929,3.2775310778393516
knife,3.190815295209135,3.2774270269820396
gilly,3.1736495608529838,3.2774128746374926
waxer,3.281480781556441,3.2772534221094958
dunny,3.1860521661501178,3.277111189306312
maars,3.745951547725592,3.277098020386677
freed,3.1591946469347634,3.2769981161734485
emong,3.110613626944815,3.2767608287031895
churr,2.867601976629202,3.2767336151006266
meths,3.7994773447960264,3.2767290135235014
gismo,3.3939217537550186,3.2762544238498226
ought,3.13850822087513,3.276247928296733
dowls,3.7659433042040353,3.276209764003342
boogy,3.135001655346276,3.276172690780499
aioli,3.294224654226199,3.2761340570701876
ducky,3.27699888051834,3.276019064545343
howdy,3.2705603102625105,3.2759901509106286
clack,2.840798775190042,3.2759845762099378
joins,3.731450751823938,3.275981059235189
ustad,3.3340436183803046,3.275902442682028
kilts,3.90628145351842,3.2758055620215645
latah,3.1957925228368746,3.275656283662353
basal,3.2793193479289378,3.275577344771232
bungs,3.7215869362877987,3.275558544405065
spars,3.4988230292756004,3.275556612250756
cache,3.164634272223482,3.275531667016545
natal,3.2845843989029335,3.2754997282516927
meows,3.7546682502348845,3.2754736789634347
culex,3.301026237286444,3.2754603549631787
truss,3.412524486376233,3.275406959012681
caddy,3.1582820190019265,3.275393813885958
raree,3.354171427031864,3.2752446711357357
forks,3.835953330026876,3.2752046339329848
campi,3.4471411532801106,3.2751049421545635
berme,3.2852184238995017,3.2750983062713486
terts,3.771500432239705,3.2749863447174996
aleem,3.2043173961670437,3.2749844287345358
umber,3.2376855224062977,3.2749635126347596
udons,3.599208782870048,3.2749338208107854
rappe,3.3214382673610245,3.2749115782811624
tofus,3.6998031227988575,3.2748763388248117
wacky,3.2535263344816396,3.274809548899623
gurry,3.1628929619185717,3.274802112552048
hemic,3.3016326607900117,3.2747708366309727
conns,3.651518920697165,3.274766032991847
vinos,3.747606522801733,3.274670588529831
downs,3.758792662235096,3.2745948430090692
lochs,3.7217182145378565,3.2744856023038516
frows,3.44893128980598,3.2743845516296206
sunts,3.683074236661051,3.274286856790425
inner,3.1847984354617624,3.2740729083594005
rabat,3.238263519369111,3.274036431938428
ranns,3.761701621598137,3.274006436870894
pygal,3.2403465084638023,3.2738525162699945
sados,3.7140597216694937,3.273823997258627
vegan,3.247492424602136,3.2736153156236707
fight,3.0503362776342606,3.2734286285895804
manks,3.9766298750629936,3.2734253965552087
slomo,3.122562755079758,3.2734175567728636
peyse,3.1814074454635355,3.273394761560784
dryer,3.129921834715829,3.2733767817983925
arnas,3.6621944598000953,3.2733685080616204
hyens,3.6366825157104676,3.273295085493104
torii,3.4333939322884977,3.27324050253498
laura,3.3198513107467456,3.273090848171976
quash,2.9654459556111483,3.2730564748062365
racks,3.85264833596636,3.2729143121099247
tithe,3.1811792530066914,3.272665705889424
pooch,3.011649380006232,3.272608141468046
knits,3.71943072032409,3.272403736464793
imply,3.141144979864152,3.272386442507698
gulab,3.3208303414313773,3.272281149312833
calls,3.6572745878327773,3.27224991509992
umbre,3.178515214504914,3.272209862252207
smash,2.9338106886214224,3.272209777139773
goyim,3.3259224188608254,3.271855836388532
aarti,3.451684203210556,3.2718459043079293
humid,3.3854731980251365,3.2718283260219287
mungo,3.416048363558396,3.271592204313474
forex,3.3818036712058834,3.2715332825741523
visto,3.346659057118048,3.2712842465359593
chows,3.417138335130215,3.2712290414872798
afros,3.6956785415744595,3.2711986051099067
whelp,3.0012916816796715,3.2711323583529275
crewe,2.9373675400493577,3.2709647117795786
puhas,3.792625946944245,3.270901318652524
label,3.2837647026219168,3.270832800575929
fiked,3.4491101920954392,3.270758442464678
hapus,3.7448988825270795,3.2705893033193485
waves,3.728701751742752,3.27053261657054
yente,3.283723270582307,3.2705205995010225
pully,3.214396169839172,3.2703973725464124
jeats,3.753447258883118,3.2702766437173882
dictu,3.328402265151431,3.2702031305024155
pubco,3.211249626089152,3.2700881884994666
tacan,3.240152711450191,3.2700250297369373
haars,3.6327689188444765,3.2698534273924897
pools,3.695344105259206,3.269782614256961
pukes,3.9449153698783603,3.2695869638392883
esrog,3.248781733659141,3.269571144016877
romps,3.9025771921524206,3.2694659927222123
dungs,3.750302607303261,3.26944789697089
thanx,3.0281758082620867,3.2694259400398042
moola,3.395045828620794,3.269275325745748
melba,3.551450479926741,3.2688374353781677
kilos,3.906117898746164,3.2686832051500647
jones,3.925557849171734,3.268445971495581
otter,3.1480397647819394,3.2683487622331118
koban,3.456431333460403,3.268281911417975
wangs,3.726830061266561,3.2682383813251707
poons,3.688193463290266,3.268167693262688
avers,3.5923856838052357,3.2681077172647557
felly,3.119601050957039,3.2680122203388495
spans,3.472351703947719,3.2680078084154878
axion,3.1488230649460744,3.2677793964578217
forbs,3.768572105753928,3.267731489327737
osone,3.1147857497372913,3.267728437875177
scull,2.940370997392953,3.2676437909746583
fundo,3.3117211102734196,3.2676043022703363
crook,2.951833849958267,3.267583318516914
mixte,3.3556557852380777,3.2674572520350478
haiku,3.368416346745888,3.2674556829243606
sensu,3.2224970340946006,3.2673188076757267
solus,3.709256244551401,3.2671834205870467
ecrus,3.627498116122788,3.2670018566130357
didst,3.0869409507175196,3.2668630606372995
eathe,3.1723813992324885,3.2667979566708922
sanga,3.3753190972978473,3.2667557512471275
brood,3.1213209652481133,3.2666989802836586
venti,3.3967621228643647,3.266514385636995
mihas,3.8517633412697405,3.2664523765031057
umble,3.159194531145973,3.266275979411212
sabra,3.335364428706401,3.2662400064394523
hanks,3.863447246181879,3.2661808035610207
icker,3.250833951326572,3.265970899758657
milly,3.273533564164668,3.2659484303969935
loxed,3.4544374441516794,3.2659288062614227
obits,3.66140731973769,3.265838179117393
fugio,3.2315779805165947,3.2657499458866788
rigmo,3.3722417130513813,3.2656604533060536
herbs,3.797867817244537,3.2655791939854235
tauts,3.6822338233051353,3.265513324628322
merde,3.377883732858135,3.2654334859960614
braai,3.2121287680506176,3.2654106855484617
nains,3.694549064928302,3.2653563841581827
debag,3.320780808203444,3.2652161922116196
weest,3.008248680876603,3.265212318240562
mikes,4.004052764203856,3.2651380216898698
eruvs,3.4436021551874116,3.2651032462775644
traga,3.125158610806369,3.265072441974105
yirds,3.854774573930518,3.2648621487175133
plaas,3.6020439212054765,3.2648428335773887
gyros,3.7321931339761463,3.2647499532133257
baccy,3.0650746994573153,3.2647091534323316
codex,3.3235765176486103,3.264690827424139
magus,3.8079672784077787,3.2646715688313805
noyau,3.4437356127801286,3.2646545604933337
cello,3.234333353891044,3.2645553683711555
pahus,3.774192305307454,3.2644125364631886
goody,3.168443041641403,3.264348315214935
jural,3.3243014261529105,3.2641758202861273
quoin,3.1453993129903597,3.264159233212932
yogis,3.789303390792067,3.2640997662804443
chaco,2.9159549759375687,3.264060103308678
yangs,3.803367518672259,3.2640423056728576
fixer,3.2162728033104715,3.2639165777034416
gnapi,3.2493310798076784,3.263839344417801
totem,3.3575516113672625,3.263773030963287
plomb,3.1744042116280258,3.263729583774145
waifs,3.6241462796012893,3.263710381632314
mapou,3.4576051106153916,3.2636840267315845
devas,3.75530419632517,3.26365609809168
incas,3.6432418770780544,3.263545284330279
zesty,3.3335755609048734,3.263390827330847
omdeh,3.2351242974933774,3.2633807255458587
murry,3.2627769652302563,3.2633376683115483
azury,3.1179089540753155,3.2630781369947464
mawrs,3.8237947042776934,3.2630536574812057
dross,3.4645628767576278,3.262978004836089
dhaks,3.641242109409821,3.2629376475732457
rotta,3.433643401715368,3.2628153436422704
barro,3.347681004954298,3.262783027166745
unbed,3.2960864685139617,3.262644406276684
finny,3.097371641867447,3.2625648292545386
boomy,3.175661735994454,3.262548691249723
wyted,3.3008876571279915,3.2624688545123073
poupt,3.1890453385798976,3.262376118617645
avels,3.5730650004462943,3.26217383442376
leccy,3.052599836692039,3.2621191343234597
flobs,3.4995442666256507,3.2620759554822287
messy,3.219928479605521,3.2620164548955257
casco,3.1844859648796664,3.2618948460826855
zeals,3.722374050755252,3.261810209238911
twite,3.0432730464210334,3.2617931143523133
decaf,3.2701785294633536,3.2617799143462367
ratoo,3.3406584576365077,3.2616452906345454
rooky,3.2701745566483527,3.261557231697751
reech,2.993476366785057,3.2613468973062067
etage,2.96405983681266,3.2612840830460055
focus,3.6412412294689496,3.2610118651741002
flaxy,2.919654514965263,3.261009074159704
gauzy,3.1900641709131854,3.2607880155832225
wyled,3.3473008797356414,3.2606720596348273
avens,3.5659143584773543,3.2605589134294872
shets,3.505184950408304,3.260468847509923
flaws,3.4156027687786477,3.2604484567201197
choon,2.935752912499936,3.2604300039852783
piais,3.7094482054689357,3.2603700259005555
bunya,3.4030995498849483,3.260218557050357
soaks,3.7223047752160605,3.2601124622962407
knots,3.7191947521275748,3.2599978533144567
recue,3.185019143995474,3.259914077960492
sklim,3.3226695355310687,3.259906156984384
arhat,3.022057974933485,3.2598844259792172
grews,3.5241383047915784,3.259738222712634
nmoli,3.3220146098548087,3.259699477917925
yamun,3.363719484896924,3.2595432845644687
lifts,3.701666445458531,3.2595065100143006
uncia,3.2732500932466455,3.2594786710102532
wolds,3.779279463869461,3.2594578011431836
scats,3.4798251709676227,3.2594517095745843
loess,3.6414719996518956,3.2594138140859465
scowp,2.9966268957280824,3.25936455115586
dervs,3.7239651098454356,3.2593580892578826
loses,3.8203339309890114,3.2593307725940006
rozes,3.9201990593388967,3.2592177886994134
musse,3.2216728920442774,3.259213933839486
weeny,3.070898448584371,3.258801685890548
hilly,3.1603509352835535,3.258703837402806
molal,3.3741363000777014,3.258679801612819
beted,3.3356698750998564,3.2586380994386506
heder,3.218178760061612,3.2586101504842127
reels,3.6771710920380314,3.2585213700951225
figos,3.6407808754740527,3.2585038803013866
aredd,3.1901843410950836,3.2584129416793077
seize,3.15846542833961,3.2583354801452917
edile,3.0301778563639132,3.2581992770937287
laldy,3.2827495204335526,3.2580485157389756
lamps,3.8608288643196165,3.2580306422695875
kunas,3.9127329287365393,3.258010931956271
boors,3.6411324223569768,3.2579034213481317
hikes,3.8908701353227415,3.257893428695682
joles,3.9119282498980006,3.2577535743223507
oasal,3.3075264379025997,3.2577396369924365
jarul,3.3058677845161197,3.2576870380967913
tasto,3.368587616448158,3.2576061108224774
porno,3.370078812131866,3.2574376976705004
toddy,3.206008117718294,3.2573016614468067
ickle,3.1723429600662474,3.25728336653511
molys,3.882782024741433,3.257276221852333
fives,3.6634937734967816,3.2571957721644864
medle,3.2528703976824014,3.2571672102548526
reens,3.6700204500690914,3.2569064491008497
gonks,3.8545175130590428,3.256768418743735
alarm,3.0506447461000072,3.25658650198866
doomy,3.2043774070099165,3.256438043815548
ceroc,3.2140099802904607,3.2563622613317578
tophi,3.379962270300088,3.256268639802758
globi,3.202584821811972,3.256198050016536
hurry,3.1495943363491414,3.256093075317361
ormer,3.2075073362338538,3.2560085761825937
namus,3.8638972925596273,3.25596318477342
erhus,3.5382792643382923,3.255706990388049
boysy,3.1332578587352407,3.255652315428427
mawns,3.7973233789498115,3.2555048536459372
galvo,3.2743954681795464,3.255402908638085
korma,3.621522758837634,3.255379658819147
swill,2.93878293643375,3.255373545210787
punka,3.5346218085016803,3.2553669882778538
aking,3.138103392464494,3.2552593947406665
nazir,3.3543508879653894,3.2551201736935997
ranas,3.829469033754189,3.255093608487176
blees,3.5957919215430874,3.2549553357344747
unsee,3.194616384780675,3.2549095472869505
degus,3.719280288210911,3.2548327147600316
lycra,3.292393423538089,3.254772870838428
poohy,3.175095390764145,3.254602773315894
dowts,3.791182663538092,3.2544168304721413
laxes,3.8389737610984884,3.254408666452232
gouks,3.767052699460079,3.254166933684207
tolls,3.7050006865491447,3.2541577626607685
armor,3.11753801107508,3.2540777744667895
sasse,3.1065713909230706,3.254027972126916
druid,3.135979216280922,3.2538937036470594
verse,3.1331700627609242,3.253669860409086
lagar,3.2104175868866225,3.2536503684038784
estoc,3.144363402754694,3.2535261224657894
lyams,3.665040073079464,3.2534024875826737
tirrs,3.6930374450350905,3.2532194185623178
kerne,3.3228407269039275,3.2531535406790972
noeme,3.3001426053828995,3.2529345179650173
humas,3.7994128801864626,3.252931746966137
moody,3.2683270449530877,3.252883870974436
eigne,3.1017084650592306,3.2528440684571063
capex,3.3125216443297645,3.2528034469251264
mavis,3.792359462615255,3.2527499693576574
gleed,3.178617989014773,3.2527392829868575
lytic,3.169242738941599,3.252639899657432
terza,3.4500395920003655,3.2526199953208756
repen,3.3125679830591714,3.2526097602205413
bully,3.140863803578001,3.2525842967965874
defis,3.7380163312974535,3.252474729636545
smell,3.0655989027289294,3.252464548185608
munds,3.8549123258946105,3.252269724599002
thump,3.0245981004172577,3.252249476409893
ledum,3.300298465510508,3.252193661414453
boyly,3.157938189629019,3.252045902899246
bools,3.6218117389980353,3.2519695385071365
dogma,3.4447019646131904,3.251818688782593
doors,3.6698480933724396,3.251792773913957
yoked,3.568627269054841,3.2517777891664466
bukes,3.87138300361719,3.2517738880894633
wooed,3.2949453418293166,3.2517329376064916
voips,3.693685654804542,3.251669891209551
naats,3.7216056488295477,3.2516468310169118
rorts,3.8058143799386746,3.2515960888670667
pinks,3.894057479465589,3.2514253346396482
estop,3.1628852239827285,3.251395893303328
kanae,3.4323037644235175,3.2512945001714613
whelk,2.9875450008664095,3.251077501562393
tamal,3.270968037174465,3.2510520363440376
rebel,3.241853070525285,3.250974048453283
pases,3.856184886533307,3.2508050240182165
abeng,3.1228162792658645,3.2507668399610212
grubs,3.536412855129951,3.250696959397019
voema,3.3993962374539626,3.25062844513172
ecigs,3.5016813953974926,3.2505467381442146
boons,3.6146610970290953,3.250354617512864
nerfs,3.7922164233966806,3.250263638843043
glows,3.4683546318859895,3.250125718443029
mbari,3.3223523067092904,3.2501195940801666
geres,3.777341108472034,3.2499563257805617
dryly,3.0233952405873006,3.24993842578313
rearm,3.2237228412017327,3.2499070225681272
goold,3.204637806469721,3.24975348575952
mopus,3.835853152715928,3.2497124742615635
plews,3.57920937686434,3.249664494557795
mauzy,3.28994817422487,3.2493235713427233
kutas,3.852690106855156,3.24911532966052
bedel,3.21472241944465,3.249095421037886
ocote,3.060113831073121,3.249010354736976
sense,3.0819395258867166,3.2489281637317626
abrim,3.302773570386741,3.2486675648018264
elude,3.00789115171548,3.2486456359174034
alang,2.9554335607061093,3.248459343075411
tutes,3.714614891795721,3.2484541412413854
cinch,2.9648532500040834,3.2482833984089186
halsh,3.1266216249545997,3.2481755574832953
maumy,3.2228115462292743,3.248163462704156
bachs,3.684036803820981,3.248146777978243
soldo,3.3514218473449993,3.2481161315030302
fanal,3.182257181801601,3.2480985624586585
borax,3.4061963223725638,3.24801932490731
femic,3.2221806758172518,3.2479942885388056
poots,3.720583464593263,3.24798968072576
oculi,3.1926967447691483,3.2479555305311893
odism,3.1545937780382296,3.2478902858419803
chufa,3.051515902639029,3.2478479348767175
spats,3.504741705250716,3.24782979587856
lazes,3.878450731506093,3.247782438246788
novas,3.791498252958612,3.2476491571134862
efits,3.5446435572462063,3.247628170699681
skirr,3.0523397534078396,3.2474532536496863
ogive,3.0481599748460977,3.2474036148892624
putty,3.1968229396204775,3.2473373952257694
kulas,3.8991033294628066,3.24731853478304
cuvee,3.0818218877479975,3.2472216541085985
slogs,3.4344336938939843,3.247195368461838
cueca,3.139275462895552,3.2470856026937396
sands,3.7398108247734037,3.247083762886432
bilal,3.2402598969113914,3.246988085999407
yaups,3.7612886999037918,3.2469483158541013
pegma,3.4393623863767475,3.246813568532112
etape,3.009445831643156,3.246791578286777
unfit,3.0232324850988235,3.2466878985121963
vertu,3.3236472611966437,3.2466611582926683
bahus,3.7006599390462833,3.246599460713364
using,3.0831979886460923,3.2465892961902427
rajes,3.87316218179186,3.246567314287949
raddy,3.2462363612106326,3.246512795713033
dully,3.169579474593464,3.2464736493624127
nacho,3.348233656220419,3.246456064889083
whamo,3.0978481325167007,3.246270940155016
humpy,3.2522758245380023,3.2462361628003107
ratas,3.769426211872806,3.246198006191425
hyson,3.2256871906970748,3.2461259934802325
slims,3.475329742738678,3.2459772520813983
conic,3.2189852646212014,3.245945843527424
doyly,3.1866538606444816,3.245935255465071
mooth,3.1824121248591437,3.2458695961021817
dools,3.650527410013498,3.245858891072962
rossa,3.35890944672867,3.2458584144332345
taiga,3.270882810317482,3.2457882532544104
penes,3.831553021496953,3.245705215623063
bydes,3.749144352065854,3.245702555366491
dukes,3.900098674632652,3.245663240655288
hoody,3.155144416071973,3.2456392779802483
cilia,3.3046911899084264,3.245574597650571
stoop,2.9838924595271283,3.245558285058225
yitie,3.2235299494793717,3.245530291826476
curch,2.9513879459653527,3.2455190064753365
rawer,3.2875266952528057,3.245509831972978
raver,3.221330894028895,3.245478777815836
rodeo,3.414744592151584,3.2454362589388124
mowas,3.8879586290536823,3.2454045842681976
frump,2.9864365976843885,3.245375716939412
monks,3.954401516370728,3.2453039745032357
wally,3.1461069285567635,3.245264133716693
nitty,3.2256957590748145,3.245164080078781
slips,3.4800556569209964,3.245108746852946
oxter,3.201147723894584,3.2449764562998906
mafts,3.7978614379079647,3.244859401302104
yupon,3.2654356082457277,3.2448568832136906
hymen,3.3153104047231405,3.244852058070249
rocks,3.8304199772740937,3.244792890057952
pulka,3.5209922092279475,3.244674591104623
chawk,2.88940989529517,3.2446652281305384
impot,3.1211007056430233,3.244660450931558
ulmos,3.6488195228936045,3.244587562117259
mutha,3.401339573185872,3.244585736133496
pelfs,3.7631793087073415,3.244508948750382
acyls,3.5408770013428223,3.2444924969055937
wakes,3.8766261285959516,3.244453725009569
nigua,3.394832031300802,3.2444398454070376
thees,3.559664107922175,3.2442303137827664
mirks,3.9397295697523544,3.2442120005566477
macho,3.3784982310915783,3.2441804378866523
algum,3.1126604767821937,3.244160050433363
colls,3.635046229140511,3.2441284930479473
kadis,3.8922502446104548,3.2439254464906004
rehab,3.3262900031842664,3.2438921148298343
ajies,3.7006926032500567,3.24383678411318
pawky,3.3574647198581156,3.243825583547749
chefs,3.4349655369976633,3.243697174470495
ikans,3.6066116656259055,3.243612540548064
hilum,3.287481820926904,3.2435513266166116
timps,3.7957189332239514,3.243362506045267
cheth,2.9176398774027126,3.2432938992498643
abhor,3.115791019957636,3.2432696676529136
aixes,3.810076119598249,3.2432233937505233
circs,3.5486966800249675,3.2431901489494965
cajon,3.2128802721574834,3.243140948416496
taggy,3.130201851944231,3.2430006670047375
swoll,2.938546968237235,3.2429676620604506
devis,3.703672472418387,3.2429111152863084
paras,3.8533013715911713,3.242811465870925
fnarr,2.9005424376029847,3.2427818832453505
zincy,3.1461507968710833,3.242773724692456
meake,3.308419614483035,3.2426618069417392
buhrs,3.6327012972148185,3.2426158940637344
kipes,3.9227359373347452,3.2423835878327982
chump,2.954643643008624,3.242220206797072
fowth,3.1051934051958066,3.242199327946208
yogee,3.2865901956066343,3.2421727440913513
haats,3.638687594819592,3.2421266110202938
aguti,3.253725387064454,3.2420911624707918
pungi,3.4054092471931,3.2420081293623433
itchy,2.987281466661676,3.2419937213652426
chica,2.954964859051397,3.2419297901852726
octli,3.2201187364867287,3.241661413294966
knive,3.1086017648091815,3.241585692984205
salpa,3.4070754928546108,3.2415708493146687
argal,3.0354987589974365,3.2414006591931264
gunny,3.1024705208608836,3.2413642221317067
mirrl,3.25646009173645,3.2413352258344075
ulzie,3.1531840837747085,3.241331758025303
wends,3.7427527896610426,3.241221354881934
umiac,3.152372806354518,3.2411864310532508
grosz,3.0393864574960494,3.2411069702287802
cobot,3.0498696659991564,3.2408875937448123
marah,3.315130031857052,3.2406913812473466
mirex,3.485579910931362,3.240540649197815
gowls,3.6823616589148016,3.2404627968287363
nuked,3.523828499529401,3.2403690181037774
retax,3.3456972554332185,3.240290097543154
gucky,3.1934172352291057,3.240272097370737
cahow,3.149379300507213,3.240244527743114
malmy,3.2966467605545047,3.240072550590453
going,3.117534478053117,3.2400632378140735
glede,3.0415845683437324,3.2400393255816935
fanks,3.7839952612091183,3.239404255468854
fatal,3.122214359920218,3.239202960162907
yrivd,3.0706752696030444,3.239196282109416
kiaat,3.229741932522126,3.2391958385314257
vapid,3.3245180791266353,3.238853192007314
gowns,3.6752110169458616,3.2388478758344643
relax,3.3921104780408684,3.238493302665675
meres,3.8772251117837184,3.238491881540063
gayly,3.1253005740475137,3.2383097103424383
yowes,3.849206651680095,3.238246173023396
zones,3.919724000377925,3.238186603485903
wanze,3.2669978640290225,3.2380741656291434
honks,3.841218887489613,3.238059381509048
vatus,3.662115490000201,3.2379215336777194
gyver,3.1256448441463567,3.2376335769816222
hafts,3.6846788090268503,3.2376148083079164
fungo,3.223413749704521,3.2375710632271195
chimb,2.995025542533825,3.237568099610127
pashm,3.3762913312808505,3.237564521091274
frass,3.328229368361052,3.237553775938574
wharf,2.9177244261256092,3.2374779281633304
olona,3.1344983590682407,3.237403507626574
touts,3.6600054646128695,3.2373919025763493
frees,3.521502605189306,3.237356554312285
skelf,3.1255813709734372,3.237348152047115
mocha,3.4350425347514735,3.237331143164882
alcea,3.2374572195791087,3.2372589310618003
whaup,2.9473748854921014,3.2371686567269866
unwit,3.0550844274436675,3.237155338319101
ngati,3.295588018436563,3.2370518839628586
boded,3.3652532118889513,3.237042914605902
asdic,3.184814795094081,3.2370207611961197
hoord,3.2106598642592328,3.236978331365828
buhls,3.6133806138558775,3.2366820112227392
dynos,3.741588351755357,3.2365751198718273
statu,3.0773010093039606,3.2365647179088404
phish,2.9231000034636496,3.2361460813991423
lymes,3.8118512454864764,3.23600766065054
agast,2.910337838028284,3.2359541985087175
mohua,3.4516656699767756,3.2357838259000027
rello,3.3222876960997505,3.23567435019823
kutch,3.063282414774985,3.2355346251916437
snoop,3.0138911886212485,3.235523775402234
limpa,3.4779581920837996,3.235523291842814
merge,3.289576372289236,3.235400246952845
colic,3.2053556653474677,3.2352534463541938
regar,3.206870526097144,3.2350581425489437
wilga,3.3303297897570103,3.2350386337251664
peles,3.8179234222232195,3.2350128184498326
murgi,3.4510813374798652,3.2347947952793428
mynas,3.838527872043203,3.234685230539384
jeons,3.6810585101452724,3.2346463326503723
klaps,3.6690035207416782,3.2340360972612388
rises,3.7954522433856854,3.233873770635907
nashi,3.461375749936173,3.2337225998925296
binks,3.8205251132044182,3.233612258889824
licit,3.0843721333452336,3.2335943024243274
moron,3.355881051695672,3.233517770546037
adoze,3.161601222867561,3.2334920741834843
pikul,3.3164622505692116,3.233471000322108
lacks,3.7886716494412895,3.233357539605327
tilth,3.135325302298842,3.2333022659754804
jarls,3.793035734897545,3.2332258047812212
honan,3.291819344413602,3.233193792408266
tizes,3.813340800410428,3.233114302022468
bases,3.782652520272136,3.232991948268392
slops,3.479819688724481,3.2327028637026096
almug,3.1301152057391857,3.232597684294991
click,2.8010359959517084,3.2325821357563296
soyas,3.697171566694278,3.2325101014669606
knowe,3.15520852958858,3.232421096604649
krays,3.650241347385668,3.232305187091313
samfu,3.3261608319955975,3.2322911869660444
fleys,3.491392002986446,3.2320818303659644
paspy,3.293304170965432,3.232045309279525
aldea,3.2727177609833236,3.2319472016138944
khula,3.2456810412979618,3.2319374514020316
filly,3.080898950310793,3.2319272893106388
bruvs,3.4204958511459562,3.2318774648689663
asked,3.4532435360299942,3.231714705056671
untag,3.1371596545085083,3.231590935340268
evils,3.471852007511292,3.231527243035998
posol,3.25241220302886,3.2313605641545156
nowls,3.7519810873553268,3.231273979590668
haufs,3.6200317604521555,3.231270398757247
heres,3.7640424829026036,3.231247288545875
parrs,3.771769972982785,3.2312403841588804
fikes,3.811418150349982,3.2311168806035147
lethe,3.136800232425757,3.2309821561534218
burks,3.8070598091656875,3.2308478669562417
thoro,3.0178621184493872,3.2307928699587265
preke,3.1662892621398226,3.2307887174455994
preop,3.095091879175558,3.2307238577038273
ahull,2.913068677342513,3.2307031342713586
unagi,3.1807660472225012,3.2306414304591335
films,3.688652564395036,3.2305851402151102
welds,3.7291231903873094,3.230528957708703
pussy,3.1220889846337796,3.2303804660167335
persp,3.208423636460515,3.2303597467771317
kefir,3.2855759376693783,3.230227431578295
boots,3.6470510983320925,3.230176604975936
supes,3.6858991212036427,3.230172485428428
howbe,3.254256415422285,3.2298198917190946
nones,3.8664278035838318,3.2296998743666023
druxy,3.000106001323948,3.2295687216451556
butty,3.1232905733593066,3.229524319475945
furry,3.0701423513763815,3.229316527225194
local,3.19980767372973,3.229304341836168
tolts,3.7338406789381,3.2293009904626464
poxed,3.4680600410037092,3.2292816356336655
roofy,3.114223884517593,3.229248311953505
sects,3.606578102863118,3.229207818091579
saddo,3.305836812881086,3.2291058905493806
selle,3.1236922924034842,3.229080652638381
kaugh,3.2035667326770287,3.2289889987138984
safes,3.6877190135597626,3.2289083734388213
umras,3.7570811164515843,3.2288818845607272
hying,3.05214883329195,3.2288734506188232
mucky,3.2933012385407903,3.228807653130238
songo,3.2767440860498334,3.228775289633045
remen,3.3486483390817643,3.2284634216779944
rakus,3.8536118842653293,3.228444967179831
teddy,3.155851844236143,3.2283728180123257
kutis,3.801058382948373,3.228370346855148
verte,3.1830897529887596,3.2282705143487043
tsked,3.4170312464345685,3.22823184153406
neper,3.2678135820604557,3.228121567929845
tempi,3.444710978514327,3.228083946280931
robug,3.248935760598137,3.227962530808769
cerci,3.197688725315344,3.2279115891851604
benes,3.758020655235782,3.227892139873239
quila,3.1882365703623003,3.227660417935813
rasta,3.4266570681572692,3.2276578717408455
divas,3.7166020956789243,3.227571167063469
theme,3.0126754490758714,3.227514679664773
dinks,3.849240784219881,3.227501611455649
holks,3.8275892882158797,3.2273669843358177
gross,3.380981231468394,3.2272310376614834
mhorr,3.0058971824416814,3.2271225191217514
jiaos,3.714581603464617,3.2270693558176777
broos,3.483628923502656,3.2270574184224956
uveal,3.082925283313059,3.226987035375803
nidus,3.750013435727484,3.2269831293522873
tosas,3.743086799064727,3.2269406752818686
retro,3.264953579322686,3.2269323777506154
somas,3.775265649254104,3.2268689561957826
press,3.4918359764467444,3.226769813776249
kcals,3.6037708962159147,3.2267695530604694
makis,3.9402838394684543,3.2266710777966865
wifed,3.2896509195466135,3.2266025962672753
agene,3.045142283319308,3.226580588884995
kerma,3.571366485355483,3.2264508153846663
spesh,2.887622669520579,3.226303954066683
loxes,3.8167454024062226,3.2262872444002593
preem,3.20907817016083,3.2261317528072686
arbor,3.017985082210023,3.22609452409354
quina,3.18108592839336,3.2260454969415404
palsa,3.363308107671285,3.2260252951187027
sidas,3.6836101511142267,3.2260103228266233
missy,3.1812263789592756,3.225931523867315
dedal,3.2071878228251096,3.2258698770629026
mugos,3.7457637577791734,3.2258388289380555
dwalm,3.08751671334034,3.2257971991676175
puzel,3.3176260527862915,3.2256790514439775
nikah,3.3409072531725545,3.2255715410653503
stook,2.9701457787138663,3.2255034282676904
yerba,3.477290595687628,3.225436064220224
pikas,3.9093431677778323,3.225415998686498
methi,3.409767289440157,3.2253655227309546
tells,3.6548444130669937,3.2252289192262875
vibed,3.3248144310195733,3.2251905469847006
yokan,3.4392448221491096,3.225150365343565
basan,3.2865616876203596,3.225083467622694
leers,3.632515088871903,3.2248984804315195
quran,3.2294729875060586,3.2248185016684263
quean,3.1794874413405516,3.224772301774464
spins,3.4325889247093855,3.224605367961879
vulns,3.6140987454485045,3.224592368315342
nasal,3.2940728020956915,3.2245309129243833
abeer,3.1332023059252565,3.2244995638503573
codec,3.2262514975885486,3.224386092310623
poori,3.3249547332622784,3.2243530063054098
blonx,3.02430487444815,3.2243426383875686
tinto,3.308055302316121,3.224335331930874
ovals,3.5167155726818313,3.2238661943022118
suids,3.5830528055016098,3.223675771938399
dwang,3.011626211305384,3.2236039230953644
warks,3.8123029341444497,3.2235277038763472
ikats,3.6390016669289027,3.2234345280111354
amuck,2.9680958712614114,3.223348911097222
lotta,3.3696667151902977,3.2232585711376727
iliad,3.1062804197117257,3.2232150239068327
halfs,3.6938669747773862,3.223179486643544
knosp,3.115294555443107,3.2230799192046873
bilks,3.8068955139306846,3.222919861716593
wytes,3.6631956153825342,3.222827292651144
poses,3.833956527841041,3.222683601966244
eskar,3.269247133204895,3.2224781508901827
pubic,3.217422865834328,3.222396190373118
rewet,3.189107539958928,3.2223635099754153
revet,3.1229117387350174,3.2223324558182735
mungs,3.766604965325712,3.2222364855557855
tasca,3.209380101281027,3.222171570293352
looky,3.2061978701232827,3.2220004591931533
furze,3.1883245817443213,3.2219729292895067
ichor,3.017907366127061,3.2219637324892325
testa,3.374975646625902,3.221827972666227
nsima,3.3492666067229817,3.221818442047155
leech,2.929499680259987,3.2217901248016085
denes,3.786736326251245,3.2217814924390638
howls,3.669063033345371,3.22175375959405
deave,3.0539530539298703,3.221722964614763
deshi,3.4029533346104643,3.22160811881875
shook,2.9528633862276568,3.2215967370056906
maria,3.5013713710459755,3.2215591945543407
fawns,3.604688765095937,3.221483712559583
lunks,3.7927831510648056,3.2213863128177196
gadge,3.180945016181604,3.221355478183029
thews,3.469549196982257,3.2211263968562616
cotts,3.6174729989218166,3.2210685157273047
abyes,3.6941298034013297,3.2210530944370435
wyles,3.709608837990184,3.2210304977736643
nimby,3.321364836361133,3.220829457435668
goomy,3.1207957617206827,3.2206910766409425
chico,2.8761921966992356,3.2206576628550696
sagos,3.630662256657966,3.220652867225486
delfs,3.718362613461633,3.220585225566383
owers,3.582359858771649,3.2204448610066834
tweer,3.041640795092012,3.2204343632390167
ylems,3.6094142334533252,3.2204312365168644
ugali,3.1775501929072996,3.220343216014232
clock,2.800800027755193,3.2201762526059934
naevi,3.342691923649767,3.2200628796451523
emote,3.0677480216779394,3.2200130858377776
patia,3.395656458877827,3.2198769263415903
goopy,3.1255216759030007,3.2198225714124895
tammy,3.206352601347227,3.2196972805627087
raker,3.369255270882095,3.219399886254865
saves,3.653375154680696,3.2193447590885853
yarks,3.888840391550148,3.219331628224034
jaspe,3.354969044511389,3.2191188365780476
umiak,3.1571479467692907,3.219001345100255
betes,3.697977833354399,3.218996537577488
apage,3.0061856369245907,3.2189738329345774
milko,3.5013569412012817,3.218953521625002
foody,3.0756924310992124,3.218862729888081
wenny,3.0901949879390003,3.218851408174139
geyer,3.1561804270826967,3.2188051918965455
ticks,3.723561718345625,3.2186894033810067
hissy,3.0680437500781608,3.2186869308731274
ixtle,3.062980751141615,3.218528074131008
alack,2.8231325388346677,3.2184720366130133
habus,3.6814263096846145,3.2184597144035516
rerun,3.250493136432463,3.218427535130819
kraal,3.106493160333711,3.2183348495587896
devos,3.6746670340597745,3.218334576009019
spitz,3.123384152040038,3.218303287992248
funds,3.6622777120407353,3.2182485835126475
praam,3.1417978035620493,3.2182061749003577
viewy,3.0798864917457536,3.2181231868918068
stuns,3.378411646648037,3.218076465627183
imbar,3.1610377092664863,3.2180558316348296
dizen,3.3677034287807586,3.217947643561125
wheft,2.8786777989387202,3.2179006919138287
cloop,2.8922532623093478,3.2178937567940036
paxes,3.852596357950518,3.2177614958244747
omuls,3.5959690105175146,3.217662692853017
virus,3.6852580065709444,3.21760373997491
rower,3.26529833656054,3.2173884099210053
rover,3.1991025353366287,3.2173573557638635
poove,3.1097545090783543,3.217171637245172
wolly,3.1238785698644973,3.21714271166472
sleds,3.5051974589062915,3.217096693261215
whelm,3.021698802030695,3.2170685613326038
smarm,3.0610336145890185,3.217055997546947
sangs,3.651503464204505,3.217050523843216
wived,3.2553070606675467,3.217038981917039
slays,3.4277289943411375,3.2170358586231833
booai,3.3378146504693627,3.21701227939455
optic,3.116324241361439,3.2168771882583864
zeins,3.675460629547979,3.21679284779103
filum,3.208029835954144,3.216774778524445
tanti,3.37998858154823,3.216751318895303
hylas,3.711715643888355,3.216748240371966
karat,3.333271868516855,3.216436997092268
items,3.570171231650458,3.2164246701316572
fugis,3.582134582283911,3.21639422712899
donna,3.372518538571968,3.216385194590459
papes,3.8133469223519696,3.216291774495254
bunko,3.3823167798883484,3.2162817851978267
warbs,3.7449217098715017,3.2160545592710994
neuks,3.786515854418454,3.2160492730116577
goors,3.5862664480832054,3.2160458067393516
quake,3.1523578953656495,3.2159742890318213
debus,3.7059219483688617,3.2158654533263906
recks,3.7802637037919427,3.2158640466234716
abele,3.0547113146649316,3.21581203062681
shuls,3.368279896130768,3.2157846953594555
oinks,3.8487322031780797,3.215774551111028
lanas,3.7654923472291193,3.2155368359825784
snook,3.000144507807987,3.2154689186116996
kedgy,3.278974285863865,3.2154170844029206
rolls,3.7230005713492176,3.215247474875022
cells,3.58488995565836,3.2151996496134667
oases,3.810859610245798,3.215154240489596
await,2.9361685799813406,3.215043218512938
cholo,2.928586977681812,3.2148297175049105
fondu,3.3017764731842725,3.214810031772048
dholl,2.928894778128482,3.214791316572155
gunge,3.1497959764009047,3.214695980843328
looby,3.1388166458503353,3.214527314587906
spues,3.539231208458217,3.2144687951627438
mikra,3.522652607671165,3.214436361336319
quern,3.0930951578722965,3.2142999529354985
mened,3.4407307260191526,3.214211642885122
shuns,3.3611292541618276,3.2141697743651827
niefs,3.703528776584928,3.214132507920869
miasm,3.168829137347725,3.214091772315064
adown,3.0729319244071727,3.213986140584041
swies,3.5127266132159205,3.2138204630948968
golfs,3.6849372416545503,3.2137671018262584
arsis,3.56440874469619,3.2136817263171675
veney,3.1845026219874017,3.2134364342243815
glass,3.3476527104410616,3.2132949427519835
lasso,3.2383884565437056,3.2131509366504067
urvas,3.5354411667062258,3.213150725951718
glees,3.540925947269316,3.2130977211256946
cabal,3.1014606509007745,3.213039516357967
barca,3.2282343763455366,3.21303048176459
kelim,3.440252051645413,3.2129635982650893
skimp,3.139381419787261,3.2129398453461313
sinus,3.634027469696737,3.2128620432975863
sesey,3.1569040939345925,3.2127521204401006
neafe,3.122204367481116,3.212628514199924
obang,3.0664668515014015,3.2124591998394725
kwirl,3.076586669478319,3.212381039397436
gundi,3.3653182672270567,3.2123706780469545
ramal,3.288967921974538,3.2121417485582913
yokes,3.930935227309384,3.212136227305283
hokas,3.856504575801857,3.212050045555898
robot,3.137824008207863,3.2120065755718876
bliss,3.3627559054764995,3.2117501169071554
piani,3.258506265223713,3.211730365239147
yucas,3.7125619326290122,3.2116276416544856
avale,2.9514397147552964,3.211576251522385
jerid,3.412424387388999,3.21147835003052
boxed,3.3945276747425384,3.2114685598838406
penna,3.367178960335525,3.211380074339977
aedes,3.73253009137663,3.2111404184391272
smalm,3.041712931230077,3.211122114705952
chews,3.3995947395736232,3.2110971272434403
deles,3.7731067269775114,3.211089095265833
tents,3.6973140047296824,3.2110645442013963
bania,3.3821669144980397,3.2109594528875167
gaged,3.322888332410016,3.210917544598269
eyrie,3.1616019979084875,3.210880725911053
yolps,3.8128955555367563,3.2107359816884258
gully,3.0859978293042296,3.210726682187807
hyleg,3.2326263313660117,3.210645965705985
virtu,3.2849451605503983,3.2105762272644576
moufs,3.7109860306410036,3.2103935696994617
dowak,3.303929083761338,3.2102438587226167
firks,3.747094955898479,3.210190859470293
flurr,2.8260676628427857,3.210144706729522
gools,3.566945764724264,3.2101119238983564
negus,3.705318071362202,3.209896930347357
tadah,3.1342227218545373,3.2098570546238
raads,3.688736774339942,3.2096857988775978
nowts,3.7772204466893835,3.209481046059467
agaty,3.005377607039049,3.209365553621775
segas,3.638914786748945,3.208924123821693
pechs,3.685184537907735,3.2089095882416143
roric,3.262153935840365,3.208863220265166
gulps,3.6984773575707903,3.2085160278638254
goons,3.559795122755324,3.2084970029040836
mecha,3.3848862612693225,3.2084022997304014
breem,3.13554580389966,3.2083186770574437
solds,3.7039528668074047,3.2082699436612288
balsa,3.2897757414101143,3.2082122193688782
laddy,3.1822596746855627,3.206956023208435
casts,3.614887092855221,3.206833662509859
meism,3.167768458755637,3.2067742628896663
tombs,3.7830965336167686,3.206763162697013
dumky,3.3150565459340355,3.206552194003905
wimpy,3.214596816539304,3.206347455049219
sylva,3.222739006046579,3.2062113221505557
pivos,3.680781628659237,3.206173368164808
khets,3.654370034990653,3.2059937574646082
ampul,3.109284987891128,3.205802595021814
plotz,3.144377219796646,3.2056338960135586
noshi,3.439147391243907,3.2056011778405566
meted,3.380687904137769,3.205316040589371
locks,3.7664432907490237,3.2052361175533544
album,3.0993021369401452,3.2051927889997223
winds,3.704050689014797,3.2051364238537228
fisho,3.227072431721348,3.2050098448393154
umbel,3.1660645819461344,3.2048821313449656
quino,3.102313266041199,3.2047733696113374
makee,3.4375706442830216,3.2047440556075935
flows,3.375604021343799,3.2046401331161753
haded,3.319316970738016,3.2045976848144075
moors,3.68615045139489,3.2045813624988524
apple,3.04052033470208,3.204553601445369
kawed,3.5064480822324127,3.2045422850615743
feres,3.684590497929843,3.204470740453708
spits,3.4649789260123827,3.2044273554249516
titas,3.6790426896951933,3.2042831760885955
gompa,3.4520408225292822,3.204219205319144
raggy,3.148201736744304,3.204090379218991
situs,3.573984647815354,3.2039664410018345
yogic,3.2168010631074004,3.2039127152727547
scots,3.439826423532774,3.20364338597064
warez,3.372303253107786,3.2035125469306083
pyrus,3.724056530770277,3.2034319945009058
houfs,3.597803401759889,3.2031489767052745
jagir,3.217855789965439,3.203078785561007
dress,3.447019281201036,3.2028460905922493
stedd,3.1023295228466234,3.202820918294652
allod,3.167394933932467,3.202625649446457
morra,3.4492433376521063,3.202611673595695
swash,2.789215158573136,3.2025809767707756
jiber,3.2682663748587926,3.2025784680205494
venae,3.189376932971876,3.202547879043762
genin,3.203329972594098,3.2022290034031
krabs,3.640850015468281,3.2021673979637377
redub,3.2548046725131687,3.202147240676586
mafic,3.254200993809655,3.2021265327002038
aphid,3.187177003505022,3.2021220927672385
makos,3.9112784011098425,3.2020945385193973
squad,3.1374087630497183,3.2020939082429276
chubs,3.4118692899119956,3.202055863927825
auras,3.723129401690149,3.2015871713472874
nully,3.1556172577447548,3.201537864949738
dikas,3.8645264725321242,3.201492275502498
mooch,2.9831350427829744,3.201473006868942
taxis,3.7100949052674213,3.201273586334729
pinon,3.264020774124182,3.2012382234562047
talak,3.2301123624104893,3.2009393621390063
gynos,3.6580067064661232,3.200828152697222
nukes,3.8861364577839437,3.2007274562426145
quoad,3.203189550153593,3.200674482238709
jures,3.8232341710046063,3.2006678050993074
folks,3.7481373032431193,3.20059043624365
kipah,3.289855001174603,3.2005414802058483
greek,3.046526028461603,3.2004700026784527
blitz,3.071080821731991,3.2002267034140703
mewls,3.7320893887443347,3.2000695091537565
prodd,3.1391614421832816,3.199947761482435
fifer,3.1150340281989397,3.1997393873436204
pogge,3.2037175330127527,3.1997336164565207
derro,3.3040120437953435,3.1996221142461163
lapje,3.249444960994544,3.1995440588604627
virga,3.319863328842895,3.1992848700937664
aroma,3.1620322336151245,3.1991229823619958
madar,3.2789233115269214,3.199039193210159
twigs,3.4534283428343864,3.198963134563826
sobas,3.675712720389047,3.198885705822533
eaver,3.117288633217211,3.198794931367553
doses,3.7891398325953327,3.198759878782244
ballo,3.270785872339956,3.198707596802504
mools,3.6668297680359485,3.1986474796578572
zaris,3.841283129024149,3.198627685646132
mokis,3.9180554807761885,3.1985496557447135
yapok,3.2649133568562423,3.1984348395765974
orlon,3.087995465790484,3.1983910942452463
aftos,3.561449292183054,3.1983812022980525
jeton,3.24303118638253,3.19831414172097
cleve,2.8171975386112624,3.1979790064953537
nevis,3.689710255569678,3.1979753308736343
semas,3.7251093757719533,3.1979401127613016
ester,3.0927120643963866,3.1977868345027867
kutai,3.462980051499287,3.197751838867973
cedes,3.62636334437257,3.197628285303695
damps,3.8296347659259373,3.1974597484578307
hoors,3.5729678225137755,3.1973367695046644
mirin,3.3049105999087516,3.1972121489883873
leets,3.6384337648470186,3.1971716640593235
whids,3.4562892349664036,3.1971700195177117
ditzy,3.189981075099338,3.197105669006941
moons,3.659679126067008,3.1970325586635844
aspic,3.1515315630829694,3.197011958645134
blood,3.047993696785932,3.196954561770214
whams,3.448404734284017,3.1969152213973278
colza,3.3424253812901266,3.1969053714532016
babes,3.729713258616168,3.196798945152281
combs,3.7131420762081353,3.196733893084192
packs,3.802294246293319,3.19671036897757
umpty,3.119808218688738,3.196644032373951
utter,3.0417876627798255,3.196638436685231
retem,3.288290903183002,3.1966324792691907
noois,3.6906464360852023,3.1965843555348763
mimsy,3.174126792380287,3.196393786033556
rhomb,3.0827439165460158,3.1962811982868655
heled,3.3139184978643046,3.1962746527177037
quais,3.553864531936201,3.196096261176119
rebar,3.193512186255095,3.196090881115303
whaps,3.453130648466335,3.196046716168875
purpy,3.219306552794664,3.196010138454339
ficus,3.5523828553405528,3.1959980907114085
neons,3.62192846455737,3.1959002355213926
funny,3.0097199103186933,3.195878636804853
axoid,3.183751048364621,3.1957203188051806
boygs,3.6552106588278868,3.1955826238704397
biali,3.1921245409314825,3.195532210483595
shama,3.0968937703153037,3.1954325913192845
works,3.7900745754521834,3.1954062818243743
urger,3.015060645208732,3.1952822616951044
rekey,3.3159561943711466,3.1950642654307417
fowls,3.5896110483726114,3.194977211501883
retox,3.265060093167823,3.194968575460493
aldol,3.000034255669611,3.1948797659231714
exult,2.916915631567786,3.194867225904664
machs,3.729054832858894,3.1948247191289636
wilds,3.690421089741064,3.1944440266804923
venom,3.2527352373423697,3.1943744423675664
lises,3.731475556860615,3.194316998131309
sewed,3.282076713925085,3.1940531490886768
shuts,3.393519255464825,3.1939917618282547
vobla,3.27525992351088,3.1939272163916836
yclad,3.254482051064284,3.193775982833395
pilin,3.2456089103482535,3.193733085898157
mysid,3.3740337711932513,3.1937173919721156
wight,3.0044575230595685,3.1936302764809694
musha,3.41082797637863,3.193616920806187
cymas,3.664649656153559,3.193588293725587
reorg,3.1149842337008677,3.193520343886202
bortz,3.3398726926637528,3.193476354109243
quota,3.213239961499842,3.193461601254276
savvy,3.0099652620995707,3.1934151841328413
kerel,3.3368614196730295,3.1933746136071237
sakes,3.8012995315338953,3.1932658675276144
ubacs,3.3956409148977396,3.1931337047898802
mamil,3.2700064939725815,3.192895183966802
imago,3.1498745877005705,3.1928242307520636
codon,3.105019284284524,3.1926541743096695
bleep,3.041811415086455,3.192638055564323
axled,3.303232629745845,3.1926225471738165
ology,2.9266228568005754,3.1925937348063176
tiddy,3.1171497435898976,3.192287886984115
potro,3.2623208880683414,3.1921690986939133
fryer,2.953589578884405,3.1921442292969333
zibet,3.239660111864451,3.192115652474464
lolas,3.764736851651344,3.1920969340503844
spots,3.4647429578158673,3.192021472274615
hully,3.0726992037347998,3.19201764495312
ralli,3.3555188746856137,3.192005406134448
opahs,3.5380228640078237,3.1918807824999744
salps,3.683259859761268,3.1918656219107566
quoth,2.9753668984041353,3.1918488051419103
guana,3.1490738153014544,3.1918201179154497
ginks,3.765659138930647,3.191754644281043
apian,3.0623811920204647,3.1916771651064675
tommy,3.1841242426549607,3.1915758585107357
hokis,3.804872851895073,3.1913050627505264
roker,3.3470269121898286,3.1912784642028926
yorks,3.8666120328578817,3.191210206172061
zoeas,3.820700948073159,3.191205046505568
gases,3.727786545998365,3.191134333659612
gazed,3.4013670295686373,3.19110613912159
timbo,3.3436815577210566,3.19110510699201
doped,3.360685650893302,3.1909234646207416
argan,3.042741098688858,3.190906782044588
titch,2.8896349976150226,3.190702471619719
fidus,3.5876433967447685,3.190686361263502
caman,3.208255919457253,3.190528889582678
ancho,3.1220315523968813,3.1902698496654858
kibes,3.859263364492281,3.190253998917002
faena,3.1975193261372397,3.190215683705162
sends,3.6674261925989864,3.190033497399979
ouzel,3.272300776498782,3.190028267915357
hoons,3.5464964971858937,3.189787965669397
skeen,3.1765356970845993,3.189777095283917
venus,3.6497736797071667,3.189766870487017
baghs,3.6358998802136693,3.189663918497196
poxes,3.830367999258252,3.1896400737725026
revie,3.1212744045956375,3.1895096190057224
reddy,3.1738517290362154,3.1894625302265798
vodun,3.1638740570896076,3.189405117937607
piccy,3.027520332897823,3.1893870326674927
shads,3.4207254171426813,3.189384602489365
brers,3.46276508180666,3.18926285678118
miais,3.6809338682456776,3.189234891301451
fanon,3.153958555867712,3.1892171442854105
poulp,3.1216089997274583,3.1891588921068
tills,3.6161423124207484,3.1891439881980768
vampy,3.2274010616620945,3.1891146902431484
hanch,2.990893832379999,3.1890720193629036
gurks,3.7521938348919157,3.188990252347461
enoki,3.253205061225426,3.1889744436255367
songs,3.6292751055122388,3.188929101791243
chowk,2.8494111478603212,3.1888569045265935
wongi,3.3148916472184253,3.1887534684806513
rheme,3.0306753338759442,3.1886043918790263
twist,2.8201350327765122,3.1884131568173992
peers,3.6461376857239323,3.188251309803763
fungs,3.573970351471837,3.1882153444694312
welly,3.0737222963823463,3.188213868230239
dodge,3.168628101664474,3.1881990707233467
popes,3.791118563659703,3.188170352443282
vlogs,3.4114778032581685,3.1880152646230586
skill,2.9916397071170913,3.1879106396849854
inbye,3.0706183607957973,3.1878928529882504
ikons,3.5666129181910566,3.1878042169441194
gutty,3.068424599085535,3.1876667048671647
allis,3.558708330545622,3.187560626862583
major,3.2863447882386323,3.1874961109504443
dazes,3.847256633112414,3.1872115444350317
rumpo,3.375510484707954,3.1871217445675235
wifes,3.651958877801156,3.186961034406112
slabs,3.418337662423751,3.186898069495608
yiked,3.479768894926444,3.1867640147037553
pipal,3.203327444679611,3.18666459316741
turrs,3.6053857134863363,3.1865332261126316
adred,3.288620965226735,3.186516870442743
imine,2.9907285108493573,3.1863086866359387
maxed,3.461774062472718,3.186267923086534
gigot,3.0433881769864346,3.186205213079987
genes,3.703154680962011,3.186034525264458
noded,3.380006666055705,3.185996482759053
cusec,3.16677639781149,3.185983599399834
where,2.897024018753747,3.1858543587671333
toppy,3.15311177923493,3.1857318415930798
egads,3.5516490474100704,3.1856631051425106
vibes,3.6871223892741165,3.1855489851235372
yowsa,3.3238054808946838,3.185217042358032
aleak,3.0453408854125366,3.185127553209631
elegy,2.903151241456305,3.185120880133999
kendo,3.4660546754140196,3.1849141261123526
tropo,3.0541992056462686,3.184912574048822
civie,3.0043276795790232,3.1848417493940624
twilt,2.844815363670291,3.184806744288218
hyped,3.2853885619569976,3.1847686628332017
punks,3.806405747916835,3.184739142189963
praps,3.5218550414004204,3.1845535059224748
kyars,3.66922393200263,3.1845462794481088
noxal,3.272656342312139,3.1842885813626483
rotos,3.6689867007115575,3.184168149824884
gawky,3.2290663793231733,3.1841548931891444
agoge,3.0254105104813096,3.184000982324331
septs,3.608555412256221,3.1838872860926877
areae,3.0088264884031135,3.1837149460868206
oopsy,3.1009811584171274,3.18361384193203
jorts,3.7960467355393357,3.183311449198048
temed,3.3368069675381413,3.1831439756841466
swell,2.9210033726806435,3.182835747816611
yelms,3.758013367872287,3.1826756434823977
nivas,3.702639878830216,3.182635382650795
fritz,2.9967915053782104,3.182627921991881
typos,3.6178865952742045,3.1824423797982946
fenks,3.7116106290347015,3.1823539899824
peels,3.626817002364991,3.1823174269627676
lahar,3.1481282765630407,3.1822562014365827
divos,3.635964933413529,3.1822496449808084
damar,3.2654180775159514,3.182095463531731
wowse,3.0849908891521336,3.182060198096574
yelps,3.7627392820546053,3.1818071382539452
yesty,3.2083953579444064,3.181797968060949
sabos,3.617303916815917,3.181685605791845
wicky,3.142439601660977,3.1816743523849587
commy,3.114169785246327,3.181546588897915
squid,3.0857770391429344,3.181348925437556
acral,3.0624283004583503,3.181301358450818
romeo,3.417541716163065,3.18128111784528
rammy,3.2243524861473,3.1807869927769623
peens,3.6196663603960504,3.180702505968495
gonna,3.2889368932827336,3.1806382274158533
damme,3.2572799458623063,3.1806279288824646
vinew,3.2277199227110227,3.1806076491185884
hefts,3.6122941768524326,3.1805645428214633
newts,3.727064173207233,3.1805522026249866
synes,3.647911840201861,3.1805350374649404
wythe,3.0421082450447505,3.1803526648494973
minks,3.865543142242331,3.180290200040544
hatch,2.9308510104986154,3.1801764170671527
skank,2.9671461865278546,3.1801259236493955
polio,3.3434946702374626,3.1800996698500277
murva,3.342129696257732,3.1800034004527724
banns,3.637815165663926,3.179989417988715
ricks,3.741561603145697,3.179779115595261
unmad,3.2724154637297365,3.179770499047458
kamis,3.8950473686219356,3.1797703053970685
mases,3.8276705493100494,3.179669889419112
mazed,3.5012510328803224,3.1796416948810906
dorrs,3.70472491904481,3.179195238922908
fetwa,3.188462398183365,3.179177266803239
cills,3.546187855012115,3.179114718585256
wunga,3.2563076574819902,3.1790448384487116
bezil,3.1955918611640555,3.1790349587642015
cocas,3.640269350219718,3.1790277151637434
tzars,3.5326449085746634,3.178958789285466
backs,3.728761880032148,3.1788972932277457
costs,3.5926587341629546,3.1787122404578865
quats,3.5250226483498452,3.178642078770329
choss,3.256437666250439,3.178589942192289
tetri,3.2416424515173143,3.178532267485294
nutty,3.1380440275260604,3.1784778876290956
bunje,3.191669383815815,3.178433117694165
sibia,3.270346749226487,3.1783768773542267
virgo,3.2410906664907335,3.1780127427635643
anoas,3.535878405064301,3.177851457400531
faded,3.2398649857652555,3.1778211367222404
libel,3.1726779698012537,3.1776976040612652
atria,3.2149059632571584,3.1776831159891654
feued,3.1606312985663134,3.1775890167392395
galah,3.1274300017616117,3.1775416277985116
murks,3.8520778382036003,3.177525808106962
wives,3.6176150189220895,3.1773974200558754
mixen,3.344528816395605,3.177362460351464
farad,3.2698444622594955,3.1772967520466295
semis,3.67347765186517,3.1771951299559307
moots,3.6920691273700053,3.1768545461266564
vakil,3.2277791721396007,3.1768487960702827
tumps,3.708067201675197,3.1766763135955816
sorbo,3.2948357346547743,3.176591467578974
currs,3.535431256077703,3.1765039564998108
pomme,3.2798682824157486,3.1764302300144913
pauas,3.6916501304821843,3.176288180295294
scroo,3.119573799907028,3.176281502591065
imped,3.289514128245941,3.1762375859351755
mirvs,3.70156536722164,3.176061746814567
furor,3.053549807996844,3.175860100344466
kreen,3.1810158666239143,3.1757665503171624
coppy,3.083157321826296,3.175702571980259
flump,2.9131093292222072,3.1756312984259676
nodum,3.305298423750272,3.1756158266245036
farro,3.200064420138336,3.17543982723111
enows,3.451593647026496,3.1754289674467833
pinna,3.328476859689279,3.175295143311766
aargh,3.101428019229602,3.175166723164443
wings,3.6157433284458986,3.1751031848105065
tints,3.6586119040834366,3.1749796131731856
faqir,3.0425358906231645,3.1747061100925142
menes,3.8030386842736954,3.174570081023959
adder,3.1050652006402855,3.1742381705199176
reeky,3.201647453754137,3.174092044403557
pulks,3.7927761486431013,3.174046745016732
naras,3.794522459496754,3.1739519582742517
krill,2.9961198766564054,3.1739000947182308
murex,3.3979281793826086,3.1738544567481295
sokol,3.1975268480294488,3.1738214076639135
pulut,3.092518034895897,3.173786549488229
aroha,3.087933522123645,3.173363988678342
ponto,3.32828238592484,3.1733378846174687
iched,3.1635483745294466,3.1733374199564435
feyer,3.0634298165405065,3.1733196065696916
targa,3.3030887927298824,3.1732966557541973
zines,3.8308656262495284,3.1731728290232115
tuxes,3.686212098454069,3.173054337778226
sweed,3.1298374396577087,3.1730102670301243
axils,3.492213731895266,3.1728233912197648
dacks,3.757477551047611,3.1727866457935705
oxide,3.1079174826902576,3.1727805069888677
pshut,3.0506631859330366,3.172723338957029
soums,3.582470372561453,3.1727036172009395
cutch,2.817158696573946,3.172701603663482
mawky,3.328950382634858,3.172690448948645
hazed,3.388068403999207,3.1723971018869026
sarks,3.7369763370823934,3.1723398463943924
arere,2.9272950897947267,3.172143864374776
diazo,3.262950725709215,3.1721190208141836
bided,3.276394837760555,3.17202914014321
humic,3.1752788285950126,3.171999713153076
inked,3.322797107826733,3.171995464929863
cheep,2.9357291440569098,3.1718837639997934
soups,3.587196286743771,3.1718351119724866
boxes,3.756835632997081,3.1718269980226776
vowed,3.3120787483219822,3.1717158492161373
maras,3.8247870343679136,3.171676331271821
biccy,2.953987966636652,3.171573956917668
knoud,3.2201882953599643,3.1715284092330958
menge,3.215389944779213,3.1714784464367414
tewel,3.122259128899225,3.1713958640077746
weamb,3.1338048684482605,3.171395684344925
ligge,3.1012365620323266,3.171367012621586
chics,3.2267487984665517,3.1713019440973813
feted,3.1880532902838947,3.1712948995030166
gages,3.6851962906645586,3.171275982737106
diced,3.269849967371802,3.1712302221569417
culch,2.863571919181596,3.170904808786002
mungi,3.3768949099698427,3.170872994763239
tratt,2.852272025834608,3.170805350705493
rioja,3.3268100703108323,3.170749279841923
mizen,3.3840057868032094,3.1707362321460204
gussy,2.9936906440988373,3.1707097756581284
redid,3.264127736784947,3.170528949645753
zoris,3.819054770331883,3.1705062635941594
beers,3.5726053194627614,3.1704382340539383
imbue,3.0943115124764327,3.1703215165400325
paddy,3.195882271537592,3.1703088525806784
aahed,3.295321214020454,3.170258290634088
kinda,3.506125237119935,3.170101322414344
patas,3.7190721221997656,3.1699940630590704
rieve,3.052879395210934,3.1698254620551225
womby,3.2019744169321216,3.169748111700965
jakey,3.381835291065153,3.1697225002228784
icily,2.8562186977920443,3.1696113336790743
hoots,3.578886498488891,3.169609953132469
milks,3.851913542968598,3.1695978028673135
datto,3.2819283131367234,3.1695369720476863
kente,3.2810443006969017,3.1690537276260655
hithe,3.111308533069622,3.1690044548221934
ratti,3.3379456444669193,3.1689454288138053
czars,3.46269045116603,3.1689295196726452
coypu,3.1995174228502745,3.168849637513339
auxin,3.1791022589824376,3.1688063565337474
cisco,3.073399232059004,3.1687596495680213
redes,3.7143176865812766,3.1687472671307697
beaux,3.146424739710139,3.1686743482729653
pocks,3.7800658876010527,3.1685889469255972
kalif,3.3317992815643627,3.1685491098934913
owing,2.9713548510252497,3.168474422297135
palas,3.7654853448074155,3.168197268181591
netes,3.7127312875211533,3.1679501057306383
azoth,3.025120124199495,3.1679215628074635
needy,3.169535367187713,3.1676943106826725
flees,3.4481753367271253,3.1676121357988407
booky,3.1462881007141412,3.167540212815572
beech,2.869589910850846,3.167329878424028
octet,3.025082835663075,3.167281247651581
heave,2.9570727830712062,3.1672669602054713
ethos,3.476754947348081,3.1672055835879953
ruses,3.7078005118369317,3.1671875781862213
palls,3.694874840368443,3.1671649537946402
bigha,3.2530292079778516,3.167156568070423
whigs,3.367981874397505,3.167136780474495
laarf,3.0464324997357437,3.1670344945650104
bunks,3.732873381655664,3.166926066440138
fundi,3.272567656684866,3.1668850927201007
domed,3.396766006915894,3.1667771260781947
mochs,3.706826474166628,3.1667032970769906
kagos,3.7798473412403153,3.1661777771801707
baloo,3.2631852243099457,3.165831476874887
ender,3.028286785734337,3.1658100319617484
doxes,3.7855513040125435,3.165716350588503
metes,3.742995862392312,3.165674478728208
nason,3.265774176161803,3.1656494947511353
allee,3.0559951353601895,3.16563360467349
addle,3.0265742093799606,3.16555063729637
loyal,3.1597712565856,3.165478616565908
paips,3.667579240911534,3.16526931720278
fully,2.9932472187620394,3.165241096860953
sokes,3.7790711728416295,3.165144445475642
theta,3.1212869468667814,3.1651032575308893
decko,3.3345363171058775,3.1650920990648057
texas,3.6893419969997874,3.1649683036536462
gamay,3.204184096809115,3.1649557499941583
limps,3.7497421314989534,3.1648954457549228
nines,3.777569429455435,3.1646860999039106
fools,3.4741951541820737,3.1646263385715026
laggy,3.0842250502192337,3.1645336067143934
orixa,3.1389989457234337,3.1644305827481483
deers,3.601320990478224,3.164327586619763
tsuba,3.214199605440519,3.164295674446687
urari,3.052552357413779,3.1642915705097403
tilts,3.6449823048097034,3.1642872159999547
uncos,3.516028594303188,3.1642742856450727
henge,3.1022073158980987,3.1642338534425543
usnic,3.1322603469247814,3.1642244493035547
lanai,3.3757822918732496,3.164173345190032
limit,3.1224297987609297,3.164127431882889
gigue,3.0800715566623094,3.1639958676042585
chaap,2.868448777458128,3.1639581860928825
alamo,3.0499310502356307,3.1639147601222932
meles,3.7894090849999618,3.1638776838507283
celli,3.1951799003024908,3.16383615882092
gypes,3.6609951457809715,3.163836138206725
obeli,3.228678341294657,3.1637298244618712
fyces,3.566267225845677,3.1636710848787626
grebe,2.9705096973319325,3.163644882481747
segos,3.5582776244835497,3.1636026017390324
okras,3.7715944590887522,3.1635005042138102
hizen,3.270823157922094,3.163491639151833
ahead,3.1087457296728367,3.1634889234118457
bodhi,3.3073589311770606,3.163350135685818
cruck,2.744918005717303,3.16331167119393
stags,3.3497004490599913,3.163258054708149
gifts,3.586890701775618,3.163188649027939
boson,3.186122176459111,3.163053611256153
lever,3.0817074664104798,3.1629791308500828
amyls,3.5544392117353194,3.1628361684348745
piped,3.339952231276764,3.1627981398417533
preve,2.928125059609109,3.1626384637035185
kangs,3.800688548786854,3.162575433797901
prook,2.9894341024939326,3.1624983572116343
aphis,3.549484961759565,3.162480530906075
yerks,3.8164557593757307,3.1622813627375805
smirs,3.4477059261466714,3.1621197570224524
rifer,3.1445880200872995,3.161907195651408
theek,2.991936920652281,3.1618581768220806
simas,3.6864072751257075,3.161855181733091
gamps,3.7460531206367036,3.1617127812832257
undee,3.0775813788805824,3.1616120732853625
dooky,3.175003771729604,3.161429565381397
orris,3.5757182775073004,3.1611987149299408
knurs,3.584066785652388,3.161115669761145
sexer,3.1309679007694062,3.1611013386093276
nuevo,3.183106912868904,3.160960700231038
leben,3.185118723691637,3.160923398800147
kayos,3.7879478477034976,3.160834911390957
dunks,3.7615890526711264,3.1608154190059627
havoc,3.077669067690861,3.160741786078491
moton,3.221651802304266,3.160700367734183
opium,3.0917360678200785,3.1604269740393542
swede,2.9928040189866683,3.1603103096249603
cleck,2.783256432198601,3.160044338362154
spics,3.265701843936213,3.160030766191711
quich,2.7763257845244804,3.159858099059006
pique,3.1375036359963646,3.1597378569738828
wanks,3.7381165066344266,3.1596059033602435
podex,3.361176770184276,3.1596058661188593
swoon,2.938188659898646,3.159597664984295
suhur,2.9944147853972916,3.1594503324999166
maula,3.2856388870165754,3.1593746601041204
shags,3.332418056573782,3.1593513634461488
jabot,3.1527195975642455,3.159331537313669
deads,3.6097537992019944,3.159258786288677
mussy,3.093574647410522,3.1592453314176296
swish,2.7494523793348025,3.1591785363171674
dozes,3.8250282744201476,3.159090122383059
yaars,3.5839756367027222,3.1590824515393994
matra,3.3323815620930977,3.159014425708892
undos,3.5512891357074032,3.1589625561971664
chocs,3.226512830270036,3.158896060947045
demob,3.298965955346712,3.1588530823377248
axons,3.4848271217298104,3.1588025870751557
pukas,3.821691436229079,3.1587298062368125
basso,3.1784786871345636,3.1586906902728256
droop,2.958364088061486,3.1586294908181687
hetes,3.6298132335111974,3.1584298857340203
galia,3.3136713409505347,3.1584094411055053
glitz,3.0162148474582198,3.15836908880529
hansa,3.235240740840646,3.158337964698642
oldly,2.9550352853944672,3.1582358132833654
unsew,3.1484375415167856,3.1581970907875117
heedy,3.086617313177757,3.158174090686055
unpeg,3.1195537534393436,3.1581730010628615
nanto,3.334402019366361,3.1581206923626266
kaifs,3.6980047671215823,3.158047434105044
vangs,3.628547573568689,3.157870420004436
bantz,3.287914623845996,3.157675975645112
pises,3.7450981537126444,3.157669827503552
pized,3.418678637282917,3.15764163296553
mania,3.4271849435359525,3.157637394038237
cepes,3.5930801123614584,3.1576194827527093
neume,3.1383206369572685,3.1575285888488684
ottar,3.024815831132658,3.1574916046306365
gloss,3.3076539630062127,3.157486619148039
adlib,3.182166598714559,3.157484011724708
woosh,2.893979066202741,3.1574494489675997
aglus,3.5805721582324863,3.157252735207111
rejon,3.2284499821917723,3.157209664757117
qursh,2.957889158785215,3.1571624368524156
wauks,3.6506516930354627,3.1570044183007155
spasm,2.9212486289172714,3.156848064748466
kyats,3.675142607977745,3.1568194630759123
della,3.305889573533163,3.1568188112120783
rynds,3.694920815189298,3.1568006601913394
deens,3.5748496651503423,3.1567787827844955
waxen,3.2171021807877,3.156678163671163
heles,3.6762264561188474,3.156633090856541
sawah,3.082289592252961,3.156611086934798
lambs,3.7593480905840377,3.156417524458641
cuzes,3.6557346114530405,3.1563988399599614
tways,3.4464876750850246,3.156397741574835
squeg,3.0206274087819174,3.1563500717157837
typey,3.1194053444981087,3.1562336830694777
bulks,3.7192437823819313,3.1562336692669075
gnaws,3.4136201161461175,3.1561538950333485
jatis,3.7128877284265522,3.156069650843955
veery,2.999087286214381,3.1559825284050813
seifs,3.4764350503648163,3.1554722586639063
quins,3.4528698678085146,3.155417650853649
yanks,3.814653964040125,3.1554098277079303
nexal,3.222500068829988,3.1553597379281673
signs,3.4873490773065625,3.1548180401192494
thots,3.410614481838528,3.154607325686838
sassy,2.978473146289315,3.1540593697050596
sinds,3.6287240919527406,3.1539485663717683
aweel,3.0062321442272752,3.153835845471834
noses,3.775177615746624,3.15382409436957
unfed,3.162640469343129,3.153688494238524
rigor,3.087531263185503,3.153651689438073
plebe,3.0255807694046934,3.153571154326907
egret,3.0390044918254384,3.153541406678432
whims,3.4086419550456837,3.153512780943719
quena,3.163306364640253,3.1535076995473643
stucs,3.211524565874864,3.1535018638570147
varve,3.1003038914348897,3.1533076805086893
snags,3.3796991781541124,3.1532235450521577
yugas,3.6644250090217,3.1531447821734386
vinyl,3.095048582557917,3.1531325628364684
neeld,3.205730132016031,3.1530994812272573
poofy,3.0638697948445524,3.15304436882115
kynde,3.2977555458586263,3.153001551875624
axles,3.665540588000388,3.1529809853126536
adage,2.9822645388575104,3.1529267927342968
quasi,3.0853929027661398,3.152677934038164
bolix,3.266748571682024,3.1526601444126046
whips,3.4133678692280016,3.152644275715266
omdah,3.111900363844096,3.1525235679433816
kanat,3.259085441006832,3.1525151965761653
baddy,3.1223499052764216,3.152495776830854
river,3.1102441612082323,3.152343581301172
faxed,3.2691394486188425,3.152246782000179
willy,3.035020195736101,3.1521289372020282
eking,3.0191108357763845,3.1520750059587277
hotch,2.9086226518063496,3.15205499501518
tucks,3.6359099867968703,3.1520032109313214
hussy,2.980392018529407,3.1520007384234416
lycee,3.0962247273292824,3.1519453685950376
olios,3.4387447132106517,3.1518811752805913
cowps,3.6134758642526688,3.1518752882906336
bossa,3.2350229907944588,3.151841395551055
cheek,2.9219824632436477,3.151828907209259
awdls,3.4851406402353775,3.1517213638882313
holon,3.154882396030801,3.151658979862516
moses,3.805442190617783,3.1515484673671397
sajou,3.260706588621484,3.151541299744617
mozed,3.479022674188055,3.1515202728291176
gazes,3.7636749878231797,3.151464577260427
oches,3.585532314276633,3.1514567070406145
pasta,3.3763029784842287,3.1514539286084915
dinna,3.283660164443571,3.1513714201277674
gybed,3.2352146146839633,3.1513481111520925
surds,3.6152587879140103,3.1511841744381863
cycle,2.965544378587662,3.1511357845702626
jaker,3.359487626482756,3.151115246585846
amoks,3.645286639649449,3.1510364373401707
hoxed,3.3263630748993367,3.1509019080403737
fleme,2.9011866778808217,3.150896501680847
debel,3.146682285606536,3.150846382136929
bocks,3.7065335213398822,3.1507758711757727
kevil,3.1796111383301486,3.150582435938265
peghs,3.637047614300423,3.1504267287605674
balas,3.691952978546244,3.1503841924317664
tweel,2.9700198546318495,3.150352981949223
rills,3.634142197220821,3.1502337004123304
quyte,3.0467510793507278,3.15017276299138
pilei,3.399220984059442,3.1501004398727006
rosts,3.6806130763716602,3.1498312222849614
blini,2.997483605333244,3.14978737530302
vegas,3.615958896113129,3.149744019982913
balls,3.621342474107272,3.1493518780448158
woful,3.0247124010716497,3.1491726529019375
miraa,3.441916362132096,3.1491689808450474
walks,3.7244869073606934,3.1489135061870126
staps,3.395086443890488,3.14876554994892
jotas,3.742291093641069,3.148693211597354
vacuo,3.1687517441213355,3.1483226925544163
noove,3.050975596983937,3.148312129648499
dhobi,3.144152082346155,3.148292688571507
nagar,3.1652612716442348,3.1481436901794484
sauba,3.2317595047938013,3.1480486436174253
nyams,3.619883757837077,3.147895809358243
ruers,3.5734000521209013,3.1475767384329227
semee,3.167962805129175,3.1473541472350774
mooli,3.2771197126800793,3.1472839888653104
uncap,3.0426852501119512,3.1472785275575816
burfi,3.261399081679058,3.147175456419449
yikes,3.8420768531809872,3.147122452842592
kepis,3.7865823804249263,3.146866378453162
typic,3.0743897059481506,3.146831868067894
doppe,3.204039123750009,3.146662489912836
maxes,3.8240820207272606,3.146626361225371
kerry,3.2244759165169814,3.1466263510672103
wisha,3.259966339498817,3.1464836200609074
vygie,3.045471440883637,3.1464421816985024
panni,3.3216374765692276,3.146439002945993
ylkes,3.6943493387900226,3.1463949791098975
skies,3.565583383899262,3.146357557569096
finks,3.672908528388456,3.1462690589541893
towze,3.178212129593268,3.146232846966656
akene,3.0450682221415137,3.1461518670180064
moove,3.0812401718550966,3.1460365026460684
oxies,3.6072588616158408,3.1458389025328684
shams,3.3730781372219605,3.1457273639153724
mooni,3.269969070711139,3.1456690678710375
fazed,3.308616419026447,3.1456205537947355
ungod,3.1055837124413332,3.1454329880251892
combi,3.323432020852266,3.145370402291645
rosco,3.1288049748330855,3.145280820893523
hypes,3.647696520211541,3.1451271009720383
adyts,3.567111796892892,3.1450306094780878
winze,3.1559111312083603,3.144938969114479
gamme,3.173698300573072,3.1448809617078597
shaps,3.377804051404279,3.14485885868692
breve,2.8545926933479384,3.144825387953694
brook,2.9159017362327617,3.14468528146181
docks,3.7352491923553446,3.144665223741598
lotos,3.6050100141864876,3.1446113773202864
begum,3.1569912310898394,3.1445622850037314
jours,3.6284768184552334,3.1445149799946126
flews,3.3580604257872073,3.144508218872336
teaze,3.0518114754999552,3.1443570245898655
hoses,3.6922595617366682,3.144303874372952
amain,3.0391579234614188,3.1443002079800104
toyon,3.099676783144812,3.1441694481001363
unwed,3.1944924116879734,3.1441559340454295
gibus,3.583638202433382,3.144033555123574
ytost,2.828272446035023,3.1438915351874197
ixnay,3.1006382952164397,3.143861305684863
kurre,3.2262203289557374,3.1438238300111703
gyrus,3.595658190235335,3.1437613041423007
uptak,3.0664790036808807,3.1437267595628815
temes,3.699114925792684,3.1435024138229837
machi,3.3393447775030247,3.1434612283364167
ulvas,3.4621138982440445,3.1434063074382737
jades,3.7801967832752825,3.1434055019229055
silds,3.615094492679008,3.143256169198537
gadje,3.1679524493227427,3.143235000425086
appel,3.0473903855022417,3.1431597533791225
gemel,3.1626535691823596,3.143082665335573
japed,3.3846055930096286,3.143038261233084
tsubo,3.135426943088358,3.143023547116485
khyal,3.0920475667998004,3.1430066073959217
kenaf,3.324675972570463,3.1429362243856396
foots,3.4994345135161304,3.1428334050403017
beets,3.5785239954378767,3.142711417681743
skool,2.9838030908905653,3.1426286366070313
ryked,3.3941015636952474,3.1426243266936837
octyl,2.9823466561605834,3.142571587991449
rarer,3.206987626734639,3.1425614240515487
glyph,2.899487788354388,3.1425063062825713
tayra,3.210406542933644,3.1424835060748455
aecia,3.2490311770602545,3.142469195414858
teene,2.9744517125275207,3.142287574289655
nazes,3.8332944162637053,3.1422757600223576
dhows,3.409921892420172,3.1422203569980005
herye,3.129690296420426,3.1421878205160585
poddy,3.173653912845326,3.142187430528706
lefte,3.0627996933632784,3.1420622784455707
refel,3.1084070713544536,3.142018136415123
verry,3.0523349412988168,3.141921337273746
tykes,3.738409637149718,3.1418930526182676
legal,3.101514476640267,3.1418926389206403
reefy,3.045696781623377,3.1417831246593115
ville,3.064835952671985,3.1417295783031505
bello,3.198401240165539,3.1416573313160505
jokey,3.359606932372887,3.141601078170906
grrls,3.4385639703394544,3.1415175592253672
linns,3.586638202252405,3.1413144678516325
lammy,3.16037579962223,3.1412302202723645
soths,3.535793652787554,3.1406505062810623
vichy,2.999432037751938,3.1405558758147216
quois,3.513865784501353,3.1402879375721744
whops,3.4131319010314862,3.14023839256493
licks,3.677584916620627,3.1402223430906626
manta,3.398343059949596,3.140183211632447
mazes,3.863558991134865,3.140000133019927
betta,3.2596006722990056,3.1398694813256105
wamus,3.6556484990022193,3.1398680645760244
bises,3.6715657874514736,3.1398567517537277
ciggy,2.9491606617149344,3.1398362008772525
xenia,3.344861190286439,3.1397967366121655
pecks,3.7299096141189017,3.1396601034911167
cogon,3.0216218192729967,3.1394830442765285
bless,3.3449763417233926,3.1392123195129793
amaut,2.9152237279302042,3.139106830533621
yawls,3.642498109895883,3.139104205792932
woody,3.0298136765245203,3.139064377779471
polls,3.6726464816761766,3.1390435317426673
wazir,3.146102094407981,3.139025053496205
hoove,2.9680575429739813,3.1387919096518804
snaps,3.4250851729846086,3.1387310402929294
cutto,3.0904062914773505,3.1387242675726164
drook,2.9446174072482245,3.1385746340276346
molla,3.3723482050377642,3.1385362432314547
degum,3.185706902105302,3.138451637569556
oulks,3.747450872355593,3.1383959614881114
lasts,3.6388647485388566,3.138395871832336
hallo,3.202621272496754,3.138140944959037
arepa,3.149214552240851,3.138122562889704
pirrs,3.660683240162122,3.1381051876442165
jakie,3.335077878142844,3.1380889622368873
kempt,3.282037325922912,3.1379587373767204
styes,3.459077619555356,3.1378803735164174
mechs,3.656670200684477,3.13777445364251
rumps,3.7260670864752696,3.1377660258098348
yawns,3.635347467926943,3.1374892847986597
queso,3.0670040133632535,3.1374569057406156
milfs,3.695962870837838,3.1372888831230674
roods,3.62893567800924,3.137169140989773
plumb,3.0451949211279548,3.1371205838486373
ohmic,3.069560350814614,3.137035047315105
pinax,3.3166838869953157,3.13689682567834
fungi,3.1842602961159674,3.1368518536768843
kempy,3.327157404705842,3.13676943855016
sorbs,3.6473667541171797,3.1367452797371724
skink,2.927383407289521,3.1367234831957873
luaus,3.5011285465963407,3.136698849216459
deets,3.607239666453339,3.1366007702475676
ootid,3.240004814855077,3.1365315243023613
loggy,3.061996691526968,3.136412184662421
petto,3.254360376208015,3.1364104297452324
navew,3.213202849294773,3.136386117671556
nomen,3.333169031495602,3.1362541372891792
elchi,3.0586188052949392,3.1361463983469364
hylic,3.0875815922969054,3.1358162065589044
terre,3.054170692939838,3.1357751869935875
feyly,2.9601653313309058,3.135773859529131
filks,3.6592789291147225,3.135576661780959
cimex,3.2375152675316943,3.135521911867915
flubs,3.370334976125579,3.1354669555567205
lappy,3.129363336202199,3.135386203354708
quits,3.4852598691115118,3.1352396383167207
boofy,2.9903374285833815,3.135231293071326
khads,3.5699105017250297,3.13490951244405
dukas,3.77687474098337,3.1348060830528124
poboy,3.132589997317752,3.134613333612972
zoism,3.1745138279996823,3.134561947558489
hydra,3.1995795956899613,3.1344342431694736
smits,3.4536246021217867,3.134392940650257
ceaze,2.981857018091322,3.1343277549770447
rompu,3.3655658476188064,3.134327474069236
luxed,3.2779273384745293,3.1342288393490447
werfs,3.5839676298392726,3.1341685186456476
celeb,3.137279304059536,3.134113509322172
limba,3.3764774183482205,3.1339101740318682
tecta,3.222680099321595,3.1338422281125444
razee,3.2648585652896656,3.1338100481544453
iches,3.52585633278399,3.13369585809528
basta,3.302770612223058,3.1336408528586666
kibla,3.358542524600648,3.1336184557224565
boong,3.0123478508574704,3.1333951852444075
knuts,3.5899854616275038,3.133388853388949
neive,3.0002280578428286,3.1333847397484806
lagan,3.1460389861178815,3.1330751099655467
manoa,3.39817950517734,3.1330608547609478
usure,2.9731732181734634,3.1330225633509547
henna,3.2254819942311523,3.133000346746686
ricin,3.106742633302095,3.1327792640270005
hazes,3.75037636225375,3.1327555400257396
upsee,3.089349675051316,3.1324580762017935
revel,3.0740632124753864,3.1324545220648865
tooms,3.5632885132884473,3.1324221902015266
chack,2.698784390434991,3.1323322475903037
radix,3.2589035609935175,3.1323290908953387
bewig,3.13883935645521,3.1320933846091688
hench,2.9185092002055812,3.132021753876451
spets,3.447199362259276,3.1318895580307755
fetes,3.5503612485384375,3.131653337641853
ethic,2.9332580580220267,3.131595071857595
kipas,3.799512003685464,3.1315264302303225
jatos,3.6838822900679395,3.131493111566666
wonks,3.7158881479421604,3.131484481308271
abcee,3.0565973678039615,3.131349657110363
holla,3.2591655761566494,3.1312916502372667
bufos,3.5539413897283794,3.131237714315534
inspo,3.17958397312644,3.131137355759701
tatus,3.572957316509649,3.131108201449574
slobs,3.3783389149889027,3.1310897458916633
unbid,3.1212308109578966,3.1310422658688366
wafts,3.5593480694793973,3.131039908107139
elmen,3.0614385721517974,3.130859779443509
vends,3.644470301963171,3.130853393561199
gerbe,3.13359759007247,3.1307590686231697
gleek,2.973198759999422,3.1307255841650083
chili,2.8985519762726386,3.1306480047327634
sunup,3.057798349606738,3.1304136868757606
lieve,2.9889027086858637,3.1302686895505243
dwarf,2.925999994443814,3.1302663281505607
apaid,3.0566707606084647,3.1301048889751106
goxes,3.7019696587233093,3.1299693834138975
nappe,3.212305265593567,3.1298481275521346
perve,3.091212952349646,3.1297526498449413
mumsy,3.086475060831533,3.1297075935838707
sujee,3.125271711958861,3.1295079465214397
slaws,3.2943974171418993,3.1294622471295552
heuch,2.8310443866066177,3.129420268816923
gecko,3.2509546718166433,3.1293451318902004
schmo,3.065725228427577,3.129220291998087
ledes,3.650341000056206,3.1291904946261715
oxime,3.060270202769537,3.129123268414875
witty,3.017446965517406,3.129068959881386
tewit,3.033356317104973,3.128973077827183
madal,3.207302371066759,3.1289578119203645
props,3.481856293965572,3.1287451823185304
neoza,3.3264645244240647,3.128731971155978
woxen,3.194873822095434,3.1285567416191906
bewet,3.0652210840247167,3.128346491093236
swans,3.316401850008836,3.128344593271796
tsars,3.414551682881686,3.128337700539019
jutes,3.6890049216132,3.127850402287453
snyes,3.489076348649477,3.1278458638604265
imshy,3.052954709440149,3.127459070403082
snods,3.428007791288162,3.12744846049143
yonks,3.7924256053478587,3.127288405655958
psych,2.8756777015886206,3.127261000277239
recur,3.037835343698249,3.1272308308763055
popia,3.344478966688484,3.1271960581233254
ritts,3.6165689670021264,3.127173723091688
mazut,3.1963026665365923,3.1270759108064476
aulas,3.6353133749063926,3.1269729736579532
gotta,3.2548909715073853,3.126940710151311
pepon,3.1686347227518823,3.1269341249644214
withs,3.5222618757212136,3.126824589300326
cauda,3.159790454781161,3.126777339608961
biris,3.628359042381832,3.1266629121969096
pekau,3.4110339238904643,3.126362411061732
batts,3.6037692438885776,3.1262919007241727
nkosi,3.205595519596084,3.1262141845523077
yirks,3.777753658729485,3.12619643170937
hiois,3.5277524919297147,3.1261819747033193
bomor,3.136262895339241,3.1261762545993657
ledge,3.0626922605617244,3.126098860038954
odahs,3.5141017659407434,3.125833742299694
zatis,3.7070538796327432,3.1258102828342773
whirr,2.7676197822096293,3.1257089090771224
gooky,3.09142212644037,3.125682598206791
macks,3.773779909070061,3.125575234378466
ictus,3.4386936711709444,3.1253601156684523
fussy,2.9009400335566466,3.1252241903312745
gunks,3.6780074073818927,3.125068451831358
thebe,2.915920589522611,3.125033056625375
wrawl,2.7869233592378135,3.1250122119503922
speos,3.44703580748702,3.124767201159276
gauss,3.4372589197177694,3.1247402894698886
oobit,3.071150080605925,3.1247283881882018
scoop,2.8837079446087963,3.1246942180131017
youks,3.7049607917488947,3.1246869205964303
pixes,3.741509625129855,3.124626299309811
natto,3.2679660962880153,3.1246011876350126
skyey,3.0994994486386407,3.124518507894982
woold,3.066008441352839,3.1244695483240554
burra,3.2277152029370426,3.124233765532597
foxed,3.2469110899265763,3.1241253599482066
maims,3.633997011085715,3.124124538063879
imbed,3.2260415554034765,3.1241079970193795
quark,2.951376785104836,3.123996758181839
sings,3.540416731383842,3.1239153273285516
azurn,3.031182688724177,3.123895624919382
grigs,3.3586698686445957,3.1237901059521023
fauna,3.08585363119376,3.1237385980234933
aevum,3.1179418939274566,3.123485667372231
niton,3.1451990401483823,3.12348311356378
iliac,2.896086050281602,3.1233864110379796
rerig,3.182186743871255,3.123161995569919
pipes,3.702260189531307,3.1231565779805903
shaya,3.0095302426794297,3.1230887574074613
joker,3.33725926779049,3.1229938245338733
cooms,3.4933340558798136,3.1223929205887058
nenta,3.340790049544105,3.1223425542063756
umped,3.2429380077364707,3.12228810933263
cajun,3.0763453284166724,3.122152299345471
momes,3.7983426040387944,3.1220107295333808
furzy,3.0602263371105654,3.1220043268676507
becks,3.656377247857731,3.121847027741292
cusso,3.0156723364906526,3.12176733836358
nrtta,3.16125177989073,3.1217550632313014
hadal,3.0941197421856437,3.1217132189261774
igapo,3.103595884343915,3.121668741965025
pitta,3.2944309379139307,3.1215976260472242
assot,2.997361165712606,3.121534241267632
coops,3.4980599700621315,3.121524415360253
pulpy,3.131490526010907,3.1213959407650047
gadgy,3.052846771547848,3.1213868757611722
bolls,3.5991141154150057,3.1212304559928428
emure,2.932620055202752,3.1211309022844658
nided,3.2911482919273087,3.1209827082963617
rests,3.6304568028895092,3.120902378850481
noxes,3.771589087163835,3.1207805661758283
tippy,3.0642534051065335,3.1207180671303885
smeek,3.0690137406906444,3.1206253685772722
slugs,3.305224403393913,3.1205863685363298
abeat,2.985607182134502,3.120430300559255
birrs,3.587150873900951,3.120292111894392
tacts,3.566848670911167,3.1202646475111075
garri,3.2536615770919735,3.120206203007729
velds,3.630840702689438,3.1201609963879684
obole,2.959190373321093,3.12010049651719
yuked,3.3921171633776908,3.120077822254069
otaku,3.1210045763206153,3.1199787598376485
pupal,3.115675713130857,3.119978400717724
sodom,3.15628355917653,3.1198119671002917
squee,2.9453718022120445,3.1197803413872998
abray,3.0807128070829393,3.1192872016266575
verba,3.302470650584058,3.1192641785518025
gazon,3.19134742039751,3.119157193216047
bilby,3.097500392930745,3.1191057749765676
azons,3.5023871254073593,3.1190845253688653
indew,3.077978656126164,3.11884909338847
nonas,3.7432038699345505,3.118842716764126
wheel,2.884573386194968,3.118526627859892
chess,3.238894070693847,3.11845802794845
iring,2.826738791460688,3.1183372956164246
hacks,3.6605972801889464,3.1183306413842784
gooby,3.024040902167422,3.118209453601544
durra,3.256430873952505,3.1181231180984224
unked,3.276220987317263,3.1180459883273173
pizes,3.7809865955374597,3.118000071104367
naeve,3.0548331262641386,3.117897207840758
dayal,3.115703054495963,3.117655227513115
washi,3.2531269563787646,3.117627479695134
cacti,3.1923140460629753,3.117586481212008
infra,3.0901243915744514,3.1172947486263567
poovy,2.9816562644445987,3.1172030348233157
kytes,3.7370541029028272,3.1171643451238737
easts,3.602061283171171,3.117161406863353
meers,3.6176233485006746,3.117116175204659
befog,3.0779819757517535,3.1170494055249742
zeros,3.73989305849112,3.1170008808823892
tatou,3.1724809157168465,3.1169583318676226
yolks,3.7787960060741255,3.1165960084827273
nooky,3.161041554880895,3.1164937809687228
quank,2.924905459776954,3.116447954346571
avast,2.753541060444832,3.1164033604562698
quaky,3.024259650731894,3.116005686609965
potts,3.655073251457482,3.1159835544220247
minxy,3.178273418874147,3.115941850508828
omega,3.230780888553934,3.1159169691798168
deids,3.569991019963661,3.115856345835069
decks,3.6850929188731936,3.1157363803071174
reges,3.630920221569749,3.1155761370976287
cuddy,2.9595435546325097,3.1155724249216084
syens,3.436025179100959,3.115532327810372
agrum,3.134814798910634,3.1154858557059697
skell,2.9738601433639835,3.1153728422908094
kyles,3.783467325510477,3.115367550246394
mochi,3.317116418810759,3.115339806284444
serks,3.664591704907976,3.1152895809079393
emule,2.9132993718438107,3.1151970194434706
boxla,3.256114793105448,3.1151914548281323
dolls,3.6278297864304685,3.115119808558668
molvi,3.312897659210411,3.115097832795378
oncus,3.4857457525644904,3.1149959621219283
baozi,3.2661695864910136,3.1148373316088427
plaps,3.44852777293824,3.1148090874090304
gungy,3.0216977317671487,3.1147273784214713
caffe,2.981444364045945,3.114636234473543
etats,3.3851153546669024,3.1146208152934554
digit,3.0050411113442426,3.114540549131524
meech,2.914607939888759,3.1140078195747485
overs,3.4784939130493324,3.113859839295423
pirai,3.3638130771939165,3.113857479959559
cists,3.5038003600345577,3.1136984659951947
alaps,3.405213566185265,3.1136905361361524
vigas,3.5772567954668837,3.1136590889547024
nertz,3.3044698733483555,3.1135010788279125
kydst,3.0490299838824515,3.1134841855844035
paaho,3.166080091487385,3.113421342245285
hydro,3.1208069333378,3.1131621158392715
rucks,3.653909871596943,3.1130929231455746
mirid,3.311069113165202,3.1129824152087933
toxic,3.1153642188904884,3.1129651132750658
apnea,3.240307212667962,3.112877475139761
bumph,3.0925236280301966,3.112764056903182
smaak,3.001733374091863,3.1126997906703613
limbo,3.297704755996059,3.112638046701666
faxes,3.6314474068733853,3.112605220139016
rayah,3.076925648106265,3.1124327710156994
lassi,3.1992350029551515,3.1124317271001716
culls,3.458536123463361,3.1124285261355698
drama,3.0886477913358705,3.1124104883412285
pheme,2.9803212442029032,3.112400448746672
wryer,2.9077108243097127,3.1123458771883232
ahigh,2.811276951333917,3.112286107867914
ticca,3.069830804515491,3.112075301957362
floss,3.2149033524640225,3.112001033821185
kohas,3.775966834489863,3.111983710243563
defer,3.0848572268958674,3.111971851388563
mozes,3.8413306324425984,3.1118787109679547
recep,3.125076638720429,3.111741716408524
seths,3.485637379305403,3.111721662846582
gybes,3.597522572938506,3.1117065492909286
yandy,3.1893325325503845,3.1116881683021207
boabs,3.5634717968286855,3.111573977366293
hided,3.208230237917353,3.1114624882997433
anura,3.04849289168082,3.111397954723949
onsen,3.129541397497039,3.1113940812433425
grogs,3.3584339004480803,3.1113842228017656
sakia,3.350259507071174,3.1113689545236785
hoxes,3.6886710331538795,3.1112603461792103
hashy,3.1037854244492866,3.111202233587692
avant,2.771070749369671,3.1111820269328163
yowls,3.6202697512036166,3.1109827837409596
defog,3.1066976467672163,3.110938758090799
whoot,2.747931645951986,3.110762225787855
broom,2.9500555373970476,3.11067634123202
tabby,3.0637580667169866,3.1105603922409584
schif,2.9203620815979567,3.1101546460399954
pells,3.6224902081940256,3.1101146883081867
baggy,3.024315280810092,3.1100733603368123
snigs,3.3399363989157784,3.1098211045985495
kitab,3.297297972775892,3.1098172516772644
flood,2.90037711196997,3.10961136183458
gambo,3.294015745133809,3.109455382229968
njirl,2.9880221683672943,3.1094158484236485
tanga,3.2289023652198594,3.1093748552380935
yokul,3.214830376451481,3.109334071338418
mikos,3.8001916682891794,3.1089593420047326
etude,2.883159159446638,3.1088999985597696
chiti,2.923791335606696,3.1088550712015626
thigh,2.775064661738491,3.1088032443453026
nants,3.6849586211336764,3.108764973604938
marri,3.3535455804036576,3.1087417587672297
jolts,3.7082307087555795,3.1086972515087132
kusti,3.391994847198905,3.108583858329503
thumb,2.9355347412458714,3.1085824861471036
galas,3.637087004272473,3.108526577822986
bever,3.021797697001338,3.1085188844725016
resee,3.1537838397398708,3.108515578535417
swats,3.348791851311833,3.108166580734868
phono,2.9590365882485377,3.108129835205358
subby,3.0114363344255577,3.1081198992856427
qaids,3.5419964572238642,3.1080365444127285
ovels,3.459173229690391,3.107925956454428
nucha,3.228267854203164,3.1079068032549353
tiyin,3.0487063313578924,3.107863826542486
tenet,3.05022436971392,3.1078124008227963
manas,3.7506006068578905,3.1077545307557175
kylin,3.240145196443419,3.1076367054793037
pucka,3.3317718425087475,3.1075168261011115
topaz,3.2511737871811794,3.1075103312965924
galls,3.5664764998335006,3.1074942634360347
leggy,3.011840418044817,3.10748334122794
stogs,3.309701701625143,3.1074497311042037
neski,3.433716193972923,3.107422849655578
loppy,3.107134977509933,3.1072647813027356
javel,3.1399423091693928,3.107112756857023
zooey,3.1566286137592514,3.10710078294896
hooky,3.0781235008709396,3.1069735609721048
slums,3.3458844840420916,3.1069623690055543
rumba,3.3528023733245367,3.1067807540867802
hunks,3.664708781812463,3.106359414596671
mimeo,3.358927628143082,3.1063526738283778
cacky,3.0812611038008932,3.1063135798441905
ovens,3.452022587721451,3.106311035460155
jotun,3.156652516123869,3.106254336084426
stims,3.3505977504698365,3.1062316147237645
polos,3.6650458336461664,3.1061674118150497
fazes,3.67092437728099,3.105978991933573
nebel,3.132720068757828,3.1059105977242547
cooze,2.992841777994097,3.1058527044234543
zowie,3.22528709502748,3.1058181178933495
sigri,3.1310184135663497,3.1056254358738355
skeed,3.182694210341049,3.105547361504323
buded,3.188743106211801,3.105342947693525
jigot,3.0549912045856313,3.105163602232646
joram,3.3429469569268666,3.1051295372187333
antra,3.0759148833984007,3.1051038374877256
elver,2.8584743860055832,3.1049322611201955
capiz,3.1518159645580286,3.1048575009303727
scurs,3.304698457057587,3.1047612024173272
lemed,3.2908301658131442,3.1046769153938025
apply,2.9124220900683238,3.104584999023512
mompe,3.256079859374809,3.1044265901869346
vegos,3.5353217338477334,3.104422497900252
dimps,3.7185480331052747,3.104324551943167
droog,2.910031348346493,3.1039873387198638
hertz,3.2215518193384,3.103980858831295
daggy,3.0530309518255545,3.1039627129026375
heels,3.485120036260618,3.1039376993694763
dbags,3.471369443191862,3.1039099580040634
tolyl,3.077518550867129,3.103704446564705
bibes,3.618626525795505,3.1036637486376173
aloha,3.014606253661464,3.1036195701648976
picks,3.691207513472656,3.103575172462906
shogs,3.2924193091389338,3.103543039842204
preux,3.04931241640484,3.1034791999275457
japes,3.746913551264171,3.1033966993719204
hakim,3.2935278244817305,3.103045407612023
epode,2.9371004693114715,3.1030230177441296
rykes,3.7564095219497906,3.102982764832521
greve,2.7997267190741666,3.1029677733449135
burro,3.1489425405848817,3.102961638202395
tabla,3.169627013269471,3.102925227589423
alway,2.9411876989097787,3.1028891419416125
piing,3.006140295169624,3.1027319833096287
jivey,3.122824181391291,3.102666195269185
pepla,3.24024145028592,3.1026059658142557
hella,3.2090093026744984,3.1023628068027858
tenne,2.99374825188215,3.1023372965732467
shims,3.3333153579836274,3.1023249234617643
acais,3.3940621845799144,3.102085240809972
pasts,3.652487345390886,3.1017487012045795
nanos,3.6847950663614206,3.1016426167334386
bawds,3.642693474957832,3.1016244170899467
ships,3.3380412721659454,3.1014564182333118
tondo,3.218634714540744,3.101427632667227
basis,3.6077968627160715,3.1013898078605444
incog,2.9602914686410338,3.1012643299791622
agger,3.0162400127321876,3.1011986344668685
sleys,3.370186651349697,3.101095620775399
oking,3.0242116217085906,3.1010115167713335
salal,3.0781242657878414,3.100871254303893
tapas,3.6105964923542873,3.100833202097289
shoji,3.047558902502016,3.1006693244039374
abear,3.0083795963350344,3.100633748095662
grego,2.990333703124173,3.100608027315615
cabby,2.993803609308353,3.100531122628137
ensue,2.955371661195094,3.100516033266064
seppo,3.1805558422233053,3.1004858052092
bubal,3.0320420493950553,3.100485571374751
shaka,3.0675201350349903,3.1004241128851335
gnows,3.3736213687112686,3.1003455714294046
ambos,3.558056169991889,3.1002964823877464
axels,3.474434168142159,3.100285593825589
bizes,3.707454229276289,3.1001869953545427
sikes,3.6902127987132327,3.10013067101295
tween,2.977262194323271,3.0998591048006845
poggy,3.075619288378997,3.0997650140346638
nocks,3.7212869755066356,3.099729439328924
kinds,3.77790917653509,3.099473476326453
nalas,3.706706432712998,3.099337760584917
pupil,3.0640439892240736,3.0992334179123526
maddy,3.1673679343143344,3.099173717981574
debug,3.1036087021972367,3.0989060210579344
annul,2.946349207594657,3.0988329252281126
sculs,3.2853777736986456,3.0988273195763325
knags,3.528884262736461,3.098748455006843
enurn,2.8779139995369576,3.098390996552828
nouns,3.5428754475394495,3.098220079030366
lumps,3.6620903999502,3.0982092533052374
botts,3.5815408851963113,3.0981704786722
nonis,3.6915721460277666,3.0980977339587548
homme,3.138171316311376,3.0980505024212
waded,3.1939862311905634,3.0980227846136303
twill,2.792366204355762,3.097992649201753
peeky,3.1512933640810967,3.0978881012712023
karez,3.446161740628079,3.0978495994033377
mocks,3.751551550377795,3.0974538123264934
snogs,3.3397004307192635,3.0974152214482134
bedad,3.191873004757519,3.0972569135689456
incus,3.4260697710718473,3.0972351131765934
vespa,3.2792105781209884,3.0970910782235848
bdays,3.472629859822688,3.0970866098503205
arbah,2.8881922278469405,3.0970832749457156
malas,3.736971007584157,3.0970621335824866
phubs,3.4494695424476616,3.0969709026225454
aroba,3.065277374061864,3.0966413593225974
klett,2.982701563089703,3.096639040365875
mimed,3.347176271655855,3.0966385169318524
unlaw,3.062138427282396,3.096511953634865
vrouw,2.854668114027858,3.096464780009158
decad,3.185328134368766,3.096457995582676
pagan,3.1596615829699104,3.0964279393377896
joyed,3.3203635077801286,3.096411645909742
karzy,3.286944534425582,3.0963644161961197
malls,3.666360503145185,3.0960298191955355
heigh,2.929457490553412,3.0957740192144487
yeuks,3.6548045182667437,3.0957580771619493
hulks,3.651079182538729,3.09566701742344
bukos,3.6675219077025125,3.095595208404327
kohls,3.6702538676626664,3.0955774785636025
nixed,3.320422754780896,3.0954083535743004
snips,3.385322393746275,3.0953285998393207
refry,2.996021568198405,3.0952698738752096
yokeg,3.328621981137759,3.095176795036827
bloop,2.8563211485838425,3.0949957197388995
tutee,3.037046039054223,3.0949249786444453
detox,3.169889308249074,3.094840909144139
larga,3.2571119910048854,3.094829595463853
luxes,3.640235296729072,3.0945872774878818
woopy,2.986892310786118,3.0945386339770256
odium,3.067814969752998,3.0943799338390745
ngram,3.22464149835403,3.0943394248222695
colog,3.025132334938876,3.094292940851873
koala,3.2679636853509546,3.094188120859366
babul,3.013608407758265,3.0939967891854154
glebe,2.8971824288697516,3.0939004639683025
cluck,2.671590737255122,3.093567252680485
rooms,3.5812883980885197,3.0935119024157807
goofy,2.93547145430961,3.0933736784625454
spurs,3.3296149913406805,3.0931392887213027
mixed,3.3506873296520547,3.09313272657187
qilas,3.597775163782049,3.09301920078802
spook,2.894877798078628,3.0930174475265426
stops,3.3550876964556395,3.0929572263449754
parps,3.699785223323934,3.0927777197025668
plook,2.9161068340317513,3.0927539386981895
nioza,3.287762423777819,3.0926470401277673
roops,3.5860143122708377,3.0926433971873277
pedes,3.6639635969082356,3.092543323998415
bells,3.5489578419328547,3.0923016125583622
leche,2.993993088314207,3.0920275962724304
hajes,3.6811111260144465,3.091983643562304
welks,3.6521022751862766,3.091863240700559
jerky,3.245127464439234,3.0917462136032032
gadid,3.157759938751381,3.0917045816412467
lazos,3.674589635591416,3.091603758561652
molto,3.286138449427849,3.091510352845134
condo,3.148680257132111,3.0913983630544064
smeke,3.060378633833922,3.0912733929858134
waacs,3.31407977319597,3.0911551215862763
abbey,3.0306570603691068,3.0910877566578376
puses,3.6574464221638907,3.090983635053867
ogams,3.5091025534215556,3.0909423773811238
capas,3.5406420349456535,3.090803932484468
oktas,3.637365209697346,3.0906831014019556
pikau,3.372331823244219,3.0902774800335213
hocks,3.6383689214966797,3.090209219332306
botos,3.5451002447773456,3.090151130942705
sofas,3.542266721218215,3.0899297937843726
smush,2.7646026506865025,3.08979245361032
dwams,3.456680302602222,3.0897036213845577
kheda,3.2405842193184347,3.089597120684157
zetas,3.6863009713651094,3.0895050001531956
meets,3.62354202447579,3.089389358832463
penni,3.2492528443948103,3.0893887374595392
araks,3.444441285184815,3.0892949814438984
elbow,2.9266702140930687,3.089136507382905
shops,3.3378053039694295,3.0890505350829756
myops,3.614875499455705,3.088943353523416
chick,2.659021611196658,3.0889298071366955
wryly,2.8011842301811845,3.088907521173061
niess,3.5074573102811115,3.0888933613988243
lilts,3.5954048700298076,3.088883994376532
netta,3.2743541264657594,3.088823049478761
halls,3.5531778742640703,3.0887852262013484
wolfs,3.5463078765376674,3.088483164390794
visie,3.0581984075685593,3.0883895908307455
bolos,3.5915134673849956,3.0883543360652252
oonts,3.633513711404647,3.08833138233116
dodgy,3.0405298570307187,3.08823046830149
aggie,2.9918302643922763,3.08817235011791
recco,3.047760127609648,3.087977817869625
kight,3.0783160105798606,3.0879673289536997
photo,2.9914265895515344,3.0879518226684297
undam,3.09835291186719,3.0879030010893516
dosas,3.665915898946051,3.0879027211797685
dadis,3.603649542295158,3.0878099869546896
yelks,3.7286397325919745,3.0876671650482463
takhi,3.3188525749531905,3.087662054989567
emery,2.916187505512476,3.087639385544277
again,2.9474932252742665,3.0876372239522007
owche,2.943837858213954,3.0875739768475947
specs,3.247922280183106,3.087492968797535
hitch,2.819764277677953,3.0870412205524884
onned,3.1862543294421144,3.0870287650868087
rojis,3.6760781655435286,3.0868437518281295
berob,3.148955321851372,3.0868078131552843
bammy,3.100466030213088,3.086769973894783
ruddy,3.0474978968412163,3.0866914067486833
metta,3.3046187013369184,3.0865474224763307
mises,3.7165838164893863,3.086534692904448
indie,2.9590115596723257,3.086495452723687
ferox,3.1277863018090555,3.086425759454535
ninta,3.3020879488978596,3.086257623178165
dells,3.5776735129483175,3.0861909651241874
yarta,3.31055357643675,3.0860894433012733
hemps,3.660369862892856,3.0859534785620855
cawks,3.601604673482304,3.0858567371369072
palak,3.197758157537521,3.085825131220905
mudif,3.1437558727882364,3.0857406671999583
lowly,3.0249739916697447,3.0856481519370917
fonio,3.1359753184340633,3.0856357913377996
rumbo,3.274029710972375,3.085508626756578
hilch,2.8661775002856027,3.085244425675009
fleek,2.880448149457232,3.0852399988381545
talma,3.2559328465943045,3.0850584585340872
awarn,2.8598018338516598,3.0849440415774194
janky,3.2433256691036276,3.084874678573553
wools,3.4283163996073815,3.0848279864628925
rists,3.5917547022432643,3.08481744782227
bonza,3.3201228668383544,3.0846997315713276
ninth,3.0642148858021523,3.0846448270657993
sinhs,3.5069781005405405,3.0845323341141224
foxes,3.609219048181119,3.0844837980870436
stymy,2.884513815209216,3.084392565049651
mucho,3.1797597667221615,3.0843590489223023
knaps,3.574270257566958,3.084255950247614
alvar,2.8526442331034705,3.084250834147439
vrows,3.304770047533416,3.0842182382002754
talpa,3.260658760776623,3.0841899533056347
tocos,3.508179671799935,3.084123877729639
thawt,2.7134086833176965,3.084059588985678
jiver,3.1004765168088935,3.084058941632153
qualm,2.9662099029101796,3.0840539351110543
yawey,3.169092663681588,3.0839802186614156
basts,3.5789549791297155,3.083935625454755
accoy,2.922556333091993,3.083921181334494
arval,2.8543505611054885,3.0839138713710894
ooped,3.2740306376926958,3.0838585728303265
oasis,3.636003952689733,3.0835521000817483
khadi,3.1802004463691604,3.0835460216515034
omdas,3.621557366354957,3.0835085179678563
lowps,3.6374535199363054,3.0834374976131103
rizas,3.7081167515612194,3.083346856634246
woons,3.421165757638441,3.0832130654686196
feers,3.4249887346467993,3.0830950341183043
serfs,3.5086410327772164,3.082980661163693
kheer,3.0300528141754235,3.082945061622416
basij,3.2163874962321133,3.082877569929737
kelly,3.1475807839026393,3.0825509207029693
dolos,3.6202291384004583,3.0822436886310505
gulfs,3.5084271359773993,3.082067134913881
kbars,3.5474074811568848,3.0820006441504786
wedel,3.021227080053996,3.0819538689936414
boggy,3.002086922117826,3.0819519382848393
gayal,3.032121409206729,3.0819082603385097
lilos,3.5952413152575518,3.081761637505032
zayde,3.199724597007545,3.0815737425468726
lumme,3.0897355798865687,3.0813774337298714
lests,3.5664801163644393,3.0813456063458826
hello,3.1302366403223374,3.0810906794725836
azlon,3.110773024252267,3.080955539561984
gilia,3.2138931019091492,3.080818945986686
succi,3.0106696891040103,3.080778668636273
buroo,3.152262786724286,3.080624285599871
quirk,2.911614005866502,3.080594317728231
yukes,3.7544251216322335,3.080436260392906
kelps,3.7600603121691996,3.080340266378988
etyma,3.0858752233141624,3.080325366283134
madid,3.2576439420630656,3.0802401374007475
plaga,3.01947713747122,3.0802137925425592
arpas,3.4613218032002666,3.0801978138859867
piezo,3.250225077963483,3.080102506150399
soyuz,3.1384046867157274,3.080075862880572
moong,3.057365879895383,3.0800731263951278
amaro,3.022307233643624,3.0800572650633478
ephas,3.4821241289782385,3.080041124929508
gecks,3.60151127358396,3.0799894131325116
union,2.911963063366496,3.0797828916497023
equal,2.8948109109311755,3.0797350979026987
primp,2.923385841523137,3.079702290527168
redye,3.0799655000990986,3.079687799100953
dicks,3.6463908182269478,3.0796514492789067
funks,3.5852567968397024,3.079582866504504
oleos,3.4209651494575444,3.079343377886415
adoon,2.9600129732878866,3.079315807441283
skosh,2.802073181821628,3.0793097476410303
james,3.7829939072867633,3.0792503608293735
tyees,3.522894337917827,3.079115781546287
rasam,3.2453412289599552,3.07884811367364
todos,3.5434402132041503,3.078812148281733
whomp,2.854425480392536,3.0787896176232312
casus,3.478188594342153,3.078722656567335
banak,3.137855390550084,3.0787044526443115
valve,3.012487864651133,3.078693482819355
rejas,3.6775536159681614,3.0786598911990204
bunjy,3.0635711391820593,3.0784645152723087
girrs,3.5322848996271796,3.0784344972856115
eyrir,3.0144181976112625,3.0781974788268665
cocky,3.0590327451086274,3.078192157792218
kroon,2.9955256001213018,3.078124214491739
ladoo,3.169135168404103,3.0778222288010504
agape,2.948552609677339,3.0777839293728446
souks,3.55309673728114,3.077695138766788
litai,3.215961230950481,3.077687247775461
scapa,3.0187175620654996,3.077606710307709
bombe,3.1632943103893942,3.0774635163161665
afoot,2.813276648662834,3.0773802828834205
steds,3.3804654666374496,3.077351055903581
stays,3.3029970020722965,3.0772902212655495
feels,3.405668051287858,3.077161151277309
scuts,3.3106171330327023,3.0770343860451317
augur,2.9464996532383116,3.07694646698079
tamas,3.6466768483768797,3.076686863554742
grama,3.0050661460466372,3.0766635211666236
mvula,3.0925345343960084,3.076592365790167
wekas,3.681017562772253,3.076546301920639
chock,2.658785643000142,3.0765239239863593
pommy,3.1517700377819926,3.076461627592635
ditto,3.1708415803160612,3.0764017755330224
leges,3.566943535044679,3.076019364593031
marua,3.335830988946552,3.0759940062060265
rumor,3.086074120659757,3.0759814859279953
dwaum,2.97605757416133,3.075893259693893
aloof,2.8379897274089636,3.0758773390510603
doggy,3.0308025931332883,3.0758412908506645
fella,3.1295573177017384,3.0755862587106186
feens,3.398517409318918,3.0755462302830363
folio,3.1223457191603305,3.0749433941645687
blook,2.842574467770581,3.074940862948365
dappy,3.0981692378085195,3.074815309542952
bedes,3.5904312306470647,3.0747302482485903
vinho,3.133465608137409,3.074707949033031
kythe,3.1159667325650435,3.0746897173222267
fulwa,3.108521788596015,3.074609348447863
sumis,3.5471238196701704,3.0744240064780337
ephod,3.0391790084582997,3.0743611647080105
lesos,3.5663165615921835,3.0742232494743833
calpa,3.1907043033679887,3.074160683692813
pills,3.58378810754778,3.074029757279976
wefts,3.4869634373049805,3.0739896426206856
hakus,3.6615608284879158,3.0738612964541847
slows,3.254398669707051,3.0736539235256104
posts,3.63025898669862,3.073627279152607
lucks,3.5899331850718736,3.073536150640977
seres,3.563385146293095,3.0734845308631433
sheds,3.3631830741512405,3.073444364641581
shays,3.285714609586087,3.0733835300035492
noddy,3.1148750007509087,3.073327922932032
buses,3.58391405590272,3.073170559304042
favus,3.4341844666619554,3.0731636399229885
hasta,3.234606012379856,3.0730742010151997
quink,2.885142680538621,3.0730455138929633
matts,3.6487872729264907,3.0729698418748934
xeric,3.1183292295269496,3.072903640032688
ojime,3.0398121736478494,3.0728732720258547
ryugi,3.129438585665566,3.0728024452960483
ngoma,3.1838662307646444,3.072553175797017
melam,3.2425517121052567,3.0724682868508983
waxed,3.22326069404415,3.072448429891569
scads,3.337823294710559,3.072427226706242
cobby,2.9715752506160866,3.0724097005761646
vinny,2.953210399594883,3.072398515825194
renew,3.1581594151646066,3.0716675396590385
benni,3.1757204781336394,3.071575661709715
purrs,3.573031508613368,3.0714189951945308
plips,3.4087649936999065,3.071406646955422
varan,3.1195247067304814,3.071360172396879
baaps,3.521928952667328,3.0711430361929732
sweep,2.9381648914556195,3.0710514249988097
logon,3.045599474956633,3.0710452535990056
slebs,3.3607953194323104,3.070957831647824
murra,3.272733231974956,3.070911706683318
peggy,3.0254630148968458,3.0708361706001837
necks,3.6711307020244845,3.070800595894443
promo,3.0171190865909825,3.0706668483591737
ranga,3.2469022500199323,3.070464567452347
axmen,3.145911415185892,3.070227645408461
nolls,3.6138675695817595,3.070184024145994
zingy,3.11511864212129,3.0701125920141377
scoog,2.8353752048938037,3.0700520659147967
pilis,3.6140753818592466,3.0698617902574
modem,3.2619720939217047,3.0697847934364377
extol,2.9205649015875377,3.069779884512354
noone,2.995343119153496,3.0697043459748063
array,2.933975898853793,3.0696851525336286
rhumb,2.9535346260459443,3.0696721983613577
ghees,3.398911562514265,3.06944539250606
aliya,3.001577405713585,3.069440613087064
kings,3.689601815966191,3.0694402372832363
milia,3.313777105220834,3.069354501746187
fifty,2.933684151638916,3.069290318167016
inned,3.1265783479494704,3.0692679161414738
juris,3.6483785134485416,3.06906566469146
leese,2.910945221877685,3.0690418475227648
comix,3.151517984104026,3.0689335459227594
groom,2.895189563123276,3.068818726623239
regur,2.989698420090937,3.0687479713952586
voxel,3.0893489947061408,3.0686826574469945
preps,3.46431269840898,3.068613268074691
gimps,3.634966387816041,3.068577584768561
mecks,3.701395276895644,3.068524968892013
bucko,3.1794668138954156,3.0684316230210844
revow,3.0460901229731365,3.0682206232289944
jhils,3.360001120518466,3.0682024034144426
quork,2.911378037669987,3.0681884345778947
wheen,2.8918157258863895,3.0680327507113536
oicks,3.6458822371851474,3.0679243889342853
molls,3.644132144452919,3.0679083971435634
kofta,3.3391942588922694,3.0678833846157874
ovism,2.9186990764441103,3.0676890891873088
jalop,3.1763150062189576,3.067379036519035
sneds,3.4104641957315707,3.06731654624759
ettin,2.903704720524927,3.067234852574326
subas,3.4992026147118964,3.0671857389101556
dayan,3.1229453941873846,3.067161350364577
illth,2.8466416921998583,3.067112767517652
mirrs,3.632168902938864,3.0669700530451127
lilac,3.1033761498382813,3.066896108580003
garam,3.1913296449506205,3.066759698321844
sixmo,3.1763772629932903,3.066739100738663
camas,3.576722390968246,3.066657593941921
winks,3.627029773813764,3.0664707068455797
epopt,2.831242705436812,3.06642495790776
iambs,3.667969429655914,3.0663587213569294
oasts,3.607162069103377,3.066097917675959
leaze,3.0058346737749577,3.0658899642995214
wases,3.589157180881482,3.0658503962241475
yeesh,2.901989420714224,3.0657881860210927
lexis,3.5917334713680065,3.065756260557931
avize,2.9259424894699575,3.065696760679149
hodad,3.173864678396468,3.065619105159959
dryad,3.032189370649607,3.0655642840649557
dawgs,3.583101785404396,3.0654805306125548
obese,2.9161392130152497,3.0651705651866585
faddy,2.974733320460459,3.06515257689522
julia,3.288778547249631,3.0650793130900174
lemes,3.653138124067687,3.0650353535326396
ixora,3.065946755393991,3.064970510083647
swits,3.3090290720734994,3.0647641402812598
tarka,3.314375238097748,3.06466417778927
impro,3.091649267615632,3.06462223639026
poeps,3.6275713184661607,3.0646100977566317
fossa,3.0874064059784967,3.064498195615421
idiot,2.837169859786928,3.0642163882066287
taboo,3.1183561652755243,3.0641508976246126
sowls,3.4684056967358625,3.063991001911318
julep,3.181437637764218,3.0637363272398224
belee,3.066822203220551,3.0636705801030675
hurra,3.159550603093841,3.0636671136891307
pacta,3.2240074311799214,3.063468184054809
renne,3.0117481366822223,3.0634270087875004
dunno,3.117235770542656,3.063413100347879
limbs,3.648261357763375,3.0632823279439774
dados,3.5746441039365457,3.0632334476774
helix,3.148427698356672,3.0631646491346567
eughs,3.460267719885708,3.0630683109414445
stott,2.760630749746724,3.062887867239504
iodin,3.075506201381513,3.062865733435476
jobed,3.298904661474897,3.0627872502653144
velum,3.102570694327825,3.0626933961233105
pekoe,3.189839253417185,3.0626502450351074
kanal,3.2102369147472016,3.0626372628227783
rondo,3.2366345993408165,3.0625173448814813
essay,3.004125850072822,3.062482075741794
falls,3.47372588929131,3.0620086781091813
aiyah,2.9840513200809555,3.0616907258093926
sakis,3.626443873977831,3.061663727119767
aheap,2.917073181470747,3.061530081380531
daman,3.2010394767472103,3.061520205093399
skrik,3.0208212745912744,3.0615080555644356
zinke,3.254503332122912,3.061448716471067
congo,3.060372896563212,3.06136512401119
hecks,3.5882126480145287,3.0612803758978253
forza,3.2466927095324154,3.0612783321517965
atuas,3.376670385470109,3.0612769671310143
wacko,3.1847099388741777,3.06111145994119
origo,2.9313696978518102,3.0610459475116656
phyma,3.1190188930476688,3.06100596936236
acari,2.969591569662573,3.0609943839838314
poods,3.5785815883361995,3.0609651978574184
sissy,2.867386413468652,3.0609241731903953
nerve,3.032434040255229,3.0608931422482675
thoft,2.708780733306887,3.060851312608788
sugos,3.4319237922885497,3.060831478261136
spads,3.362739828993652,3.060805313010217
kranz,3.032144016259147,3.060747075346537
womyn,3.1246394834983695,3.0607033887531756
weave,2.8317420435237537,3.060692060004693
quonk,2.8849067123421057,3.060639630742627
lakhs,3.6625858285840627,3.0605584854917693
bulla,3.150820070322701,3.0601583351683566
gambs,3.6445723469011244,3.0600996634722795
kyang,3.0404393605031235,3.060038043344384
krump,3.014416330629989,3.059914417303532
weber,2.9960922156605827,3.0598968588166535
tummy,3.0076141369778107,3.0598758915983586
gesso,3.051228080686375,3.0597828101775915
gawds,3.5878275006840608,3.0597668024811666
dudes,3.5797667354818064,3.059590738398187
kudos,3.664506341882426,3.059527518248961
nimps,3.704585816256566,3.0593887675304923
biddy,3.0112631724557586,3.0593605803161896
duped,3.184175545216152,3.0592234977083645
fixed,3.15805271579818,3.059111585485515
naggy,3.039068734976846,3.0590269284899634
spoom,2.9290315992429132,3.059008507296753
plops,3.4085290255033907,3.0590007638050856
robur,3.026496353731039,3.058709553396098
laika,3.23619245396035,3.058688714999139
kapus,3.69342663049992,3.0583514555913016
junta,3.273566262937008,3.0583175278574584
myall,2.9484261135814327,3.0582736965245156
bassi,3.1393252335460105,3.05797148072259
bobas,3.58426096627462,3.0578203654978324
cowks,3.5793763147900384,3.057735315084935
wenge,2.976876576350646,3.0576589532417766
hamal,3.0969168661971245,3.057558077832645
newer,3.1027469523920033,3.057503506782794
never,3.036551151168092,3.0574724526256523
nanti,3.295248565777807,3.0574014828123914
ardri,3.0233635812471222,3.057272043932381
reeaf,3.0684732705041515,3.057081770726555
mimes,3.7094842299103976,3.056996955070689
rawks,3.6895590156910103,3.056975718963982
wizen,3.145492418374642,3.056916738951055
viver,2.9933342695270895,3.05675179437141
duads,3.483399967006995,3.05648766281078
empts,3.5026997409185006,3.056364039393104
rusas,3.58457657818765,3.056330420583745
bills,3.510255741286609,3.056216681530151
evite,2.819522514103851,3.0562051469078564
azoic,2.9911166826120463,3.056173644230037
nixes,3.6827307130354385,3.055766791713137
taxus,3.5445545231679976,3.055708397986414
exons,3.3658345650417014,3.0556181982932173
almah,2.914417888249816,3.055322106805521
choux,2.813914106208534,3.0552993283435868
boyfs,3.5105464320649924,3.0546412261612668
fique,2.9163546849192317,3.0545815812884243
axing,2.8827498437547012,3.0542490379570353
chook,2.736492196741035,3.0541865713838354
thymi,3.033446981979922,3.054128863400023
erven,2.8674230536990226,3.0541014211953077
ollas,3.4964482836965027,3.054057731698622
nefie,3.0464852617072467,3.05400978262693
vivre,2.934163961625706,3.0539981439888573
looms,3.51731171156345,3.0539551299111825
katal,3.150194092865818,3.0537416605270273
burrs,3.4994991423521973,3.0536059194447063
epoxy,2.850378683483752,3.0535381138012108
mixes,3.7129952879065975,3.0534911647107066
kerbs,3.746395565217377,3.0533413462573766
atlas,3.4505055997953398,3.0531860550173113
gloop,2.801455174310071,3.0531381051301194
assed,3.1657745883155246,3.053111376271249
loops,3.522037625745768,3.05308662468273
jumar,3.156943638525814,3.053018368341637
educe,2.7266948749252133,3.0529948712534427
mokus,3.7525150986767644,3.0529844673963997
bromo,2.9435867203298116,3.0528537726093488
boppy,3.047225208100791,3.0528045349251545
nitta,3.2356520258195145,3.0527381184505504
uveas,3.4586340945154737,3.052621862586507
fetta,3.1119840874830436,3.0525262813899765
nevus,3.5241698734702545,3.05241014252532
swots,3.3087931038769844,3.0523582571309236
adsum,3.089171876722653,3.05234999616903
dimbo,3.26651065760238,3.0520671528899093
okole,2.9566979227666152,3.0520552539026595
pakay,3.2131640272823017,3.052044772030146
quack,2.7580183790037816,3.0518733525764024
vatje,3.038587199215322,3.0518493909977846
gimme,3.06261156775241,3.051745765193195
softs,3.4617931137250753,3.0517306285732118
marms,3.666202993498115,3.0516329405636657
zilas,3.6940120933265135,3.051623274247505
weedy,2.9612865736303045,3.0515991904852773
ether,2.852601281305107,3.0512792446173025
whish,2.6560722978118245,3.0511914536050737
aidas,3.569005281140162,3.0511896716562212
arear,2.8616426881058885,3.0510316990026336
bacco,2.996258303849854,3.051011064473899
redox,3.157513490460488,3.050702286131596
volve,2.990259505958867,3.050572060767382
mitta,3.265916600690673,3.05046249144812
nasis,3.6225503168828252,3.0503433760136955
dills,3.5389714123020717,3.0501060340959762
izard,3.0329814876670005,3.0500744877545736
sumos,3.5181183813115577,3.0498474672007445
reeds,3.5604085751150247,3.0497039536955795
enjoy,2.933233217438224,3.0490083875843714
skull,2.862194448420504,3.048895756609141
ragas,3.578482144153944,3.048760586829387
rakhi,3.3368524597532634,3.0487517672038207
meteg,3.140682616220687,3.048715046459751
darzi,3.327327208115391,3.048640969824791
verbs,3.574254589999213,3.0486363324639116
byked,3.270215107761036,3.048607307811505
dawed,3.2178473799171154,3.048426825525663
lamia,3.2772843833299445,3.0481026665469177
koker,3.268657900122461,3.048094670170344
haram,3.17803101938119,3.0480506610871583
rubor,2.9865211917947,3.047998235554746
hewer,3.0198288983820474,3.0479832867861765
lipin,3.044743256170128,3.047901959523511
exits,3.3984605345412136,3.0478460689066256
beefy,2.921810325689166,3.047766105777132
vacui,3.129598290532782,3.047603483004181
matai,3.300847729620638,3.0474954376674197
durrs,3.5282148133676596,3.0474952720105315
unsaw,3.0252136078675047,3.047339933185036
hohed,3.2057129412388154,3.047302832618361
stabs,3.2936056701549097,3.0471524321379744
jamon,3.2106663398610933,3.0469429767849943
zayin,3.155743846866071,3.046901293323783
mizes,3.752472258314202,3.046864936505263
pyxie,3.086500336897328,3.046552234451134
kiosk,2.9884981656362655,3.0465114438213994
echos,3.3765704324297494,3.046341516542872
kuyas,3.6698465455994764,3.046335044509268
towzy,3.0501138849595115,3.046264244544799
heben,3.057044354439294,3.0458965005790986
blabs,3.326885908309324,3.045832729170908
monos,3.650161095696642,3.0457246743891764
malai,3.3472609522282877,3.0456986427899397
ethyl,2.8241970071042646,3.0456675578946326
nighs,3.53956660155976,3.0454822901356824
wussy,2.855061278981955,3.0454258382226644
radii,3.2318463236820962,3.0453679446604545
lists,3.527778015718194,3.045260675317672
kagus,3.643312397499504,3.0451891281091457
hillo,3.0915345396760916,3.045005748444373
teems,3.4947614103942315,3.044957002907333
antas,3.4340911062818105,3.0449483402388
gammy,3.0456000559393166,3.044912359286003
motts,3.626558914234224,3.0448484198229204
pests,3.580102713216469,3.044698435718126
parma,3.311394668505093,3.04455842530532
abeys,3.480506842926828,3.044522704338392
newie,3.078337204052091,3.044477222433836
neddy,3.064718727268758,3.044399079497551
lokum,3.2338334529423842,3.0443856954327853
mtepe,2.973815213648173,3.0443035001811154
ruggy,2.949463272374887,3.0442689902546416
kilps,3.7213582115229547,3.044255335350777
bocca,3.052802607509749,3.0441617697521286
cuppy,2.906647216149146,3.0440026050678815
revue,2.9557340224962143,3.043944430657408
bumps,3.602180630541058,3.043749006927656
jilts,3.6193723346271827,3.043683477046022
papri,3.214020649878564,3.0435987772612663
rayas,3.5865826506171263,3.0434177210401736
shash,2.6205084799881018,3.0434060365767266
yodhs,3.5801111045479743,3.043375998781807
anlas,3.4805043288894604,3.0431515453613205
torot,2.97153320864689,3.042888794704117
repro,3.1241237446042405,3.0426572858707335
nitid,3.146575288902637,3.042440639399369
scags,3.24951593414166,3.0423939876630257
mosto,3.2492136300129566,3.042338332395304
lippy,3.018276603381536,3.0422510068400443
alays,3.3131241243670733,3.0422152074527813
intil,2.8444913127033438,3.0421045047039015
yarrs,3.5812797247366577,3.0420896807124986
gasts,3.5240890048559437,3.042078010845975
allus,3.3931679484461985,3.0419954385142685
alkyd,3.1103878982939217,3.0417024606903604
verde,3.041087876731696,3.0412460314803624
yatra,3.1704056510702285,3.0409988568616138
ethne,2.766959648075842,3.0409767903994824
belli,3.1592477865769855,3.0409381217658153
bloom,2.8767282689348663,3.040931922718575
skats,3.4016486219951734,3.040703675209067
arrow,2.9368569138992044,3.0406284345256047
vagus,3.4711714222813392,3.0404841143156807
jowly,3.0489414562671198,3.040447634606582
ackee,3.0509207215758725,3.0400039099972944
eerie,3.002888876489698,3.0399084187931527
senex,3.133453967026399,3.039782468501243
adapt,2.854432210271321,3.039654984379772
fyrds,3.497604201949148,3.0393622418896293
aceta,3.035894018586963,3.0393186666442897
gappy,3.0145875925192858,3.0390683423683464
mells,3.593975870970768,3.0389795537090825
topos,3.510156981193039,3.0388033457307477
cabas,3.4771694621031886,3.038674343568671
breer,2.844366536966546,3.038487344566792
bevel,2.9501767565411754,3.038437503182708
jowar,3.1323067585119193,3.03824661264951
sylis,3.4594265833720628,3.0382404998838624
desis,3.5641279015571166,3.038228894939916
manzo,3.3085965922163725,3.0382269674438183
geeky,3.0228950235461545,3.0382174109125977
hanap,3.083437471520144,3.0381926575913782
zilch,2.9046044012463423,3.0380425697786295
nonic,3.1190698183431005,3.0379106829510647
wifts,3.4482613366587347,3.037904711592475
ooids,3.5334922802452056,3.037720297479134
zoeae,3.1431320953316613,3.0376758839086273
dumps,3.6308963015565205,3.037638359493481
pesos,3.579939158444213,3.0375760788466266
sybow,2.9770830585043404,3.0374520677951526
belve,2.929864559304719,3.0373253764057826
poaka,3.2673494713584468,3.037322562773018
nolos,3.6062669215517493,3.037307904218376
snabs,3.32360439924903,3.0371179224819835
junto,3.1947936005848465,3.037045400527256
pucks,3.6035557819239026,3.0368889800132206
apeek,2.9701636220986787,3.036761750865544
vulgo,3.065622908158223,3.0367123526245443
tewed,3.1356599818470965,3.0366722530796424
updos,3.446022425978044,3.036511085112009
felix,3.0689757133839115,3.0363881010424896
venue,2.972204826965669,3.036237707890076
eleet,2.7681110494263597,3.0358726509508362
bikie,3.116319942706718,3.035864820777987
sabzi,3.212383183359739,3.035837736328392
brere,2.7851962290651624,3.0357336941842394
perps,3.627400591149517,3.0357274542161132
petti,3.215206922619462,3.0356912201949973
gighe,2.9530221875061122,3.0356661584207947
qubit,2.8809157932151677,3.0352232461574458
molos,3.6365314964229087,3.035032277215946
abohm,2.9777418685222052,3.034858381619925
piggy,2.9867609142506,3.034751239571973
nicks,3.6324286013782388,3.034715664866232
awkin,3.054134125594523,3.0345170989874286
fecks,3.5087606630417696,3.034503827805658
qorma,3.232542861608123,3.034394132374441
darga,3.225917892611206,3.0342587016520968
duxes,3.609041198335393,3.034016383676126
dauds,3.5129303934414917,3.0338917282456777
stems,3.3328181867167297,3.0336938173295884
mufti,3.209412918182679,3.0336745215452074
sools,3.3529898025453253,3.0336401289809376
putto,3.128006544013016,3.0336393062673364
obiit,2.8491717450042,3.033519938574572
missa,3.191182645703975,3.033505562239084
bitts,3.4926825110679145,3.033156704209509
usury,2.845074973539707,3.033053960929098
gyved,3.0674247566340647,3.0328285847636955
steps,3.3375441008990476,3.032825312101136
waxes,3.5855686522986927,3.032806868030406
kunds,3.6902574449863357,3.0327872838767678
syces,3.4450618742089283,3.032684875288198
kiack,2.879139521222781,3.032523832131721
micks,3.662693176249398,3.0324400378638017
dreer,2.8730822079820078,3.0323766971326167
devel,2.9788924275566373,3.032326855748533
nisei,3.303517252550133,3.032068911826197
pallu,3.157863495834829,3.0320264351416633
ionic,3.039059769796557,3.031969278411677
hells,3.480793242089653,3.0317349607148953
gowds,3.565599141991794,3.0316453804291936
endow,2.928692755771924,3.031494751836062
nitto,3.1568793634673527,3.031465991120348
guess,3.350186150291832,3.0313959861872077
afear,2.8967166197757566,3.0313602504905566
delve,2.958580230320181,3.031214728971608
vocab,3.071208227574574,3.0311714524655002
yohay,3.076303457684495,3.0310632057045663
pacas,3.576264978088216,3.0310395031780795
noggy,3.0168403762845797,3.03090550643799
spags,3.274432468424753,3.0307720739670008
masts,3.6239730081676282,3.030613566605475
nabks,3.6820200707495405,3.030400740466209
labra,3.1429708949034154,3.030392050140074
mirza,3.350468949257894,3.03028569877546
kwela,3.14341129415353,3.030172032460861
oskin,3.1583375944615764,3.0300944204590854
nappy,3.084207020959811,3.029879525130278
egest,2.7354017142896745,3.0298382300312143
drere,2.8139119000806243,3.029623046750064
inurn,2.8233388039765206,3.0295666584200993
matzo,3.2485537703349894,3.0293313651480673
hunch,2.792155368010582,3.029250630398554
peaze,3.0194572706269875,3.0292427936717647
zinco,3.0773344012636215,3.029075635734023
scams,3.2901760147898385,3.0287699881322494
lassu,3.051933713777407,3.028656699239742
moggy,3.047104951155739,3.02862987943556
comic,3.0541929640439642,3.0286288108092436
garda,3.2306436078908707,3.0285449735207077
cumec,3.052538515922879,3.028530984304714
kerfs,3.6578261173595656,3.0285055711183775
knops,3.5342715101321085,3.0284476266436693
abash,2.7299595098368896,3.0283426626891035
cheeb,2.8466657848855235,3.0282167737370047
irids,3.319440162678246,3.028094232479611
arbas,3.397849230357802,3.0280682249701902
aglow,2.9933594059679107,3.0279997651817565
holos,3.523348867541794,3.0277876842217584
awash,2.6746102885990712,3.027760325600374
mappy,3.1144715958309703,3.0276038981278472
axiom,2.9837161503514587,3.0275270236265888
cooks,3.4639604205995007,3.0273844421545544
adnex,3.136825729750865,3.027344945689771
ankus,3.518276778674334,3.027195301227206
bylaw,3.05613254772617,3.0270732731190537
ditts,3.5213981820833773,3.027046056775334
hefte,2.934725324110935,3.0270353802245227
proof,2.84275050140275,3.027024663123793
bests,3.5065703469552982,3.0268853599683014
muxed,3.263035598103301,3.0264465341221842
tempt,3.0207381772141955,3.02644039135511
wanta,3.1598296915210287,3.0263637184374828
haoma,3.1372557517918045,3.0262644120619058
hammy,3.032301430369886,3.026203322051316
mugho,3.1316228431148496,3.025876189441256
takky,3.1160370138011073,3.0258086294086652
padas,3.6115255194924307,3.025727773730173
acini,2.9146659588756356,3.0255878410908004
rojak,3.159982702180418,3.0252165976728156
hicks,3.5495105473682838,3.0251954448696146
ouphs,3.5154827388183296,3.025167149236206
summa,3.1639871358004976,3.024830825979162
outro,3.040485506103682,3.024818348252916
nieve,2.943746393443476,3.024762011326094
taffy,2.923300576820823,3.024696901664508
banjo,3.193493207944014,3.024587815278225
boutu,3.0482079989088833,3.02449373351135
panda,3.2848555209157904,3.0242938633632095
barbs,3.578143358695019,3.023801361464445
wirra,3.1218715950951426,3.023778405938039
kitty,3.091305453037699,3.023406012354116
froom,2.8024389525810856,3.023333141296386
jobes,3.6612126197294397,3.023145688404151
smurs,3.318260667450084,3.0231048739466084
qadis,3.503270347380944,3.022939920045895
disas,3.5770575248176546,3.022888946717077
dowps,3.6062594215426262,3.022866603801354
faggy,2.87669869599413,3.022730160401178
mieve,2.974010968314635,3.0224863843236633
motza,3.305098073994884,3.022482070426297
nowds,3.63521857043232,3.022456563191125
lapas,3.56461969062929,3.0223661418069447
ratha,3.1534207972952473,3.022185971942166
nuses,3.5986675100694736,3.022124127457193
odeum,3.050035405999891,3.0218421364448984
gelee,3.01195622894678,3.021812965494287
enemy,2.849078058929763,3.0217167335895985
cesse,2.81501391771147,3.021653580486847
khoum,3.0016417459285685,3.021633588575448
ancon,2.8872765250339576,3.0214775349738567
nikau,3.313552911149802,3.021417972436848
fewer,2.9403769134092874,3.0212067386940094
fever,2.8741811121853766,3.0211756845368676
kiths,3.596120363241506,3.021161641773056
tibia,3.123930017148499,3.020995981345192
rummy,3.0256140217778826,3.0209656038126123
naams,3.5319564926517635,3.0209651095745773
expat,2.9092207553941174,3.0207042484685185
happy,3.001288966949855,3.0203593051336597
hutch,2.732112546129199,3.020355028102803
pipul,2.986155338673404,3.020354422013724
dowed,3.195619021224849,3.0203054034736905
toyos,3.4681432546558053,3.020298152459379
doved,3.1294232200009384,3.0202743493165487
choom,2.77064599790532,3.020177631154046
bunns,3.4390767012945096,3.0201680290243655
labia,3.177731454464887,3.0201194161736677
odder,2.991173429884382,3.019990292550585
mayan,3.139247752209835,3.0199499389494724
kumis,3.696308904252519,3.019948916432719
muses,3.6289320849406326,3.0198485004547626
yechs,3.494694289661608,3.019758884795232
ainga,3.154027921994623,3.019722522246041
envoi,2.9981847335179665,3.0197149622847164
etens,3.2580786908702835,3.01955716950873
fixes,3.5203606740527227,3.0194700236243524
outta,3.161453930077668,3.0192606500689183
bruja,2.9993140779477647,3.0191402058149865
bucks,3.5300234156627313,3.0190759042633957
natak,3.092566022835454,3.0187624185017112
osmic,3.0737201483496586,3.018617742133255
avail,2.7834541079993933,3.0185802630482907
blurb,2.795119344502315,3.018321296062444
fillo,3.0120825547033316,3.0182292003522058
netts,3.546138065880914,3.0181952033908703
palps,3.611969196540178,3.018163522013233
rusts,3.50410297069451,3.0181312553725843
timid,3.132958927174168,3.017992947491714
giddy,2.956397198181987,3.0175029657074095
skins,3.3294958414538436,3.0174792472923873
lawks,3.625582329165941,3.0174189464593844
spams,3.315092549072932,3.017148074436225
tufty,2.8914287377617027,3.017091033310031
scyes,3.358893104637025,3.017016306471294
zinos,3.627004530334851,3.0169941493380747
biggy,2.9132285479894295,3.016938163822148
ewest,2.6824708824285395,3.016872413690027
kerky,3.1765260967712052,3.016847059239673
rebec,3.045059554043033,3.0164218246562973
check,2.6412420474435505,3.01639200974252
tahas,3.4981929490302894,3.0162767076478376
tweed,2.9834207075797208,3.0156293710210904
ablow,2.9957777953445945,3.015616285929299
vughy,2.863643382595872,3.015386823883989
purau,3.18735510809503,3.01532929313559
sinks,3.5517031767517073,3.015282849363625
gawps,3.5449061349456588,3.015241058678721
mucko,3.2244848429333284,3.0151095641718046
maxis,3.6492263631711954,3.0150242208175233
droob,2.8693007288901002,3.01496250055538
bodoh,2.92789663955915,3.0148998915893337
tomos,3.546237337215631,3.014657007188201
besee,3.0298973838056593,3.014498559653238
gills,3.4553897670128375,3.014359066921371
dumka,3.325012812678735,3.0141262323756735
tepee,2.9854657170285943,3.01411958976859
ohelo,2.903318358373377,3.013962058427171
haugh,2.8723968640312423,3.013809401625058
egmas,3.5275890062470805,3.0137538820339085
whups,3.2839226105314148,3.013629392639422
slews,3.236855074150459,3.013522009281771
ryper,3.0149949229502315,3.0134983620165574
ducks,3.5587390866781936,3.012965256829221
cocus,3.423097244213511,3.0127175440100578
odyls,3.427980666802932,3.0125756650399556
tatar,2.960515884617265,3.0123046957952115
pipas,3.5790362558820252,3.012299420378114
orlop,2.9024814308448446,3.0122025184343375
vying,2.8285356060466254,3.011930589097312
soots,3.378229161879382,3.011847195449737
infos,3.3676634521924655,3.0118177292947705
resew,3.1076049964759815,3.011803122035978
repeg,3.0787212083985396,3.0117790323113276
mesas,3.6320619834863503,3.011762466330183
wacks,3.5352665406414934,3.011755741183501
adhoc,2.9240560976492054,3.0116699004208156
gangs,3.5021764022964197,3.011494959669699
upbye,2.918775530556968,3.0114919053005478
verge,2.952780516162797,3.0112127924371457
remix,3.1893160528305815,3.0111236843153533
hexad,3.152982867767904,3.0111159070034175
hedge,2.9346178913093808,3.0110719618179056
studs,3.26879977169397,3.0108739702219127
deere,2.9237521377367264,3.0107984240228225
nurtz,3.1781160411533564,3.0107299553500164
nazis,3.6584387587076406,3.0106736196145105
puddy,2.9971438071681753,3.010487463616329
izars,3.3952894459215437,3.0104329258934106
volks,3.6039760609705556,3.0104241228143054
triff,2.7449146895809027,3.010348604311852
melee,3.111840232258464,3.0103485212537877
sakai,3.283965115037242,3.010122600448612
ariki,3.02627694436989,3.0100737515935876
noxas,3.6483651535145536,3.009923408573352
ziram,3.248254734004661,3.0098563947463637
senes,3.489198718783072,3.0095627303470396
minis,3.599190643909722,3.0094190528315266
nulla,3.1655735244894547,3.0091119033215072
xenic,3.0441428020169266,3.0089818395165846
pattu,3.1402902656161347,3.008966457821021
bykes,3.6325230660155787,3.008965745950342
wheys,3.303498863656703,3.0086311496377203
quick,2.718255599765448,3.0084709121227946
selfs,3.4208250059934606,3.008366463474359
aiyoo,3.0649405683555186,3.0081229602769874
kitke,3.1316929913673093,3.007913327821464
zerda,3.326270797591157,3.0077266009734376
gypos,3.457134049866294,3.0076574585215883
moxas,3.6786297283857126,3.007647781570922
gobbe,3.0088754072505655,3.0076226513341364
yacks,3.6118039980471917,3.007559665531188
pulls,3.4961363759990265,3.0073435648302906
refed,3.121807924302325,3.0072945254869907
linux,3.085889184137079,3.007233825152411
endue,2.8383366552950022,3.0072185592644756
weepy,2.9183652078919025,3.007073446682832
adats,3.366215737209571,3.0069621045078767
mulla,3.1958380993606137,3.006836276319077
kneel,3.0057129952955903,3.0067358619386315
skols,3.3364105152262677,3.006688285136323
nahal,3.03135102086049,3.006668141922358
banda,3.2113231546546195,3.006480787613385
kissy,3.016571498051001,3.00644908314508
aboon,2.883333438653903,3.006281969586601
reems,3.512761295194304,3.006046715121587
middy,3.0562812014936713,3.00603852146691
amiss,3.2935004694113887,3.0058942542242164
vicus,3.4082216130679885,3.0058317772820637
locos,3.462202870074938,3.005656817439295
genii,3.148298685888413,3.0056049373076896
ngapi,3.110664776441097,3.005501657292071
nills,3.525009195453363,3.005170249683302
tatty,2.9410930371496447,3.0050228628471705
spods,3.322741081558804,3.0049969894062727
fells,3.401341257116893,3.004958412622728
ouija,3.143714940998043,3.0046142438815986
silks,3.5380735774779746,3.004590452190394
numen,3.156658925818452,3.004554170376802
slubs,3.2491296244888304,3.0044807459661556
demes,3.621944025674008,3.004464459720883
mahal,3.0616155957316495,3.0043925149199278
juvie,2.9884150369202276,3.0043464648335085
caboc,2.947862955512561,3.0041904432106774
yomps,3.661732854233253,3.004111346143476
lobby,2.995552906299723,3.0039719098986417
mawps,3.644790138257343,3.003776614438222
dwaal,2.825568587914391,3.0033894499402116
apses,3.4659371608859937,3.0033078301127887
busby,2.9729238419670994,3.003247562077053
pepos,3.537101194262875,3.0030628293236643
mills,3.555273770324522,3.0028946226808717
dykes,3.6612387370310415,3.0028550985161666
taths,3.445907947353452,3.0027784922661103
nurrs,3.5142525965189515,3.002559487597857
tipis,3.459186529406119,3.002497724173098
mosts,3.601744649475362,3.0024921445535027
borgo,3.09862721034773,3.002388887472189
pyrex,3.187582579004255,3.002181449208112
pasag,3.126247279220898,3.002065815463305
gumps,3.547314656267287,3.0018913923188757
staff,2.7330349401662013,3.0016418849034157
pisos,3.5412370577979675,3.001491147818416
schav,2.8724562625839667,3.0014206738392186
goods,3.4501832478012573,3.0012945074988133
razer,3.1176747649924406,3.0011268010702583
daraf,3.0940738879843863,3.0010419116383984
extra,3.018734652171938,3.0008917310546446
ympes,3.5663330960345103,3.000856953101586
unmew,3.0341996596281744,3.0007444756923913
tanka,3.240188810587725,3.0007423772731667
theft,2.6912371377502957,3.000719398364949
award,2.86596034710811,3.000714307797825
sansa,3.034583404231137,3.0005752070159097
miltz,3.2082163207895125,3.0005263231079375
mitis,3.5391478220283386,3.000523450535775
cinqs,3.3871954928728427,3.000459521812473
murrs,3.5445171713901105,3.0002838605954265
oakum,3.2243591321991705,3.0002091633283805
varna,3.1033436300301833,3.00009557016978
shish,2.5807457007497683,3.0000035961231184
booms,3.4574019421543083,2.9994948835336013
moppy,3.092243237138704,2.9994824760758747
fytte,2.8649122955754898,2.999341579823046
skulk,2.805088790561874,2.9993235211142157
oohed,3.161627094368698,2.999302078380875
tavah,2.869677058951062,2.999199136768622
asura,3.0053715676355344,2.99910846793609
gloom,2.821862294661095,2.999074308109795
seles,3.4755691195093386,2.9988703331738087
vacay,2.929214578578664,2.9987707217793975
rooks,3.551914762808207,2.9985034239816293
aggry,2.8289714601970486,2.998476381662459
lamas,3.600700046651882,2.998219803264398
fieri,3.0062862964830215,2.9981826555411724
vasal,2.987541520840412,2.9980678314062534
mukti,3.3229934361568123,2.9980320156340006
aigas,3.485607816128635,2.9980185416230807
brujo,2.9205414155956033,2.997868078484784
jibed,3.2100462873465005,2.9977734758026227
amias,3.4194933396408613,2.997771454691016
rewed,3.1536598666471694,2.997761965293896
skunk,2.797938148592934,2.997708600119943
teste,2.969190733299559,2.997670963981395
bobac,3.0117586385899537,2.997633314490142
himbo,3.169630386743716,2.997611148480617
hawms,3.5268815951939105,2.9974005266724872
varia,3.1645755149195365,2.9973717400386413
weels,3.3597892967131657,2.9973627991686986
skits,3.3618858427568403,2.997301234755459
algas,3.3378803017376697,2.9972910678903864
loofa,3.0602034647372225,2.9972655778206763
unhip,2.8806272922742737,2.996656518303867
mamee,3.1430021099895624,2.996602988988413
fasts,3.4313383943137534,2.996592425519121
toffy,2.9010722181285566,2.996575479612535
dinic,3.0103859582026047,2.996443413238941
civil,2.7822608299027074,2.9961845120453794
weens,3.3526386547442257,2.9957478781744262
vendu,3.107458957429557,2.9957148749082227
hills,3.4420911414434077,2.9956500296866846
smuts,3.3241793434252,2.9953780575744124
agila,2.9503317352113583,2.995330085071137
heyed,3.0846617140009753,2.995291162443932
hosts,3.488562020594247,2.995247551559315
gutta,3.0783808658302343,2.9952407432389334
unbag,2.9328572469475978,2.995186254544589
coofs,3.308009748468741,2.9950755224103087
fifed,3.0568139406866486,2.994934395125694
idyls,3.3683046853102883,2.994814816094621
foggy,2.854470337301864,2.9946087383492053
othyl,2.8292977930364707,2.994604068707239
panga,3.1965481603468913,2.9942606243199927
playa,2.9727736904835247,2.99424595909996
eaved,3.0590685457049194,2.993989939149627
jugal,2.999128109042643,2.9939209981122348
aband,2.8948382430180475,2.993747841051287
snibs,3.283841620010697,2.9937154820283753
dooms,3.4861176131697706,2.993384236099426
gyves,3.429732714888608,2.9931870229025326
weeis,3.413870539633579,2.9930240480432877
pooka,3.2297767337200116,2.9929273269371652
advts,3.3778630925377615,2.9928866874452638
resus,3.493758304376442,2.992791372907956
numps,3.6169340847078124,2.992702575080807
feces,3.4075541044268878,2.9926987777608622
buddy,2.9236114409070044,2.9926743878665043
junco,2.9955165185086767,2.9926488112940155
kiefs,3.569138470547813,2.9923744401962042
hoppy,2.9790606082575892,2.992237883081687
hymns,3.4476893337887153,2.992102452152783
passu,3.0655563106294363,2.9920095286119848
anima,2.9942076701747378,2.992004299985263
tagua,3.0715262139325095,2.9919885495493386
quads,3.3830207720927814,2.9916175959019866
poohs,3.456835596923999,2.9915489655997725
stobs,3.253606922720061,2.9913441085340295
oligo,2.8580424293896294,2.9913015289982203
battu,3.066757899354964,2.9911533820711966
firni,3.0298005173206475,2.990680051599867
navar,2.9841130737522867,2.9906569023574114
schwa,2.923802785944626,2.9905749739228376
gordo,3.1320685966428568,2.990564511906625
winna,3.0614491540374544,2.9903405155176976
damna,3.1848584000469113,2.9902556028662994
yoghs,3.4967136395364466,2.990204868748666
skios,3.3617222879845845,2.9901788778839595
rigid,3.064764222951233,2.9900666707663595
blobs,3.286887160874475,2.990024405566963
salsa,3.020953804957404,2.989882809842679
moods,3.5500672511129414,2.9898300632583146
staws,3.169665424873058,2.9897166097719214
tafia,3.0902622570190523,2.989630564425852
visit,2.8849800841518736,2.9896102872354495
kreep,2.9955018316782747,2.9895779745062536
bulls,3.4226040097378556,2.9895304890804657
rymer,3.0510752789728235,2.9893520234740105
sikas,3.5669888650639514,2.989273513410474
comma,3.124126051991027,2.989120627269684
ginga,3.1193057300606024,2.988987609242926
hypos,3.4438354242968634,2.988948421286902
fuzil,2.921621444153094,2.988920635350671
agora,2.9694164503737843,2.988858084761796
tabac,2.974621591827156,2.9885165621738023
klick,2.6916492275934814,2.9883939179454195
gemmy,2.9732154237648993,2.9878620937995493
keyer,3.091409549486107,2.9878583069338114
nullo,3.0868008621372933,2.987839775991305
bippy,2.9583668339723945,2.9877907604624627
vaded,3.0957037434926917,2.987654823292896
xerus,3.5252911751121925,2.9875255026920637
topoi,3.12044692583717,2.9874398549382013
newel,3.03112601193184,2.987422125493
nevel,2.964930210707929,2.9873910713358582
kehua,3.23685451558635,2.9873725417432877
sypes,3.447039183602032,2.9873643432893067
upper,2.8988674532043874,2.987282931151703
penne,2.9613940470091817,2.9872230656551455
sekts,3.5252173582170574,2.987159279227524
syncs,3.24493721698327,2.9870821254180626
marga,3.2422202506336566,2.9870472902369922
muxes,3.6253435563578438,2.9868049722610213
sifts,3.372934739596679,2.9867168541105205
scogs,3.2095171867068113,2.986585664059081
neche,2.94883677307182,2.986520918048
primi,2.9870840851818086,2.986485135587027
unkid,3.1013653297611974,2.9864438479194697
aurum,3.042187454985222,2.9863736578851174
attic,2.818661421039363,2.9863608947078175
maban,3.117788905904604,2.9863255433050444
almas,3.4240748907606777,2.9863070568299954
pecke,3.052340761377404,2.986130940894176
godso,2.9823749305733447,2.9859046486945973
peize,2.979694491388654,2.9858403532181566
fuses,3.4362974710867578,2.985827359368408
shaws,3.1523830323868482,2.985809918509921
fuzed,3.1098779546570308,2.985799164830386
raffy,2.9413004616208953,2.985786613878761
hough,2.850168505338976,2.9856879795730853
bedye,2.956079044164887,2.985670780218774
dumbo,3.1788589260536257,2.985380960440224
waddy,2.928854565885767,2.9853542247866094
iglus,3.4070044059839395,2.985244008292444
samps,3.5320971584577645,2.985240986365807
maums,3.504551752389128,2.985109654988034
gests,3.451704372681527,2.985027745359521
askoi,3.2219803430139904,2.9845309727178244
elven,2.7940957852368413,2.984357002681863
putts,3.4785631457803317,2.9842835875096476
hejra,3.1273263373073377,2.9842317177223
pepsi,3.097635003451426,2.984221041462999
ooyah,2.9614439332498623,2.983869710070844
krunk,2.802418318132249,2.983698055153188
moloi,3.2468214410670395,2.983668786423399
wocks,3.5130381819492276,2.983634319131528
dulls,3.4513196807533175,2.9834198416462905
gongs,3.4799480436041534,2.9833735376177266
calyx,3.0190544766997816,2.983199865759734
humps,3.5340160306978565,2.983182355084189
booze,2.9569096642685917,2.9829546673683494
awato,2.8836303795704525,2.9827016483221547
hoods,3.436884622231827,2.9825854702641266
wowed,3.1299421237939455,2.982336326573014
walls,3.4278471347166177,2.9822103260005712
sabha,3.0775352370122517,2.982072474941268
dildo,3.1251222731787434,2.9820213383749996
fetts,3.3837680268981982,2.981898435302085
dippy,2.987082504987857,2.981680113028288
saxes,3.5102420552366365,2.9816190105484512
lummy,2.9616373352528127,2.9814088313080145
which,2.5067149059634906,2.981395518311451
snobs,3.283605651814181,2.981309598878039
abysm,2.906939185925464,2.981015040493313
pawks,3.63920492601797,2.9807717758316272
judge,2.993809579411384,2.9804924783713385
psias,3.4288269822386397,2.980293378006275
surfs,3.3822872005822173,2.9802095376857967
sekos,3.5250538034448016,2.9800369223560246
jarps,3.6333518522361357,2.9798826445792326
bajri,3.1499494533842425,2.979857298171783
zigan,3.0881883314890093,2.9798539454037036
waltz,3.0807896851816086,2.9798420264276366
mitts,3.5377005401058277,2.979834645360229
umbra,3.060373236615858,2.9798152982021193
zincs,3.4278910030309375,2.979719916976334
snaws,3.1996641539671784,2.97968210011593
pacai,3.186554922732346,2.9796760123855326
layby,2.9789116613334388,2.9796712933158656
eyass,3.246840833996889,2.9796114779132488
eyres,3.490099616990651,2.979460456180922
yocks,3.5895756393549254,2.979438243479216
allel,2.8674319721311576,2.9793416264655974
amari,2.98315378005507,2.9793380555131126
gulag,2.998277936800747,2.979278628386382
wahay,2.917070832345642,2.979261656651789
ahuru,2.80578791038892,2.979237143259063
imide,2.8811166358952907,2.9791061912306684
oshac,2.9768679729098517,2.978952569031722
stumm,2.794717400977264,2.978750531718806
agamy,2.8157284508612648,2.97868383217944
lusts,3.44012628416944,2.9785744828679865
ribby,2.9706712186963964,2.9785149079405477
jirre,3.026962941613254,2.9783879374853135
hullo,3.003882808127338,2.9783195559946876
varix,3.0850151300695208,2.9778862507889325
hevel,2.8820121566979733,2.9778708513392407
osars,3.336872201721209,2.977572686092298
gucks,3.4751574413889594,2.977218289654615
aduki,3.1138005196170244,2.9770513211965297
malms,3.5783869667143584,2.977018742874331
totty,2.9188646784573784,2.9769014407951975
pinup,3.008756300019015,2.9768426632299105
helve,2.861699959461517,2.9767587245623153
debes,3.522391096808951,2.976481209347633
tight,2.817016861871144,2.97644898293209
nests,3.521323801122052,2.975838928121452
facia,3.031700363689145,2.97576609077514
titup,2.907890077232354,2.975655724764758
weets,3.3850286560472225,2.975569865637498
vegie,2.886758319464848,2.975469874580601
bobak,3.0165337790047264,2.9754482285371466
finis,3.406556030055847,2.975397911745172
ozena,3.09916781967971,2.975332579243584
awful,2.7677708858295444,2.9750882936988603
sazes,3.549719025644241,2.9749927823430076
agars,3.281199137223788,2.9740385622778494
ataps,3.2804815739164237,2.9739448987785186
spims,3.2753297698345984,2.9737456339826167
boohs,3.383303230662828,2.9737358898499475
azido,3.042454616882492,2.97364363187162
agita,2.9755710945454155,2.9735371515399365
swoop,2.752674624953007,2.973409089173386
mahem,3.138513677278862,2.973340918487973
acock,2.6820502675720794,2.9730786813386687
puzta,3.2178533834311303,2.9728854019289352
fulla,3.003203485506739,2.9728151352327226
sechs,3.342830235193854,2.9727671029655904
zonda,3.3022406435632856,2.972733643891815
geese,2.7961694781947717,2.972723986536403
wises,3.4780704480608193,2.9727151997094836
djins,3.3512218710905355,2.9724376562117594
jawed,3.2195389633411753,2.9724202000860322
socko,3.085180565424767,2.9722926494913757
scops,3.2549031815373075,2.9720931592998525
jirga,3.2050951851698217,2.9718677989116884
fugue,2.807230116908938,2.9717689529135076
reked,3.2353884422764585,2.9716520195757834
vezir,2.975434974535692,2.9716068266890168
yarak,3.0950839360751505,2.9712886254638575
wawes,3.5144784407407546,2.970816186763823
snugs,3.210491140219192,2.9708062215227056
oflag,2.972294660128571,2.9706986192654443
awake,2.8615222283535733,2.9706781398259587
dykon,3.088911169605371,2.9705477144717873
atman,2.930876426980843,2.970432715113119
aswim,3.0253938749935743,2.9701998713152977
didos,3.4635573711158827,2.9700982511627356
aidoi,3.1099665572981747,2.9700493601768585
apgar,2.8337924580913385,2.9695060038706944
benne,2.887861680748011,2.969409989905321
odums,3.4189924394973032,2.969175412453895
sabji,3.142297828125294,2.968876525313519
fills,3.3626391564706477,2.968873481594517
pujah,2.9911886915892594,2.968699874564295
whata,2.8407442838903068,2.968664558040415
feyed,3.0052097290282154,2.968514614351765
krubi,3.0819319221774912,2.9683865836417382
becke,2.978808395116233,2.9683178651443516
agals,3.2618784538648464,2.9681046794368537
woofy,2.7968420891927273,2.9680897410270815
puggy,2.8991091827018463,2.968065047122287
psoas,3.4285910140421247,2.9678874948559386
sahab,3.0015658154802596,2.9676733332239307
karoo,3.2313643992233407,2.967641174992706
hecht,2.8339851661876323,2.967355522374117
groof,2.714352160867808,2.9673539727651876
pobby,3.009175503151752,2.9673247392708846
gigas,3.4508856241946146,2.967283628619966
stums,3.2211524917732497,2.9672167316479205
zineb,3.1878217606215102,2.967188558590271
yufts,3.4371470625156793,2.9670224434904764
palpi,3.222259141184309,2.966800031220686
venin,2.966418119779343,2.966577104646902
butts,3.405030779519161,2.966470511759823
hests,3.438405747112096,2.9663187081248346
furrs,3.3518825575362357,2.9662627195090723
roofs,3.395964090677447,2.966194504237383
yojan,3.1183990800201515,2.9661053836955222
mucks,3.575041444700645,2.965753845414116
vivat,2.847337921677276,2.9656911892325266
leeps,3.453510522851552,2.965621437388536
sybbe,2.9006746414577034,2.965280359568377
novum,3.0407527608467966,2.964957908769325
tuffe,2.8526603570851625,2.9648441151220144
nonda,3.248944446769192,2.964246914772514
urbex,2.9495849669838954,2.9641095358936353
nouja,3.177326152171699,2.964090603650078
khafs,3.3369389143932366,2.96393487569166
podos,3.5110860083311826,2.9636979173636324
lipid,3.0509017694265785,2.9636722257439168
neese,2.8657889066352973,2.9635351692983343
mieux,3.095198325110366,2.963327120547691
pauxi,3.122439826123088,2.9631933980543996
tythe,2.854667583856327,2.963171371300617
bawks,3.5656725597567993,2.962958700081803
indow,2.874117560211487,2.962670413703333
peece,2.77521042688138,2.962598741601386
oxeas,3.466255364213452,2.962443947536217
slyly,2.6832323995536687,2.9624265437866915
oidia,3.1430063408415982,2.962369358365253
makar,3.162302025476646,2.9623023837940097
cobza,3.0917097511215657,2.9622974855350015
putza,3.1571023055409917,2.961917238113024
mecca,3.0476643630655107,2.961910867468368
oleyl,2.801083661805539,2.96176618171797
quags,3.2947134115238823,2.9615843568587703
zinky,3.126405087489156,2.9614801140492104
xrays,3.279431440062505,2.961437004986791
steys,3.245454659080856,2.9613499834177652
fyked,3.122598522945074,2.961264107875871
upjet,2.8855562087707045,2.961151080275636
kivas,3.5682495727931007,2.9608773149261296
sacks,3.459939943579438,2.9605678837015463
hajis,3.5062554684583818,2.9603815031544563
jambe,3.1392503888871985,2.9600531036719815
neele,2.890469237529076,2.9599287567691537
macas,3.5477506408649577,2.959904368578975
qipao,3.059975504688637,2.959896622543306
nujol,2.985720808537894,2.959868967698731
misls,3.4876469160129084,2.959271303622012
ulama,2.908559839829775,2.959228683935282
watts,3.410273904497923,2.9591503486799287
zoaea,3.2041576181423865,2.9590700571565813
untin,2.8389452347461024,2.9590504306149237
sluff,2.688558894500123,2.9589701987315973
looks,3.487938076283137,2.9589466514770315
hucks,3.4618588158195296,2.958509252419929
albas,3.3245219618956208,2.9583238064567454
facta,3.0028584801027884,2.9583119083693505
okapi,3.12404435107021,2.958281659493136
stiff,2.693272160927868,2.9582394444498075
jibes,3.5723542456010433,2.9581319139414592
zooty,2.9529310726168303,2.958044460135323
boldo,3.099118544132872,2.957807928826071
nimbs,3.603105042520987,2.957775649719547
epena,2.9110267708198903,2.957699034855473
anyon,2.8472401078898275,2.9576518097035964
lavvy,2.8175717282965858,2.9575672278334633
spoof,2.7481941969874457,2.957543753438701
cabob,2.9187404107989776,2.9575340320893084
skroo,3.0413972509345792,2.957533468225548
coxib,2.974868223538503,2.957138624236994
nadas,3.5527466073980136,2.9568682661335
dawks,3.594388230772261,2.956848052647628
goops,3.407261882062855,2.9567687636963678
heugh,2.800012231856825,2.9567591361386043
risus,3.4550562037301966,2.9567064418797453
paddo,3.12706587593013,2.956610763622245
ginzo,3.0976258560840253,2.956556215169653
kievs,3.4869249401478584,2.9565331061983695
squab,2.8566728556762424,2.956468075948824
sophs,3.394963818069108,2.95637541440118
sexed,3.0727478132571147,2.956296346391401
pongo,3.0979731490988778,2.9562801627059097
limax,3.138268989566049,2.956226963587916
veena,2.982572227631199,2.9560077629415824
pulli,3.106426320643157,2.9559800740377438
foods,3.357432637259067,2.9558089221719595
chaya,2.793159053192808,2.955678591785606
vases,3.49087469318361,2.955482434903413
brava,2.792394282509382,2.955362403599172
fifes,3.4191218989411913,2.955292833264531
dived,3.0405648458725425,2.955260574853857
yawny,2.93300512123617,2.955101908384706
views,3.361626697905608,2.9550693791756855
usual,2.8374986519654017,2.954837674841237
jedis,3.5329564935448006,2.954753096028605
appuy,2.8009629508893132,2.9546810595497868
mvuli,2.9746084184552934,2.954601028909729
gajos,3.4905486556692,2.9545140011118534
jeune,2.8742803669037027,2.954508170127923
eaves,3.421376503959462,2.954348377288464
tohos,3.397753437869041,2.9542468512812965
cutup,2.781384338238733,2.9541079189581545
magna,3.1149661690463546,2.9540282025115863
rarks,3.609019947172844,2.9540273110425534
cubeb,2.923863042344238,2.953891322810095
aging,2.774894429555264,2.953660757516719
soxes,3.4880136965443707,2.9534975884964787
vixen,3.0077329602691654,2.9531750058357646
quipo,2.94978002534873,2.953045130403622
khuds,3.4007024637901098,2.952492188914597
skers,3.3381876030286177,2.9524902537334787
merer,3.0524724587449956,2.952279471858935
karas,3.6601321534596387,2.952193890549586
whump,2.7252161898924645,2.9521806176977234
seers,3.3037833830100514,2.952108824527739
vutty,2.8315127462707803,2.9520148061109657
nonyl,3.010008767425338,2.951983168988103
oxers,3.379863080745197,2.9519715986972517
ficin,2.8352395925519214,2.951419045209187
hushy,2.9050469600798703,2.9513808446233423
freer,2.6967499521505833,2.951144144631158
exing,2.763757287066592,2.9510646491750974
gojis,3.497325735335546,2.95096911833717
bomoh,2.9306937635706305,2.9507447504958018
tubby,2.86501960234757,2.9507390032766083
nikab,3.2075203900553975,2.950572220656883
buggy,2.825576816440676,2.950251971372462
hemes,3.525063754815344,2.9500084553115915
bevue,2.8318475665620024,2.949927411775229
chuck,2.529576352500071,2.949914924060851
gaffe,2.8906462760466685,2.9498805828096586
gumbo,3.095277280764392,2.9496339932656186
parka,3.2820210332247797,2.9495499468711692
verra,3.062291208043516,2.9494953756455145
bayas,3.462696194682915,2.9494007021579947
zolle,3.0330923343334995,2.9490669135740863
yirrs,3.4701929919159955,2.9489544841978343
gists,3.413002272035281,2.94894281433131
nyuze,2.9501834420164395,2.948938269663539
murri,3.154807116034241,2.94892036980288
sunks,3.464051445202954,2.948596656913939
hykes,3.5643584661723775,2.9483990941068745
frere,2.6375796442492,2.9483904942486054
udder,2.8849213278822683,2.948279967002704
quids,3.343257992854448,2.948215155448379
sniff,2.7232708900219884,2.9482049347938166
hijra,3.0886242366610928,2.948146786694089
slubb,2.7669373079585124,2.9477393378854746
gulls,3.367738035464084,2.947672874471685
noops,3.47688131050338,2.9475799464582995
varas,3.487991178241474,2.947488876756122
venge,2.8785940886527737,2.947290991921042
logos,3.414065946467626,2.947173957958248
ptype,2.845524211670281,2.9465941342724475
rasps,3.5179181930684607,2.946402417666146
aflow,2.8841148187853167,2.946342788324193
ketes,3.5783409814840375,2.946192038005973
seels,3.28446269965111,2.9461749416867438
fuzes,3.4721859129115735,2.946157602969223
gippy,2.903500859698623,2.945933145853682
fitts,3.3450659262519533,2.9458135042738745
teths,3.373523315179035,2.9457282267796567
pupas,3.491384524333271,2.945613227928429
avian,2.802565392359265,2.945428928251516
burqa,3.066014135693452,2.9454249389116773
moops,3.5071458853745394,2.945304319455869
zedas,3.578754368657775,2.945238710824298
lumbi,3.1708995708587517,2.9452326447017447
docos,3.4310087716812587,2.9450859236275386
fordo,3.0393179861006665,2.945078926579771
jinne,2.966540500555566,2.9449500470649723
skens,3.311716277700736,2.944941449898211
mbuga,3.046679823864238,2.9449090691473967
towno,2.9623073032265292,2.944841372749813
spays,3.2277290214370584,2.9448042405244017
omasa,2.9431871109871617,2.944754044112404
jowed,3.1973106046489095,2.9442987780340597
cohos,3.3277989804604076,2.9442175816684752
bamas,3.540790277242741,2.9437595568868167
haika,3.108118084708007,2.9436618167780906
jupes,3.548175086894754,2.9435753104075704
vitex,3.0145548054135167,2.9435357918702616
rikwa,3.197095449529683,2.9434494558477957
ridic,2.9379673185326363,2.9434091879306465
dobby,2.9643588079060437,2.9434010160868853
wimps,3.496337022699158,2.9432936473330975
majos,3.5904326589808844,2.9430495568713546
nexts,3.517735272539263,2.9427953999277108
nucin,2.9437456028466906,2.9424189005103933
femmy,2.880464813222709,2.9423765084726954
twats,3.236677787185465,2.942173144667943
opzit,2.886217889456057,2.9420311618791057
knoll,2.827823376822988,2.941969646040825
askew,3.09180379827915,2.941831524099128
allay,2.8030741811362114,2.9417991864969384
abaht,2.698928049963539,2.94173065806989
nuddy,2.938364895073758,2.941627956019655
nyala,2.9869839481093092,2.941438079532532
raggs,3.4299419429041578,2.9410365715028695
rejig,3.0236086458897526,2.9409554761251924
thete,2.7155020335404383,2.940946248846058
cubby,2.7950651449389365,2.9407097336637875
rukhs,3.527824050739716,2.9402938690320175
discs,3.297306835248345,2.9402931922726756
inrun,2.854210222547555,2.94025212168101
idled,3.027237186194432,2.939893945838741
guqin,2.8721694360271974,2.939795048016686
veles,3.452613228873523,2.939690229335029
queer,2.843163084543175,2.939653145080353
fests,3.358953762139336,2.9395421600326674
keeno,3.0759405404972022,2.939440649404845
muddy,2.9686294699449176,2.9393523290172245
shivs,3.0657775201726007,2.9391661912855325
pavan,2.978513385077963,2.9389411515157526
undue,2.805390108691043,2.938913821258973
jorum,3.1257748509206595,2.938819366065048
belle,2.871388989191357,2.9387724499614216
thuja,2.889858995864672,2.938670765349833
vodka,3.1782322962404166,2.938582474450779
nulls,3.4373574639046094,2.938484057233617
bongo,3.0244407828377065,2.938467086956085
welke,2.9745334224447784,2.938334078103619
okays,3.4216649646078876,2.9381698216023127
janny,2.9495289887424727,2.93811664115778
hoops,3.393963256493425,2.9380597264616815
serrs,3.3570310380944868,2.938047633396404
sulks,3.4504218459292204,2.9379042597407086
mists,3.5128862753469656,2.937478370090811
fromm,2.722066064180269,2.9371981849027993
jacky,3.040475703110695,2.9370245163968107
ofays,3.3124944386030877,2.936941566611737
memos,3.544325234641966,2.9369032064137635
nippy,2.9731202881391483,2.936744328615614
adeem,2.9803963251958834,2.9367057704354735
phlox,2.9326752263101703,2.93650310407012
mulls,3.4676220387757684,2.936208430231186
abbot,2.7816758856714996,2.936098375799262
dumbs,3.529415527820942,2.936025241682535
queck,2.7004760360123408,2.935933114728619
quods,3.343022024657933,2.9358092722980427
plexi,2.97529127385494,2.9358078134887107
gabby,2.903005521309076,2.935775470964252
squib,2.8050411317694595,2.9357230931434524
dreed,2.898573677565067,2.9354213570016565
reiki,3.121166886149566,2.9347485865326903
agood,2.8870735625336694,2.9344357150594647
yolky,3.0764536593833522,2.9342086320687737
runup,2.9293815023288223,2.9341225030809803
actas,3.3039078622693583,2.9341187828496675
stows,3.129666677438209,2.933908286167976
tymps,3.469207264073587,2.93386817145646
koori,3.131785515130746,2.9337354309840706
reggo,3.0070007089624244,2.933342024774105
samba,3.1544320178155285,2.9333330959587727
wizes,3.513958889885635,2.9330454433102986
purps,3.5010467589545176,2.932956330738217
putti,3.088853090424462,2.932920096717101
kypes,3.5962242681843812,2.9328892532439914
civvy,2.6825073397922865,2.932869821996322
alibi,2.885568451634761,2.9328561884748963
fichu,2.8883221416507427,2.9325298628749685
socks,3.4377115848871718,2.932446461649574
plups,3.2793197350033196,2.932391763879578
namad,3.1932357731549517,2.9323546869011308
napoo,3.090695621150604,2.932306748025635
raddi,3.1382665120146176,2.9320954972043647
koses,3.6407873097095087,2.9320660266449052
salas,3.4231310420935337,2.9320547829055674
ordos,3.3025021119864926,2.9320503041530714
rekes,3.5976964005310013,2.93201045771462
niopo,3.0374663346076676,2.931921890753296
dobro,3.013201785261722,2.931840694714235
fucks,3.3824068308467696,2.9317327043277612
qanat,2.8701055437773215,2.93152967013146
flexo,2.7932957763663606,2.9313707473534873
jirds,3.565186485153875,2.9312731918670143
myths,3.4342635749994166,2.931149747906483
exuls,3.24377591651057,2.930624119361982
cliff,2.601632963710088,2.930574916185586
misos,3.5127227205747094,2.9303560132193116
hists,3.3997036464658508,2.930233777096624
tawas,3.4455298626858344,2.9302151409502377
tavas,3.3793340614619236,2.9301840867930964
kaphs,3.566377261343723,2.9300217464078377
unsex,2.9953152461006622,2.9300208358349353
shows,3.1123842849519994,2.9300015949059763
blebs,3.2693435653178833,2.9298924913231237
redux,3.020978546719677,2.929713637060571
figgy,2.765611963173468,2.9295949638865135
tehee,2.8730621737045965,2.9295630953191383
hokum,3.1057590836900406,2.9293587972117368
diked,3.1884892227257424,2.9291816832928865
kapow,3.1062138782353443,2.9290984855659468
hulls,3.3544394098946535,2.9289638372369984
whoso,2.674479193671874,2.9283965409347426
imbos,3.3844884177433423,2.9282877554730793
meums,3.432167120214711,2.9280593895015814
rehem,3.0350575251405587,2.9278008929398567
issue,2.8604767931399335,2.927316168877236
feese,2.7034188676525814,2.9272384012095496
hippy,2.890202234129193,2.927224108618996
knobs,3.4327907363965298,2.926834508832724
loofs,3.331987404152377,2.9266377317327854
nabby,2.9726249497496013,2.9265866537261838
jaxie,3.044020401845585,2.926442105257724
pekea,3.2755583714428056,2.9264343606701564
redds,3.45559193519607,2.926408722510458
zupan,3.050650832940671,2.9263300804361734
scabs,3.193421155236578,2.926288365092851
bubas,3.40775086059747,2.9261203985854554
afald,2.7903259084277092,2.9260892644404537
vamps,3.5091412678219482,2.9260608825270267
fjord,2.838817014135935,2.925989586256395
jamun,3.074131396120282,2.925954327713969
ruffe,2.870660241885235,2.925933827336268
wells,3.355462502542201,2.9251600605141173
junky,3.0445872047342113,2.9250532896092034
exier,2.774143313725984,2.9247973730644334
skets,3.344106279003733,2.9247634373612827
odour,2.7739648595599133,2.9246545388392575
lolly,2.886860473896178,2.9245581964924177
gurus,3.3787960060874944,2.924486950276276
annus,3.3220580187970716,2.924467752438817
lymph,2.913573459837728,2.9244161611416413
equid,2.8565800399722634,2.9242665041691946
yukos,3.5505640257175566,2.9242575807077693
edger,2.8157015129263705,2.92414039064317
busts,3.3802165147602983,2.924114236490405
feaze,2.7983083195498546,2.924086517986306
snows,3.1596654065323295,2.9238737765119858
ommel,2.9578826684580912,2.9238529723242985
flamm,2.688737543152937,2.9232620899932984
femes,3.445611769842584,2.923231907219424
cudda,2.9694998213772097,2.923146463293378
manga,3.1680338231236336,2.9231254897208885
thymy,2.7208146906450184,2.9231049777786167
teggs,3.339557425929668,2.9228965938021627
bosom,3.0210152618644956,2.9228012384249205
watap,2.8980639100913077,2.92272215509485
jeely,2.8649984591823667,2.9226315743820077
zendo,3.173311707728973,2.922532673127132
quoif,2.7994549961402764,2.922442106523647
vaxes,3.487286164600821,2.9224389067096714
pooks,3.5015606731351663,2.9222994808492744
iroko,2.8827441935305176,2.9222467374510677
bocci,2.934876491569034,2.922170432871691
addin,2.8658309423154797,2.922060771673738
hebes,3.425510825950287,2.9220252049383415
fykes,3.484906481199617,2.921622546014708
pewed,3.1033057769741283,2.921558022161541
sises,3.402743850998763,2.9215273422275287
bebop,2.8994870240704413,2.92125271981054
snebs,3.2660620562575895,2.9211776846341992
swads,3.206789975054769,2.9211420978665257
buppy,2.870715102423641,2.921104568012777
gawks,3.510806585483028,2.9211010854730226
yells,3.4319999599478987,2.920963984861805
pavvy,2.8311943251486147,2.9209200572057057
dummy,2.9304432368591335,2.920837937496258
nawal,2.978687934516035,2.9206065752247587
naval,2.9124921332921243,2.920575521067617
wefte,2.8093945845634827,2.9204604800237455
cavas,3.30937960405329,2.9201548171802747
winns,3.333233093452609,2.919712669429807
whyda,2.8996384673165636,2.9197085801422835
sotto,2.9601879292811955,2.9196872569878027
babus,3.3893172189606795,2.91963161639612
cooch,2.5723564436736606,2.919157544618545
nabla,3.078493896302086,2.918951489074648
choof,2.5898085956498527,2.918712877295994
wicks,3.424179807820831,2.918620544668837
leves,3.3857953371527314,2.9185325767709935
agria,3.036618960544172,2.9184997364455127
comms,3.3959099914061817,2.918492781181793
gings,3.391089669475757,2.918359763155035
rosps,3.4956898343761944,2.918280995614174
ferer,2.8598378448911204,2.9182583307725807
joked,3.2790391802781986,2.918188832315947
cloff,2.6013969955135723,2.91816903303525
larva,3.0302342338420374,2.918046863756845
kopek,3.088356637633982,2.918003985995732
dusts,3.408932185775761,2.91800358905623
skeos,3.343942724231477,2.9176410804897834
zamis,3.602304400936889,2.917388852411848
bumfs,3.4121304089476676,2.9173001139777117
bemix,3.06542959689637,2.9171066654331748
rebab,3.014947283098662,2.9169242705125904
napas,3.519463375386902,2.9168594635825142
kinky,3.063637568614937,2.9168403276953585
wasts,3.385459639739061,2.9167940734105104
coomb,2.8502901902517954,2.9164086501557653
exile,2.6956523224656586,2.9161098398408862
oxmen,3.032019644429988,2.915979767439129
pittu,3.0292035327954716,2.915831261306357
agave,2.6762888576839945,2.9154937024250653
coqui,2.9526936637593244,2.9154506918113294
aurar,2.898376748651426,2.9153747616661603
quayd,2.8857020062816443,2.915258085277334
mondo,3.1577661724445183,2.915178267150022
rakia,3.221842659793258,2.915077770728898
forgo,2.951010625531768,2.915045687536555
glugs,3.1558973414858276,2.9150308043628135
duppy,2.8994307734391027,2.9149939205786017
tooth,2.7564580952421522,2.914868809358337
pumpy,2.9803278247074036,2.9147713052200546
draff,2.7075065687005595,2.91471309066336
zooea,3.166584880503951,2.914674821320729
hooka,3.088079767615639,2.914547599343874
jerry,2.937566797625744,2.914504266091668
exine,2.688501680496719,2.9144949188466134
debby,2.9142025344238927,2.9144721726524043
titir,2.8091059216690963,2.9139692178710206
kamme,3.1089274229764827,2.9139340767451256
tweep,2.791748159377631,2.9136705289897757
yeuky,2.952462171575971,2.913370700747996
jaups,3.471700611127149,2.9133593590036018
zebra,3.1238223409207886,2.9132558166064424
urupa,2.887208529946243,2.913165008572813
mutts,3.4500488085570735,2.913148452910544
apeak,2.8453409125084566,2.912895935110849
allow,2.805955196181623,2.912742468488915
qibla,2.969562627371137,2.9126329292777515
evert,2.622605950958943,2.9126148622905803
evade,2.7172834170851203,2.9125831044931223
squaw,2.775969025298874,2.9122107272853857
akker,2.9907146680434042,2.912210352968735
arars,3.1368806183713254,2.912053033932363
akees,3.43479772611303,2.9120077671567373
jelab,3.09550417713855,2.9119833028524535
titty,2.830006304328982,2.911887666332506
lavra,2.9751810368535168,2.9118725237516774
rubby,2.8830194871476422,2.911828715490862
every,2.667726029741873,2.91142556346402
oddly,2.7845841939903018,2.911334156905181
jupon,2.975847519469084,2.911267926363191
amnia,3.054097231221301,2.911240919957219
iddat,2.7855011005419255,2.911168838466367
beeps,3.393600753442411,2.9111611910109554
duomo,2.959050905725304,2.9110399879447377
reeks,3.4833876599139915,2.9110382366874354
vizor,2.9077274355308345,2.9109453563835164
steez,2.8606432188491913,2.9107562214179383
pogos,3.427688543319655,2.9105267873304914
avows,3.2055036943240465,2.9099136482886125
achar,2.7465866134846633,2.909733750599423
awari,2.8385582500067836,2.9097092551441155
elfed,2.8345981573723584,2.9096908832525052
mawks,3.610690588794712,2.9096366412325234
bidis,3.3865831902830914,2.9095792200561577
pulus,3.4193783198386805,2.909543442945547
agasp,2.6832176165144355,2.909393811795884
padam,3.0779521333868223,2.9093466965396972
atigi,2.8169312382710014,2.9092161736874367
quete,2.7899114526169067,2.9091726783256044
knowd,2.946542532860135,2.9090402483278335
jocky,3.0182473444184286,2.9089030943448377
unaus,3.208364719141815,2.9088691412155683
siris,3.359537105929121,2.9083335026707102
nihil,2.8799410579123217,2.9083326639981673
syeds,3.326413304146892,2.9083298324051015
lobos,3.4007076066255766,2.9082066965246076
vexil,2.864337063667925,2.9081516736046664
gobby,2.88077716261681,2.9076540489122795
dowdy,2.9304873559200533,2.90763684364667
hapas,3.4365453213769466,2.9073392435858962
wombs,3.4837146230919758,2.906694303984843
jakes,3.663575497225007,2.9066686925067566
sushi,2.979061894947292,2.9066182332488295
myopy,2.912533152764932,2.9065559771094627
unpen,2.872971057583721,2.9063774791428885
ousts,3.40842360473396,2.9062765287116092
wuses,3.3904187165120656,2.9060290072597974
deems,3.417590510275555,2.9059190488052327
bilbo,3.0286839973232835,2.9054076860181346
fuddy,2.775994856091043,2.90533118793087
begem,2.9734603795299286,2.905178041024974
event,2.596134625631062,2.9050660584553123
deeps,3.422316424457873,2.90505054357678
smogs,3.2230793970993084,2.9049293355883616
nasus,3.457009934783401,2.9047781876653813
aimak,3.004075217881749,2.9046623936020035
needs,3.4512755733475666,2.9046405029665507
sessa,2.9160447808595977,2.904583142590375
quims,3.2956107129337275,2.9045579168743862
wedge,2.8092871517619287,2.9044970616171284
books,3.4280283068739954,2.9044864050994503
wifie,2.8092440853419305,2.90436577464495
tawts,3.4037593506358177,2.904326054365165
beedi,3.0468120638249436,2.904323444020853
takas,3.5272584383151235,2.904105195232125
nagas,3.469349142386486,2.9036971361003587
quips,3.3003366271160455,2.9036894116459333
fists,3.3202516614930904,2.9034572290044567
yedes,3.4734733486621088,2.903392620552033
dered,3.061661570305604,2.9025355431430793
awave,2.6233580258228595,2.9025278860838784
masus,3.487274509654561,2.902502560662951
hawks,3.497507959913597,2.902392048238336
meeds,3.481540148218726,2.9023648759641207
jongs,3.49155107120335,2.9023319267703855
fulls,3.2749874249218935,2.9021872891448313
sysop,2.8395158191419263,2.902174659986592
gamas,3.485924302968969,2.9019019422780366
kophs,3.544148902651457,2.9019003243558648
sukis,3.4277054096084143,2.901842338155417
error,2.7168594001777593,2.901473255158918
magas,3.499613717257646,2.9014215090979283
memic,3.000828345315912,2.9012926946833626
cylix,2.887310642128768,2.90105007241621
whiss,3.0272461813307947,2.9009562362432773
ilium,2.7178428858544526,2.9008822137015082
karai,3.2704220981037695,2.900830399757039
gugas,3.3632338926458605,2.9005974361702798
qapik,2.902259928099939,2.9005589805342242
jougs,3.404086257604386,2.8997304417108576
pujas,3.5008456941001214,2.8996848245887694
pomos,3.513883132342663,2.8995427762701
nanny,2.8903989431545707,2.8993705440288013
ankhs,3.391227409518137,2.8988655920437423
tipup,2.840237848292154,2.898786199972378
twits,3.1969150079471316,2.8987707042143347
nobby,2.950396591057335,2.8984652316742108
dooks,3.4567439778894578,2.898375757665275
akoia,3.0041029487574615,2.8981567289284014
rotor,2.8442340476728347,2.8979557401437566
yetts,3.414426729729204,2.897904007541162
mocos,3.447311129703709,2.897874512212434
grege,2.663321452149991,2.897723145960986
adzes,3.4779045046437282,2.897591033513323
lysol,2.856096015489881,2.897460455255691
yucko,3.0625089319104597,2.8970939953245267
muggy,2.8705948454785886,2.8969299125231824
appro,2.8629263778198037,2.8968207929060736
ponzu,3.128427827981066,2.8967464425802847
skuas,3.3129141915533933,2.8964855168907757
dowfs,3.416209199949235,2.8964177108514093
hwyls,3.199580221114266,2.8962305460318736
mobby,2.9806611659284945,2.8961896046717808
reede,2.882839722373527,2.8961747910986384
mayas,3.5077142237208276,2.896078643308715
logoi,3.0243558911117563,2.8958104671657017
wynds,3.377539019864433,2.895642089264916
azyme,2.9068551489683037,2.8955637992145977
heeds,3.368357519337611,2.895120282969933
pasha,3.1125551108149647,2.895013213482503
omees,3.412644714722073,2.8948515950822027
tyiyn,2.794821955888343,2.8945533850182685
keech,2.749953058980484,2.8945253788525136
voxes,3.465057805908555,2.894317484657699
exite,2.7208916817997157,2.894316906309685
leggo,2.943024022437355,2.893785252269507
objet,2.891207678071754,2.8937805277685555
froyo,2.708606607877976,2.8931667387618916
akita,2.9754970333676214,2.8931084296729477
gowks,3.4885782267907612,2.89297966342105
veers,3.280827492374235,2.892928720688959
riffy,2.830213728800233,2.892651417364097
desse,2.807797475001427,2.892644895997568
afars,3.1719545500411934,2.892381585420286
widdy,2.8177678330651044,2.8922190282719455
simps,3.4210104256371014,2.8921057898511426
hakea,3.2046472615719095,2.8920962404110995
baffy,2.8174140056866843,2.8917695949965823
lemma,3.0979474341925117,2.89175399315768
advew,2.8578129376747956,2.8917013911625213
keels,3.4336477842334583,2.8916998516414285
halma,3.0818816756169642,2.891564500022694
badam,3.0044197671256514,2.891533620789873
jubes,3.4847025140522896,2.8914457214917735
quops,3.3001006589195305,2.891283528495597
ghazi,2.850473727685412,2.8912730417370147
tasks,3.4658187588057574,2.8911727322461944
swags,3.1184826144858704,2.8911088588233094
numbs,3.5154533109722337,2.891089457269861
doobs,3.38936275361651,2.8909026130600277
kikay,3.0789232569271805,2.8908309917422086
index,2.9248563607100406,2.8906728384358935
isles,3.391439613736413,2.890633107945248
jehad,3.0765934838619318,2.890574343694703
banya,3.076312347098025,2.8904797151275687
fabby,2.8102549107668855,2.8902898856373986
obeys,3.366615072170925,2.890274826369059
koros,3.5596926422983906,2.8901640341830452
keens,3.4264971422645183,2.8900849306471557
scuds,3.168615256775639,2.8900099031767894
poofs,3.3456100010044065,2.8899905611050283
huggy,2.7574122165974737,2.8896853195289953
abacs,3.090259120499417,2.8895316774199555
tagma,3.018575556267793,2.8894178340495285
karri,3.188890699495383,2.889259318044995
fanga,2.9753992092697583,2.8891043486345342
wills,3.316760401895955,2.8890751294859065
hobby,2.8674785370473796,2.8889450116775928
durzi,3.1285887437459747,2.8888195808604413
virid,2.974273257038763,2.888794960693094
sixes,3.399155322415974,2.888483814033787
rurps,3.444381032266058,2.888345895283902
kanas,3.5859457259496157,2.8882720900334826
bwana,2.787914179890052,2.8877416179987487
debye,2.888038910326773,2.8874217413178167
kabar,3.017512625765071,2.887418361021142
boyos,3.3622566835216663,2.8873708457914535
eggar,2.7740235223947973,2.8871570880824544
ondol,2.758732769147176,2.886890911415297
snees,3.232236721915656,2.8868457791946507
rafiq,2.9342015835287247,2.8867594448500986
jingo,3.052136095307638,2.8866738710653825
dwell,2.6974157404839785,2.8864168977054763
alata,2.7928272016092364,2.8863083780076924
nunky,2.985457159146309,2.886307192480224
takht,2.8948797736530585,2.886018500063746
yawps,3.4828142272344733,2.8857610455909444
jarks,3.599252302773505,2.885742671373534
tofts,3.3496790495987074,2.8857371925062862
daffy,2.8461296767021462,2.885658947562407
animi,2.8875900480133003,2.88555766450067
rewax,3.0398007910463196,2.8853969445162204
mongo,3.069458811875619,2.885145028106806
recce,2.720747876635466,2.8850929365149955
gummy,2.8468615915699003,2.885090970321653
wilis,3.3470476762074215,2.884907162463331
yills,3.3932978593016534,2.884879053833594
lyses,3.4049638877102506,2.884822663542502
convo,2.833495139400364,2.884582392304182
oboes,3.341769235323669,2.884341475661648
rhymy,2.7388145754450908,2.88419468999287
haafs,3.263714131230736,2.884127491399562
disci,2.9145048461802507,2.883551784191994
queyn,2.8220011500337536,2.8835475812091445
laksa,3.079104399453996,2.883466161878893
kaiks,3.4984449526930765,2.883335114510218
konbu,3.1853540666558917,2.883209870522777
khana,2.8822127701076017,2.883179623050073
kufis,3.46330997621663,2.883009754021309
boozy,2.8288114196348357,2.8829860649464933
opgaf,2.8351034368729504,2.8825259716608826
garba,3.08624146841689,2.8824061119073168
gusts,3.325350540486527,2.882256621881625
kelep,3.0707736976350555,2.882077962958342
knack,2.636678743657094,2.8820162113854026
sizes,3.4386322928235784,2.8818575858283437
wheep,2.70630169094075,2.881844174900445
knell,2.810279781266396,2.8818377317969857
ogmic,2.908555740587837,2.8817583590334532
ember,2.814909947260806,2.8811857546351156
casks,3.3958643013971237,2.881143462633373
ekdam,2.9911444349521967,2.8810992240699766
idees,3.3404019590529455,2.881078120711282
jenny,2.877144356568056,2.8810663756713266
scaff,2.63285042524787,2.8807778178582923
judgy,2.865711334777628,2.880523875949482
joeys,3.46904850556017,2.880239693949927
okrug,2.95210910691092,2.880230900791668
embog,2.8367503671321543,2.880152661337352
mythi,3.0445535196435474,2.8797862571139365
katas,3.525902904068233,2.8793764877377317
jolly,2.9108279384935525,2.8793576791619078
amici,2.76134108849496,2.8793569108499124
jived,3.042256429296602,2.8792539494142266
guppy,2.8158491281498694,2.879246953403997
graff,2.6239249234113258,2.8789661234887545
tawai,3.055819807329965,2.8788516501576913
iodic,2.8714703452078396,2.8788073867870283
ydred,3.0295642225122137,2.8787690725556487
spiks,3.2459561345542856,2.8787371555484658
reefs,3.3274369877832317,2.87872931694319
jokes,3.6413471385327414,2.878547270454784
peple,2.8344565369595767,2.8784489571294243
marka,3.253506696001522,2.878414812272065
spuds,3.1935317910587324,2.878387989480765
sighs,3.2559912109402958,2.8781993124563328
rymme,2.914852328810028,2.878126064095347
ogeed,2.9586720582803787,2.877830172915556
wembs,3.4335583496098248,2.877765460550362
elpee,2.7162558348987003,2.877605659748358
kalas,3.5723161266758825,2.877579692860252
caeca,2.812488260108628,2.8773467607709513
doody,2.815071461729516,2.877285970716289
basha,3.039022744553794,2.8772001377326784
abask,2.6718893250778573,2.876955475752892
doozy,2.857527090650298,2.876875417512318
patka,3.147791783833374,2.8767325440593146
swaps,3.163868609316367,2.8766163540640806
tikia,3.1040645359518004,2.876397563395825
ortho,2.795907800029503,2.876353953985168
towts,3.381530991943551,2.8762046323131925
embus,3.3025286695629683,2.876123444534783
laxly,2.837873449694041,2.876012771291789
woods,3.3115538826843745,2.8760105700633494
nummy,2.9164810200104254,2.875902153083584
arrah,2.7060591025027856,2.8756463947930326
quays,3.2480099645361875,2.875616523416171
bajus,3.4088796862021598,2.8753829666496094
krewe,2.781798574453491,2.87526217515296
fifth,2.7057673552879087,2.8752515604264195
knurr,2.7593141326136656,2.8749032600800173
ezine,2.7060616841742675,2.8747768571403225
eiked,3.095906189737457,2.874775851073992
vatas,3.3537619288500684,2.874671473944267
umbos,3.337912297233872,2.8743382788705327
howks,3.475279601221331,2.8742706261863633
refix,2.9563171247946918,2.8741845219039437
hevea,2.985937028485233,2.874133524637836
sells,3.2801359054801447,2.873972203032163
stews,3.1121230818816175,2.8737763719241367
kemps,3.6088976108656965,2.873715630834038
briki,2.884178083640325,2.873663581403051
voici,2.7754045859909064,2.8734445083632583
onkus,3.404385007918431,2.872947423257873
hight,2.7471461419340746,2.872787731864859
judas,3.4582343852565844,2.8727269553560797
imino,2.7938138706081395,2.872641995255649
yumps,3.4852227485561023,2.8724113792310986
kneed,3.019113848243462,2.872012251010499
telex,2.9734076356746773,2.871709175318978
apsis,3.291081503329929,2.871705689704941
leeks,3.4194109733889215,2.8714814641828377
cynic,2.80361522134244,2.871437734475925
ammon,2.8751556829907385,2.8714282934599566
nonny,2.8681705844623044,2.8712491219768284
shwas,3.1955183902886466,2.8710036567762587
plump,2.7206133143643694,2.8709429889378786
musts,3.4252345437982115,2.8707921776411256
untax,2.862602909258623,2.870132493559769
aimag,2.969489158980018,2.8700750982942322
solos,3.3226915309322855,2.870024926539026
modii,3.1307495380935313,2.869907444877023
keets,3.458887143567515,2.869906918110228
shews,3.094840689395408,2.869869680662137
poopy,2.8402750505029717,2.8696486765975475
nebby,2.900240317575184,2.8695363882397302
knows,3.3088504911146783,2.8693986864666705
geeps,3.3387347791686395,2.8693035764021744
cubic,2.7781299295017567,2.868945593523617
scaws,3.0694809099547262,2.8688525427267977
okehs,3.3773874377608415,2.868814423982698
jimpy,3.001546185168359,2.8685624225464066
bidri,2.96211257536575,2.868488363230017
feeds,3.2889055343648512,2.868343734877766
intis,3.220200123905758,2.8677393319146054
abbed,2.9500893082744177,2.8676755108028793
sicks,3.348853210758775,2.8674326871868825
cecum,2.8393675846257516,2.867407623385102
choko,2.734803545557772,2.8673465840972234
saags,3.207721021384121,2.8673061314260027
erred,2.859238299661217,2.8669543336514263
benji,3.0819551221810437,2.8668183402415366
fiefs,3.2624430041675554,2.8663691865818928
bhaji,2.835254346724738,2.8661694453309225
doofs,3.300793305758698,2.8660668379210295
trooz,2.726795480999613,2.8652230454545595
oozle,2.918841174015844,2.864974939774935
odeon,2.8285776069753914,2.8649360152281105
chava,2.6129847430176554,2.8648636935211975
stubs,3.1243976322199893,2.8647351086085218
burbs,3.379404894325602,2.863979972500095
musos,3.425070989025955,2.863669820769626
nongs,3.432421025615448,2.8635858296414067
blubs,3.1576778703744037,2.8634154056414554
stats,3.093187114172737,2.863065624358658
fuggy,2.6779602316247137,2.862908771436828
gooks,3.373162332600224,2.8626287904906693
byded,2.9498831686101905,2.8625348055544038
duked,3.1008374911769883,2.8624954908432008
vises,3.3797879603629473,2.862347238388749
johns,3.376194106802489,2.861840472593787
wheek,2.692555010127488,2.8617893181099103
mutti,3.0603387532012043,2.861784962117997
shush,2.4513004420531814,2.8609887130472744
neems,3.4036282934268467,2.860983264392558
gowfs,3.332627554660002,2.8606707436768044
oozie,2.972922416936257,2.8606361886495235
exams,3.2485741576017633,2.860566787917899
havan,2.8368164189735903,2.860561423922461
elves,3.1625622567478344,2.860485707041106
dawah,2.8587019600562966,2.8601922368236625
neeps,3.4083542076091646,2.8601147591641056
scugs,3.08030789620674,2.8599766641335727
fjeld,2.8019527352204014,2.8599237891715603
wests,3.3130750075646436,2.8597438079240574
hythe,2.784796863919257,2.859510120233386
abmho,2.9542218753821543,2.8592706299839286
bagua,2.965639642798371,2.8590612428814133
fiscs,3.1209745794169206,2.859060639771216
pulps,3.4132307321707613,2.858342133048883
eyers,3.230497853707607,2.858084749845518
kulak,2.9758656556336467,2.8579251584832814
meeps,3.4386187824803236,2.8578391321616756
gypsy,2.705035567719942,2.8577917850395167
xylan,2.92096701302704,2.8575135061801538
spaws,3.0943974442378197,2.857230629030773
elemi,2.835841472908468,2.8570795820945545
posho,3.0139800995669503,2.85703275186842
gesse,2.7242158297121932,2.8568979288229626
humfs,3.343965809104466,2.8567334621342444
emend,2.8091484280899057,2.856678335854051
husos,3.311888360144841,2.8564252277754387
sedes,3.3216092941943547,2.856400838722391
jotty,2.893254708274858,2.8562977018412647
midis,3.431601219321004,2.8562571612068783
polyp,2.9436708895730876,2.856249491107738
pekes,3.5473423108579603,2.8558065145822655
limma,3.0592453335462664,2.8556690621294694
yests,3.389612464970342,2.855547732271744
yohah,2.886346681191461,2.8550481872771574
suses,3.3150921194500094,2.854841149777843
repps,3.4026955967127055,2.8548389026567307
pyxed,3.052689997724948,2.8547735265821665
snubs,3.1543963613141095,2.854700598952531
aguna,2.813735834545832,2.8547002810010196
nemns,3.415391687079026,2.854575687937232
jihad,3.037891383215686,2.854489412666492
pompa,3.1667941971292537,2.854045310504201
tanna,2.9463921302265703,2.8539843398573943
ejido,2.8854440273951463,2.853927308406951
nooks,3.442781761040749,2.853439973252601
risps,3.406831460247798,2.8532672211514822
newed,3.0445268648797117,2.852698514564868
navvy,2.7724154130541976,2.8520605496090328
lazar,2.9256132599582205,2.851811603836264
lavas,3.3333572597369265,2.851717026502752
dexie,2.8829705202328295,2.851656204149234
vagal,2.787109049928792,2.8515992273715245
cuppa,2.9166034828938456,2.8515766434396506
likin,2.9614052021309645,2.851173952658347
mooks,3.473046335911908,2.8511643462501706
blaff,2.605463629222916,2.85107931958409
oopak,2.9453874750280633,2.850987716406001
setts,3.26256267526145,2.8509122257115207
emyds,3.318684138124203,2.850834363253393
amlas,3.3638832952695052,2.8506656595014688
jelly,2.860671665011402,2.850428835727427
mewed,3.0747914397508707,2.8504228875624373
meved,3.00859563852696,2.850391833405296
abura,2.842625549250397,2.84986560558383
yampy,2.9816188662347454,2.849845391781495
wiggy,2.7197332085987753,2.8497966117779034
alfas,3.1910759627247884,2.8493678944185854
villa,2.9466939747829284,2.849335014253063
nebek,2.9407016926903484,2.8491732879742733
cusum,2.8112798617825145,2.8490753066105214
lytta,2.9542966719115373,2.8487504620861737
spugs,3.1052244304898333,2.848354750437548
oribi,2.8450039493410384,2.848352729019008
skeef,2.8305913802345155,2.848059968594632
riggs,3.318855210083495,2.8479013749882056
hathi,2.9863271720605136,2.847753750406332
yucks,3.4130655336777753,2.8477382765668384
swigs,3.078719835247537,2.847706418369701
kheth,2.7620709118068456,2.8475913626232456
addio,2.8837408120591563,2.847545194790669
angas,3.243147038562949,2.847510920876762
newbs,3.440660157476188,2.847388858143253
apsos,3.2620760649713167,2.847129150427652
voddy,2.808343719495629,2.846864841413902
atmas,3.2993428984918363,2.8465614194723616
spifs,3.090005462423526,2.8464282358042197
scums,3.120967976854918,2.8463526646027972
fehme,2.75013921164969,2.846106117194526
bevvy,2.6852773267130265,2.8460567159694286
noobs,3.3754005367678017,2.8459668286473536
toots,3.266115097753014,2.8458537593828117
scups,3.1256938910372365,2.8454841593743443
quabs,3.2386186326188007,2.8454787342885957
uncut,2.596911243870142,2.8454462471115836
tutty,2.7423545727802283,2.8452014738828204
razor,2.913813669077763,2.844948121385122
momus,3.4579465643833056,2.8448434007772194
yfere,2.703312278750074,2.844724617975605
synds,3.302212422802376,2.844454231782961
cycad,2.862591348686414,2.844161167973408
kopje,3.047669981022775,2.8441578908593943
canna,2.8764376728179366,2.8439550702445726
hooks,3.3598637070307937,2.843919753255983
durum,2.9288042652711193,2.8438528402604057
ilial,2.6024563619957384,2.843752321240837
moobs,3.4056651116389607,2.8436912016449236
didie,2.8247036745713343,2.8436816710867103
wawls,3.2855415402642763,2.8435527974813875
ghyll,2.560682272801078,2.8433609470845664
cacks,3.3630013099607474,2.8432597721280692
hewed,2.9616088108697562,2.8431782945682498
akela,2.932478110280457,2.842363565809973
abuna,2.8161542239225152,2.8423168017485625
yecch,2.6478153889469347,2.8422825025087253
tokos,3.4268189271538754,2.842075338865584
muntu,3.0041807358686095,2.842073192809221
heths,3.3036525952419655,2.8420669757124255
pixie,2.8987948326706294,2.8420310395486488
aquae,2.7103446501392607,2.8420164931461818
howfs,3.319328929090571,2.841961706442117
makan,3.097923424707905,2.8417271253556775
stoss,2.968966008558432,2.841269186872986
medii,3.0805932646113803,2.840978601442542
asway,2.8033331116897724,2.840819508140129
wagyu,2.8921283801450066,2.840799007571806
wadas,3.3444978138406056,2.8407731459361045
abaft,2.5877024540439466,2.8401722535751466
jives,3.4045643875511447,2.839612387553063
mogos,3.399174206096397,2.839391652731387
gonof,2.8358663040238814,2.839343287581148
bafta,2.9555338022985573,2.8392490753521367
kerve,2.8980437342181133,2.8391350745236026
knick,2.596915964418761,2.8386137709317945
tazze,2.8770309930470117,2.838540149069649
ogees,3.3209800165349215,2.8381886110543926
abaci,2.7005490651435475,2.838168186627409
sills,3.241433804833899,2.837887272003952
ebike,2.759714889605889,2.8376823058313607
cyclo,2.7686297383464447,2.8374690931899726
yechy,2.7923519429708348,2.837371508381279
jings,3.402692697074954,2.837318152307694
fusts,3.232599929944337,2.836771036554771
kyudo,3.013376092018445,2.8367333754358066
hoosh,2.6366676850772475,2.8366069043514885
ingan,2.7462090114434945,2.8363074706608025
smoko,2.881834823004769,2.8361430454652368
odors,3.208832552840117,2.836045807074888
yagna,2.952990258023485,2.836012633664309
pubby,2.8326653974746017,2.8356247723585075
griff,2.5841621441729923,2.8355636830351463
peeks,3.4330335702409505,2.8348342935550805
tetes,3.317041832775321,2.834673691984363
swims,3.119379915895715,2.8340824188389253
kreef,2.8350715497738306,2.834049423627878
axial,2.6966922203637083,2.834034564801883
yakow,3.025554794081586,2.83383735057574
affly,2.638169141294999,2.833523154332844
nibby,2.8615382169289387,2.8334514572115195
vroom,2.658277710308521,2.833166827867041
phutu,2.7431400918956417,2.8329132324461552
jucos,3.3423366815869735,2.8327171627213255
munja,3.1185454349646715,2.832716494794798
debud,2.906660764913198,2.832697703514303
modoc,2.910069343423258,2.832375731756838
knees,3.381421806498005,2.832370689149336
hogos,3.2859915772152823,2.8321470597372
buffe,2.746773785951023,2.831916808454089
dekes,3.502525615612252,2.8318827913982663
lyssa,2.8795627169248394,2.8317935328771373
woops,3.268632516945972,2.8314848262609043
bakra,3.0631956442975747,2.8313333858131253
libri,2.9252665399213154,2.8308102181408166
nomos,3.455104220248246,2.8306832686734262
flexi,2.7541423227778075,2.830651537803252
muruk,2.910952822129285,2.830650369075091
natya,3.031022979383396,2.830537680984969
chaff,2.4993813581933706,2.83032502801956
goofs,3.2172116604694643,2.8303198707464237
gadjo,2.9710378090815253,2.829568309044796
compo,2.9409665908164717,2.8295555865337807
enema,2.8590343256744624,2.8292907719613676
liwaa,3.0166823887250196,2.82924073023312
jerks,3.5268676705990876,2.828692405887081
abbes,3.3123972665289605,2.828033948941716
deled,2.973845543521848,2.827921345453745
padma,3.0696188164063525,2.827474733164568
judos,3.377597222991189,2.8274054332734195
teeth,2.687930992347937,2.8274036220641436
jetty,2.843098434792707,2.827368858406784
yoops,3.3451699743516707,2.827288750608591
cohog,2.7254857342887826,2.8272581494000186
cwtch,2.4011330868887724,2.8267654891380003
myrrh,2.796000231277638,2.826490768431831
vitta,2.929120744564234,2.8262750369324205
knock,2.596679996222245,2.8262078877814583
emove,2.6105610276891285,2.826172632219211
ruffy,2.742561997251479,2.8259652249144116
paska,3.1572801870261316,2.8257637287320057
spiff,2.6180041802926297,2.8257534637086597
wuddy,2.7301161015163506,2.82553283582226
annat,2.6868441727041548,2.825460799248047
sumps,3.333358694088348,2.825419597401457
ennog,2.737287159678149,2.825312580459446
ombus,3.3076294554951744,2.8250599553473887
scoff,2.5928516778130213,2.824969494254348
afanc,2.5729808970286454,2.824645730577328
pshaw,2.87094788087664,2.8245487844716526
bedew,2.8666835346416777,2.824488629152211
masha,3.084040773591707,2.823878078883399
donko,3.0644428992210346,2.8237239615569836
wists,3.2743729069183987,2.8236588768958466
skags,3.1713393851692113,2.8236459532975084
rudds,3.32923810300107,2.8236375990325615
moror,2.899594870167942,2.8234340652241525
zarfs,3.437467781848936,2.8231743836196106
imari,2.8208945215858012,2.82287402999429
wulls,3.229108670347201,2.822388937036221
equip,2.6649074917701743,2.82230766213788
shchi,2.763159299037614,2.8221590461787756
weete,2.7074598033057247,2.8220407030405577
nizam,3.0654103636881525,2.8219023287147422
xoana,2.8900031360588523,2.8217050177605714
kembo,3.1568602353628017,2.821458231780781
bohos,3.2918668667349023,2.8213195446133708
homos,3.3721861662382904,2.8211630486768087
swops,3.123869861881518,2.820808030460136
tifts,3.2608206754703106,2.820723418043595
valli,2.9398545916628764,2.82047887388729
dykey,2.9588963903402683,2.8204677221022134
quoys,3.2080112171013386,2.819808199812227
appts,3.219401655562235,2.8197382577761894
kells,3.429320990062493,2.8194971129868476
stuff,2.5638269022312814,2.8192245613739635
jauks,3.437601061664518,2.8192193857979033
queen,2.7787844837744338,2.8190778866420203
nymph,2.86841714459534,2.818909482917211
ripps,3.3639934960664606,2.81875397162852
ebena,2.8104261381188262,2.818618156800511
keaki,3.076113044401123,2.8183237986848257
dixie,2.853978137424921,2.818107316364649
kotos,3.425463392906984,2.8173466313711906
quill,2.593888493806925,2.817211431043089
esker,2.868544175638777,2.81678373575774
yewen,2.9066570154715516,2.8166370524947535
yeven,2.840461214247641,2.8166059983376117
begob,2.823782004741104,2.816552990981392
peevo,2.844312765942921,2.816039758570689
radar,2.837126956126749,2.8157193071814004
labda,3.006887694621467,2.8156407508995356
ivied,2.7696885807957274,2.815592326555575
kolos,3.471876615514634,2.8155498364937106
cusps,3.2312253864903377,2.815462046874722
ataxy,2.5591123010856083,2.815456576041104
cocks,3.340772951268481,2.8151383500760963
pyxes,3.4149979559794907,2.815131964721003
pawas,3.4131756578128662,2.815100910032137
pavas,3.3469798565889555,2.815069855874995
erevs,3.031340958915492,2.8150287592243144
vells,3.257180014844329,2.814792099193383
nexus,3.3810367740261955,2.814684393985186
ceded,2.8271021609169065,2.814460535491607
lisps,3.3428547737227277,2.8137104486468845
dyads,3.244540029405384,2.8136795206716587
calla,2.8599649812612826,2.813317530300673
amiga,2.8369265559066044,2.8131424136561876
scows,3.0294821625198773,2.813044219122853
neves,3.3406390219103432,2.813025898546563
hyrax,2.9226616792506013,2.8129445640123443
chich,2.334449675282744,2.812899549256019
vives,3.297422140269341,2.8123052402923205
nylon,2.8651005936056673,2.812191984097493
wuxia,2.940190590958057,2.8120111847460993
wicca,2.7704488939906975,2.8120064432451928
mauka,3.0918554548925354,2.8118915266964333
gobos,3.2859318629426637,2.8118888355382454
dubby,2.787848702228893,2.811701049174508
nisus,3.345923201962739,2.811642991150717
hoofs,3.203913034900034,2.811610833511737
sowms,3.3039958998921355,2.8115163469377826
sughs,3.1683394793915416,2.811513120006647
mokky,3.0329401130126152,2.8114378418394876
fesse,2.6314652191700025,2.8114123434961087
vifda,2.9361930332886446,2.8111401134912892
karks,3.5306509351054762,2.8108435170100043
meves,3.3709035967815026,2.8107502715441326
sowps,3.3087218140744534,2.8106478417093297
spivs,3.0077919320235718,2.810586901806385
gasps,3.3391657628604774,2.810527784175187
jessy,2.768364479806009,2.8104119291977483
namak,2.9878165441396005,2.8103409880792816
skids,3.2198839664997765,2.8102767518871166
hexer,2.8104999977140777,2.8102264840889006
outdo,2.9044023058217334,2.810067049012378
bivvy,2.646575226066781,2.809971784941218
oxids,3.261559444216356,2.8097580968508895
ozone,2.7117537357654315,2.8097119144184655
apayd,2.7508161932084505,2.8096251512151627
agloo,2.8434508428460554,2.809449959916779
cobbs,3.253315456775941,2.809355892860043
snuff,2.5938256313254016,2.809190051717972
laddu,2.9269885363118036,2.8087636968393372
euked,3.008254458188703,2.808089658624306
annum,2.788484632691463,2.808086675248341
omiai,2.927200007308366,2.8077047873249814
kauru,2.9448808297556726,2.8075374723640043
stots,3.053188366737888,2.807257300754713
aback,2.5225319332295233,2.8071595404592697
zings,3.396858848281145,2.807058784298016
pacha,2.9602595635106574,2.807027468928821
bindi,2.9936187996725194,2.8068989556141277
arras,3.215716105013647,2.806631344817507
mudim,2.9106063306884895,2.8064826861162127
vasts,3.2871771520411888,2.8064261120897758
ninny,2.779312210333908,2.8062353475141366
speks,3.2281765708011787,2.8061993581542897
tikis,3.375848475366955,2.805769717307934
fogos,3.206539592242522,2.805370511645033
sways,3.0717791674981747,2.80514102538071
oxman,2.9087957107807068,2.8051226098366526
oxlip,2.8228126532317876,2.804813686765322
quoll,2.59365252561041,2.804805547892753
hexyl,2.7820957235132346,2.8046147973662303
cycas,3.224899306940957,2.8045196061122444
cysts,3.1772886908841933,2.8042041314063875
dazed,3.0479954496567503,2.8040437946229435
hodja,3.0142834871719897,2.8040099770883393
jawns,3.3457593791502998,2.80390032794816
divvy,2.6752908970822435,2.8038611375070426
mafia,3.0293937149228265,2.803381198908647
rokos,3.444818811953948,2.8031650510798376
kieve,2.8093560874063606,2.803003943601429
allan,2.716347915785073,2.8026166744215737
zupas,3.419117304451664,2.8024587847954163
katti,3.0944223366623467,2.8021239103601117
quibs,3.1988558533804667,2.802076293834988
jumpy,2.913894453619605,2.801876230096721
sunns,3.1702547648417987,2.801838619498166
scifi,2.682286939072338,2.8013087414195628
sinsi,2.816879049249037,2.8009933750166525
weize,2.7126667857368285,2.8008857254240875
sucks,3.261201479210021,2.8007464947371963
booby,2.7186331858740562,2.800672318359425
pleep,2.701698815412654,2.8006065461406005
mobos,3.3858158662543483,2.8004243912977467
undid,2.7810333906103515,2.800371345662368
knubs,3.3035814458964587,2.8002255089072157
unput,2.5988885532632455,2.800125715112692
kulfi,3.0539462030249407,2.7997567591586003
bikky,2.8990637098463052,2.7997461262260757
kedge,2.8831456392822212,2.7988341140898587
biffy,2.7063272728660213,2.798634398481918
zerks,3.521033821805279,2.798433037877403
flava,2.571450429231239,2.7982747851500926
ossia,2.9675511788429443,2.7982476421207974
mawla,3.0071644143472573,2.7981873898409635
yonny,2.7962865782959305,2.798142991826232
luvvy,2.6188332639271685,2.7977458388691128
bazar,2.865703490549079,2.7973513574586826
dhaba,2.7765512785653783,2.7965321181687512
gaddi,2.9595140818066348,2.7962208637134047
akses,3.3628440776304513,2.796181709443296
arroz,2.79788459626741,2.796108373986122
askar,2.862714022736664,2.7961023087849837
ashes,3.265360765334866,2.7956070434080615
gemma,2.9831716905095993,2.795436132171319
shoos,2.9994653338327133,2.795331261763218
sojas,3.3350014970633906,2.7952423062251226
nevvy,2.7000307808797803,2.7950102841225792
udyog,2.7444911231909934,2.794990616820918
uprun,2.72707474107553,2.7943949278173466
ettle,2.5405210963740084,2.7941731454620395
india,2.840869581783269,2.7941008886735994
bezel,2.8465206275047206,2.7940855264371303
maggs,3.3510735160078595,2.7936974937714107
titin,2.7447273209003544,2.793393959432688
hobos,3.2726332373732334,2.7931797983035587
livid,2.819639338534215,2.793023110439724
varda,2.993731755076116,2.792893074764509
mikva,3.0713842896574697,2.792869091345557
fuzee,2.7946170601700757,2.7926284403722823
gyoza,2.8916313261869293,2.7923415227770283
semes,3.324406418205835,2.792245697628859
hasps,3.3258671372910475,2.7918187469405003
alaap,2.591104242060899,2.791562416960811
jitty,2.8043963341464613,2.7912839273785734
grrrl,2.5615110601995097,2.791157651095441
jouks,3.4153727029722516,2.7910979637459303
sykes,3.3637011295628687,2.790636336424143
kamik,2.9718096947927757,2.7903769290973104
mucic,2.848711108263525,2.7901756185339206
occur,2.649781954012881,2.790077400657105
kynds,3.451397507384725,2.7899791417376454
kapok,2.9067239004115715,2.789946728362568
users,3.173077756727654,2.789922122696633
deedy,2.7465443588353002,2.789820783422096
kliks,3.2396307054814484,2.78947244426286
bulbs,3.291588867541846,2.7893657748107605
bacha,2.8867271972494866,2.7892143931789963
wowee,2.8146812293069905,2.7891656021149105
kazis,3.524048452670525,2.788915551889845
weeds,3.243026779790159,2.7885453827691555
klutz,2.821998711165043,2.7884073207667117
quaws,3.114678387336949,2.7880429119225427
icing,2.5284950158113335,2.7879831727002227
offer,2.7308666064331764,2.7879314120089154
gnawn,2.5647241741188695,2.7873989408449193
evohe,2.555538678238072,2.7873585486315315
muzak,2.9738694058462727,2.7869494494924156
nandu,3.0059454003429993,2.786601972083619
kiddy,2.891626320585397,2.786556080744676
juked,3.1025290746010477,2.78648886540357
haggs,3.2378908871267447,2.786452900777223
alpha,2.7719891201605273,2.7864413611232837
ogham,2.850632506727088,2.785899159749134
reded,2.915056503125612,2.7855795173186815
kimbo,3.118158134716556,2.7853733007525703
dewax,2.9446300061275705,2.7852692781998662
kahal,2.8969607148233747,2.7849100741976933
aggro,2.760155064589587,2.784778292704026
beefs,3.20355053184902,2.7847122980610104
yeeds,3.319564237195857,2.7843493071168424
whoop,2.5208114244381377,2.7842018390750214
asyla,2.8306293147384944,2.7841001827076193
nabob,2.897561751240226,2.7835895631873555
pomps,3.4385781365444084,2.78341746441631
kills,3.390618889416248,2.783412181958637
tassa,2.837612253464524,2.7833298933838155
dacha,2.9154428682649485,2.783103745744821
keyed,3.0331894619738153,2.783053314715885
doxed,2.9862901205568795,2.7825486007764146
upped,2.840647365692096,2.782477938933776
usens,3.1466064313997726,2.782373318861365
peepy,2.7717479476087563,2.7821834893033537
attar,2.6131819347322214,2.7821792517128308
kalua,3.0833600812545208,2.7818973677944574
punji,3.029133656247215,2.7818602925134646
pequi,2.940137642812839,2.7814368870715684
sooms,3.1885800057015983,2.781165474007402
jheel,2.6715227548240232,2.7807415953570795
jubas,3.3614785804030083,2.7805885638892978
soops,3.193305919883916,2.7802969687789494
outgo,2.8160949452528348,2.7800338099691615
ayahs,3.1476047857520673,2.780033186824838
myoma,2.924378701503018,2.7797169698979625
mapau,3.0127166057244477,2.7794453179271073
nomoi,3.0653941648923766,2.77931977788088
naans,3.2087861770102957,2.779198593724653
vills,3.218477914198083,2.7787071681651723
hafta,2.8873692024553557,2.77868242350867
zanze,2.8945558188861122,2.7785986760703927
umiaq,2.753504969177289,2.7784802654716874
smugs,3.093870106599237,2.778320335662854
guava,2.7242768226156406,2.7778016517599546
jowls,3.330681662426974,2.77739382689046
inwit,2.5874433745760754,2.777089285430354
ooaas,3.2702048760774027,2.776786155125108
ivies,3.13199653905027,2.7759507646944117
dozed,3.025767090964484,2.7759223725709714
sexts,3.2341598819197985,2.7755124222483607
geeks,3.304635229706008,2.775163603196476
swabs,3.062387835580788,2.7750032362531347
offie,2.7064568580932646,2.774905127659957
wilja,2.954054198811125,2.774890796876288
unpin,2.6981154000276564,2.774775338735041
lacka,2.9913620428697953,2.77442515480608
fujis,3.228065019116205,2.773783566097939
zawns,3.339925530356491,2.773640959938482
nigga,2.937938268900883,2.7734657703470678
reerd,2.8135190348459584,2.7734378510370634
nixie,2.8400159205762128,2.773171531951975
juves,3.316912656002391,2.7729261951033775
sists,3.199046309856342,2.7724710194138913
parra,2.9744603664112903,2.772307999359634
kembs,3.5074168371301173,2.7721025130230923
adman,2.8316873482785248,2.7718996941716902
rishi,2.9452048455059057,2.7716353246156
unman,2.7858274799570317,2.7713739829978654
sulls,3.1537820732851447,2.7712010795542668
mixie,2.8702804954473717,2.770895904949544
poyou,2.8987777052492234,2.770045402888302
apays,3.1131241514629933,2.7699835893539992
octic,2.6897150232814395,2.7699635437996304
ennui,2.813355406753093,2.7699198728643317
bivia,2.8502535879644615,2.7695491482888706
puuko,2.912662210801104,2.769410879882977
pocho,2.861684552262643,2.769047007314738
mecum,2.8361592393798505,2.769000350693701
kicky,2.860787602622004,2.768990165518616
voulu,2.7311908124863,2.768777153677572
eevns,3.112904329339627,2.7684198015253014
bijou,2.897316552588695,2.7680979005529935
mohos,3.3368848957728154,2.7679974857640914
egers,3.1062630134851785,2.7679225938003458
ydrad,2.9063402888629324,2.7679119149531726
noggs,3.298580582444434,2.7678516987218686
skogs,3.131340637734362,2.7678376296935636
buxom,2.8428910452996448,2.7675672742346884
maqui,2.9840079377639985,2.7673520179589177
pudus,3.265418494523696,2.767073948494129
hooch,2.487310293228913,2.7668109690578664
nubby,2.773886485380185,2.7667652647618337
skims,3.1722366865790566,2.766619513313124
oxims,3.2139121642956354,2.766100858276897
gliff,2.510834875710811,2.765819264521702
skips,3.1769626007613745,2.7657510080846714
kevel,2.8305399046708137,2.7656330036111934
levee,2.7082264844112336,2.7650034141740525
ippon,2.6772038770304394,2.76447846963078
ensew,2.725661966371294,2.7644193327878677
halfa,2.896557368205891,2.764247101844297
najib,2.946129656840319,2.763917452718134
lupus,3.2185126656605556,2.7637123165709006
zonks,3.497003667777407,2.76344008079578
phynx,2.6711919959160997,2.762819983204776
munjs,3.390329374379826,2.762088648706907
mbube,2.7484533322810742,2.7618032607764103
exeat,2.610367402123063,2.7611989705313738
kalam,3.0387427405702736,2.7611986156697763
zitty,2.7985624853526527,2.761024559368895
zouks,3.409538854178443,2.7608385957362525
talaq,2.8264693848184876,2.7604182825104386
hafiz,2.850800678976025,2.7603073110778444
jaded,2.9809355998196185,2.7602377521108177
queys,3.1904676215447467,2.7596762855683874
texes,3.2886390394336695,2.7592738885212036
risks,3.372731910785167,2.759127247945784
gymps,3.3084547186656765,2.7590832501797538
migma,2.95815900415203,2.758870767963
neebs,3.306873433873586,2.75850164135316
teets,3.1975879948587984,2.758388572088618
hoggs,3.2156625284344784,2.7583314787252506
juror,2.7946204220512065,2.7582767157330434
basks,3.3599321876716184,2.758245425578269
volva,2.872117528069811,2.7581774967172947
novio,2.8662102699245864,2.7581127499467586
hubby,2.690968431370229,2.7572450447652157
rabbi,2.973788102321044,2.7572328059465434
obols,3.1128323348471914,2.7570780863792117
mivvy,2.691593255104694,2.756649726091938
howso,2.77072644332435,2.7565687477618743
yomim,2.9279376493542517,2.7560119430877803
amaze,2.688641077322554,2.755752792325877
gazar,2.810837516275307,2.755493742849902
oafos,3.257787286711531,2.7550742523820424
ewers,3.053332181624044,2.7549567774591583
barra,2.9009280001501194,2.7544949236098093
kests,3.3869334950849366,2.7540808603967872
tufts,3.173168943921557,2.7540372255939096
karma,3.1182254503735605,2.753940849983981
biggs,3.1949687541492837,2.753884356106026
mindi,3.038636828710432,2.753576896764848
webby,2.691991524017776,2.753441268042335
reses,3.310227452816531,2.753407128929199
vigil,2.6356990869806234,2.7532637494473335
lysis,3.230108230154186,2.7532205231346545
povos,3.2465403454277073,2.753039999508454
kokra,3.0913456143320217,2.752946455737704
jarta,3.0209654876601073,2.7525004864507734
vughs,3.145383588755726,2.752333016167867
pouff,2.7463738460685283,2.7522163199998477
zooid,2.901205204108498,2.7520863966861535
caffs,3.1350863255720434,2.751613824335565
visas,3.256564026713666,2.751490080786273
rubus,3.2190167793431606,2.7511395001597014
exert,2.523975118654808,2.750726621692409
papal,2.788888510343934,2.750239558794936
nonan,2.8943079279073025,2.750087762575697
halal,2.7576563627325124,2.749996399783466
puffy,2.692207907578438,2.7497612817820567
kombi,3.167863055256399,2.7496678656650264
eases,3.2818319330981924,2.7496661569420713
vests,3.214792519866772,2.7493758466033227
imams,3.1271043257608495,2.7491217775218018
exfil,2.611821933214407,2.7489958309558045
mythy,2.731921228308644,2.7487623714925298
sposo,2.541167008460789,2.74862939397364
aspis,3.202908651102798,2.7485613974496657
linin,2.765186442253703,2.7484464038699583
nabam,2.9224174164388286,2.7483487974762424
bifid,2.79407342800414,2.748126478412379
niffy,2.721080727032775,2.747587966635069
ammos,3.243622154501731,2.747556997819199
nudzh,2.7529037276435333,2.7471786450750875
stets,3.0356447711812966,2.7471253865108736
innie,2.646171513744788,2.7470310945191487
embow,2.7153159172983923,2.7468704745094286
jukes,3.464837032855591,2.7468473035424066
hygge,2.646650523629619,2.7468457798117303
amahs,3.115034643716791,2.746534014807475
nazar,2.8804569447158324,2.7463049256118337
tuque,2.626483987571128,2.7460833994371514
nying,2.6546374167856506,2.7457674207862546
miffy,2.7513453019039344,2.7453123396326387
weems,3.1953794998694383,2.7448881441951634
iddut,2.568328994535718,2.7448586673126814
eejit,2.6743545640104385,2.7448152047278316
quell,2.5761089300538176,2.7446736336489135
yabas,3.3242794663927278,2.7444386788170094
veges,3.2152559385470108,2.7440496048504706
mazar,2.9107215195869918,2.7440292986094033
weeps,3.2001054140517566,2.7440196389667104
flyby,2.5125710598967075,2.744005176755292
unban,2.6862745510919748,2.743390732624616
deevs,3.150052672464529,2.7427603166290004
tatts,3.222833243309499,2.7419690551310487
bhava,2.57705262929215,2.7419656564660935
byway,2.7252282100462355,2.741831157652025
pipit,2.686327073655396,2.741782014624132
ommin,2.7902693505934475,2.7417569547679133
spews,3.0368551012463794,2.741290391182989
yucca,2.7593346198476425,2.7411241751431943
alula,2.6334822667284836,2.7410579053024504
ngwee,2.7637442515891175,2.740337941179492
tikka,3.014906547725144,2.7402474712657705
adawn,2.5874050046856816,2.740234233300848
amban,2.744701193589952,2.7399290692240266
abram,2.8288796271371845,2.73985231672006
abeam,2.7788940809716776,2.739806116826097
nunny,2.6916604787851544,2.7395491550644513
yucch,2.5214615567519356,2.739511379030829
vieux,2.7584024689839266,2.739139666031992
braza,2.7130818039607902,2.738958509472174
malwa,2.9743691996629664,2.73889164761143
panna,2.914037925353602,2.738870108939293
kikes,3.483887396736316,2.7386343416285626
tombo,2.9094402744895262,2.7379717383356557
skeds,3.202104402746669,2.7377389544929405
wakfs,3.297955123864674,2.7373982825752
seeds,3.167700182728103,2.7373575252872007
fixie,2.677645881593497,2.73687476386319
anata,2.6980939384345155,2.736528230994068
sagas,3.185773751767022,2.7364141584210087
jeera,2.894275409286008,2.7361394955947724
vacas,3.2109547847385187,2.7357169140632758
malva,2.927526466687052,2.7356503608406495
annal,2.6379956464445247,2.7355828654946603
imaum,2.646481597319958,2.735311415831137
hesps,3.2534825051166303,2.734768481454047
yopos,3.2873125280739437,2.734538411366265
mahua,2.948368361512702,2.734345017064838
neefs,3.218303986015774,2.733665866214161
epene,2.505241857493547,2.7335420261706416
toffs,3.182812424288411,2.7335216718964133
nyong,2.654401448589135,2.7333615376359184
gippo,2.8346844640911613,2.732235056895249
khaph,2.63469001280282,2.7319813738002425
buffy,2.618675541317267,2.731948206032232
mihis,3.2859144439858947,2.731691864206441
wahoo,2.770043284269198,2.731655133378788
halwa,2.861186570781852,2.7316470546172424
tusks,3.2670802944363406,2.731351343281845
howto,2.8206461335521853,2.731169401701492
sayas,3.1938742582302044,2.7310712926317953
afoam,2.684774699968991,2.7306645334648314
exurb,2.620052734241493,2.7305737317700363
fubby,2.611516446397469,2.7304684966730486
vadas,3.2462153261427336,2.73040518461537
bosks,3.337703828979352,2.7301240035262966
vanda,2.919545327566093,2.728971274248406
jinks,3.4139791424428196,2.7286856743427665
gibli,2.791170112879461,2.7285584743134597
halva,2.8143438378059376,2.7284057678464624
pewee,2.7880448824871733,2.7283872977034376
xylem,2.879084032081706,2.7281182909513975
yarfa,2.9355801128478936,2.7280903236805414
gizmo,2.908684955914996,2.727947055247479
combo,2.8394858170808925,2.727942468722835
yahoo,2.846580741674896,2.727459057726475
zoomy,2.763281916439046,2.727362738692988
cacao,2.7864154399883283,2.726944625086267
nyssa,2.8344064016824517,2.7262868546527077
kusso,2.8601033708947856,2.7260648017369613
eched,2.694196678874484,2.725610185354253
erses,3.0963449543487456,2.725547905208158
mujik,2.852972445700186,2.725432570223608
samas,3.27196834079003,2.7254301473606173
verre,2.6565062947171727,2.725338366960683
lemel,2.787006108097157,2.7252142127278063
vinic,2.6898924600986165,2.725044547308137
jutty,2.7167446025977076,2.724597734928888
kybos,3.328890599427239,2.724580984643058
momme,2.8373670008372764,2.7245723604735903
igged,2.7844521729713496,2.7243849153342747
daddy,2.7141123510907628,2.723575817723428
mingi,2.9503294681415335,2.723543657721631
coffs,3.112857966879777,2.723492402283592
rotto,2.8317710820032804,2.7233960731930225
annex,2.78558406703105,2.723217207146023
majat,2.818683869147156,2.7230539546095596
kyack,2.5526278520724155,2.723029497542914
tweet,2.5320458091782623,2.7229807634415595
raffs,3.22304066778075,2.7227328061626395
ksars,3.1890282598771855,2.722605894299579
wadds,3.2105947720456207,2.722300417070488
feebs,3.1445033948908705,2.722204873264375
oyama,2.83602778707249,2.72217214862705
typto,2.780670976565927,2.7216703031664333
ephah,2.589825005794431,2.721638730088146
cusks,3.1971258370277074,2.7213220736690236
zowee,2.876215861368145,2.7208686855662783
zygal,2.754434322647223,2.720853487963435
sadza,2.90153943699769,2.7204072337884737
rexes,3.306638924233742,2.7203636007354577
nakas,3.4361253213477383,2.7201314567173505
kojis,3.432554857738956,2.7200222333744364
baiza,2.8588060034719036,2.719674320752479
lisks,3.3087552242600973,2.719570475441186
dixit,2.680759814008236,2.7193280127693527
swobs,3.02238908814594,2.7191949126491908
konks,3.4342361489031874,2.7188002944419285
skeev,2.731053837313742,2.718581013588485
pimps,3.3497197624160115,2.7184036899536186
gisms,3.223353115857497,2.7182610928889757
evoke,2.600263754449239,2.7181090638810343
hejab,2.8424586945627297,2.718091950040434
aboma,2.7881043595477997,2.7180660676948074
kists,3.348231394438691,2.7179959293685765
kirks,3.419564202284814,2.7177083204953405
avyze,2.6410756612352717,2.7176074752158303
ummed,2.8650314194038486,2.7174190358482857
skegg,2.669326011583959,2.717356536293491
mambo,2.979912804090279,2.717268203047672
iddah,2.602704382973848,2.7159407818992105
woozy,2.6353160802441815,2.715844512902249
acmic,2.6988573153414888,2.7157899913465338
zobus,3.3149827312801423,2.7157189916383113
casas,3.16983503319202,2.715472596833883
zoons,3.2022812774736877,2.715168664956129
reffo,2.8000994338390166,2.7150382594338747
dsomo,2.761120535663087,2.714929072860245
bombs,3.316936271915493,2.7144411061781883
jetes,3.2914318625928,2.7140699530304304
mixup,2.8186187417944764,2.7140065557843935
leses,3.2462507662914613,2.713850356424601
rezes,3.3461158946413465,2.713737372530014
hippo,2.8213858385217314,2.713526019660563
tawaf,2.7311190743247584,2.7123693099017103
kibbe,2.8552461555255793,2.711661991908711
adhan,2.683203448931934,2.711489538264786
expos,3.1554438780715057,2.7111396198431756
hakas,3.353207267337783,2.7106112367207325
osmol,2.7184085691133717,2.710446283533906
hadji,2.9185857299235414,2.7101400622598746
favas,3.1258309055118225,2.7099135801895367
keema,2.9974540479745766,2.7098530427557845
macaw,2.8240029448595707,2.709662749482596
bokos,3.3209323560197364,2.7091480321976587
ngoni,2.742769799182462,2.7087953230666555
oomph,2.7741411663210824,2.7084791729177176
bundu,2.8171608305736324,2.7083707687901586
palla,2.897565233796948,2.708232568995393
skegs,3.1137970421777705,2.707705715449724
usurp,2.5728346732429292,2.707682873042825
emerg,2.5956144655007054,2.707626145559699
vibex,2.810252397852606,2.707131111074582
ollav,2.682499952414652,2.706732945643947
noons,3.1489850806795943,2.706681935836828
fatwa,2.7353213632014417,2.706667301402555
rosso,2.7570371270165825,2.706439143983986
happi,2.8933191177538404,2.7059420066249915
zeera,2.8884415604921987,2.705880127585094
oboli,2.7231222794913217,2.705714595586665
quawk,2.546951200067055,2.7056707749618565
woofs,3.0785822953525814,2.7050359333109597
masks,3.4049502167095316,2.7049233667289894
teffs,3.13265615080626,2.7045928284619323
mugga,2.880551112223288,2.704503950894952
adays,3.089203053395913,2.703936549153719
kanga,3.003378942215359,2.703643048998654
narra,2.915681454316873,2.7034484917629604
vivas,3.1741982066200594,2.7014480826898444
rikka,3.0329064325252166,2.701337183480024
mucus,3.201643615896223,2.7012505433429306
marra,2.9459460291880326,2.7011728647605295
yoofs,3.1551197527582797,2.7008398576586465
aalii,2.878492886636094,2.700670359533092
miggs,3.239986783187197,2.700562297256747
panax,2.902244952659638,2.7004717913058665
jumby,2.8124136798840267,2.700263112285775
kakis,3.4201184720009143,2.7001673977353793
kumys,3.390454336852505,2.699469178672771
agaze,2.596976379135402,2.6990898082980674
vanga,2.831237966997195,2.698938035205189
kaval,2.778101827255009,2.6988174533429516
bimbo,2.8775212960197805,2.6987830504731853
scuff,2.46364238731295,2.6983604943288397
nexum,2.847463387920587,2.6983033167947106
hasks,3.2917675878284163,2.697678773734802
emyde,2.641115285382705,2.6973052006564524
ebook,2.5650801662068923,2.6968541482032196
gruff,2.4547168854764054,2.696548799959302
kondo,2.993111291536244,2.6956958264277873
doddy,2.6918839923984965,2.6954543956714554
quass,2.953977718457172,2.695403812627552
kapas,3.3850730693497866,2.695101395857849
desks,3.3162632265126635,2.6950845126576404
exode,2.5786538373461365,2.694886540291007
oggin,2.663113983651478,2.694773357651356
smees,3.115615688295701,2.6943598933347994
upbow,2.625518925119081,2.6941310745488476
seems,3.1200529028073825,2.6937002867132085
mmkay,2.826019868853865,2.6936184302555484
kurus,3.314025128490904,2.6935400653135417
pakua,3.005948188020794,2.69330863924823
skeps,3.159183037008267,2.6932132106904954
seeps,3.1247788169897004,2.692831781484756
divis,3.150753198395079,2.6928106547668045
kokas,3.449521837215431,2.692790958488778
yeves,3.208927685758634,2.6927347026968547
gumma,2.8568178583145993,2.692665008693422
shahs,2.9163373050575347,2.6925509254148308
rusks,3.285080179236413,2.692441055496098
mofos,3.252369867083516,2.691468479259586
bambi,2.94945457525189,2.691199037437614
legge,2.6160117714631728,2.6909003709148775
pikis,3.343494270493987,2.690655486389833
zazen,2.8841371060523944,2.690576445906969
choco,2.3528565711427936,2.690104636585688
emmas,3.2052667600790175,2.6896941311199214
lalls,3.190829038748298,2.6896258108282685
reeve,2.5676546046417794,2.6893588203484144
sweys,3.0142368245067344,2.6892007875329265
pappy,2.7293409671192568,2.688894447553404
niqab,2.8064949258062346,2.688181839959976
spaza,2.6920578658066563,2.687290675536907
plaza,2.71328690175978,2.6870271667085537
zebus,3.2648264577979913,2.6867901482038308
rasas,3.2577893754007263,2.6865915786609573
pluff,2.509787957549167,2.686475071804462
cocoa,2.764748591179241,2.6861868960499287
sooks,3.159206370421285,2.686156995573251
wasms,3.195810483561277,2.6861123519681755
adyta,2.769802190321397,2.6860982246788407
eches,3.056504637129027,2.68596862349309
gazal,2.739216575815144,2.685412361560108
wasps,3.200536397743595,2.685243846739723
ovoid,2.6453904525529266,2.685213538314974
patta,2.879992003578254,2.6851725916747506
sijos,3.1655059606695977,2.6849070096797707
dexys,3.254684805574313,2.6847056289862268
jehus,3.2217293361102675,2.6846226106798543
nenes,3.292344638886281,2.6842194581972025
sowfs,3.118671592481063,2.684198948759385
aggri,2.7210016110010335,2.684059083153791
unown,2.5015463889293397,2.683900198523079
lotto,2.76779439547821,2.6838393006884247
kadai,3.028646246005029,2.6837467076162875
idiom,2.6304567586241037,2.683592204473471
pyxis,3.240142298423426,2.683529824313156
desex,2.859311916141109,2.6834992007670477
cucks,3.164262845591331,2.6834383831637196
shojo,2.563612698730643,2.683241390835127
bappu,2.814182428419298,2.6827336306080287
jacal,2.7204778298630314,2.6826650156704934
indri,2.6881829062810825,2.682382185759568
hijab,2.803756593916484,2.682007019012223
widow,2.674132777679592,2.68188755516568
whows,2.9072917697881477,2.681441968424073
refer,2.659363229518145,2.6814405539447
qophs,3.155169005421946,2.6809147979111594
lexes,3.242662237708672,2.6808068282308595
achoo,2.6219067299906165,2.6807344809634537
exies,3.078231184468235,2.6803508189853438
texta,2.8502618783782756,2.6801468322693265
wojus,3.1931559881192397,2.680119992553392
agidi,2.726951596126914,2.6800660331870008
edges,3.119789383668622,2.6796938365640806
adraw,2.71538485187139,2.6790256126688377
nonna,2.878126851207004,2.678823160348598
adobo,2.6916823820727744,2.6787592429479803
mumph,2.723554712712895,2.678719263112105
muffy,2.6636935703551803,2.678626147182953
queme,2.600262296439123,2.67849095688327
kalpa,3.035135337772122,2.6784581470661943
admix,2.7971777716175636,2.678425772563744
cirri,2.7191557588935247,2.677811128665656
cacas,3.1369720417556444,2.6775889063285785
ownio,2.7192632778613626,2.6775052020567793
idlis,3.1374255387169683,2.6774440257516887
poopa,2.8502313172476716,2.677222714969316
umphs,3.1378005571793284,2.6771495095318407
skyrs,3.0711003385470397,2.6769387656643353
mosks,3.3827218580172653,2.6768019446770164
onmun,2.674907475952939,2.676774137392061
fabbo,2.7414385151594236,2.6765917966789656
duded,2.7805055520261424,2.676422988586099
embed,2.7566898597485148,2.676380762417189
xenon,2.738743749315733,2.675837397058556
rajah,2.714755578475377,2.6751649757738614
janns,3.231269194902327,2.6750628334416584
lezes,3.2821392081162766,2.674180600025416
jacks,3.322215909270549,2.673970708680689
houff,2.6046768799641558,2.673836592406556
emeer,2.5795291668322156,2.6738100656137673
hoghs,3.162864801005255,2.6735583997848686
imlis,3.1499923128934526,2.6734566511772746
sulus,3.077024017124799,2.6734009576695232
phooh,2.449520513362787,2.673071352197879
vuggy,2.5337989893521495,2.6727424580074834
dawds,3.2344559207721737,2.6727044579825208
rakki,3.0260670494051647,2.6724810431142503
knoop,2.64195103353876,2.6724110731537607
huffy,2.550510941474066,2.6713815541887653
smews,3.0255007773557825,2.6712559764082946
endew,2.608626960471202,2.6711218587862797
kamas,3.4211534253723794,2.670955057315302
ugged,2.7378760524618793,2.6704354387317286
pollo,2.798990222548934,2.6702521073813106
fogou,2.669528247708908,2.670231992992056
titis,3.1131937924113475,2.6695226637919305
ooses,3.2655315941936056,2.6688856753185783
oozed,2.9391120777638777,2.668857480780556
emeus,3.067147889134378,2.668747755513435
bobol,2.6048153354468835,2.668716873085422
bluff,2.4362555912879955,2.6686619960546376
tiffs,3.0939540501600145,2.6685078974337215
manna,2.8855235881303445,2.667734974340189
lemme,2.6921625208661686,2.6675969844728487
batta,2.806459637317083,2.667359515924926
fucus,3.0090090020423483,2.667229402256576
kloof,2.5762540148090367,2.666662669289009
macka,2.9764703024985666,2.666642849579219
makai,3.0766798408630285,2.6664923389223736
unzip,2.6581122756694535,2.6662119207035486
kombu,3.0205617660786546,2.6658928378045967
jeers,3.166059348701163,2.6655116495068816
imido,2.684201995654073,2.665439499850379
yucky,2.7107231869870025,2.665350900152885
filmi,2.7847253356621042,2.66520611993127
bisks,3.2488454548509553,2.665110229063605
bwazi,2.6914042598712715,2.6648881517229563
zaxes,3.3666841721339393,2.664762467517915
agami,2.70775860166525,2.664266533670772
sowff,2.6466703103501668,2.6635241766638256
zurfs,3.2387293174795193,2.6633529946552605
morro,2.8473710179400182,2.663192403146447
kilim,2.8873327776221056,2.6628631377455854
razoo,2.8649100629892437,2.662369106704892
kilig,2.8185929175560895,2.662284782667604
alkyl,2.6065638405779343,2.662239758024364
junks,3.3263274108940655,2.661999481893081
zikrs,3.337038698492999,2.661944621540973
lolls,3.1686006800560316,2.661504388776296
poppy,2.707112608426991,2.6607730255014315
khazi,2.7857028500888217,2.6603261567742806
jeels,3.146738665342221,2.659577766665886
khoja,2.7935448633602427,2.6595479590359017
beses,3.1863409968823198,2.6593901100470196
disks,3.277561125866418,2.6589995816294296
algal,2.4717482857671396,2.6574699270855535
wigga,2.729689475343475,2.657370650149673
vivos,3.0935610443546637,2.6561265606071838
vehme,2.6059779693771254,2.655939803765181
mokos,3.3659503850576495,2.655825973348379
byssi,2.701726831574983,2.655341949619119
mundu,2.8621788596115456,2.6550487099408793
neemb,2.7605844277988285,2.6549989939596177
idyll,2.5021726693397586,2.6549936752897882
alapa,2.6079039596137705,2.654758151336905
mneme,2.5851010842047613,2.65441476081178
kinks,3.345377774774791,2.6537865199792368
acara,2.561992018446948,2.6534254899771312
lusks,3.221103492711343,2.6528842829915007
mammy,2.7314971148957863,2.6527251801037064
xylic,2.665299432946583,2.6527101767263357
jhala,2.6024542931853047,2.6526724590688033
ungag,2.5829325627026227,2.6521261568872943
jebel,2.711420643829475,2.652030445024047
pumps,3.2620680308672583,2.6517174975039333
exome,2.5310065574254166,2.6512293017170143
kanji,3.0347029024850993,2.6510641061564755
vatha,2.73775651427251,2.6506594396950085
skaws,2.9913043609822774,2.6501045083612804
aflap,2.608993503443127,2.650028418445944
weeks,3.166005864589126,2.649879665761012
bball,2.4213179431306378,2.6496553702252656
vigia,2.7396239587678837,2.6495264227459288
ascus,3.0353909596102713,2.648316741100243
innit,2.4729531903281026,2.6482517909238528
pygmy,2.6435902093045196,2.6482190804132495
yaass,3.018849382785165,2.648117369024427
dadah,2.6200985965347394,2.648009788848449
zizel,2.76580803354031,2.647935126540843
hifis,3.0882167864154813,2.647918264707749
chuff,2.3301733202584503,2.6479077044901076
potto,2.7814169923302394,2.6471921300606676
squiz,2.5853649837602957,2.6469456839405314
yapps,3.2342358909679554,2.6465345215644476
jambo,2.942335748645981,2.6463864122916916
zymes,3.339561656521927,2.6463614617162237
jocks,3.299987550578283,2.645849286628716
tizzy,2.6378460155925936,2.645436350133128
azans,3.0168602056858687,2.645332618085672
emoji,2.7490219912917198,2.644973198881734
dowds,3.2122275620799075,2.6445830359305478
asana,2.6225826130862333,2.6444167567431363
lichi,2.728932611676528,2.6440928075573202
umami,2.6908181498955095,2.6438088101267088
kapai,2.9953630139939174,2.6437379050653025
zacks,3.31638206047674,2.64371134067101
tests,3.12563434637622,2.642562514375177
inbox,2.624239459941787,2.6423557672839753
rufus,3.0855707801723287,2.6421835881215414
pooja,2.842214697406261,2.641411968053214
skugs,3.002131347234291,2.6412286297680554
cuffo,2.585791259435311,2.6411481541289037
kwink,2.502586481523692,2.641073686473115
unmix,2.7062217066559855,2.6409660803319683
abamp,2.545906539941171,2.6409292650407097
evens,2.9229949105738453,2.6408229519126305
edema,2.7298465178780225,2.6407922606759295
butut,2.485749874313859,2.640520116354834
appui,2.692993101693298,2.6402637610411186
vacua,2.721998739317157,2.640034588997481
ninon,2.7248123915135105,2.6397524660303446
nalla,2.838786321702531,2.63937306139872
potoo,2.744976351911274,2.6391727823311726
keeps,3.273963901572049,2.6383566914394403
fixit,2.5044275581768116,2.6380954602678934
khaki,2.7476690446088616,2.637859065304287
igloo,2.6698830905975086,2.6374412330021118
regex,2.7540502301482386,2.637158263048673
jello,2.79185526940394,2.6367307467689938
assay,2.5975927396045915,2.6361062336365944
bajan,2.732059653541034,2.636004202556914
ummah,2.594458441498248,2.635935366360172
kaiak,2.704688497218079,2.635292111750041
evhoe,2.4641023143101455,2.6349422033949548
kanzu,2.9574869685418,2.6342502893109185
muggs,3.1523350516384427,2.6338761048070607
veeps,3.1018229263538846,2.633651677645976
onion,2.4951155080086833,2.6333460740785375
dadla,2.7522586928032498,2.6332163532808535
bumbo,2.7898695644710263,2.632096858023499
peppy,2.65695633494484,2.631844182066951
dweeb,2.6255139000875687,2.630965584624886
diddy,2.6030256182700997,2.6304406212087637
aways,2.9571742975241104,2.6303203742103083
dukun,2.7355140417167196,2.6302847115347374
galax,2.7602170128509624,2.6301087037740305
riffs,3.111953934960087,2.629597609647975
oozes,3.3014200360184205,2.6292159189193924
sojus,3.1178293910571835,2.6289321350714374
baffs,3.099154211846538,2.6287157872804605
whoof,2.3603811425336936,2.6286732881966453
lolos,3.1610000320260214,2.6286282688486784
sukhs,3.1351156583527944,2.6279474406236387
ignis,3.0719572139800344,2.6274860643226954
simis,3.1205583778418617,2.6270946694364268
skofs,2.986676410971468,2.6268962319843907
enfix,2.5743740946900044,2.626800732655833
vulva,2.6956074223926603,2.626477529804918
remex,2.8402448191712466,2.626174251988282
eever,2.5209771098273945,2.625193093146181
zygon,2.6810395000732488,2.6250380887322358
kibei,2.955336135759349,2.624874978633162
humph,2.6417169075140494,2.624779960242827
swees,2.9710201582474145,2.6247310929658028
mommy,2.70926875620352,2.624603758051734
humus,3.1265186524308044,2.624539079807305
ameba,2.7630522132484154,2.6244989936918373
ishes,3.091793013086319,2.623598316493394
psyop,2.6168227590117925,2.623358317319755
nunks,3.2671973653061634,2.6232533847641024
araba,2.579750454340373,2.622889452039404
daffs,3.1278698828620004,2.6226051398462853
eject,2.3101586834320655,2.6223532196979518
whews,2.889748174231556,2.6213100541802334
kutus,3.1797958790994985,2.6207226625016875
ryijy,2.5699759620813643,2.6206456059016072
evets,2.9553849118768425,2.620644939375702
dexes,3.2114681393149933,2.620235934419103
bezes,3.222229438707135,2.6197203536478346
inion,2.4443220104989036,2.619716838760955
dyked,2.8619775535753775,2.619687348704079
malax,2.8601010161626466,2.6186442595335313
yeggs,3.116712972810573,2.6186316594376797
skiff,2.514911097037088,2.618627343039167
babby,2.5975978050157105,2.6182383357221335
mesem,2.8049239351242465,2.617601851268626
nanas,3.2399065614704763,2.6174039079289613
ofuro,2.5407241493794674,2.6164851904472815
adaws,2.9558714761966742,2.6163629376600905
jolls,3.192568144653407,2.616303871445786
hazan,2.7331602899371354,2.6162094471768835
zambo,2.936501899852172,2.6161270442820137
imids,3.034758597421389,2.6160837810926902
dekko,2.897665085900552,2.6160223208616786
cocos,3.0365325305943958,2.6155590499620374
papad,2.8022893632918056,2.6155159478668035
dibbs,3.1572406399375015,2.615333433908072
deffo,2.7049286489202675,2.6149105931175205
peeve,2.5173005149687393,2.6131548772160595
queek,2.5795237680155325,2.6128344540405775
dsobo,2.664365676109826,2.6124474498208468
capax,2.663772043524143,2.6123860584355123
wynns,3.0067214243022446,2.6102183348409995
mumps,3.2332117152237565,2.6097042131365793
texts,3.1220458177934303,2.6095189861814356
fugus,2.9608720784350364,2.6087465427755294
highs,3.0740064268768585,2.608544625322177
zaida,2.8409237801968343,2.6077082330729664
pichi,2.7425552085285574,2.6074456369295635
offal,2.536021732323732,2.6069928731166456
enmew,2.6114240844826826,2.606966717692748
nyung,2.5251921580890637,2.6067525377104097
poops,3.1220152566628263,2.6065948688814258
skoff,2.514675128840572,2.6062214598888307
rajas,3.2244125809862383,2.6061499257983356
meses,3.2313590259202325,2.60606805119774
hexed,2.752279910201786,2.605421491870974
jaggy,2.6177693100484936,2.6051467757897555
kasha,2.919385892683432,2.604395638161164
wakas,3.2278765277903303,2.6040363365199553
djinn,2.502325929063288,2.60368270202333
unkut,2.515550499224082,2.6033977082475284
lezzy,2.6305713145138414,2.6030542208709946
tuffs,3.0063023186112607,2.601821704984036
audad,2.6820923661357448,2.6013357293944477
gamba,2.8472627403296302,2.601167278673033
boffs,3.076925853154272,2.600594365228488
malam,2.789410677123334,2.599958321450214
mollo,2.770475885325676,2.5991169727822063
kacks,3.253614541602521,2.599071554317159
enews,2.9101231602545043,2.5987454804680246
seeks,3.0906792675270696,2.5986918082790575
ovoli,2.5639071125311865,2.5985472367866747
busks,3.1611937233022016,2.598424036613919
rebbe,2.613544672760998,2.598016868655696
dubbo,2.7190323066214317,2.598002960216075
lahal,2.5860841313347622,2.5979885065526602
massa,2.7767437113682982,2.5970805278666105
jambs,3.2928923504132976,2.597030693534003
ibrik,2.580834843596847,2.5966522486256554
lills,3.079742305927635,2.596490614313604
pakki,2.9757129597321237,2.596277099981896
pippy,2.618254234298594,2.59575925103874
hewgh,2.521537759187507,2.5955718658754474
occam,2.637468544655731,2.595559940541225
razai,2.9039677618696724,2.5955583314692254
wauff,2.5015744991089695,2.5953831142577513
pozzy,2.6943501848480214,2.595335893677719
azuki,2.796834989396319,2.5952438222373964
xysti,2.782325002274132,2.5949075340858596
doffs,3.1056415241697346,2.5944837177943127
ebene,2.4046412247924827,2.5944611481156796
hakam,2.819633881232174,2.594230159530257
luffa,2.6885415774711086,2.593982490781583
vexer,2.5868867704687526,2.5932836225673883
gobbi,2.7728073134207953,2.5932367504036113
marma,2.8688933869266204,2.592700555764419
basas,3.133902919466515,2.592574559778778
dusks,3.189909394317664,2.5923133891797443
unjam,2.660885883687957,2.5921212100251596
wisps,3.089449664922932,2.592108650225059
hollo,2.6572932564445617,2.591872379788019
cuffs,2.936347861202627,2.5917924353712154
zilla,2.826091982316047,2.5916585750613077
nexin,2.6976812140983712,2.591494628145071
appay,2.4926093897391803,2.5914309998163345
jewie,2.6570377791237387,2.590597069733628
bobby,2.5753694463234442,2.590116913670161
mekka,2.9927401062751633,2.590083036776776
googs,2.9985928631453342,2.589233909364661
deeve,2.4724838197230308,2.58923115403206
llama,2.556091416499253,2.5890506500454116
abyss,2.9193873323662354,2.5887585054806297
unbox,2.5776633394323163,2.588406290681429
myxos,3.1826225228415557,2.5878181504367626
kooky,2.671140762284514,2.5877144739049855
koppa,2.937544622975129,2.5875740737254094
agmas,3.12105589577885,2.5873780399287094
jells,3.142411871171256,2.587375028011305
gaffs,3.0442882375727667,2.58685817267168
japan,2.7296974789475565,2.586850606523064
cocci,2.569115921497634,2.5865329117720144
biffo,2.6375108772585594,2.584936309523485
gubba,2.714223323684359,2.583528120371672
yarra,2.783970118165163,2.583157295913252
jalap,2.731426501328013,2.583140327714558
offed,2.6726465189208852,2.583126419790989
opihi,2.594332856036559,2.583099321762526
nisin,2.6694757083226897,2.583075308022467
hamba,2.8339641147601995,2.582458241438346
wudus,2.9983907888718715,2.5821193207000603
jinns,3.1201824620816647,2.581927636926994
syphs,2.979593774790347,2.5818673053496815
jammy,2.6939200594514894,2.581843389347726
swiss,2.737984142180826,2.5815258741384834
uncus,2.923771528812926,2.581203140568901
kobos,3.2211609853460734,2.580941950575512
emcee,2.5029242287109206,2.5806601588737728
eppie,2.451682129718984,2.5804788888031
verve,2.503992368045073,2.579705842287317
unwon,2.5040433320005913,2.5795807383107006
dadas,3.129755599045601,2.5789947388729226
queem,2.613677569179818,2.578825513810788
level,2.5196633211822013,2.5787114359661603
uvula,2.513749371580192,2.5782838953076226
fisks,3.1012288700349937,2.5777670291279704
akoya,2.6982483813574474,2.5776769911684534
naffs,3.113907666013292,2.5776693554336116
danda,2.8030856004689606,2.5775608285059586
memes,3.224259439341244,2.5765303133639814
kokam,2.9159484511098226,2.5764098812983027
motto,2.7529026551069817,2.5760569954615637
papas,3.1645973215463483,2.5758743860056406
aapas,3.121283114793373,2.5747558347327626
yampa,2.8866516063540244,2.5733003833962016
kiddo,2.8228099249779355,2.5728579917862424
pirri,2.7567560114291902,2.5727261673603765
bajra,2.742349902168617,2.5722884041650826
baboo,2.652195903574248,2.5718288411057877
skeez,2.6822821549584104,2.5711441200072978
gummi,2.7388917423738848,2.5706736718129846
excel,2.4576919621752653,2.57045243158158
mukim,2.793985044638214,2.569745876700064
dohyo,2.6931768069416466,2.568661417454226
bazoo,2.7410236070550322,2.5683520878227135
exude,2.449444546846065,2.5682775403654983
wootz,2.5908357453042568,2.5682733732958294
haffs,3.0309896120033364,2.568149135436993
etwee,2.426457212961406,2.567241961243673
kotow,2.701715696901597,2.567105012274811
ummas,3.1041154440091097,2.566920316384646
mezes,3.2672474677450483,2.566398294798555
jaaps,3.1153829819057286,2.5662164516459165
hexes,3.114587868456329,2.565779930009811
hubba,2.700924698114929,2.5648190831369853
duddy,2.515373886721346,2.5637544287590783
fiqhs,2.942947277289133,2.563229461966982
gombo,2.748687729081616,2.5631868170589502
ruffs,3.024302203411333,2.5629114171982894
cezve,2.44363505577531,2.5627440244087136
phooo,2.468163377419352,2.562682322677885
nuque,2.535350870603743,2.562109660922377
kabob,2.7631714452031106,2.5618314954626893
veggo,2.591336425939687,2.5618154925269465
annas,3.0137044576469387,2.5612176927053643
aymag,2.6429774898296534,2.560580763705425
jetee,2.6138630098513023,2.56054079043349
nduja,2.7168191926811773,2.56007069715563
spazz,2.473089893762813,2.560030291654032
khaya,2.637590087596941,2.5599760551589874
agbas,3.021502966913793,2.5593947895554594
mosso,2.678168700120284,2.559100066252528
goffs,3.0220598788805004,2.5587367506197074
pukka,2.894900611303422,2.5584470478979844
bubbe,2.5269575852800497,2.5583855491796403
mumbo,2.781174339720862,2.557446814083322
puffa,2.702164174323138,2.5573353201538263
skees,3.0238769289307545,2.557268187440001
babas,3.080963657810546,2.5563815566626675
hooha,2.6607125707315262,2.556379639277483
iodid,2.644711489436842,2.5558266879826306
mormo,2.770318375678606,2.554720094150336
nazzy,2.6577996314458705,2.5545978081330176
wanna,2.6470102197017766,2.553915481145224
gynny,2.4430084427283543,2.55311489586251
bazas,3.16979136129133,2.552904803379593
tekke,2.647823735045046,2.55217539360915
jills,3.1037097705250103,2.5512900969830943
kebab,2.7714239752940895,2.550102752058897
yowza,2.8372256985851165,2.5495733485520855
apoop,2.384775070474357,2.549329686657107
jitis,3.0875838222288268,2.5489189248379978
yacka,2.814494391475697,2.5486272807319414
bezzy,2.5706615451047,2.5485939744934134
emmet,2.4777035175701156,2.5482428225301605
typps,3.0194819421160233,2.5481699248254595
dzhos,3.0662097053990633,2.54752863484466
vivda,2.6799387834547015,2.546852280698232
added,2.609891887926873,2.54662386662874
oojah,2.5992738636189743,2.546601914829006
abjud,2.6292557358604096,2.5462595323002075
adrad,2.639871364421113,2.546099481953129
adead,2.589885818255606,2.5460532820591664
zappy,2.657073747237649,2.545740004420392
isbas,3.0175000499185707,2.545168064424573
musks,3.2062117523401144,2.5451019777646398
xolos,3.101066708191472,2.5446816543891893
zhush,2.307742558950484,2.5441321700167383
bacca,2.549505299045675,2.5427229609169633
glogg,2.3195103617272506,2.5426530129289295
dufus,2.9903999952535796,2.5420559218051872
kecks,3.1812299094281036,2.5420212888307057
yummo,2.715953288251254,2.5419128682754426
nawab,2.7113528800904314,2.5402571320025227
buffa,2.628631808061967,2.5395222444040018
masas,3.1789209485044276,2.5392525009294986
jumps,3.1956346597794596,2.538822422380599
ended,2.533113473020925,2.538195728070571
husks,3.093029123459,2.537857384770452
attas,2.9172698054744726,2.537732697633741
boobs,3.0003733920339104,2.537618510643304
opepe,2.4680913280137124,2.5374572853369033
hikoi,2.7830818106751325,2.536335728726706
michi,2.7140408713052997,2.5363105023304593
falaj,2.631801787581486,2.535891142362166
biffs,2.9880674790258754,2.5355805907657967
zarda,2.8731297626092345,2.5352166355727532
xerox,2.6643059937709723,2.534721895354224
dukka,2.8500839160577134,2.5345233247139842
skews,2.9337620179908366,2.5341642705134966
jewel,2.6098265870034876,2.533541972792792
vodou,2.6087644704478716,2.533236809595852
mambu,2.793458061323981,2.532773965637007
azyms,3.0604971104944028,2.5325413890766195
goodo,2.576526988674015,2.532503083137456
zaman,2.75994398617634,2.532444899970839
fezes,3.074612853891173,2.5323771537122006
koiwi,2.7364783822723444,2.531946944542177
oseys,3.008235850891226,2.53088007651816
tutti,2.634384723584213,2.5307841753741522
pukus,3.148797208473421,2.53033713907798
yesks,3.170589673512245,2.5298575323952583
lulls,2.9920905743788815,2.529804421863919
rurus,3.0368836539990065,2.5297026200070185
diffs,3.016783150041338,2.5294699433316215
puppy,2.53060250274984,2.529073058589054
emmer,2.500475931770648,2.528446270066568
allyl,2.3867217471750783,2.5272597482978023
askos,3.0905651587050222,2.5272568513072127
aghas,2.97257199643226,2.5269678840218046
deeds,3.0282845649951544,2.526766975705974
gazoo,2.68615763278126,2.5264944732139334
femme,2.4846361666410655,2.5257935381596335
expel,2.459669271568369,2.525131899582689
jemmy,2.621535427277072,2.524793123861273
kawas,3.220006439681334,2.5244833347107978
kavas,3.153810638457423,2.524452280553656
kyaks,3.1006093299603825,2.524108023860354
luffs,2.9603255168862628,2.523354644693692
walla,2.630537528145123,2.523277941201324
kippa,2.8486862488467324,2.5225602992627176
jests,3.100024376193699,2.5219587754212447
vozhd,2.674781409249931,2.521835780373793
nanua,2.7509505160491146,2.521721582863167
yeeek,2.573609576110049,2.5215064031032175
matza,2.8018007655308104,2.5210432615911316
zills,3.0978759217312017,2.5210307289734164
nohow,2.582872624896269,2.5200314936701425
tomoz,2.6835173235784495,2.519895327552339
amass,2.807737581493382,2.5197364637906867
peeps,3.05348815376861,2.519129681587232
assez,2.665362532932886,2.5187081347742244
embox,2.562193621882269,2.5186942195568527
zitis,3.0817499734350178,2.51865955682832
meffs,3.071787608710034,2.5183434629447277
buffo,2.5498591457098057,2.518250117073799
maxim,2.701666032710372,2.5179204086852502
pipid,2.6508794003436367,2.5171804699426126
dodos,3.029316087884353,2.5169648825063815
kacha,2.767090345379125,2.516409893607482
adzed,2.6786433211880647,2.5144232837012352
popos,3.0641578103850993,2.5138445296390994
veuve,2.3423411269360854,2.5131825567116857
kvell,2.4451972718758377,2.513138023856877
bizzy,2.5319594444584546,2.5125090434652027
minim,2.6516303134488988,2.5123152406992535
jiggy,2.5066825772278305,2.512011579275091
keefs,3.0839136799786586,2.5119077984894957
laval,2.4672252437663964,2.511895885697919
lolog,2.558686785854397,2.5116688365802213
sudds,2.9365297106141486,2.511291170624183
fusks,3.01357713848624,2.511080836678285
kwaai,2.6632148208751123,2.5109669342210292
jagra,2.689873494574724,2.509972480649077
twixt,2.2455024143379205,2.5099214536326935
mamas,3.1718213619254394,2.50971476309574
tutus,2.9184967303907814,2.5092043164800772
fedex,2.5659446544095923,2.5089691742640006
ozeki,2.7946089135838954,2.5074730299497325
dizzy,2.5606751154739165,2.5063983960310274
omdda,2.6903447179884785,2.5061034043029933
audax,2.604483558169898,2.50608560515758
kicks,3.1425278087818582,2.5059363578024945
wikis,3.076466564842162,2.5057008585957643
kylix,2.7317416765329017,2.5053475357895914
wokka,2.8043830113287473,2.505192387016292
asses,3.00695730690523,2.5048322022069276
kebob,2.6907868130286934,2.5047812299762366
eeven,2.4565985090586526,2.5046178347078483
unfix,2.473222778620097,2.5040269179205588
ngaka,2.668965675762841,2.5037927900796726
gonzo,2.663384572852495,2.503422846513299
ixias,2.9101417730968535,2.503205366493764
appal,2.3986407846966205,2.5027423648895084
ozzie,2.5649920196068,2.501524837268728
iambi,2.7640422009229826,2.5009797010730894
jomon,2.6653383238089003,2.500674411613976
known,2.4599545490874304,2.500643732278241
zakat,2.682131762682793,2.500235042550147
makaf,2.7519791078578213,2.5000099986663926
eques,2.8698167645674717,2.49967550998096
mazas,3.2148093903292434,2.4995827445303136
epees,2.8949713614650636,2.4993979263093724
kukri,2.796909392714156,2.499255151944889
wexed,2.6269491706543335,2.4988465916701967
limbi,2.744334129030443,2.4979033076601374
muvva,2.6138977903006397,2.4975375720140214
whiff,2.2301911258388776,2.4968829984666034
weeke,2.488437011847628,2.496350503164072
yexed,2.703486628060032,2.4946505160178836
bobos,2.980524146649298,2.494351700296127
vakas,3.1295940400924587,2.4936683751992206
faffy,2.391081687436065,2.492959841810757
mummy,2.53275865052637,2.492903791139357
tappa,2.6597707375155557,2.491867071129684
zests,3.09419052739989,2.4916994074115664
nyaff,2.4414329286302707,2.4912660268811275
buchu,2.4925648731685,2.49110437435577
impis,2.962749255567357,2.490978354174872
bozos,3.069351850130082,2.490874947013052
macca,2.5945233280835875,2.4894009020676835
jimmy,2.5828333266308263,2.4887081928330623
yeses,3.069383114897364,2.4880524823504624
zombi,2.8751200875713527,2.487286412679806
puffs,2.9739481137382926,2.4867074740659354
jumbo,2.743597284276565,2.486565023327342
ansas,2.922454269809731,2.485341912708332
dilli,2.63504418356914,2.4847270138121367
niffs,3.002820933192629,2.484534158918947
hoogo,2.4749210025356856,2.483760806859553
meeja,2.7451732572887875,2.4828116461599166
miffs,3.033085508063788,2.4822585319165165
ragga,2.632632336332663,2.4821041867036224
mzees,3.0999233493891345,2.4815471196269994
immew,2.5501678021624747,2.481485331493289
egger,2.373320564828679,2.481462672950011
frizz,2.3067344678626513,2.4809524852000564
msasa,2.512372519961245,2.480828479910753
didis,2.978345636097433,2.480659260948732
aquas,2.863986611665359,2.4789940830082036
avgas,2.8780645291723905,2.4788112129366526
chizz,2.274941513186887,2.477796975057716
pipis,3.0131873585981794,2.4775389080814496
orzos,2.934300320046563,2.4770404095523153
kudus,3.0722492763921636,2.4764563731727898
attap,2.3632892990178407,2.47541541746359
waqfs,2.8969296596155107,2.4750079018782922
dewed,2.6215358565272995,2.4748249873042907
ganja,2.691874228866064,2.4744420971125094
hogoh,2.3936924540314752,2.4737446648958374
zimbs,3.175971768798825,2.473636129009661
reeze,2.4883421260931877,2.4729549262214165
ebbet,2.342617533682668,2.472541093967541
mahwa,2.674722599012873,2.4718568561595755
kapha,2.769067654772228,2.4710893616085907
buffs,2.9004157474771217,2.4688943983161105
gogos,2.9360071786976887,2.4688287378809513
poppa,2.71706887517169,2.4683470638732006
oxeye,2.431200220165157,2.4676900643739574
gogga,2.5938941905017296,2.465641002956893
zooms,3.0450221225989003,2.464308930976866
yappy,2.531893544277182,2.4641471451504944
kvass,2.823066060279192,2.4638682028355157
unsub,2.4330232104892153,2.4632046146896425
duffs,2.929131418492584,2.4627837508819352
ewked,2.592228848503529,2.4621535440988245
jambu,2.755881005879684,2.4618921748810267
waffs,2.905658872455884,2.461574235236216
fezzy,2.4230449602887383,2.461250774557779
taata,2.528606587512221,2.4594380324713896
wexes,2.9892571289088763,2.4592050298090338
mizzy,2.5769774734963673,2.459186984615923
undug,2.356718824045516,2.458931978852538
majas,3.14554415408994,2.4588108480668773
zamia,2.8049947943653946,2.458456467612601
bubby,2.3988593406462937,2.458416946757784
bibis,2.9295536948623777,2.4580460787384766
madam,2.6354508518083497,2.4574888269987962
yaffs,2.9821963298615817,2.457378159583903
yexes,3.0657945863145746,2.4550089541567206
zymic,2.592203671281196,2.454572270300686
ekkas,3.0525860484482648,2.453722252505231
esnes,2.9357175173551835,2.4535982705162893
zippy,2.5459870144169865,2.452604807905728
flaff,2.179131310972297,2.4522695663982645
kipps,3.120470188261887,2.4519324531748268
mebbe,2.5346762458646994,2.450677790924238
quouk,2.3248760933825845,2.4502681162580275
jagas,3.0480497174581336,2.449816983400151
commo,2.522253732278939,2.4497013568204364
deked,2.7032644321565886,2.4487150415861785
momos,3.0713818507641903,2.4476849067291986
lazzo,2.634139551080797,2.446406397399015
jocos,2.9957471299041973,2.4462699865146567
buzzy,2.4443077129097004,2.445822851015517
dojos,3.0288022849062406,2.4439924031154407
zabra,2.670681305938866,2.4407458512057576
hatha,2.578727620844888,2.440184856399632
mazac,2.6423070626445773,2.4393956935226235
popup,2.483097051612612,2.438841158343421
hukou,2.606623841576246,2.4378075419027367
guggl,2.3134592130373197,2.4376783627459204
mozos,3.114369879167995,2.4375528881637725
asada,2.512970738132166,2.437214261337866
akara,2.483815469474499,2.434677455611614
afara,2.374644943469699,2.433449200621039
leeze,2.424365439568118,2.4333981537168183
feoff,2.325562178574659,2.433273647555225
momma,2.71922502294822,2.432177796423503
lulus,2.915332518218536,2.432004299979175
abaca,2.2929495139279226,2.4305992926207085
axman,2.49716181438027,2.4298102569188478
hapax,2.5596753299554362,2.428921369536941
mamak,2.604094174655545,2.427342626135054
guffs,2.8455497732033503,2.4270367837073303
birzz,2.5609572810197974,2.4267871428547263
upful,2.24785474526096,2.4267108093201912
kiwis,3.0685964767331657,2.426147856786607
fizzy,2.3843428596424925,2.425165843529568
nondo,2.647072127057104,2.424827644323266
kaika,2.701135346121582,2.424402729710971
jatha,2.622988370599437,2.4232423685129305
gyppo,2.508172794940797,2.422740722306442
bucku,2.537289949379667,2.4218548896052727
vizir,2.422515700512384,2.421506366169513
kinin,2.5856398209741998,2.4211816579208625
ngege,2.3565946171465075,2.419860893308187
justs,2.9736705439986997,2.419187651943348
zokor,2.6044646657220767,2.4184086337200132
nuffs,2.9151692016438755,2.4178479664692616
buffi,2.5107056921212525,2.417530907523564
mazak,2.6470822030593495,2.4172106075696274
jawan,2.564630849279104,2.4162325453760127
glugg,2.1903010712271787,2.4160440130034213
muffs,2.9454337765150345,2.415572339466831
enzym,2.473816144690371,2.4144422006585518
execs,2.6574769974965373,2.4143601095442904
kajal,2.605180461979251,2.413693580133938
sukuk,2.404330471595218,2.4134388897053567
lappa,2.613793935790558,2.41340001083934
wushu,2.451365081082153,2.411948566865208
mimis,3.02041139897727,2.4113792851715488
lezza,2.6405275812585414,2.410628259242764
omovs,2.7701310090029057,2.410491162509712
phpht,2.235570475957876,2.410105399414431
kokum,2.6987763451036155,2.410099710144617
vuggs,2.8155391955120037,2.4096886502913617
ninja,2.695503121126012,2.4090520644177276
huffs,2.8322511476339196,2.4083277464726436
sexes,2.9139305318468205,2.408017172327079
mixis,3.02392245697347,2.407873494811566
ungum,2.342061219100005,2.4063392038973785
jeeps,2.987054782680812,2.4062346064638978
hokku,2.6644863457577403,2.4060009224762022
izzat,2.3837294386042545,2.405729667533469
evegs,2.7250756750508796,2.403587217464143
sibbs,2.859703032469328,2.4031146718160477
sezes,2.953407502254425,2.4013909441216352
wazoo,2.5475282676643776,2.401210535778469
jooks,3.0214823361123964,2.399559820552393
filii,2.4889992020491816,2.3993264942881014
jewed,2.623227439951359,2.39881836186466
namaz,2.692823717772313,2.3979514454041055
accra,2.4012318114774933,2.396784162062821
mojos,3.045104642928691,2.396780991700336
modom,2.5350113406471015,2.395458970632255
hahas,2.941499657380003,2.3953653043195566
nakfa,2.7088943108505874,2.3945610179733485
alala,2.277164637507064,2.393914997944765
jesus,2.9633258776806315,2.39384776947872
jesse,2.3725358332243656,2.3938289588846864
yajna,2.5989206948557797,2.3934019726332574
muzzy,2.4893257419476136,2.3925007921662376
nimbi,2.6991778137880553,2.392396629435707
lezzo,2.56175491890638,2.3893561319125616
kawau,2.6829950951477204,2.3893448160578217
scuzz,2.278965321544799,2.3892348818206037
vexed,2.5286666829564615,2.388478630349462
lusus,2.847705663906922,2.3883809809203154
wirri,2.4897283057773656,2.3877715395663075
zebec,2.508793278553414,2.3872188532173833
amman,2.430267178099794,2.387189584655479
puttu,2.485829679497267,2.3870625728515247
jembe,2.542938865497382,2.386451265450609
huzzy,2.3761431130664987,2.38525619917205
hypha,2.525825051311755,2.382840464303416
dagga,2.537461551413914,2.3819765203872683
xebec,2.4307263389152975,2.3787321240980823
jokol,2.538677574055723,2.378586620439897
pyuff,2.3310038027897675,2.3777082109483483
swizz,2.277377260585596,2.376964636056732
jomos,3.0338047953198934,2.3768031159732184
pappi,2.6213711179232417,2.3744771490447354
phizz,2.312541765722552,2.3727120137524365
yacca,2.4325474170607184,2.371385333220406
yippy,2.4208068114565195,2.3710119486358305
zooks,3.015648487318588,2.369300452542715
jefes,2.9536834558610576,2.368709360196591
peepe,2.3759193010271122,2.3656005189902913
bamma,2.584896629801448,2.3647837813794146
azygy,2.317494683155451,2.363778012193442
yabby,2.4203114730669726,2.3608542737464004
nunus,2.893799536501742,2.358750082692917
fuzzy,2.2966911280937383,2.358479651079883
ngana,2.375168995401686,2.3570347526638997
zulus,2.933466134022102,2.3565444146389867
kexes,3.063115616429169,2.3535420822817636
pampa,2.66349688866518,2.352606501669036
bussu,2.3375633582493984,2.352292567892664
agogo,2.3053962128801655,2.3521871478249956
mimic,2.447909071292604,2.3511922341638587
immit,2.2579823822919507,2.35035238723321
ottos,2.725166882249587,2.34957638534984
addra,2.402227247693506,2.34952972520014
vexes,2.8909746412110042,2.348837068488299
xylol,2.3426643063021073,2.3484995476519037
emmys,2.8477804687722204,2.3484694105546025
zamac,2.5559081300026665,2.3483865533223915
jasps,2.98748576637265,2.3474588142369104
lazzi,2.5949860974922436,2.34568718784878
ewhow,2.2413703045426647,2.3450672846429184
tithi,2.430893985799858,2.344264275467606
doggo,2.4388865401658997,2.343996058773186
mutum,2.39689042954695,2.3431012910916493
jaggs,2.8995095162083473,2.3420929680736338
ouzos,2.921048834426593,2.341337272321879
kaama,2.600256580043154,2.3402746570506645
pizza,2.615448077464325,2.3378961575867963
puppa,2.54055876949454,2.3366470969608235
accas,2.759408034360903,2.3366286648138956
fuffy,2.1923432230666484,2.333138452846407
yobby,2.398083114374707,2.3327328516944275
yayas,2.92513617216704,2.332621890331362
veves,2.8121973497001873,2.3318385985856125
wawas,2.865728839935133,2.3303987982742096
neeze,2.3792091243257305,2.327891475492388
koffs,2.9572890012839106,2.3277898656569733
usque,2.2446220343463192,2.3274971443580568
zamak,2.5606832704174387,2.326201467369396
papaw,2.4408496255409613,2.325632766909261
zoppa,2.644801655290083,2.3251926207401885
kooks,2.9528809684443678,2.3246606661888634
gamma,2.5300306555276757,2.3229261667706345
keeve,2.3241312968372068,2.322537301894721
magma,2.5437200698163527,2.322445733590526
effer,2.2018389292855707,2.322443328461391
assai,2.489622890408576,2.3216889351279257
queue,2.1974908323543887,2.3189791763779333
zobos,2.928418017661027,2.318560497590291
heeze,2.2962910703157746,2.3183712554957703
pupus,2.8184902965776137,2.3172205607695964
namma,2.5996500839682013,2.3137373495325657
howff,2.326202407294838,2.3126493221433986
robbo,2.467613539857404,2.3116834503257606
yummy,2.3641675433277967,2.3101697731038007
fifis,2.7300490680080642,2.3096751633653905
nappa,2.5686376205481705,2.3078933326149094
quipu,2.307603160832981,2.3064683969878104
hudud,2.3244603449636596,2.3055264710887498
hamza,2.583868657953842,2.305377238174515
yuppy,2.333155079907766,2.3043257561861448
zhomo,2.3158652475571717,2.3042710729195353
civic,2.1837746296235494,2.303096730093613
mezza,2.6256358408873126,2.302845954015903
jafas,2.9012453784452523,2.30189380992835
wuffs,2.7069204080864675,2.3017528462718664
imshi,2.430767686867071,2.2990262424031203
bizzo,2.4631430488509927,2.298810954506769
bubus,2.7348566328418116,2.2977277314266233
edged,2.320528200212958,2.2965260867519928
kazoo,2.6213867551846706,2.295547588251199
vajra,2.450572075080091,2.294778890800104
jiffy,2.2997813021044227,2.2937078139348612
javas,2.866901519566186,2.2923301955781135
feeze,2.2168390853430147,2.291594707403603
quaff,2.156922662965255,2.2913305748508783
skyfs,2.702045550933298,2.291212829671408
uhuru,2.129921915881452,2.291196443736703
ongon,2.2021481733108152,2.2905996544044314
addas,2.7604034705769154,2.289374227951214
kayak,2.419821668983394,2.287202826286722
cippi,2.3721119251248224,2.2822559695176055
kirri,2.5635867932976577,2.282108592039038
mezzo,2.546863178535151,2.2815738266857006
ajuga,2.3399309600135916,2.279775471512893
haham,2.4079262712743943,2.278984227129081
egged,2.3151004773163875,2.2766576807320846
issei,2.450587565588589,2.276082067211579
yoyos,2.8246966610057918,2.270592033964821
fluff,2.009923273037377,2.269852242868812
kiaki,2.5231937703778153,2.268223338165322
bubba,2.408815607390993,2.265990985129553
ajupa,2.385316954844088,2.2652829667536647
pawaw,2.4090088495815714,2.265111806971899
anana,2.1852744666152635,2.2640799937018095
ammas,2.798733649610787,2.263318289014722
babka,2.509683319444155,2.2631200376629117
bibbs,2.768251278354902,2.2620493314913475
yadda,2.4898226228798244,2.2591719566189283
viffs,2.6962896519373496,2.2580710774008175
agama,2.3001590504496248,2.256697639664072
assam,2.345759559658837,2.2566713487299968
jisms,2.87167311936967,2.255192122950699
mumus,2.825714336956705,2.2510609378596955
dabba,2.4710177661866695,2.249536245623489
ebbed,2.3071698603709088,2.247939549286022
quiff,2.1171598837269214,2.2479281343972706
bombo,2.44328001278825,2.2456496818168312
ajiva,2.24249846154733,2.24200762288173
riqqs,2.725425102818562,2.2401336339936004
zippo,2.4771706188095246,2.2389067189472946
ictic,2.1158218684117336,2.2381871653630023
ryiji,2.3683910800392054,2.237653962031721
keeks,2.8843538655501524,2.23719547889467
piqui,2.3872183687895308,2.2313364265520645
faffs,2.672821893595919,2.2299060340946353
mumms,2.8144988566862237,2.229849983423235
ajwan,2.2755567995675374,2.2270885379253222
wagga,2.3152505410077975,2.2209456157771994
gabba,2.3874361208974357,2.2137892784488837
villi,2.314550685465151,2.2133281478813323
appam,2.240776209793426,2.211996114909737
mamba,2.5331597992861,2.2089800994907365
vivid,2.2460413510816712,2.206329132254343
akoja,2.368676237399258,2.203496987762174
zuppa,2.4682915496129323,2.1934926538278114
huzza,2.3860993798111982,2.192830237543819
lollo,2.2949444209287893,2.1927129644149392
annan,2.164808515619691,2.1924627385169355
kakas,2.9462245287513573,2.191352149653613
gyppy,2.15638705001734,2.1909976271348
pakka,2.5681134085164983,2.188708205975196
whizz,2.045514060070727,2.1877573859583674
abbas,2.6636476657233397,2.1876165604521023
jibba,2.450195058745286,2.1871453428830807
aflaj,2.250439403750963,2.185195848482129
abjad,2.320902174710277,2.183009472566755
zorro,2.3899731693466975,2.1813285094389916
ovolo,2.079960908759814,2.181119303217865
nanna,2.37482954274293,2.1773843515134326
pfftt,2.0628993556645145,2.177072272926442
jocko,2.4263312914510404,2.1770578622673593
gobbo,2.288861109649422,2.175808816834801
abaya,2.2152139121904346,2.171970326499791
cocco,2.0851697177262603,2.1691049782032046
odoom,2.157914630577441,2.1666684135216716
queyu,2.1977341552616823,2.162455270910264
zuzim,2.345436069532297,2.158900543703539
afizz,2.1108590627815746,2.154375443053933
jnana,2.16215530228044,2.1523034698513532
yoppo,2.338351273148447,2.1496216751511183
iiwis,2.642547263707483,2.1493382701426977
abaka,2.2732038045459957,2.149305681977463
jollo,2.3189118855261643,2.147512447084429
urubu,2.064778229342754,2.1437030300158524
oppos,2.582246672674149,2.1402208798163116
hajji,2.356390090250853,2.139459116832153
nonno,2.2762545314949163,2.1394038898993495
xysts,2.650909817965164,2.1376334126752474
huhus,2.5953926324112686,2.1367114790835124
boffo,2.2032695940270295,2.131802940867131
wizzo,2.2696477094603384,2.131669402462525
hyphy,2.095266644036137,2.129825241801572
yuzus,2.70672645433764,2.1229133504469915
zebub,2.261508901602836,2.1214111279199908
tuktu,2.2940159956126256,2.1211737050245794
effed,2.1436188417732795,2.1176383362434645
jibbs,2.72197899816044,2.11651749679519
yukky,2.2738519557816765,2.1162811219497577
susus,2.51897395804507,2.115591325016535
accha,2.1434026197833447,2.112616630564637
jazzy,2.236500206517518,2.1007176554328097
zizit,2.125583728866813,2.092195390395089
zexes,2.7703726487441225,2.0911606292965432
affix,2.0971205989537554,2.087712721442356
kappa,2.4342473145110555,2.0861352648902445
abuzz,2.0930767806442665,2.0846340575831945
yabba,2.325344213186251,2.0843092653611066
mezze,2.2198509275609695,2.0786889453310717
kabab,2.3182829403121668,2.0775927866582125
jugum,2.1683693063837906,2.0747820809736313
exeme,1.989536070653425,2.0745458147382556
fuffs,2.4740834292265026,2.0700846451302852
jeffs,2.620223608910522,2.0667389372469502
yobbo,2.2267692019382372,2.046328803747024
infix,2.005581725752505,2.0439608650318113
emmew,2.0808161065075126,2.0337580968910993
jiffs,2.581521508264277,2.0306540062187395
akkas,2.646052937980034,2.027346410400032
kuzus,2.704047484452234,2.0214464785720345
kikoi,2.3760990720887074,2.0170766416595862
tazza,2.2333633480016157,2.016585354132424
jinni,2.2162552333487326,2.016548616643154
jukus,2.6687188714506513,2.0075974787810984
ziffs,2.575687659470468,2.000394638209061
yakka,2.3776231602703715,1.999557502528814
obbos,2.4715447424984536,1.9994602481682016
zezes,2.65629205417357,1.9931033120448394
zanja,2.3343603835844275,1.9811137591645547
exeem,2.00295134339412,1.9748803716657735
zocco,2.038550468242253,1.9695565467461456
maqam,2.117804101508912,1.9583616368857395
zanza,2.250888173840716,1.9566438811331672
kukus,2.600117503782623,1.9326983244175686
mamma,2.2159277144841463,1.9307389875883378
zimbi,2.2720445400658935,1.908257108725821
esses,2.364037859001721,1.8850962406900704
jeeze,1.9579096993973777,1.8740113227921804
kudzu,2.135436957834215,1.8591845127167734
oxbow,1.8502247377959333,1.8395577795245603
ayaya,1.9164282225052602,1.8290747776673462
zhuzh,1.6676052116627604,1.8170573871645317
addax,1.883533479155405,1.8109563539022586
zoppo,2.0429293355779947,1.7857733502909408
kibbi,2.104960888318746,1.7832605614868924
pzazz,1.7998747635459138,1.7482495365212227
aggag,1.705982012410169,1.717347900538773
jujus,2.2231445178282385,1.673653342769526
jaffa,1.8952986345134448,1.6648568179341567
immix,1.7079726758132243,1.6076914066415724
xylyl,1.6452130367297868,1.6071551650391698
xviii,1.5942357850867315,1.5708954790508192
qajaq,1.556050653715428,1.4162938764024413
